x	y
0.272	5.771
0.272	5.771
0.271	5.771
0.271	5.771
0.270	5.771
0.270	5.771
0.269	5.771
0.269	5.771
0.268	5.771
0.268	5.771
0.267	5.771
0.267	5.771
0.266	5.771
0.266	5.771
0.265	5.770
0.265	5.770
0.264	5.770
0.264	5.770
0.263	5.770
0.263	5.770
0.262	5.770
0.262	5.770
0.261	5.770
0.261	5.770
0.260	5.770
0.260	5.770
0.259	5.770
0.259	5.770
0.258	5.769
0.258	5.769
0.257	5.769
0.257	5.769
0.256	5.769
0.256	5.769
0.255	5.769
0.255	5.769
0.254	5.769
0.254	5.769
0.253	5.769
0.253	5.769
0.252	5.769
0.252	5.769
0.251	5.768
0.251	5.768
0.250	5.768
0.250	5.768
0.249	5.768
0.249	5.768
0.248	5.768
0.248	5.768
0.247	5.768
0.247	5.768
0.246	5.768
0.246	5.768
0.246	5.768
0.245	5.768
0.245	5.768
0.244	5.767
0.244	5.767
0.243	5.767
0.243	5.767
0.242	5.767
0.242	5.767
0.241	5.767
0.241	5.767
0.240	5.767
0.240	5.767
0.239	5.767
0.239	5.767
0.238	5.766
0.238	5.766
0.237	5.766
0.237	5.766
0.236	5.766
0.236	5.766
0.235	5.766
0.235	5.766
0.234	5.766
0.234	5.766
0.233	5.766
0.233	5.766
0.232	5.765
0.232	5.765
0.231	5.765
0.231	5.765
0.230	5.765
0.230	5.765
0.229	5.765
0.229	5.765
0.228	5.765
0.228	5.765
0.227	5.765
0.227	5.765
0.226	5.764
0.226	5.764
0.225	5.764
0.225	5.764
0.224	5.764
0.224	5.764
0.223	5.764
0.223	5.764
0.222	5.764
0.222	5.764
0.221	5.764
0.221	5.764
0.220	5.763
0.220	5.763
0.219	5.763
0.219	5.763
0.218	5.763
0.218	5.763
0.217	5.763
0.217	5.763
0.216	5.763
0.216	5.763
0.215	5.763
0.215	5.763
0.214	5.762
0.214	5.762
0.213	5.762
0.213	5.762
0.212	5.762
0.212	5.762
0.212	5.762
0.211	5.762
0.211	5.762
0.210	5.762
0.210	5.762
0.209	5.762
0.209	5.761
0.208	5.761
0.208	5.761
0.207	5.761
0.207	5.761
0.206	5.761
0.206	5.761
0.206	5.761
0.205	5.761
0.205	5.761
0.204	5.761
0.204	5.760
0.203	5.760
0.203	5.760
0.202	5.760
0.202	5.760
0.201	5.760
0.201	5.760
0.200	5.760
0.200	5.760
0.199	5.760
0.199	5.760
0.198	5.759
0.198	5.759
0.197	5.759
0.197	5.759
0.196	5.759
0.196	5.759
0.195	5.759
0.195	5.759
0.194	5.759
0.194	5.759
0.193	5.759
0.193	5.758
0.192	5.758
0.192	5.758
0.191	5.758
0.191	5.758
0.190	5.758
0.190	5.758
0.189	5.758
0.189	5.758
0.188	5.758
0.188	5.758
0.187	5.757
0.187	5.757
0.186	5.757
0.186	5.757
0.185	5.757
0.185	5.757
0.184	5.757
0.184	5.757
0.183	5.757
0.183	5.757
0.182	5.757
0.182	5.756
0.181	5.756
0.181	5.756
0.180	5.756
0.180	5.756
0.179	5.756
0.179	5.756
0.178	5.756
0.178	5.756
0.178	5.756
0.177	5.756
0.177	5.756
0.176	5.755
0.176	5.755
0.175	5.755
0.175	5.755
0.174	5.755
0.174	5.755
0.173	5.755
0.173	5.755
0.172	5.755
0.172	5.755
0.171	5.754
0.171	5.754
0.170	5.754
0.170	5.754
0.169	5.754
0.169	5.754
0.168	5.754
0.168	5.754
0.167	5.754
0.167	5.753
0.166	5.753
0.166	5.753
0.165	5.753
0.165	5.753
0.164	5.753
0.164	5.753
0.163	5.753
0.163	5.753
0.162	5.753
0.162	5.752
0.161	5.752
0.161	5.752
0.160	5.752
0.160	5.752
0.159	5.752
0.159	5.752
0.158	5.752
0.158	5.752
0.157	5.752
0.157	5.751
0.156	5.751
0.156	5.751
0.155	5.751
0.155	5.751
0.154	5.751
0.154	5.751
0.153	5.751
0.153	5.751
0.152	5.751
0.152	5.750
0.151	5.750
0.151	5.750
0.150	5.750
0.150	5.750
0.149	5.750
0.149	5.750
0.148	5.750
0.148	5.750
0.148	5.750
0.147	5.749
0.147	5.749
0.146	5.749
0.146	5.749
0.145	5.749
0.145	5.749
0.144	5.749
0.144	5.749
0.143	5.749
0.143	5.748
0.142	5.748
0.142	5.748
0.141	5.748
0.141	5.748
0.140	5.748
0.140	5.748
0.139	5.748
0.139	5.747
0.138	5.747
0.138	5.747
0.137	5.747
0.137	5.747
0.136	5.747
0.136	5.747
0.135	5.747
0.135	5.747
0.134	5.746
0.134	5.746
0.133	5.746
0.133	5.746
0.132	5.746
0.132	5.746
0.132	5.746
0.131	5.746
0.131	5.745
0.130	5.745
0.130	5.745
0.129	5.745
0.129	5.745
0.128	5.745
0.128	5.745
0.127	5.745
0.127	5.745
0.126	5.744
0.126	5.744
0.125	5.744
0.125	5.744
0.124	5.744
0.124	5.744
0.123	5.744
0.123	5.744
0.122	5.743
0.122	5.743
0.121	5.743
0.121	5.743
0.120	5.743
0.120	5.743
0.119	5.743
0.119	5.743
0.118	5.743
0.118	5.742
0.117	5.742
0.117	5.742
0.116	5.742
0.116	5.742
0.115	5.742
0.115	5.742
0.114	5.742
0.114	5.741
0.113	5.741
0.113	5.741
0.112	5.741
0.112	5.741
0.111	5.741
0.111	5.741
0.110	5.741
0.110	5.740
0.109	5.740
0.109	5.740
0.108	5.740
0.108	5.740
0.107	5.740
0.107	5.740
0.107	5.740
0.107	5.740
0.106	5.739
0.106	5.739
0.105	5.739
0.105	5.739
0.104	5.739
0.104	5.738
0.103	5.738
0.103	5.738
0.102	5.738
0.102	5.738
0.101	5.737
0.101	5.737
0.100	5.737
0.100	5.737
0.099	5.737
0.099	5.737
0.099	5.736
0.098	5.736
0.098	5.736
0.097	5.736
0.097	5.736
0.096	5.735
0.096	5.735
0.095	5.735
0.095	5.735
0.094	5.735
0.094	5.734
0.093	5.734
0.093	5.734
0.092	5.734
0.092	5.734
0.091	5.734
0.091	5.733
0.090	5.733
0.090	5.733
0.090	5.733
0.089	5.733
0.089	5.732
0.088	5.732
0.088	5.732
0.087	5.732
0.087	5.732
0.086	5.732
0.086	5.731
0.085	5.731
0.085	5.731
0.085	5.731
0.084	5.731
0.084	5.730
0.084	5.730
0.083	5.730
0.083	5.729
0.082	5.729
0.082	5.729
0.082	5.728
0.081	5.728
0.081	5.728
0.080	5.728
0.080	5.727
0.080	5.727
0.079	5.727
0.079	5.726
0.078	5.726
0.078	5.726
0.078	5.726
0.077	5.725
0.077	5.725
0.076	5.725
0.076	5.724
0.075	5.724
0.075	5.724
0.075	5.723
0.074	5.723
0.074	5.723
0.073	5.723
0.073	5.722
0.073	5.722
0.072	5.722
0.072	5.721
0.071	5.721
0.071	5.721
0.071	5.721
0.070	5.720
0.070	5.720
0.069	5.720
0.069	5.719
0.069	5.719
0.068	5.719
0.068	5.718
0.067	5.718
0.067	5.718
0.067	5.718
0.067	5.717
0.066	5.717
0.066	5.717
0.066	5.716
0.065	5.716
0.065	5.716
0.064	5.715
0.064	5.715
0.064	5.715
0.063	5.714
0.063	5.714
0.063	5.713
0.062	5.713
0.062	5.713
0.062	5.712
0.061	5.712
0.061	5.712
0.061	5.711
0.060	5.711
0.060	5.711
0.060	5.710
0.059	5.710
0.059	5.709
0.058	5.709
0.058	5.709
0.058	5.708
0.057	5.708
0.057	5.708
0.057	5.707
0.056	5.707
0.056	5.707
0.056	5.706
0.055	5.706
0.055	5.705
0.055	5.705
0.054	5.705
0.054	5.704
0.054	5.704
0.053	5.704
0.053	5.703
0.052	5.703
0.052	5.703
0.052	5.702
0.051	5.702
0.051	5.701
0.051	5.701
0.050	5.701
0.050	5.700
0.050	5.700
0.049	5.700
0.049	5.699
0.049	5.699
0.048	5.699
0.048	5.698
0.048	5.698
0.047	5.698
0.047	5.697
0.046	5.697
0.046	5.696
0.046	5.696
0.045	5.696
0.045	5.695
0.045	5.695
0.044	5.695
0.044	5.694
0.044	5.694
0.044	5.694
0.043	5.693
0.043	5.693
0.043	5.693
0.042	5.692
0.042	5.692
0.042	5.691
0.042	5.691
0.041	5.691
0.041	5.690
0.041	5.690
0.040	5.689
0.040	5.689
0.040	5.689
0.040	5.688
0.039	5.688
0.039	5.687
0.039	5.687
0.038	5.686
0.038	5.686
0.038	5.686
0.038	5.685
0.037	5.685
0.037	5.684
0.037	5.684
0.036	5.684
0.036	5.683
0.036	5.683
0.036	5.682
0.035	5.682
0.035	5.681
0.035	5.681
0.034	5.681
0.034	5.680
0.034	5.680
0.034	5.679
0.033	5.679
0.033	5.679
0.033	5.678
0.032	5.678
0.032	5.677
0.032	5.677
0.032	5.677
0.031	5.676
0.031	5.676
0.031	5.675
0.030	5.675
0.030	5.674
0.030	5.674
0.030	5.674
0.029	5.673
0.029	5.673
0.029	5.672
0.028	5.672
0.028	5.672
0.028	5.671
0.028	5.671
0.027	5.670
0.027	5.670
0.027	5.670
0.026	5.669
0.026	5.669
0.026	5.668
0.025	5.668
0.025	5.667
0.025	5.667
0.025	5.667
0.024	5.666
0.024	5.666
0.024	5.665
0.023	5.665
0.023	5.665
0.023	5.664
0.023	5.664
0.022	5.663
0.022	5.663
0.022	5.662
0.021	5.662
0.021	5.662
0.021	5.661
0.021	5.661
0.020	5.660
0.020	5.660
0.020	5.660
0.019	5.659
0.019	5.659
0.019	5.658
0.019	5.658
0.018	5.658
0.018	5.657
0.018	5.657
0.017	5.656
0.017	5.656
0.017	5.655
0.017	5.655
0.016	5.655
0.016	5.654
0.016	5.654
0.015	5.653
0.015	5.653
0.015	5.653
0.015	5.652
0.014	5.652
0.014	5.651
0.014	5.651
0.013	5.651
0.013	5.650
0.013	5.650
0.013	5.649
0.012	5.649
0.012	5.648
0.012	5.648
0.011	5.648
0.011	5.647
0.011	5.647
0.011	5.646
0.010	5.646
0.010	5.646
0.010	5.645
0.010	5.645
0.010	5.645
0.009	5.644
0.009	5.644
0.009	5.643
0.009	5.643
0.009	5.642
0.009	5.642
0.009	5.641
0.009	5.641
0.009	5.640
0.008	5.640
0.008	5.639
0.008	5.639
0.008	5.638
0.008	5.638
0.008	5.637
0.008	5.637
0.008	5.636
0.008	5.636
0.007	5.635
0.007	5.635
0.007	5.634
0.007	5.634
0.007	5.633
0.007	5.633
0.007	5.632
0.007	5.632
0.007	5.631
0.006	5.631
0.006	5.630
0.006	5.630
0.006	5.629
0.006	5.629
0.006	5.628
0.006	5.628
0.006	5.627
0.006	5.627
0.006	5.626
0.005	5.626
0.005	5.625
0.005	5.625
0.005	5.624
0.005	5.624
0.005	5.623
0.005	5.623
0.005	5.622
0.005	5.622
0.004	5.621
0.004	5.621
0.004	5.620
0.004	5.620
0.004	5.619
0.004	5.619
0.004	5.618
0.004	5.618
0.004	5.617
0.003	5.617
0.003	5.616
0.003	5.616
0.003	5.615
0.003	5.615
0.003	5.614
0.003	5.614
0.003	5.613
0.003	5.613
0.002	5.613
0.002	5.612
0.002	5.612
0.002	5.611
0.002	5.611
0.002	5.610
0.002	5.610
0.002	5.609
0.002	5.609
0.002	5.608
0.001	5.608
0.001	5.607
0.001	5.607
0.001	5.606
0.001	5.606
0.001	5.605
0.001	5.605
0.001	5.604
0.001	5.604
0.000	5.603
0.000	5.603
0.000	5.602
0.000	5.602
0.000	5.601
0.000	5.601
0.000	5.601
0.000	5.600
0.000	5.600
0.001	5.599
0.001	5.599
0.001	5.598
0.001	5.598
0.001	5.597
0.001	5.597
0.002	5.596
0.002	5.596
0.002	5.595
0.002	5.595
0.002	5.594
0.002	5.594
0.002	5.593
0.003	5.593
0.003	5.592
0.003	5.592
0.003	5.591
0.003	5.591
0.003	5.591
0.004	5.590
0.004	5.590
0.004	5.589
0.004	5.589
0.004	5.588
0.004	5.588
0.004	5.587
0.005	5.587
0.005	5.586
0.005	5.586
0.005	5.585
0.005	5.585
0.005	5.584
0.005	5.584
0.006	5.583
0.006	5.583
0.006	5.582
0.006	5.582
0.006	5.581
0.006	5.581
0.007	5.580
0.007	5.580
0.007	5.579
0.007	5.579
0.007	5.578
0.007	5.578
0.007	5.577
0.008	5.577
0.008	5.577
0.008	5.576
0.008	5.576
0.008	5.575
0.008	5.575
0.009	5.574
0.009	5.574
0.009	5.573
0.009	5.573
0.009	5.572
0.009	5.572
0.009	5.571
0.010	5.571
0.010	5.570
0.010	5.570
0.010	5.569
0.010	5.569
0.010	5.568
0.011	5.568
0.011	5.567
0.011	5.567
0.011	5.566
0.011	5.566
0.011	5.565
0.011	5.565
0.012	5.564
0.012	5.564
0.012	5.564
0.012	5.563
0.012	5.563
0.012	5.562
0.012	5.562
0.013	5.561
0.013	5.561
0.013	5.560
0.013	5.560
0.013	5.559
0.013	5.559
0.014	5.558
0.014	5.558
0.014	5.557
0.014	5.557
0.014	5.556
0.014	5.556
0.014	5.556
0.015	5.555
0.015	5.555
0.015	5.555
0.016	5.554
0.016	5.554
0.016	5.553
0.017	5.553
0.017	5.553
0.017	5.552
0.018	5.552
0.018	5.551
0.018	5.551
0.018	5.551
0.019	5.550
0.019	5.550
0.019	5.549
0.020	5.549
0.020	5.549
0.020	5.548
0.021	5.548
0.021	5.547
0.021	5.547
0.022	5.547
0.022	5.546
0.022	5.546
0.022	5.545
0.023	5.545
0.023	5.545
0.023	5.544
0.024	5.544
0.024	5.543
0.024	5.543
0.025	5.543
0.025	5.542
0.025	5.542
0.026	5.541
0.026	5.541
0.026	5.541
0.027	5.540
0.027	5.540
0.027	5.539
0.027	5.539
0.028	5.539
0.028	5.538
0.028	5.538
0.029	5.537
0.029	5.537
0.029	5.537
0.030	5.536
0.030	5.536
0.030	5.535
0.031	5.535
0.031	5.535
0.031	5.534
0.031	5.534
0.032	5.533
0.032	5.533
0.032	5.533
0.033	5.532
0.033	5.532
0.033	5.531
0.034	5.531
0.034	5.531
0.034	5.530
0.035	5.530
0.035	5.529
0.035	5.529
0.035	5.529
0.036	5.528
0.036	5.528
0.036	5.527
0.037	5.527
0.037	5.527
0.037	5.526
0.038	5.526
0.038	5.525
0.038	5.525
0.039	5.525
0.039	5.524
0.039	5.524
0.039	5.523
0.040	5.523
0.040	5.523
0.040	5.522
0.041	5.522
0.041	5.521
0.041	5.521
0.042	5.521
0.042	5.520
0.042	5.520
0.043	5.519
0.043	5.519
0.043	5.519
0.043	5.518
0.044	5.518
0.044	5.517
0.044	5.517
0.045	5.517
0.045	5.516
0.045	5.516
0.046	5.515
0.046	5.515
0.046	5.515
0.047	5.514
0.047	5.514
0.047	5.513
0.048	5.513
0.048	5.513
0.048	5.512
0.048	5.512
0.049	5.511
0.049	5.511
0.049	5.511
0.050	5.510
0.050	5.510
0.050	5.509
0.051	5.509
0.051	5.509
0.051	5.508
0.052	5.508
0.052	5.507
0.052	5.507
0.052	5.507
0.053	5.506
0.053	5.506
0.053	5.505
0.054	5.505
0.054	5.505
0.054	5.505
0.054	5.504
0.055	5.504
0.055	5.503
0.055	5.503
0.056	5.503
0.056	5.502
0.056	5.502
0.057	5.502
0.057	5.501
0.057	5.501
0.058	5.500
0.058	5.500
0.058	5.500
0.059	5.499
0.059	5.499
0.060	5.499
0.060	5.498
0.060	5.498
0.061	5.498
0.061	5.497
0.061	5.497
0.062	5.496
0.062	5.496
0.062	5.496
0.063	5.495
0.063	5.495
0.063	5.495
0.064	5.494
0.064	5.494
0.064	5.493
0.065	5.493
0.065	5.493
0.065	5.492
0.066	5.492
0.066	5.492
0.066	5.491
0.067	5.491
0.067	5.491
0.067	5.490
0.068	5.490
0.068	5.489
0.069	5.489
0.069	5.489
0.069	5.488
0.070	5.488
0.070	5.488
0.070	5.487
0.071	5.487
0.071	5.486
0.071	5.486
0.072	5.486
0.072	5.485
0.072	5.485
0.073	5.485
0.073	5.484
0.073	5.484
0.074	5.484
0.074	5.483
0.074	5.483
0.075	5.482
0.075	5.482
0.075	5.482
0.076	5.481
0.076	5.481
0.076	5.481
0.077	5.480
0.077	5.480
0.078	5.479
0.078	5.479
0.078	5.479
0.079	5.478
0.079	5.478
0.079	5.478
0.080	5.477
0.080	5.477
0.080	5.477
0.081	5.476
0.081	5.476
0.081	5.476
0.082	5.476
0.082	5.476
0.083	5.476
0.083	5.476
0.084	5.476
0.084	5.476
0.085	5.476
0.085	5.476
0.086	5.476
0.086	5.476
0.087	5.476
0.087	5.476
0.088	5.476
0.088	5.477
0.089	5.477
0.089	5.477
0.090	5.477
0.090	5.477
0.091	5.477
0.091	5.477
0.092	5.477
0.092	5.477
0.093	5.477
0.093	5.477
0.094	5.477
0.094	5.477
0.095	5.477
0.095	5.477
0.096	5.477
0.096	5.477
0.097	5.477
0.097	5.477
0.098	5.478
0.098	5.478
0.099	5.478
0.099	5.478
0.100	5.478
0.100	5.478
0.101	5.478
0.101	5.478
0.102	5.478
0.102	5.478
0.103	5.478
0.103	5.478
0.104	5.478
0.104	5.478
0.105	5.478
0.105	5.478
0.106	5.478
0.106	5.478
0.107	5.478
0.107	5.479
0.108	5.479
0.108	5.479
0.109	5.479
0.109	5.479
0.110	5.479
0.110	5.479
0.111	5.479
0.111	5.479
0.112	5.479
0.112	5.479
0.113	5.479
0.113	5.479
0.114	5.479
0.114	5.479
0.115	5.479
0.115	5.479
0.116	5.479
0.116	5.479
0.117	5.480
0.117	5.480
0.118	5.480
0.118	5.480
0.119	5.480
0.119	5.480
0.120	5.480
0.120	5.480
0.121	5.480
0.121	5.480
0.122	5.480
0.122	5.480
0.123	5.480
0.123	5.480
0.124	5.480
0.124	5.480
0.125	5.480
0.125	5.480
0.126	5.480
0.126	5.481
0.127	5.481
0.127	5.481
0.128	5.481
0.128	5.481
0.129	5.481
0.129	5.481
0.130	5.481
0.130	5.481
0.131	5.481
0.131	5.481
0.132	5.481
0.132	5.481
0.133	5.481
0.133	5.481
0.134	5.481
0.134	5.481
0.135	5.481
0.135	5.481
0.136	5.481
0.136	5.482
0.137	5.482
0.137	5.482
0.138	5.482
0.138	5.482
0.139	5.482
0.139	5.482
0.140	5.482
0.140	5.482
0.141	5.482
0.141	5.482
0.142	5.482
0.142	5.482
0.143	5.482
0.143	5.482
0.144	5.482
0.144	5.482
0.145	5.482
0.145	5.482
0.146	5.483
0.146	5.483
0.147	5.483
0.147	5.483
0.148	5.483
0.148	5.483
0.149	5.483
0.149	5.483
0.150	5.483
0.150	5.483
0.150	5.483
0.151	5.483
0.151	5.483
0.152	5.483
0.153	5.483
0.153	5.483
0.154	5.483
0.154	5.483
0.155	5.483
0.155	5.483
0.156	5.483
0.156	5.483
0.157	5.483
0.157	5.483
0.158	5.483
0.158	5.483
0.159	5.483
0.159	5.484
0.160	5.484
0.160	5.484
0.161	5.484
0.161	5.484
0.162	5.484
0.162	5.484
0.163	5.484
0.163	5.484
0.164	5.484
0.164	5.484
0.165	5.484
0.165	5.484
0.166	5.484
0.166	5.484
0.167	5.484
0.167	5.484
0.168	5.484
0.168	5.484
0.169	5.484
0.169	5.484
0.170	5.484
0.170	5.484
0.171	5.484
0.171	5.484
0.172	5.484
0.172	5.484
0.173	5.484
0.173	5.484
0.174	5.484
0.174	5.484
0.175	5.484
0.175	5.484
0.176	5.485
0.176	5.485
0.177	5.485
0.177	5.485
0.178	5.485
0.178	5.485
0.179	5.485
0.179	5.485
0.180	5.485
0.180	5.485
0.181	5.485
0.181	5.485
0.182	5.485
0.182	5.485
0.183	5.485
0.183	5.485
0.184	5.485
0.184	5.485
0.185	5.485
0.185	5.485
0.186	5.485
0.186	5.485
0.187	5.485
0.187	5.485
0.188	5.485
0.188	5.485
0.189	5.485
0.189	5.485
0.190	5.485
0.190	5.485
0.191	5.485
0.191	5.485
0.192	5.485
0.192	5.486
0.193	5.486
0.193	5.486
0.194	5.486
0.194	5.486
0.195	5.486
0.195	5.486
0.196	5.486
0.196	5.486
0.197	5.486
0.197	5.486
0.198	5.486
0.198	5.486
0.199	5.486
0.199	5.486
0.200	5.486
0.200	5.486
0.201	5.486
0.201	5.486
0.202	5.486
0.202	5.486
0.203	5.486
0.203	5.486
0.204	5.486
0.204	5.486
0.205	5.486
0.205	5.486
0.206	5.486
0.206	5.486
0.207	5.486
0.207	5.486
0.208	5.486
0.208	5.486
0.209	5.487
0.209	5.487
0.210	5.487
0.210	5.487
0.211	5.487
0.211	5.487
0.212	5.487
0.212	5.487
0.213	5.487
0.213	5.487
0.214	5.487
0.214	5.487
0.215	5.487
0.215	5.487
0.216	5.487
0.216	5.487
0.217	5.487
0.217	5.487
0.218	5.487
0.218	5.487
0.219	5.487
0.219	5.487
0.220	5.487
0.220	5.487
0.221	5.487
0.221	5.487
0.222	5.487
0.222	5.487
0.223	5.487
0.223	5.487
0.224	5.487
0.224	5.487
0.225	5.488
0.225	5.488
0.226	5.488
0.226	5.488
0.227	5.488
0.227	5.488
0.228	5.488
0.228	5.488
0.229	5.488
0.229	5.488
0.230	5.488
0.230	5.488
0.231	5.488
0.231	5.488
0.232	5.488
0.232	5.488
0.233	5.488
0.233	5.488
0.234	5.488
0.234	5.488
0.235	5.488
0.235	5.488
0.236	5.488
0.236	5.488
0.237	5.488
0.237	5.488
0.238	5.488
0.238	5.488
0.239	5.488
0.239	5.488
0.240	5.488
0.240	5.488
0.241	5.488
0.241	5.489
0.242	5.489
0.242	5.489
0.243	5.489
0.244	5.489
0.244	5.489
0.245	5.489
0.245	5.489
0.246	5.489
0.246	5.489
0.247	5.489
0.247	5.489
0.248	5.489
0.248	5.489
0.249	5.489
0.249	5.489
0.250	5.489
0.250	5.489
0.251	5.489
0.251	5.489
0.252	5.489
0.252	5.489
0.253	5.489
0.253	5.489
0.254	5.489
0.254	5.489
0.255	5.489
0.255	5.489
0.256	5.489
0.256	5.489
0.256	5.489
0.257	5.489
0.257	5.489
0.258	5.489
0.258	5.489
0.259	5.489
0.259	5.489
0.260	5.489
0.260	5.489
0.261	5.489
0.261	5.489
0.262	5.489
0.262	5.489
0.263	5.489
0.263	5.489
0.264	5.489
0.264	5.489
0.265	5.489
0.265	5.489
0.266	5.489
0.266	5.489
0.267	5.489
0.267	5.489
0.268	5.489
0.268	5.489
0.269	5.489
0.269	5.489
0.270	5.489
0.270	5.489
0.271	5.489
0.271	5.489
0.272	5.489
0.272	5.489
0.273	5.489
0.273	5.489
0.274	5.489
0.274	5.489
0.275	5.489
0.275	5.489
0.276	5.489
0.276	5.489
0.277	5.489
0.277	5.489
0.278	5.489
0.278	5.489
0.279	5.489
0.279	5.489
0.280	5.489
0.280	5.489
0.281	5.489
0.281	5.489
0.282	5.489
0.282	5.489
0.283	5.489
0.283	5.489
0.284	5.489
0.284	5.489
0.285	5.489
0.285	5.489
0.286	5.489
0.286	5.489
0.287	5.489
0.287	5.489
0.288	5.489
0.288	5.489
0.289	5.489
0.289	5.489
0.290	5.489
0.290	5.489
0.291	5.489
0.291	5.489
0.292	5.489
0.292	5.489
0.293	5.489
0.293	5.489
0.294	5.489
0.294	5.489
0.295	5.489
0.295	5.489
0.296	5.489
0.296	5.489
0.297	5.489
0.297	5.489
0.298	5.489
0.298	5.489
0.299	5.489
0.299	5.489
0.300	5.489
0.300	5.489
0.301	5.489
0.301	5.489
0.302	5.489
0.302	5.489
0.303	5.489
0.303	5.489
0.304	5.489
0.304	5.489
0.305	5.489
0.305	5.489
0.306	5.489
0.306	5.489
0.307	5.489
0.307	5.489
0.308	5.489
0.308	5.489
0.309	5.489
0.309	5.489
0.310	5.489
0.310	5.489
0.311	5.489
0.311	5.489
0.312	5.489
0.312	5.489
0.313	5.489
0.313	5.489
0.314	5.489
0.314	5.489
0.315	5.489
0.315	5.489
0.316	5.489
0.316	5.489
0.317	5.489
0.318	5.489
0.318	5.489
0.319	5.489
0.319	5.489
0.320	5.489
0.320	5.489
0.321	5.489
0.321	5.489
0.322	5.489
0.322	5.489
0.323	5.489
0.323	5.489
0.324	5.489
0.324	5.489
0.325	5.489
0.325	5.489
0.326	5.489
0.326	5.489
0.327	5.489
0.327	5.489
0.328	5.489
0.328	5.489
0.329	5.489
0.329	5.489
0.330	5.489
0.330	5.489
0.331	5.489
0.331	5.489
0.332	5.489
0.332	5.489
0.333	5.489
0.333	5.489
0.334	5.489
0.334	5.489
0.335	5.489
0.335	5.489
0.336	5.489
0.336	5.489
0.337	5.489
0.337	5.489
0.338	5.489
0.338	5.489
0.339	5.489
0.339	5.489
0.340	5.489
0.340	5.489
0.341	5.489
0.341	5.489
0.342	5.489
0.342	5.489
0.343	5.489
0.343	5.489
0.344	5.489
0.344	5.489
0.345	5.489
0.345	5.489
0.346	5.489
0.346	5.489
0.347	5.489
0.347	5.489
0.348	5.489
0.348	5.489
0.349	5.489
0.349	5.489
0.350	5.489
0.350	5.489
0.351	5.489
0.351	5.489
0.352	5.489
0.352	5.489
0.353	5.489
0.353	5.489
0.354	5.489
0.354	5.489
0.355	5.489
0.355	5.489
0.356	5.489
0.356	5.489
0.357	5.489
0.357	5.489
0.358	5.489
0.358	5.489
0.359	5.489
0.359	5.489
0.360	5.489
0.360	5.489
0.361	5.489
0.361	5.489
0.362	5.489
0.362	5.489
0.363	5.489
0.363	5.489
0.364	5.489
0.364	5.489
0.365	5.489
0.365	5.489
0.366	5.489
0.366	5.489
0.367	5.489
0.367	5.489
0.368	5.489
0.368	5.489
0.369	5.489
0.369	5.489
0.370	5.489
0.370	5.489
0.371	5.489
0.371	5.489
0.372	5.489
0.372	5.489
0.373	5.489
0.373	5.489
0.374	5.489
0.374	5.489
0.375	5.489
0.375	5.489
0.376	5.489
0.376	5.489
0.377	5.489
0.377	5.489
0.378	5.489
0.378	5.489
0.379	5.489
0.379	5.489
0.380	5.489
0.380	5.489
0.381	5.489
0.381	5.489
0.382	5.489
0.382	5.489
0.383	5.489
0.383	5.489
0.384	5.489
0.384	5.489
0.385	5.489
0.385	5.489
0.386	5.489
0.386	5.489
0.387	5.489
0.387	5.489
0.388	5.489
0.389	5.489
0.389	5.489
0.390	5.489
0.390	5.489
0.391	5.489
0.391	5.489
0.392	5.489
0.392	5.489
0.393	5.489
0.393	5.489
0.394	5.489
0.394	5.489
0.395	5.489
0.395	5.489
0.396	5.489
0.396	5.489
0.397	5.489
0.397	5.489
0.398	5.489
0.398	5.489
0.399	5.489
0.399	5.489
0.400	5.489
0.400	5.489
0.400	5.489
0.401	5.489
0.401	5.489
0.402	5.489
0.402	5.489
0.403	5.489
0.403	5.489
0.404	5.489
0.404	5.489
0.405	5.489
0.405	5.489
0.406	5.489
0.406	5.489
0.407	5.489
0.407	5.489
0.408	5.489
0.408	5.489
0.409	5.489
0.409	5.489
0.410	5.489
0.410	5.489
0.411	5.489
0.411	5.489
0.412	5.489
0.412	5.489
0.413	5.489
0.413	5.489
0.414	5.489
0.414	5.489
0.415	5.489
0.415	5.489
0.416	5.489
0.416	5.489
0.417	5.489
0.417	5.489
0.418	5.489
0.418	5.489
0.419	5.489
0.419	5.489
0.420	5.489
0.420	5.489
0.421	5.489
0.421	5.489
0.422	5.489
0.422	5.489
0.423	5.489
0.423	5.489
0.424	5.489
0.424	5.489
0.425	5.489
0.425	5.489
0.426	5.488
0.426	5.488
0.427	5.488
0.427	5.488
0.428	5.488
0.428	5.488
0.429	5.488
0.429	5.488
0.430	5.488
0.430	5.488
0.431	5.488
0.431	5.488
0.432	5.488
0.432	5.488
0.433	5.488
0.433	5.488
0.434	5.488
0.434	5.488
0.435	5.488
0.435	5.488
0.436	5.488
0.436	5.488
0.437	5.488
0.437	5.488
0.438	5.488
0.438	5.488
0.439	5.488
0.439	5.488
0.440	5.488
0.440	5.488
0.441	5.488
0.441	5.488
0.442	5.488
0.442	5.488
0.443	5.488
0.443	5.488
0.444	5.488
0.444	5.488
0.445	5.488
0.445	5.488
0.446	5.488
0.446	5.488
0.447	5.488
0.447	5.488
0.448	5.488
0.448	5.488
0.449	5.488
0.449	5.488
0.450	5.488
0.450	5.488
0.451	5.488
0.451	5.488
0.452	5.488
0.452	5.488
0.453	5.488
0.453	5.488
0.454	5.488
0.454	5.488
0.455	5.487
0.455	5.487
0.456	5.487
0.457	5.487
0.457	5.487
0.458	5.487
0.458	5.487
0.459	5.487
0.459	5.487
0.460	5.487
0.460	5.487
0.461	5.487
0.461	5.487
0.462	5.487
0.462	5.487
0.463	5.487
0.463	5.487
0.464	5.487
0.464	5.487
0.465	5.487
0.465	5.487
0.466	5.487
0.466	5.487
0.467	5.487
0.467	5.487
0.468	5.487
0.468	5.487
0.469	5.487
0.469	5.487
0.470	5.487
0.470	5.487
0.471	5.487
0.471	5.487
0.472	5.487
0.472	5.487
0.473	5.487
0.473	5.487
0.474	5.487
0.474	5.487
0.475	5.487
0.475	5.487
0.476	5.487
0.476	5.487
0.477	5.487
0.477	5.487
0.478	5.487
0.478	5.487
0.479	5.487
0.479	5.487
0.480	5.487
0.480	5.487
0.481	5.487
0.481	5.487
0.482	5.487
0.482	5.487
0.483	5.487
0.483	5.487
0.484	5.487
0.484	5.486
0.485	5.486
0.485	5.486
0.486	5.486
0.486	5.486
0.487	5.486
0.487	5.486
0.488	5.486
0.488	5.486
0.489	5.486
0.489	5.486
0.490	5.486
0.490	5.486
0.491	5.486
0.491	5.486
0.492	5.486
0.492	5.486
0.493	5.486
0.493	5.486
0.494	5.486
0.494	5.486
0.495	5.486
0.495	5.486
0.496	5.486
0.496	5.486
0.497	5.486
0.497	5.486
0.498	5.486
0.498	5.486
0.499	5.486
0.499	5.486
0.500	5.486
0.500	5.486
0.501	5.486
0.501	5.486
0.502	5.486
0.502	5.486
0.503	5.486
0.503	5.486
0.504	5.486
0.504	5.486
0.505	5.486
0.505	5.486
0.506	5.486
0.506	5.486
0.507	5.486
0.507	5.486
0.508	5.486
0.508	5.486
0.509	5.486
0.509	5.486
0.510	5.486
0.510	5.486
0.511	5.486
0.511	5.486
0.512	5.486
0.512	5.486
0.513	5.486
0.513	5.485
0.514	5.485
0.514	5.485
0.515	5.485
0.515	5.485
0.516	5.485
0.516	5.485
0.517	5.485
0.517	5.485
0.518	5.485
0.518	5.485
0.519	5.485
0.519	5.485
0.520	5.485
0.520	5.485
0.521	5.485
0.521	5.485
0.522	5.485
0.522	5.485
0.523	5.485
0.523	5.485
0.524	5.485
0.524	5.485
0.525	5.485
0.526	5.485
0.526	5.485
0.527	5.485
0.527	5.485
0.528	5.485
0.528	5.485
0.529	5.485
0.529	5.485
0.530	5.485
0.530	5.485
0.531	5.485
0.531	5.485
0.532	5.485
0.532	5.485
0.533	5.485
0.533	5.485
0.534	5.485
0.534	5.485
0.535	5.485
0.535	5.485
0.536	5.485
0.536	5.485
0.537	5.485
0.537	5.485
0.538	5.485
0.538	5.485
0.539	5.485
0.539	5.485
0.540	5.485
0.540	5.485
0.540	5.485
0.541	5.484
0.541	5.484
0.542	5.484
0.542	5.484
0.543	5.484
0.543	5.484
0.544	5.484
0.544	5.484
0.545	5.484
0.545	5.484
0.546	5.484
0.546	5.484
0.547	5.484
0.547	5.484
0.548	5.484
0.548	5.484
0.549	5.484
0.549	5.484
0.550	5.483
0.550	5.483
0.551	5.483
0.551	5.483
0.552	5.483
0.552	5.483
0.553	5.483
0.553	5.483
0.554	5.483
0.554	5.483
0.555	5.483
0.555	5.483
0.556	5.483
0.556	5.483
0.557	5.483
0.557	5.483
0.558	5.483
0.558	5.482
0.559	5.482
0.559	5.482
0.560	5.482
0.560	5.482
0.561	5.482
0.561	5.482
0.562	5.482
0.562	5.482
0.563	5.482
0.563	5.482
0.564	5.482
0.564	5.482
0.565	5.482
0.565	5.482
0.566	5.482
0.566	5.482
0.567	5.481
0.567	5.481
0.568	5.481
0.568	5.481
0.569	5.481
0.569	5.481
0.570	5.481
0.570	5.481
0.571	5.481
0.571	5.481
0.572	5.481
0.572	5.481
0.573	5.481
0.573	5.481
0.574	5.481
0.574	5.481
0.575	5.481
0.575	5.481
0.576	5.480
0.576	5.480
0.577	5.480
0.577	5.480
0.578	5.480
0.578	5.480
0.579	5.480
0.579	5.480
0.580	5.480
0.580	5.480
0.581	5.480
0.581	5.480
0.582	5.480
0.582	5.480
0.583	5.480
0.583	5.480
0.584	5.480
0.584	5.479
0.585	5.479
0.585	5.479
0.586	5.479
0.586	5.479
0.587	5.479
0.587	5.479
0.588	5.479
0.588	5.479
0.589	5.479
0.589	5.479
0.590	5.479
0.590	5.479
0.591	5.479
0.591	5.479
0.592	5.479
0.592	5.479
0.593	5.479
0.593	5.478
0.594	5.478
0.594	5.478
0.595	5.478
0.595	5.478
0.596	5.478
0.596	5.478
0.597	5.478
0.597	5.478
0.598	5.478
0.598	5.478
0.599	5.478
0.599	5.478
0.600	5.478
0.600	5.478
0.601	5.478
0.601	5.478
0.602	5.477
0.602	5.477
0.603	5.477
0.603	5.477
0.604	5.477
0.604	5.477
0.605	5.477
0.605	5.477
0.606	5.477
0.606	5.477
0.607	5.477
0.607	5.477
0.608	5.477
0.608	5.477
0.609	5.477
0.609	5.477
0.610	5.477
0.610	5.477
0.611	5.476
0.611	5.476
0.612	5.476
0.612	5.476
0.613	5.476
0.613	5.476
0.614	5.476
0.614	5.476
0.615	5.476
0.615	5.476
0.616	5.476
0.616	5.476
0.617	5.476
0.617	5.476
0.618	5.476
0.618	5.476
0.619	5.476
0.619	5.475
0.620	5.475
0.620	5.475
0.621	5.475
0.621	5.475
0.622	5.475
0.622	5.475
0.623	5.475
0.623	5.475
0.624	5.475
0.624	5.475
0.625	5.475
0.625	5.475
0.626	5.475
0.626	5.475
0.627	5.475
0.627	5.475
0.627	5.475
0.628	5.474
0.628	5.474
0.629	5.474
0.629	5.474
0.630	5.474
0.630	5.474
0.631	5.474
0.631	5.474
0.632	5.474
0.632	5.474
0.633	5.473
0.633	5.473
0.634	5.473
0.634	5.473
0.635	5.473
0.635	5.473
0.636	5.473
0.636	5.473
0.637	5.473
0.637	5.472
0.638	5.472
0.638	5.472
0.639	5.472
0.639	5.472
0.640	5.472
0.640	5.472
0.641	5.472
0.641	5.472
0.642	5.472
0.642	5.471
0.643	5.471
0.643	5.471
0.644	5.471
0.644	5.471
0.645	5.471
0.645	5.471
0.646	5.471
0.646	5.471
0.647	5.471
0.647	5.470
0.648	5.470
0.648	5.470
0.649	5.470
0.649	5.470
0.650	5.470
0.650	5.470
0.651	5.470
0.651	5.470
0.652	5.469
0.652	5.469
0.653	5.469
0.653	5.469
0.654	5.469
0.654	5.469
0.655	5.469
0.655	5.469
0.656	5.469
0.656	5.469
0.657	5.468
0.657	5.468
0.658	5.468
0.658	5.468
0.659	5.468
0.659	5.468
0.660	5.468
0.660	5.468
0.661	5.468
0.661	5.468
0.662	5.467
0.662	5.467
0.662	5.467
0.663	5.467
0.663	5.467
0.664	5.467
0.664	5.467
0.665	5.467
0.665	5.467
0.666	5.467
0.666	5.466
0.667	5.466
0.667	5.466
0.668	5.466
0.668	5.466
0.669	5.466
0.669	5.466
0.670	5.466
0.670	5.466
0.671	5.465
0.671	5.465
0.672	5.465
0.672	5.465
0.673	5.465
0.673	5.465
0.674	5.465
0.674	5.465
0.675	5.465
0.675	5.465
0.676	5.464
0.676	5.464
0.677	5.464
0.677	5.464
0.678	5.464
0.678	5.464
0.679	5.464
0.679	5.464
0.680	5.464
0.680	5.464
0.681	5.463
0.681	5.463
0.682	5.463
0.682	5.463
0.683	5.463
0.683	5.463
0.684	5.463
0.684	5.463
0.685	5.463
0.685	5.462
0.686	5.462
0.686	5.462
0.687	5.462
0.687	5.462
0.688	5.462
0.688	5.462
0.689	5.462
0.689	5.462
0.690	5.462
0.690	5.461
0.691	5.461
0.691	5.461
0.692	5.461
0.692	5.461
0.693	5.461
0.693	5.461
0.694	5.461
0.694	5.461
0.695	5.461
0.695	5.460
0.696	5.460
0.696	5.460
0.697	5.460
0.697	5.460
0.698	5.460
0.698	5.460
0.699	5.460
0.699	5.460
0.699	5.460
0.700	5.459
0.700	5.459
0.701	5.459
0.701	5.459
0.702	5.459
0.702	5.459
0.703	5.459
0.703	5.459
0.704	5.459
0.704	5.458
0.705	5.458
0.705	5.458
0.706	5.458
0.706	5.458
0.707	5.458
0.707	5.458
0.708	5.458
0.708	5.458
0.709	5.458
0.709	5.457
0.710	5.457
0.710	5.457
0.711	5.457
0.711	5.457
0.712	5.457
0.712	5.457
0.713	5.457
0.713	5.457
0.714	5.457
0.714	5.456
0.715	5.456
0.715	5.456
0.716	5.456
0.716	5.456
0.717	5.456
0.717	5.456
0.718	5.456
0.718	5.456
0.719	5.456
0.719	5.455
0.720	5.455
0.720	5.455
0.721	5.455
0.721	5.455
0.722	5.455
0.722	5.455
0.723	5.455
0.723	5.455
0.724	5.454
0.724	5.454
0.725	5.454
0.725	5.454
0.726	5.454
0.726	5.454
0.727	5.454
0.727	5.454
0.728	5.454
0.728	5.454
0.729	5.453
0.729	5.453
0.730	5.453
0.730	5.453
0.731	5.453
0.731	5.453
0.732	5.453
0.732	5.453
0.733	5.453
0.733	5.453
0.734	5.452
0.734	5.452
0.735	5.452
0.735	5.452
0.736	5.452
0.736	5.452
0.737	5.452
0.737	5.452
0.737	5.452
0.738	5.451
0.738	5.451
0.739	5.451
0.739	5.451
0.740	5.451
0.740	5.451
0.741	5.451
0.741	5.451
0.742	5.451
0.742	5.451
0.743	5.450
0.743	5.450
0.744	5.450
0.744	5.450
0.745	5.450
0.745	5.450
0.746	5.450
0.746	5.450
0.747	5.450
0.747	5.450
0.748	5.449
0.748	5.449
0.749	5.449
0.749	5.449
0.750	5.449
0.750	5.449
0.751	5.449
0.751	5.449
0.752	5.449
0.752	5.449
0.753	5.448
0.753	5.448
0.754	5.448
0.754	5.448
0.755	5.448
0.755	5.448
0.756	5.448
0.756	5.448
0.756	5.448
0.757	5.448
0.757	5.447
0.758	5.447
0.758	5.447
0.759	5.447
0.759	5.447
0.760	5.447
0.760	5.447
0.761	5.446
0.761	5.446
0.762	5.446
0.762	5.446
0.763	5.446
0.763	5.446
0.764	5.446
0.764	5.446
0.765	5.445
0.765	5.445
0.765	5.445
0.766	5.445
0.766	5.445
0.767	5.445
0.767	5.445
0.768	5.444
0.768	5.444
0.769	5.444
0.769	5.444
0.770	5.444
0.770	5.444
0.771	5.444
0.771	5.444
0.772	5.443
0.772	5.443
0.773	5.443
0.773	5.443
0.774	5.443
0.774	5.443
0.775	5.443
0.775	5.442
0.776	5.442
0.776	5.442
0.777	5.442
0.777	5.442
0.778	5.442
0.778	5.442
0.779	5.441
0.779	5.441
0.780	5.441
0.780	5.441
0.781	5.441
0.781	5.441
0.782	5.441
0.782	5.441
0.783	5.440
0.783	5.440
0.783	5.440
0.784	5.440
0.784	5.440
0.785	5.440
0.785	5.440
0.786	5.439
0.786	5.439
0.787	5.439
0.787	5.439
0.788	5.439
0.788	5.439
0.789	5.439
0.789	5.439
0.790	5.438
0.790	5.438
0.791	5.438
0.791	5.438
0.792	5.438
0.792	5.438
0.793	5.438
0.793	5.437
0.794	5.437
0.794	5.437
0.795	5.437
0.795	5.437
0.796	5.437
0.796	5.437
0.797	5.437
0.797	5.436
0.798	5.436
0.798	5.436
0.799	5.436
0.799	5.436
0.800	5.436
0.800	5.436
0.801	5.435
0.801	5.435
0.801	5.435
0.802	5.435
0.802	5.435
0.803	5.435
0.803	5.435
0.804	5.434
0.804	5.434
0.805	5.434
0.805	5.434
0.806	5.434
0.806	5.434
0.807	5.434
0.807	5.434
0.808	5.433
0.808	5.433
0.809	5.433
0.809	5.433
0.810	5.433
0.810	5.433
0.811	5.433
0.811	5.432
0.812	5.432
0.812	5.432
0.813	5.432
0.813	5.432
0.814	5.432
0.814	5.432
0.815	5.432
0.815	5.431
0.816	5.431
0.816	5.431
0.817	5.431
0.817	5.431
0.818	5.431
0.818	5.431
0.819	5.430
0.819	5.430
0.819	5.430
0.820	5.430
0.820	5.430
0.821	5.430
0.821	5.430
0.822	5.430
0.822	5.429
0.823	5.429
0.823	5.429
0.824	5.429
0.824	5.429
0.825	5.429
0.825	5.429
0.826	5.428
0.826	5.428
0.827	5.428
0.827	5.428
0.828	5.428
0.828	5.428
0.829	5.428
0.829	5.427
0.830	5.427
0.830	5.427
0.831	5.427
0.831	5.427
0.832	5.427
0.832	5.427
0.833	5.427
0.833	5.426
0.834	5.426
0.834	5.426
0.835	5.426
0.835	5.426
0.836	5.426
0.836	5.426
0.837	5.425
0.837	5.425
0.837	5.425
0.838	5.425
0.838	5.425
0.839	5.425
0.839	5.425
0.840	5.425
0.840	5.424
0.841	5.424
0.841	5.424
0.842	5.424
0.842	5.424
0.843	5.424
0.843	5.424
0.844	5.423
0.844	5.423
0.845	5.423
0.845	5.423
0.846	5.423
0.846	5.423
0.847	5.423
0.847	5.423
0.848	5.422
0.848	5.422
0.849	5.422
0.849	5.422
0.850	5.422
0.850	5.422
0.851	5.422
0.851	5.421
0.852	5.421
0.852	5.421
0.853	5.421
0.853	5.421
0.854	5.421
0.854	5.421
0.855	5.420
0.855	5.420
0.855	5.420
0.856	5.420
0.856	5.420
0.857	5.420
0.857	5.420
0.858	5.420
0.858	5.419
0.859	5.419
0.859	5.419
0.860	5.419
0.860	5.419
0.861	5.419
0.861	5.419
0.862	5.418
0.862	5.418
0.863	5.418
0.863	5.418
0.864	5.418
0.864	5.418
0.865	5.418
0.865	5.418
0.866	5.417
0.866	5.417
0.867	5.417
0.867	5.417
0.868	5.417
0.868	5.417
0.869	5.417
0.869	5.416
0.870	5.416
0.870	5.416
0.871	5.416
0.871	5.416
0.872	5.416
0.872	5.416
0.873	5.416
0.873	5.415
0.874	5.415
0.874	5.415
0.874	5.415
0.875	5.415
0.875	5.415
0.876	5.415
0.876	5.414
0.877	5.414
0.877	5.414
0.877	5.414
0.878	5.414
0.878	5.414
0.879	5.414
0.879	5.413
0.880	5.413
0.880	5.413
0.881	5.413
0.881	5.413
0.882	5.413
0.882	5.412
0.883	5.412
0.883	5.412
0.884	5.412
0.884	5.412
0.885	5.412
0.885	5.411
0.885	5.411
0.886	5.411
0.886	5.411
0.887	5.411
0.887	5.411
0.888	5.410
0.888	5.410
0.889	5.410
0.889	5.410
0.890	5.410
0.890	5.410
0.891	5.409
0.891	5.409
0.892	5.409
0.892	5.409
0.893	5.409
0.893	5.409
0.894	5.408
0.894	5.408
0.895	5.408
0.895	5.408
0.895	5.408
0.896	5.408
0.896	5.407
0.897	5.407
0.897	5.407
0.898	5.407
0.898	5.407
0.899	5.407
0.899	5.406
0.900	5.406
0.900	5.406
0.901	5.406
0.901	5.406
0.902	5.406
0.902	5.405
0.903	5.405
0.903	5.405
0.904	5.405
0.904	5.405
0.905	5.405
0.905	5.404
0.905	5.404
0.906	5.404
0.906	5.404
0.907	5.404
0.907	5.404
0.908	5.403
0.908	5.403
0.909	5.403
0.909	5.403
0.910	5.403
0.910	5.403
0.911	5.402
0.911	5.402
0.912	5.402
0.912	5.402
0.913	5.402
0.913	5.402
0.914	5.401
0.914	5.401
0.915	5.401
0.915	5.401
0.915	5.401
0.916	5.401
0.916	5.400
0.917	5.400
0.917	5.400
0.918	5.400
0.918	5.400
0.919	5.400
0.919	5.399
0.920	5.399
0.920	5.399
0.921	5.399
0.921	5.399
0.922	5.399
0.922	5.398
0.923	5.398
0.923	5.398
0.924	5.398
0.924	5.398
0.925	5.398
0.925	5.397
0.925	5.397
0.926	5.397
0.926	5.397
0.927	5.397
0.927	5.397
0.928	5.396
0.928	5.396
0.929	5.396
0.929	5.396
0.930	5.396
0.930	5.396
0.931	5.395
0.931	5.395
0.932	5.395
0.932	5.395
0.933	5.395
0.933	5.395
0.934	5.394
0.934	5.394
0.935	5.394
0.935	5.394
0.935	5.394
0.936	5.393
0.936	5.393
0.937	5.393
0.937	5.393
0.938	5.393
0.938	5.393
0.939	5.392
0.939	5.392
0.940	5.392
0.940	5.392
0.941	5.392
0.941	5.392
0.942	5.391
0.942	5.391
0.943	5.391
0.943	5.391
0.944	5.391
0.944	5.391
0.944	5.390
0.945	5.390
0.945	5.390
0.946	5.390
0.946	5.390
0.947	5.390
0.947	5.389
0.948	5.389
0.948	5.389
0.949	5.389
0.949	5.389
0.950	5.389
0.950	5.388
0.951	5.388
0.951	5.388
0.952	5.388
0.952	5.388
0.953	5.388
0.953	5.387
0.954	5.387
0.954	5.387
0.954	5.387
0.955	5.387
0.955	5.387
0.956	5.386
0.956	5.386
0.957	5.386
0.957	5.386
0.958	5.386
0.958	5.386
0.959	5.385
0.959	5.385
0.960	5.385
0.960	5.385
0.961	5.385
0.961	5.385
0.962	5.384
0.962	5.384
0.963	5.384
0.963	5.384
0.964	5.384
0.964	5.384
0.964	5.383
0.965	5.383
0.965	5.383
0.966	5.383
0.966	5.383
0.967	5.383
0.967	5.382
0.968	5.382
0.968	5.382
0.969	5.382
0.969	5.382
0.970	5.382
0.970	5.381
0.971	5.381
0.971	5.381
0.972	5.381
0.972	5.381
0.973	5.381
0.973	5.380
0.974	5.380
0.974	5.380
0.974	5.380
0.975	5.380
0.975	5.380
0.976	5.379
0.976	5.379
0.977	5.379
0.977	5.379
0.978	5.379
0.978	5.379
0.979	5.378
0.979	5.378
0.980	5.378
0.980	5.378
0.981	5.378
0.981	5.378
0.982	5.377
0.982	5.377
0.983	5.377
0.983	5.377
0.984	5.377
0.984	5.377
0.984	5.376
0.985	5.376
0.985	5.376
0.986	5.376
0.986	5.376
0.987	5.376
0.987	5.375
0.988	5.375
0.988	5.375
0.989	5.375
0.989	5.375
0.990	5.375
0.990	5.374
0.991	5.374
0.991	5.374
0.992	5.374
0.992	5.374
0.993	5.374
0.993	5.373
0.994	5.373
0.994	5.373
0.994	5.373
0.995	5.373
0.995	5.373
0.996	5.372
0.996	5.372
0.996	5.372
0.997	5.372
0.997	5.372
0.998	5.372
0.998	5.371
0.999	5.371
0.999	5.371
1.000	5.371
1.000	5.371
1.001	5.370
1.001	5.370
1.001	5.370
1.002	5.370
1.002	5.370
1.003	5.369
1.003	5.369
1.004	5.369
1.004	5.369
1.005	5.369
1.005	5.368
1.006	5.368
1.006	5.368
1.007	5.368
1.007	5.368
1.008	5.367
1.008	5.367
1.008	5.367
1.009	5.367
1.009	5.367
1.010	5.366
1.010	5.366
1.011	5.366
1.011	5.366
1.012	5.366
1.012	5.366
1.013	5.365
1.013	5.365
1.014	5.365
1.014	5.365
1.014	5.365
1.015	5.364
1.015	5.364
1.016	5.364
1.016	5.364
1.017	5.364
1.017	5.363
1.018	5.363
1.018	5.363
1.019	5.363
1.019	5.363
1.020	5.362
1.020	5.362
1.020	5.362
1.021	5.362
1.021	5.362
1.022	5.361
1.022	5.361
1.023	5.361
1.023	5.361
1.024	5.361
1.024	5.360
1.025	5.360
1.025	5.360
1.026	5.360
1.026	5.360
1.027	5.359
1.027	5.359
1.027	5.359
1.028	5.359
1.028	5.359
1.029	5.358
1.029	5.358
1.030	5.358
1.030	5.358
1.031	5.358
1.031	5.357
1.032	5.357
1.032	5.357
1.033	5.357
1.033	5.357
1.033	5.356
1.034	5.356
1.034	5.356
1.035	5.356
1.035	5.356
1.036	5.355
1.036	5.355
1.037	5.355
1.037	5.355
1.038	5.355
1.038	5.355
1.039	5.354
1.039	5.354
1.040	5.354
1.040	5.354
1.040	5.354
1.041	5.353
1.041	5.353
1.042	5.353
1.042	5.353
1.043	5.353
1.043	5.352
1.044	5.352
1.044	5.352
1.045	5.352
1.045	5.352
1.046	5.351
1.046	5.351
1.046	5.351
1.047	5.351
1.047	5.351
1.048	5.350
1.048	5.350
1.049	5.350
1.049	5.350
1.050	5.350
1.050	5.349
1.051	5.349
1.051	5.349
1.052	5.349
1.052	5.349
1.053	5.348
1.053	5.348
1.053	5.348
1.054	5.348
1.054	5.348
1.055	5.347
1.055	5.347
1.056	5.347
1.056	5.347
1.057	5.347
1.057	5.346
1.058	5.346
1.058	5.346
1.059	5.346
1.059	5.346
1.059	5.345
1.060	5.345
1.060	5.345
1.061	5.345
1.061	5.345
1.062	5.344
1.062	5.344
1.063	5.344
1.063	5.344
1.064	5.344
1.064	5.344
1.065	5.343
1.065	5.343
1.065	5.343
1.066	5.343
1.066	5.343
1.067	5.342
1.067	5.342
1.068	5.342
1.068	5.342
1.069	5.342
1.069	5.341
1.070	5.341
1.070	5.341
1.071	5.341
1.071	5.341
1.072	5.340
1.072	5.340
1.072	5.340
1.073	5.340
1.073	5.340
1.074	5.339
1.074	5.339
1.075	5.339
1.075	5.339
1.076	5.339
1.076	5.338
1.077	5.338
1.077	5.338
1.078	5.338
1.078	5.338
1.078	5.337
1.079	5.337
1.079	5.337
1.080	5.337
1.080	5.337
1.081	5.336
1.081	5.336
1.082	5.336
1.082	5.336
1.083	5.336
1.083	5.335
1.084	5.335
1.084	5.335
1.085	5.335
1.085	5.335
1.085	5.334
1.086	5.334
1.086	5.334
1.087	5.334
1.087	5.334
1.088	5.333
1.088	5.333
1.089	5.333
1.089	5.333
1.090	5.333
1.090	5.333
1.091	5.332
1.091	5.332
1.091	5.332
1.092	5.332
1.092	5.332
1.093	5.331
1.093	5.331
1.094	5.331
1.094	5.331
1.095	5.331
1.095	5.330
1.096	5.330
1.096	5.330
1.097	5.330
1.097	5.330
1.097	5.329
1.098	5.329
1.098	5.329
1.099	5.329
1.099	5.329
1.100	5.328
1.100	5.328
1.101	5.328
1.101	5.328
1.102	5.328
1.102	5.327
1.103	5.327
1.103	5.327
1.104	5.327
1.104	5.327
1.104	5.326
1.105	5.326
1.105	5.326
1.106	5.326
1.106	5.326
1.107	5.325
1.107	5.325
1.108	5.325
1.108	5.325
1.109	5.325
1.109	5.324
1.110	5.324
1.110	5.324
1.110	5.324
1.111	5.324
1.111	5.323
1.112	5.323
1.112	5.323
1.113	5.323
1.113	5.323
1.114	5.322
1.114	5.322
1.115	5.322
1.115	5.322
1.116	5.322
1.116	5.322
1.117	5.321
1.117	5.321
1.117	5.321
1.118	5.321
1.118	5.321
1.119	5.320
1.119	5.320
1.120	5.320
1.120	5.320
1.121	5.320
1.121	5.319
1.122	5.319
1.122	5.319
1.122	5.319
1.123	5.319
1.123	5.318
1.123	5.318
1.124	5.318
1.124	5.318
1.125	5.318
1.125	5.317
1.126	5.317
1.126	5.317
1.127	5.317
1.127	5.316
1.127	5.316
1.128	5.316
1.128	5.316
1.129	5.316
1.129	5.315
1.130	5.315
1.130	5.315
1.131	5.315
1.131	5.314
1.131	5.314
1.132	5.314
1.132	5.314
1.133	5.313
1.133	5.313
1.134	5.313
1.134	5.313
1.135	5.313
1.135	5.312
1.136	5.312
1.136	5.312
1.136	5.312
1.137	5.311
1.137	5.311
1.138	5.311
1.138	5.311
1.139	5.311
1.139	5.310
1.140	5.310
1.140	5.310
1.140	5.310
1.141	5.309
1.141	5.309
1.142	5.309
1.142	5.309
1.143	5.308
1.143	5.308
1.144	5.308
1.144	5.308
1.145	5.308
1.145	5.307
1.145	5.307
1.146	5.307
1.146	5.307
1.147	5.306
1.147	5.306
1.148	5.306
1.148	5.306
1.149	5.305
1.149	5.305
1.149	5.305
1.150	5.305
1.150	5.305
1.151	5.304
1.151	5.304
1.152	5.304
1.152	5.304
1.153	5.303
1.153	5.303
1.153	5.303
1.154	5.303
1.154	5.303
1.155	5.302
1.155	5.302
1.156	5.302
1.156	5.302
1.157	5.301
1.157	5.301
1.158	5.301
1.158	5.301
1.158	5.300
1.159	5.300
1.159	5.300
1.160	5.300
1.160	5.300
1.161	5.299
1.161	5.299
1.162	5.299
1.162	5.299
1.162	5.298
1.163	5.298
1.163	5.298
1.164	5.298
1.164	5.297
1.165	5.297
1.165	5.297
1.166	5.297
1.166	5.297
1.167	5.296
1.167	5.296
1.167	5.296
1.168	5.296
1.168	5.295
1.169	5.295
1.169	5.295
1.170	5.295
1.170	5.295
1.171	5.294
1.171	5.294
1.171	5.294
1.172	5.294
1.172	5.293
1.173	5.293
1.173	5.293
1.174	5.293
1.174	5.292
1.175	5.292
1.175	5.292
1.175	5.292
1.176	5.292
1.176	5.291
1.177	5.291
1.177	5.291
1.178	5.291
1.178	5.290
1.179	5.290
1.179	5.290
1.180	5.290
1.180	5.289
1.180	5.289
1.181	5.289
1.181	5.289
1.182	5.289
1.182	5.288
1.183	5.288
1.183	5.288
1.184	5.288
1.184	5.287
1.184	5.287
1.185	5.287
1.185	5.287
1.186	5.287
1.186	5.286
1.187	5.286
1.187	5.286
1.188	5.286
1.188	5.285
1.189	5.285
1.189	5.285
1.189	5.285
1.190	5.284
1.190	5.284
1.191	5.284
1.191	5.284
1.192	5.284
1.192	5.283
1.193	5.283
1.193	5.283
1.193	5.283
1.194	5.282
1.194	5.282
1.195	5.282
1.195	5.282
1.196	5.281
1.196	5.281
1.197	5.281
1.197	5.281
1.197	5.281
1.198	5.280
1.198	5.280
1.199	5.280
1.199	5.280
1.200	5.279
1.200	5.279
1.201	5.279
1.201	5.279
1.202	5.279
1.202	5.278
1.202	5.278
1.203	5.278
1.203	5.278
1.204	5.277
1.204	5.277
1.205	5.277
1.205	5.277
1.206	5.276
1.206	5.276
1.206	5.276
1.207	5.276
1.207	5.276
1.208	5.275
1.208	5.275
1.209	5.275
1.209	5.275
1.210	5.274
1.210	5.274
1.211	5.274
1.211	5.274
1.211	5.273
1.212	5.273
1.212	5.273
1.213	5.273
1.213	5.273
1.214	5.272
1.214	5.272
1.215	5.272
1.215	5.272
1.215	5.271
1.216	5.271
1.216	5.271
1.217	5.271
1.217	5.271
1.218	5.270
1.218	5.270
1.219	5.270
1.219	5.270
1.219	5.269
1.220	5.269
1.220	5.269
1.221	5.269
1.221	5.268
1.222	5.268
1.222	5.268
1.223	5.268
1.223	5.268
1.224	5.267
1.224	5.267
1.224	5.267
1.225	5.267
1.225	5.266
1.226	5.266
1.226	5.266
1.227	5.266
1.227	5.266
1.228	5.265
1.228	5.265
1.228	5.265
1.229	5.265
1.229	5.264
1.230	5.264
1.230	5.264
1.231	5.264
1.231	5.263
1.232	5.263
1.232	5.263
1.232	5.263
1.233	5.263
1.233	5.262
1.234	5.262
1.234	5.262
1.235	5.262
1.235	5.261
1.236	5.261
1.236	5.261
1.237	5.261
1.237	5.260
1.237	5.260
1.238	5.260
1.238	5.260
1.239	5.260
1.239	5.259
1.240	5.259
1.240	5.259
1.241	5.259
1.241	5.258
1.241	5.258
1.242	5.258
1.242	5.258
1.243	5.258
1.243	5.257
1.244	5.257
1.244	5.257
1.245	5.257
1.245	5.256
1.246	5.256
1.246	5.256
1.246	5.256
1.247	5.255
1.247	5.255
1.248	5.255
1.248	5.255
1.249	5.255
1.249	5.254
1.250	5.254
1.250	5.254
1.250	5.254
1.251	5.253
1.251	5.253
1.252	5.253
1.252	5.253
1.253	5.252
1.253	5.252
1.254	5.252
1.254	5.252
1.254	5.252
1.255	5.251
1.255	5.251
1.256	5.251
1.256	5.251
1.257	5.250
1.257	5.250
1.258	5.250
1.258	5.250
1.259	5.250
1.259	5.249
1.259	5.249
1.260	5.249
1.260	5.249
1.261	5.248
1.261	5.248
1.262	5.248
1.262	5.248
1.263	5.247
1.263	5.247
1.263	5.247
1.264	5.247
1.264	5.247
1.265	5.246
1.265	5.246
1.266	5.246
1.266	5.246
1.267	5.245
1.267	5.245
1.268	5.245
1.268	5.245
1.268	5.244
1.269	5.244
1.269	5.244
1.270	5.244
1.270	5.244
1.271	5.243
1.271	5.243
1.272	5.243
1.272	5.243
1.272	5.242
1.273	5.242
1.273	5.242
1.274	5.242
1.274	5.242
1.275	5.241
1.275	5.241
1.276	5.241
1.276	5.241
1.276	5.240
1.277	5.240
1.277	5.240
1.278	5.240
1.278	5.239
1.279	5.239
1.279	5.239
1.280	5.239
1.280	5.239
1.281	5.238
1.281	5.238
1.281	5.238
1.282	5.238
1.282	5.237
1.283	5.237
1.283	5.237
1.284	5.237
1.284	5.236
1.285	5.236
1.285	5.236
1.285	5.236
1.286	5.236
1.286	5.235
1.287	5.235
1.287	5.235
1.288	5.235
1.288	5.234
1.289	5.234
1.289	5.234
1.290	5.234
1.290	5.234
1.290	5.233
1.291	5.233
1.291	5.233
1.292	5.233
1.292	5.232
1.293	5.232
1.293	5.232
1.294	5.232
1.294	5.231
1.294	5.231
1.295	5.231
1.295	5.231
1.296	5.231
1.296	5.230
1.297	5.230
1.297	5.230
1.298	5.230
1.298	5.229
1.298	5.229
1.299	5.229
1.299	5.229
1.299	5.229
1.300	5.228
1.300	5.228
1.301	5.228
1.301	5.228
1.302	5.227
1.302	5.227
1.302	5.227
1.303	5.227
1.303	5.226
1.304	5.226
1.304	5.226
1.305	5.226
1.305	5.225
1.305	5.225
1.306	5.225
1.306	5.225
1.307	5.224
1.307	5.224
1.308	5.224
1.308	5.223
1.308	5.223
1.309	5.223
1.309	5.223
1.310	5.222
1.310	5.222
1.311	5.222
1.311	5.222
1.311	5.221
1.312	5.221
1.312	5.221
1.313	5.221
1.313	5.220
1.314	5.220
1.314	5.220
1.314	5.220
1.315	5.219
1.315	5.219
1.316	5.219
1.316	5.219
1.317	5.218
1.317	5.218
1.317	5.218
1.318	5.217
1.318	5.217
1.319	5.217
1.319	5.217
1.320	5.216
1.320	5.216
1.321	5.216
1.321	5.216
1.321	5.215
1.322	5.215
1.322	5.215
1.323	5.215
1.323	5.214
1.324	5.214
1.324	5.214
1.324	5.214
1.325	5.213
1.325	5.213
1.326	5.213
1.326	5.213
1.327	5.212
1.327	5.212
1.327	5.212
1.328	5.211
1.328	5.211
1.329	5.211
1.329	5.211
1.330	5.210
1.330	5.210
1.330	5.210
1.331	5.210
1.331	5.209
1.332	5.209
1.332	5.209
1.333	5.209
1.333	5.208
1.333	5.208
1.334	5.208
1.334	5.208
1.335	5.207
1.335	5.207
1.336	5.207
1.336	5.206
1.336	5.206
1.337	5.206
1.337	5.206
1.338	5.205
1.338	5.205
1.339	5.205
1.339	5.205
1.339	5.204
1.340	5.204
1.340	5.204
1.341	5.204
1.341	5.203
1.342	5.203
1.342	5.203
1.342	5.203
1.343	5.202
1.343	5.202
1.344	5.202
1.344	5.202
1.345	5.201
1.345	5.201
1.346	5.201
1.346	5.200
1.346	5.200
1.347	5.200
1.347	5.200
1.348	5.199
1.348	5.199
1.349	5.199
1.349	5.199
1.349	5.198
1.350	5.198
1.350	5.198
1.351	5.198
1.351	5.197
1.352	5.197
1.352	5.197
1.352	5.197
1.353	5.196
1.353	5.196
1.354	5.196
1.354	5.195
1.355	5.195
1.355	5.195
1.355	5.195
1.356	5.194
1.356	5.194
1.357	5.194
1.357	5.194
1.358	5.193
1.358	5.193
1.358	5.193
1.359	5.193
1.359	5.192
1.360	5.192
1.360	5.192
1.361	5.192
1.361	5.191
1.361	5.191
1.362	5.191
1.362	5.191
1.363	5.190
1.363	5.190
1.364	5.190
1.364	5.189
1.364	5.189
1.365	5.189
1.365	5.189
1.366	5.188
1.366	5.188
1.367	5.188
1.367	5.188
1.368	5.187
1.368	5.187
1.368	5.187
1.369	5.187
1.369	5.186
1.370	5.186
1.370	5.186
1.371	5.186
1.371	5.185
1.371	5.185
1.372	5.185
1.372	5.185
1.373	5.184
1.373	5.184
1.374	5.184
1.374	5.183
1.374	5.183
1.375	5.183
1.375	5.183
1.376	5.182
1.376	5.182
1.377	5.182
1.377	5.182
1.377	5.181
1.378	5.181
1.378	5.181
1.379	5.181
1.379	5.180
1.380	5.180
1.380	5.180
1.380	5.180
1.381	5.179
1.381	5.179
1.382	5.179
1.382	5.178
1.383	5.178
1.383	5.178
1.383	5.178
1.384	5.177
1.384	5.177
1.385	5.177
1.385	5.177
1.386	5.176
1.386	5.176
1.386	5.176
1.387	5.176
1.387	5.175
1.388	5.175
1.388	5.175
1.389	5.175
1.389	5.174
1.389	5.174
1.390	5.174
1.390	5.174
1.391	5.173
1.391	5.173
1.392	5.173
1.392	5.172
1.393	5.172
1.393	5.172
1.393	5.172
1.394	5.171
1.394	5.171
1.395	5.171
1.395	5.171
1.396	5.170
1.396	5.170
1.396	5.170
1.397	5.170
1.397	5.169
1.398	5.169
1.398	5.169
1.399	5.169
1.399	5.168
1.399	5.168
1.400	5.168
1.400	5.168
1.401	5.167
1.401	5.167
1.402	5.167
1.402	5.166
1.402	5.166
1.403	5.166
1.403	5.166
1.404	5.165
1.404	5.165
1.405	5.165
1.405	5.165
1.405	5.164
1.406	5.164
1.406	5.164
1.407	5.164
1.407	5.163
1.408	5.163
1.408	5.163
1.408	5.163
1.409	5.162
1.409	5.162
1.410	5.162
1.410	5.161
1.411	5.161
1.411	5.161
1.411	5.161
1.412	5.160
1.412	5.160
1.413	5.160
1.413	5.160
1.414	5.159
1.414	5.159
1.415	5.159
1.415	5.159
1.415	5.158
1.416	5.158
1.416	5.158
1.417	5.158
1.417	5.157
1.418	5.157
1.418	5.157
1.418	5.157
1.419	5.156
1.419	5.156
1.420	5.156
1.420	5.155
1.421	5.155
1.421	5.155
1.421	5.155
1.422	5.154
1.422	5.154
1.423	5.154
1.423	5.154
1.424	5.153
1.424	5.153
1.424	5.153
1.425	5.153
1.425	5.152
1.426	5.152
1.426	5.152
1.427	5.152
1.427	5.151
1.427	5.151
1.428	5.151
1.428	5.150
1.429	5.150
1.429	5.150
1.430	5.150
1.430	5.149
1.430	5.149
1.431	5.149
1.431	5.149
1.432	5.148
1.432	5.148
1.433	5.148
1.433	5.148
1.433	5.147
1.434	5.147
1.434	5.147
1.435	5.147
1.435	5.146
1.436	5.146
1.436	5.146
1.436	5.146
1.437	5.145
1.437	5.145
1.438	5.145
1.438	5.144
1.439	5.144
1.439	5.144
1.440	5.144
1.440	5.143
1.440	5.143
1.441	5.143
1.441	5.143
1.442	5.142
1.442	5.142
1.443	5.142
1.443	5.142
1.443	5.141
1.444	5.141
1.444	5.141
1.445	5.141
1.445	5.140
1.446	5.140
1.446	5.140
1.446	5.140
1.447	5.139
1.447	5.139
1.448	5.139
1.448	5.138
1.449	5.138
1.449	5.138
1.449	5.138
1.450	5.137
1.450	5.137
1.451	5.137
1.451	5.137
1.452	5.136
1.452	5.136
1.452	5.136
1.453	5.136
1.453	5.135
1.454	5.135
1.454	5.135
1.455	5.135
1.455	5.134
1.455	5.134
1.456	5.134
1.456	5.133
1.457	5.133
1.457	5.133
1.458	5.133
1.458	5.132
1.458	5.132
1.459	5.132
1.459	5.132
1.460	5.131
1.460	5.131
1.461	5.131
1.461	5.131
1.462	5.130
1.462	5.130
1.462	5.130
1.463	5.130
1.463	5.129
1.464	5.129
1.464	5.129
1.465	5.129
1.465	5.128
1.465	5.128
1.466	5.128
1.466	5.127
1.467	5.127
1.467	5.127
1.468	5.127
1.468	5.126
1.468	5.126
1.469	5.126
1.469	5.126
1.470	5.125
1.470	5.125
1.471	5.125
1.471	5.125
1.471	5.124
1.472	5.124
1.472	5.124
1.473	5.124
1.473	5.123
1.474	5.123
1.474	5.123
1.474	5.122
1.475	5.122
1.475	5.122
1.476	5.122
1.476	5.121
1.477	5.121
1.477	5.121
1.477	5.121
1.478	5.120
1.478	5.120
1.479	5.120
1.479	5.120
1.480	5.119
1.480	5.119
1.480	5.119
1.481	5.119
1.481	5.118
1.482	5.118
1.482	5.118
1.483	5.118
1.483	5.117
1.483	5.117
1.484	5.117
1.484	5.116
1.485	5.116
1.485	5.116
1.486	5.116
1.486	5.115
1.487	5.115
1.487	5.115
1.487	5.115
1.487	5.115
1.488	5.114
1.488	5.114
1.489	5.114
1.489	5.113
1.489	5.113
1.490	5.113
1.490	5.113
1.491	5.112
1.491	5.112
1.491	5.112
1.492	5.111
1.492	5.111
1.493	5.111
1.493	5.111
1.494	5.110
1.494	5.110
1.494	5.110
1.495	5.109
1.495	5.109
1.496	5.109
1.496	5.109
1.496	5.108
1.497	5.108
1.497	5.108
1.498	5.107
1.498	5.107
1.499	5.107
1.499	5.107
1.499	5.106
1.500	5.106
1.500	5.106
1.501	5.105
1.501	5.105
1.501	5.105
1.502	5.105
1.502	5.104
1.503	5.104
1.503	5.104
1.504	5.103
1.504	5.103
1.504	5.103
1.505	5.103
1.505	5.102
1.506	5.102
1.506	5.102
1.506	5.101
1.507	5.101
1.507	5.101
1.508	5.101
1.508	5.100
1.509	5.100
1.509	5.100
1.509	5.099
1.510	5.099
1.510	5.099
1.511	5.099
1.511	5.098
1.511	5.098
1.512	5.098
1.512	5.098
1.513	5.097
1.513	5.097
1.514	5.097
1.514	5.096
1.514	5.096
1.515	5.096
1.515	5.096
1.516	5.095
1.516	5.095
1.516	5.095
1.517	5.094
1.517	5.094
1.518	5.094
1.518	5.094
1.518	5.093
1.519	5.093
1.519	5.093
1.520	5.092
1.520	5.092
1.521	5.092
1.521	5.092
1.521	5.091
1.522	5.091
1.522	5.091
1.523	5.090
1.523	5.090
1.523	5.090
1.524	5.090
1.524	5.089
1.525	5.089
1.525	5.089
1.526	5.088
1.526	5.088
1.526	5.088
1.527	5.088
1.527	5.087
1.528	5.087
1.528	5.087
1.528	5.086
1.529	5.086
1.529	5.086
1.530	5.086
1.530	5.085
1.531	5.085
1.531	5.085
1.531	5.084
1.532	5.084
1.532	5.084
1.533	5.084
1.533	5.083
1.533	5.083
1.534	5.083
1.534	5.082
1.535	5.082
1.535	5.082
1.536	5.082
1.536	5.081
1.536	5.081
1.537	5.081
1.537	5.080
1.538	5.080
1.538	5.080
1.538	5.080
1.539	5.079
1.539	5.079
1.540	5.079
1.540	5.078
1.541	5.078
1.541	5.078
1.541	5.078
1.542	5.077
1.542	5.077
1.543	5.077
1.543	5.076
1.543	5.076
1.544	5.076
1.544	5.076
1.545	5.075
1.545	5.075
1.545	5.075
1.546	5.074
1.546	5.074
1.547	5.074
1.547	5.074
1.548	5.073
1.548	5.073
1.548	5.073
1.549	5.072
1.549	5.072
1.550	5.072
1.550	5.072
1.550	5.071
1.551	5.071
1.551	5.071
1.552	5.070
1.552	5.070
1.553	5.070
1.553	5.070
1.553	5.069
1.554	5.069
1.554	5.069
1.555	5.068
1.555	5.068
1.555	5.068
1.556	5.068
1.556	5.067
1.557	5.067
1.557	5.067
1.558	5.066
1.558	5.066
1.558	5.066
1.559	5.066
1.559	5.065
1.560	5.065
1.560	5.065
1.560	5.064
1.561	5.064
1.561	5.064
1.562	5.064
1.562	5.063
1.563	5.063
1.563	5.063
1.563	5.062
1.564	5.062
1.564	5.062
1.565	5.062
1.565	5.061
1.565	5.061
1.566	5.061
1.566	5.060
1.567	5.060
1.567	5.060
1.567	5.060
1.568	5.059
1.568	5.059
1.569	5.059
1.569	5.058
1.570	5.058
1.570	5.058
1.570	5.058
1.571	5.057
1.571	5.057
1.572	5.057
1.572	5.056
1.572	5.056
1.573	5.056
1.573	5.056
1.574	5.055
1.574	5.055
1.575	5.055
1.575	5.054
1.575	5.054
1.576	5.054
1.576	5.054
1.577	5.053
1.577	5.053
1.577	5.053
1.578	5.052
1.578	5.052
1.579	5.052
1.579	5.052
1.580	5.051
1.580	5.051
1.580	5.051
1.581	5.050
1.581	5.050
1.582	5.050
1.582	5.050
1.582	5.049
1.583	5.049
1.583	5.049
1.584	5.048
1.584	5.048
1.585	5.048
1.585	5.048
1.585	5.047
1.586	5.047
1.586	5.047
1.587	5.046
1.587	5.046
1.587	5.046
1.588	5.046
1.588	5.045
1.589	5.045
1.589	5.045
1.590	5.045
1.590	5.044
1.590	5.044
1.591	5.044
1.591	5.043
1.592	5.043
1.592	5.043
1.592	5.043
1.593	5.042
1.593	5.042
1.594	5.042
1.594	5.041
1.594	5.041
1.595	5.041
1.595	5.041
1.596	5.040
1.596	5.040
1.597	5.040
1.597	5.039
1.597	5.039
1.598	5.039
1.598	5.039
1.599	5.038
1.599	5.038
1.599	5.038
1.600	5.037
1.600	5.037
1.601	5.037
1.601	5.037
1.602	5.036
1.602	5.036
1.602	5.036
1.603	5.035
1.603	5.035
1.604	5.035
1.604	5.035
1.604	5.034
1.605	5.034
1.605	5.034
1.606	5.033
1.606	5.033
1.607	5.033
1.607	5.033
1.607	5.032
1.608	5.032
1.608	5.032
1.609	5.031
1.609	5.031
1.609	5.031
1.610	5.031
1.610	5.030
1.611	5.030
1.611	5.030
1.612	5.029
1.612	5.029
1.612	5.029
1.613	5.029
1.613	5.028
1.614	5.028
1.614	5.028
1.614	5.027
1.615	5.027
1.615	5.027
1.616	5.027
1.616	5.026
1.616	5.026
1.617	5.026
1.617	5.025
1.618	5.025
1.618	5.025
1.619	5.025
1.619	5.024
1.619	5.024
1.620	5.024
1.620	5.023
1.621	5.023
1.621	5.023
1.621	5.023
1.622	5.022
1.622	5.022
1.623	5.022
1.623	5.021
1.624	5.021
1.624	5.021
1.624	5.021
1.625	5.020
1.625	5.020
1.626	5.020
1.626	5.019
1.626	5.019
1.627	5.019
1.627	5.019
1.628	5.018
1.628	5.018
1.629	5.018
1.629	5.017
1.629	5.017
1.630	5.017
1.630	5.017
1.631	5.016
1.631	5.016
1.631	5.016
1.632	5.015
1.632	5.015
1.633	5.015
1.633	5.015
1.634	5.014
1.634	5.014
1.634	5.014
1.635	5.013
1.635	5.013
1.636	5.013
1.636	5.013
1.636	5.012
1.637	5.012
1.637	5.012
1.638	5.011
1.638	5.011
1.639	5.011
1.639	5.011
1.639	5.010
1.640	5.010
1.640	5.010
1.641	5.009
1.641	5.009
1.641	5.009
1.642	5.009
1.642	5.008
1.643	5.008
1.643	5.008
1.643	5.007
1.644	5.007
1.644	5.007
1.645	5.007
1.645	5.006
1.646	5.006
1.646	5.006
1.646	5.005
1.647	5.005
1.647	5.005
1.648	5.005
1.648	5.004
1.648	5.004
1.649	5.004
1.649	5.003
1.650	5.003
1.650	5.003
1.651	5.003
1.651	5.002
1.651	5.002
1.652	5.002
1.652	5.001
1.653	5.001
1.653	5.001
1.653	5.001
1.654	5.000
1.654	5.000
1.655	5.000
1.655	4.999
1.656	4.999
1.656	4.999
1.656	4.999
1.657	4.998
1.657	4.998
1.658	4.998
1.658	4.997
1.658	4.997
1.659	4.997
1.659	4.997
1.660	4.996
1.660	4.996
1.661	4.996
1.661	4.995
1.661	4.995
1.662	4.995
1.662	4.995
1.663	4.994
1.663	4.994
1.663	4.994
1.664	4.994
1.664	4.993
1.665	4.993
1.665	4.993
1.665	4.992
1.666	4.992
1.666	4.992
1.667	4.992
1.667	4.991
1.668	4.991
1.668	4.991
1.668	4.990
1.669	4.990
1.669	4.990
1.670	4.990
1.670	4.989
1.670	4.989
1.671	4.989
1.671	4.988
1.672	4.988
1.672	4.988
1.673	4.988
1.673	4.987
1.673	4.987
1.674	4.987
1.674	4.986
1.675	4.986
1.675	4.986
1.675	4.986
1.676	4.985
1.676	4.985
1.677	4.985
1.677	4.984
1.678	4.984
1.678	4.984
1.678	4.984
1.679	4.983
1.679	4.983
1.680	4.983
1.680	4.982
1.680	4.982
1.681	4.982
1.681	4.982
1.682	4.981
1.682	4.981
1.683	4.981
1.683	4.980
1.683	4.980
1.684	4.980
1.684	4.980
1.685	4.979
1.685	4.979
1.685	4.979
1.686	4.978
1.686	4.978
1.687	4.978
1.687	4.978
1.688	4.977
1.688	4.977
1.688	4.977
1.689	4.976
1.689	4.976
1.690	4.976
1.690	4.976
1.690	4.975
1.691	4.975
1.691	4.975
1.692	4.974
1.692	4.974
1.692	4.974
1.693	4.974
1.693	4.973
1.694	4.973
1.694	4.973
1.695	4.972
1.695	4.972
1.695	4.972
1.696	4.972
1.696	4.971
1.697	4.971
1.697	4.971
1.697	4.970
1.698	4.970
1.698	4.970
1.699	4.970
1.699	4.969
1.700	4.969
1.700	4.969
1.700	4.968
1.701	4.968
1.701	4.968
1.702	4.968
1.702	4.967
1.702	4.967
1.703	4.967
1.703	4.966
1.704	4.966
1.704	4.966
1.705	4.966
1.705	4.965
1.705	4.965
1.706	4.965
1.706	4.964
1.707	4.964
1.707	4.964
1.707	4.964
1.708	4.963
1.708	4.963
1.709	4.963
1.709	4.962
1.710	4.962
1.710	4.962
1.710	4.962
1.711	4.961
1.711	4.961
1.712	4.961
1.712	4.960
1.712	4.960
1.713	4.960
1.713	4.960
1.713	4.960
1.714	4.959
1.714	4.959
1.714	4.959
1.715	4.958
1.715	4.958
1.716	4.958
1.716	4.958
1.716	4.957
1.717	4.957
1.717	4.957
1.718	4.956
1.718	4.956
1.719	4.956
1.719	4.955
1.719	4.955
1.720	4.955
1.720	4.955
1.721	4.954
1.721	4.954
1.721	4.954
1.722	4.953
1.722	4.953
1.723	4.953
1.723	4.952
1.723	4.952
1.724	4.952
1.724	4.952
1.725	4.951
1.725	4.951
1.725	4.951
1.726	4.950
1.726	4.950
1.727	4.950
1.727	4.949
1.727	4.949
1.728	4.949
1.728	4.949
1.729	4.948
1.729	4.948
1.729	4.948
1.730	4.947
1.730	4.947
1.731	4.947
1.731	4.946
1.732	4.946
1.732	4.946
1.732	4.946
1.733	4.945
1.733	4.945
1.734	4.945
1.734	4.944
1.734	4.944
1.735	4.944
1.735	4.943
1.736	4.943
1.736	4.943
1.736	4.943
1.737	4.942
1.737	4.942
1.738	4.942
1.738	4.941
1.738	4.941
1.739	4.941
1.739	4.940
1.740	4.940
1.740	4.940
1.740	4.940
1.741	4.939
1.741	4.939
1.742	4.939
1.742	4.938
1.742	4.938
1.743	4.938
1.743	4.937
1.744	4.937
1.744	4.937
1.745	4.937
1.745	4.936
1.745	4.936
1.746	4.936
1.746	4.935
1.747	4.935
1.747	4.935
1.747	4.935
1.748	4.934
1.748	4.934
1.749	4.934
1.749	4.933
1.749	4.933
1.750	4.933
1.750	4.932
1.751	4.932
1.751	4.932
1.751	4.932
1.752	4.931
1.752	4.931
1.753	4.931
1.753	4.930
1.753	4.930
1.754	4.930
1.754	4.929
1.755	4.929
1.755	4.929
1.755	4.929
1.756	4.928
1.756	4.928
1.757	4.928
1.757	4.927
1.757	4.927
1.758	4.927
1.758	4.926
1.759	4.926
1.759	4.926
1.760	4.926
1.760	4.925
1.760	4.925
1.761	4.925
1.761	4.924
1.762	4.924
1.762	4.924
1.762	4.923
1.763	4.923
1.763	4.923
1.764	4.923
1.764	4.922
1.764	4.922
1.765	4.922
1.765	4.921
1.766	4.921
1.766	4.921
1.766	4.920
1.767	4.920
1.767	4.920
1.768	4.920
1.768	4.919
1.768	4.919
1.769	4.919
1.769	4.918
1.770	4.918
1.770	4.918
1.770	4.917
1.771	4.917
1.771	4.917
1.772	4.917
1.772	4.916
1.773	4.916
1.773	4.916
1.773	4.915
1.774	4.915
1.774	4.915
1.775	4.914
1.775	4.914
1.775	4.914
1.776	4.914
1.776	4.913
1.777	4.913
1.777	4.913
1.777	4.912
1.778	4.912
1.778	4.912
1.779	4.911
1.779	4.911
1.779	4.911
1.780	4.911
1.780	4.910
1.781	4.910
1.781	4.910
1.781	4.909
1.782	4.909
1.782	4.909
1.783	4.909
1.783	4.908
1.783	4.908
1.784	4.908
1.784	4.907
1.785	4.907
1.785	4.907
1.786	4.906
1.786	4.906
1.786	4.906
1.787	4.906
1.787	4.905
1.788	4.905
1.788	4.905
1.788	4.904
1.789	4.904
1.789	4.904
1.790	4.903
1.790	4.903
1.790	4.903
1.791	4.903
1.791	4.902
1.792	4.902
1.792	4.902
1.792	4.901
1.793	4.901
1.793	4.901
1.794	4.900
1.794	4.900
1.794	4.900
1.795	4.900
1.795	4.899
1.796	4.899
1.796	4.899
1.796	4.898
1.797	4.898
1.797	4.898
1.798	4.897
1.798	4.897
1.798	4.897
1.799	4.897
1.799	4.896
1.800	4.896
1.800	4.896
1.801	4.895
1.801	4.895
1.801	4.895
1.802	4.894
1.802	4.894
1.803	4.894
1.803	4.894
1.803	4.893
1.804	4.893
1.804	4.893
1.805	4.892
1.805	4.892
1.805	4.892
1.806	4.891
1.806	4.891
1.807	4.891
1.807	4.891
1.807	4.890
1.808	4.890
1.808	4.890
1.809	4.889
1.809	4.889
1.809	4.889
1.810	4.888
1.810	4.888
1.811	4.888
1.811	4.888
1.811	4.887
1.812	4.887
1.812	4.887
1.813	4.886
1.813	4.886
1.814	4.886
1.814	4.886
1.814	4.885
1.815	4.885
1.815	4.885
1.816	4.884
1.816	4.884
1.816	4.884
1.817	4.883
1.817	4.883
1.818	4.883
1.818	4.883
1.818	4.882
1.819	4.882
1.819	4.882
1.820	4.881
1.820	4.881
1.820	4.881
1.821	4.880
1.821	4.880
1.822	4.880
1.822	4.880
1.822	4.879
1.823	4.879
1.823	4.879
1.824	4.878
1.824	4.878
1.824	4.878
1.825	4.877
1.825	4.877
1.826	4.877
1.826	4.877
1.826	4.876
1.827	4.876
1.827	4.876
1.828	4.875
1.828	4.875
1.829	4.875
1.829	4.874
1.829	4.874
1.830	4.874
1.830	4.874
1.831	4.873
1.831	4.873
1.831	4.873
1.832	4.872
1.832	4.872
1.833	4.872
1.833	4.871
1.833	4.871
1.834	4.871
1.834	4.871
1.835	4.870
1.835	4.870
1.835	4.870
1.836	4.869
1.836	4.869
1.837	4.869
1.837	4.868
1.837	4.868
1.838	4.868
1.838	4.868
1.839	4.867
1.839	4.867
1.839	4.867
1.840	4.866
1.840	4.866
1.841	4.866
1.841	4.865
1.842	4.865
1.842	4.865
1.842	4.865
1.843	4.864
1.843	4.864
1.844	4.864
1.844	4.863
1.844	4.863
1.845	4.863
1.845	4.863
1.846	4.862
1.846	4.862
1.846	4.862
1.847	4.861
1.847	4.861
1.848	4.861
1.848	4.860
1.848	4.860
1.849	4.860
1.849	4.860
1.850	4.859
1.850	4.859
1.850	4.859
1.851	4.858
1.851	4.858
1.852	4.858
1.852	4.857
1.852	4.857
1.853	4.857
1.853	4.857
1.854	4.856
1.854	4.856
1.855	4.856
1.855	4.855
1.855	4.855
1.856	4.855
1.856	4.854
1.857	4.854
1.857	4.854
1.857	4.854
1.858	4.853
1.858	4.853
1.859	4.853
1.859	4.852
1.859	4.852
1.860	4.852
1.860	4.851
1.861	4.851
1.861	4.851
1.861	4.851
1.862	4.850
1.862	4.850
1.863	4.850
1.863	4.849
1.863	4.849
1.864	4.849
1.864	4.848
1.865	4.848
1.865	4.848
1.865	4.848
1.866	4.847
1.866	4.847
1.867	4.847
1.867	4.846
1.867	4.846
1.868	4.846
1.868	4.845
1.869	4.845
1.869	4.845
1.870	4.845
1.870	4.844
1.870	4.844
1.871	4.844
1.871	4.843
1.872	4.843
1.872	4.843
1.872	4.842
1.873	4.842
1.873	4.842
1.874	4.842
1.874	4.841
1.874	4.841
1.875	4.841
1.875	4.840
1.876	4.840
1.876	4.840
1.876	4.840
1.877	4.839
1.877	4.839
1.878	4.839
1.878	4.838
1.878	4.838
1.879	4.838
1.879	4.837
1.880	4.837
1.880	4.837
1.880	4.837
1.881	4.836
1.881	4.836
1.882	4.836
1.882	4.835
1.883	4.835
1.883	4.835
1.883	4.834
1.884	4.834
1.884	4.834
1.885	4.834
1.885	4.833
1.885	4.833
1.886	4.833
1.886	4.832
1.887	4.832
1.887	4.832
1.887	4.831
1.888	4.831
1.888	4.831
1.889	4.831
1.889	4.830
1.889	4.830
1.890	4.830
1.890	4.829
1.891	4.829
1.891	4.829
1.891	4.828
1.892	4.828
1.892	4.828
1.893	4.828
1.893	4.827
1.893	4.827
1.894	4.827
1.894	4.826
1.895	4.826
1.895	4.826
1.895	4.825
1.896	4.825
1.896	4.825
1.897	4.825
1.897	4.824
1.898	4.824
1.898	4.824
1.898	4.823
1.899	4.823
1.899	4.823
1.900	4.822
1.900	4.822
1.900	4.822
1.901	4.822
1.901	4.821
1.902	4.821
1.902	4.821
1.902	4.820
1.903	4.820
1.903	4.820
1.904	4.819
1.904	4.819
1.904	4.819
1.905	4.819
1.905	4.818
1.906	4.818
1.906	4.818
1.906	4.817
1.907	4.817
1.907	4.817
1.908	4.817
1.908	4.816
1.908	4.816
1.909	4.816
1.909	4.815
1.910	4.815
1.910	4.815
1.911	4.814
1.911	4.814
1.911	4.814
1.912	4.814
1.912	4.813
1.913	4.813
1.913	4.813
1.913	4.812
1.914	4.812
1.914	4.812
1.915	4.811
1.915	4.811
1.915	4.811
1.916	4.811
1.916	4.810
1.917	4.810
1.917	4.810
1.917	4.809
1.918	4.809
1.918	4.809
1.919	4.808
1.919	4.808
1.919	4.808
1.920	4.808
1.920	4.807
1.921	4.807
1.921	4.807
1.921	4.806
1.922	4.806
1.922	4.806
1.923	4.805
1.923	4.805
1.924	4.805
1.924	4.805
1.924	4.804
1.925	4.804
1.925	4.804
1.926	4.803
1.926	4.803
1.926	4.803
1.927	4.802
1.927	4.802
1.928	4.802
1.928	4.802
1.928	4.801
1.929	4.801
1.929	4.801
1.930	4.800
1.930	4.800
1.930	4.800
1.931	4.799
1.931	4.799
1.932	4.799
1.932	4.799
1.932	4.798
1.933	4.798
1.933	4.798
1.934	4.797
1.934	4.797
1.934	4.797
1.935	4.796
1.935	4.796
1.936	4.796
1.936	4.796
1.936	4.795
1.937	4.795
1.937	4.795
1.938	4.794
1.938	4.794
1.939	4.794
1.939	4.794
1.939	4.793
1.940	4.793
1.940	4.793
1.941	4.792
1.941	4.792
1.941	4.792
1.942	4.791
1.942	4.791
1.943	4.791
1.943	4.791
1.943	4.790
1.944	4.790
1.944	4.790
1.945	4.789
1.945	4.789
1.945	4.789
1.946	4.788
1.946	4.788
1.947	4.788
1.947	4.788
1.947	4.787
1.948	4.787
1.948	4.787
1.949	4.786
1.949	4.786
1.949	4.786
1.950	4.785
1.950	4.785
1.951	4.785
1.951	4.785
1.952	4.784
1.952	4.784
1.952	4.784
1.953	4.783
1.953	4.783
1.954	4.783
1.954	4.782
1.954	4.782
1.955	4.782
1.955	4.782
1.956	4.781
1.956	4.781
1.956	4.781
1.957	4.780
1.957	4.780
1.958	4.780
1.958	4.779
1.958	4.779
1.959	4.779
1.959	4.779
1.960	4.778
1.960	4.778
1.960	4.778
1.961	4.777
1.961	4.777
1.962	4.777
1.962	4.776
1.962	4.776
1.963	4.776
1.963	4.776
1.964	4.775
1.964	4.775
1.965	4.775
1.965	4.774
1.965	4.774
1.966	4.774
1.966	4.773
1.967	4.773
1.967	4.773
1.967	4.773
1.968	4.772
1.968	4.772
1.969	4.772
1.969	4.771
1.969	4.771
1.970	4.771
1.970	4.771
1.971	4.770
1.971	4.770
1.971	4.770
1.972	4.769
1.972	4.769
1.973	4.769
1.973	4.768
1.973	4.768
1.974	4.768
1.974	4.768
1.975	4.767
1.975	4.767
1.975	4.767
1.976	4.766
1.976	4.766
1.977	4.766
1.977	4.765
1.977	4.765
1.978	4.765
1.978	4.765
1.979	4.764
1.979	4.764
1.980	4.764
1.980	4.763
1.980	4.763
1.981	4.763
1.981	4.762
1.982	4.762
1.982	4.762
1.982	4.762
1.983	4.761
1.983	4.761
1.984	4.761
1.984	4.760
1.984	4.760
1.985	4.760
1.985	4.759
1.986	4.759
1.986	4.759
1.986	4.759
1.987	4.758
1.987	4.758
1.988	4.758
1.988	4.757
1.988	4.757
1.989	4.757
1.989	4.756
1.990	4.756
1.990	4.756
1.990	4.756
1.991	4.755
1.991	4.755
1.992	4.755
1.992	4.754
1.993	4.754
1.993	4.754
1.993	4.753
1.994	4.753
1.994	4.753
1.995	4.753
1.995	4.752
1.995	4.752
1.996	4.752
1.996	4.751
1.997	4.751
1.997	4.751
1.997	4.750
1.998	4.750
1.998	4.750
1.999	4.750
1.999	4.749
1.999	4.749
2.000	4.749
2.000	4.748
2.001	4.748
2.001	4.748
2.001	4.748
2.002	4.747
2.002	4.747
2.003	4.747
2.003	4.746
2.003	4.746
2.004	4.746
2.004	4.745
2.005	4.745
2.005	4.745
2.005	4.745
2.006	4.744
2.006	4.744
2.007	4.744
2.007	4.743
2.008	4.743
2.008	4.743
2.008	4.742
2.009	4.742
2.009	4.742
2.010	4.742
2.010	4.741
2.010	4.741
2.011	4.741
2.011	4.740
2.012	4.740
2.012	4.740
2.012	4.739
2.013	4.739
2.013	4.739
2.014	4.739
2.014	4.738
2.014	4.738
2.015	4.738
2.015	4.737
2.016	4.737
2.016	4.737
2.016	4.736
2.017	4.736
2.017	4.736
2.018	4.736
2.018	4.735
2.018	4.735
2.019	4.735
2.019	4.734
2.020	4.734
2.020	4.734
2.020	4.734
2.021	4.733
2.021	4.733
2.021	4.733
2.022	4.733
2.022	4.732
2.023	4.732
2.023	4.732
2.023	4.731
2.024	4.731
2.024	4.731
2.025	4.730
2.025	4.730
2.025	4.730
2.026	4.730
2.026	4.729
2.027	4.729
2.027	4.729
2.027	4.728
2.028	4.728
2.028	4.728
2.029	4.727
2.029	4.727
2.029	4.727
2.030	4.727
2.030	4.726
2.031	4.726
2.031	4.726
2.031	4.725
2.032	4.725
2.032	4.725
2.033	4.724
2.033	4.724
2.033	4.724
2.034	4.724
2.034	4.723
2.035	4.723
2.035	4.723
2.035	4.722
2.036	4.722
2.036	4.722
2.037	4.721
2.037	4.721
2.038	4.721
2.038	4.721
2.038	4.720
2.039	4.720
2.039	4.720
2.040	4.719
2.040	4.719
2.040	4.719
2.041	4.718
2.041	4.718
2.042	4.718
2.042	4.718
2.042	4.717
2.043	4.717
2.043	4.717
2.044	4.716
2.044	4.716
2.044	4.716
2.045	4.715
2.045	4.715
2.046	4.715
2.046	4.715
2.046	4.714
2.047	4.714
2.047	4.714
2.048	4.713
2.048	4.713
2.048	4.713
2.049	4.712
2.049	4.712
2.050	4.712
2.050	4.712
2.050	4.711
2.051	4.711
2.051	4.711
2.052	4.710
2.052	4.710
2.052	4.710
2.053	4.709
2.053	4.709
2.054	4.709
2.054	4.709
2.054	4.708
2.055	4.708
2.055	4.708
2.056	4.707
2.056	4.707
2.057	4.707
2.057	4.706
2.057	4.706
2.058	4.706
2.058	4.706
2.059	4.705
2.059	4.705
2.059	4.705
2.060	4.704
2.060	4.704
2.061	4.704
2.061	4.703
2.061	4.703
2.062	4.703
2.062	4.703
2.063	4.702
2.063	4.702
2.063	4.702
2.064	4.701
2.064	4.701
2.065	4.701
2.065	4.700
2.065	4.700
2.066	4.700
2.066	4.700
2.067	4.699
2.067	4.699
2.067	4.699
2.068	4.698
2.068	4.698
2.069	4.698
2.069	4.697
2.069	4.697
2.070	4.697
2.070	4.697
2.071	4.696
2.071	4.696
2.071	4.696
2.072	4.695
2.072	4.695
2.073	4.695
2.073	4.694
2.073	4.694
2.074	4.694
2.074	4.694
2.075	4.693
2.075	4.693
2.076	4.693
2.076	4.692
2.076	4.692
2.077	4.692
2.077	4.691
2.078	4.691
2.078	4.691
2.078	4.691
2.079	4.690
2.079	4.690
2.080	4.690
2.080	4.689
2.080	4.689
2.081	4.689
2.081	4.688
2.082	4.688
2.082	4.688
2.082	4.688
2.083	4.687
2.083	4.687
2.084	4.687
2.084	4.686
2.084	4.686
2.085	4.686
2.085	4.685
2.086	4.685
2.086	4.685
2.086	4.685
2.087	4.684
2.087	4.684
2.088	4.684
2.088	4.683
2.088	4.683
2.089	4.683
2.089	4.682
2.090	4.682
2.090	4.682
2.090	4.682
2.091	4.681
2.091	4.681
2.092	4.681
2.092	4.680
2.093	4.680
2.093	4.680
2.093	4.679
2.094	4.679
2.094	4.679
2.095	4.679
2.095	4.678
2.095	4.678
2.096	4.678
2.096	4.677
2.097	4.677
2.097	4.677
2.097	4.676
2.098	4.676
2.098	4.676
2.099	4.676
2.099	4.675
2.099	4.675
2.100	4.675
2.100	4.674
2.101	4.674
2.101	4.674
2.101	4.673
2.102	4.673
2.102	4.673
2.103	4.673
2.103	4.672
2.103	4.672
2.104	4.672
2.104	4.671
2.105	4.671
2.105	4.671
2.105	4.670
2.106	4.670
2.106	4.670
2.107	4.670
2.107	4.669
2.107	4.669
2.108	4.669
2.108	4.668
2.109	4.668
2.109	4.668
2.109	4.667
2.110	4.667
2.110	4.667
2.111	4.667
2.111	4.666
2.112	4.666
2.112	4.666
2.112	4.665
2.113	4.665
2.113	4.665
2.114	4.664
2.114	4.664
2.114	4.664
2.115	4.664
2.115	4.663
2.116	4.663
2.116	4.663
2.116	4.662
2.117	4.662
2.117	4.662
2.118	4.661
2.118	4.661
2.118	4.661
2.119	4.661
2.119	4.660
2.120	4.660
2.120	4.660
2.120	4.659
2.121	4.659
2.121	4.659
2.122	4.658
2.122	4.658
2.122	4.658
2.123	4.658
2.123	4.657
2.124	4.657
2.124	4.657
2.124	4.656
2.125	4.656
2.125	4.656
2.126	4.655
2.126	4.655
2.126	4.655
2.127	4.654
2.127	4.654
2.128	4.654
2.128	4.654
2.129	4.653
2.129	4.653
2.129	4.653
2.130	4.652
2.130	4.652
2.131	4.652
2.131	4.651
2.131	4.651
2.132	4.651
2.132	4.651
2.133	4.650
2.133	4.650
2.133	4.650
2.134	4.649
2.134	4.649
2.135	4.649
2.135	4.648
2.135	4.648
2.136	4.648
2.136	4.648
2.137	4.647
2.137	4.647
2.137	4.647
2.138	4.646
2.138	4.646
2.139	4.646
2.139	4.645
2.139	4.645
2.140	4.645
2.140	4.645
2.141	4.644
2.141	4.644
2.141	4.644
2.142	4.643
2.142	4.643
2.143	4.643
2.143	4.642
2.143	4.642
2.144	4.642
2.144	4.642
2.145	4.641
2.145	4.641
2.145	4.641
2.146	4.640
2.146	4.640
2.147	4.640
2.147	4.639
2.148	4.639
2.148	4.639
2.148	4.639
2.149	4.638
2.149	4.638
2.150	4.638
2.150	4.637
2.150	4.637
2.151	4.637
2.151	4.636
2.152	4.636
2.152	4.636
2.152	4.636
2.153	4.635
2.153	4.635
2.154	4.635
2.154	4.634
2.154	4.634
2.155	4.634
2.155	4.633
2.156	4.633
2.156	4.633
2.156	4.633
2.157	4.632
2.157	4.632
2.158	4.632
2.158	4.631
2.158	4.631
2.159	4.631
2.159	4.630
2.160	4.630
2.160	4.630
2.160	4.630
2.161	4.629
2.161	4.629
2.162	4.629
2.162	4.628
2.162	4.628
2.163	4.628
2.163	4.627
2.164	4.627
2.164	4.627
2.165	4.627
2.165	4.626
2.165	4.626
2.166	4.626
2.166	4.625
2.167	4.625
2.167	4.625
2.167	4.624
2.168	4.624
2.168	4.624
2.169	4.624
2.169	4.623
2.169	4.623
2.170	4.623
2.170	4.622
2.171	4.622
2.171	4.622
2.171	4.621
2.172	4.621
2.172	4.621
2.173	4.621
2.173	4.620
2.173	4.620
2.174	4.620
2.174	4.619
2.175	4.619
2.175	4.619
2.175	4.618
2.176	4.618
2.176	4.618
2.177	4.618
2.177	4.617
2.177	4.617
2.178	4.617
2.178	4.616
2.179	4.616
2.179	4.616
2.179	4.615
2.180	4.615
2.180	4.615
2.181	4.615
2.181	4.614
2.181	4.614
2.182	4.614
2.182	4.613
2.183	4.613
2.183	4.613
2.184	4.612
2.184	4.612
2.184	4.612
2.185	4.612
2.185	4.611
2.186	4.611
2.186	4.611
2.186	4.610
2.187	4.610
2.187	4.610
2.188	4.609
2.188	4.609
2.188	4.609
2.189	4.609
2.189	4.608
2.190	4.608
2.190	4.608
2.190	4.607
2.191	4.607
2.191	4.607
2.192	4.606
2.192	4.606
2.192	4.606
2.193	4.606
2.193	4.605
2.194	4.605
2.194	4.605
2.194	4.604
2.195	4.604
2.195	4.604
2.196	4.603
2.196	4.603
2.196	4.603
2.197	4.603
2.197	4.602
2.198	4.602
2.198	4.602
2.198	4.601
2.199	4.601
2.199	4.601
2.200	4.600
2.200	4.600
2.201	4.600
2.201	4.600
2.201	4.599
2.202	4.599
2.202	4.599
2.203	4.598
2.203	4.598
2.203	4.598
2.204	4.597
2.204	4.597
2.205	4.597
2.205	4.597
2.205	4.596
2.206	4.596
2.206	4.596
2.207	4.595
2.207	4.595
2.207	4.595
2.208	4.594
2.208	4.594
2.209	4.594
2.209	4.594
2.209	4.593
2.210	4.593
2.210	4.593
2.211	4.592
2.211	4.592
2.211	4.592
2.212	4.591
2.212	4.591
2.213	4.591
2.213	4.591
2.213	4.590
2.214	4.590
2.214	4.590
2.215	4.589
2.215	4.589
2.215	4.589
2.216	4.588
2.216	4.588
2.217	4.588
2.217	4.588
2.217	4.587
2.218	4.587
2.218	4.587
2.219	4.586
2.219	4.586
2.220	4.586
2.220	4.585
2.220	4.585
2.221	4.585
2.221	4.585
2.222	4.584
2.222	4.584
2.222	4.584
2.223	4.583
2.223	4.583
2.224	4.583
2.224	4.582
2.224	4.582
2.225	4.582
2.225	4.582
2.226	4.581
2.226	4.581
2.226	4.581
2.227	4.580
2.227	4.580
2.228	4.580
2.228	4.579
2.228	4.579
2.229	4.579
2.229	4.579
2.230	4.578
2.230	4.578
2.230	4.578
2.231	4.577
2.231	4.577
2.232	4.577
2.232	4.576
2.232	4.576
2.233	4.576
2.233	4.576
2.234	4.575
2.234	4.575
2.234	4.575
2.235	4.574
2.235	4.574
2.236	4.574
2.236	4.573
2.237	4.573
2.237	4.573
2.237	4.573
2.238	4.572
2.238	4.572
2.239	4.572
2.239	4.571
2.239	4.571
2.240	4.571
2.240	4.570
2.241	4.570
2.241	4.570
2.241	4.570
2.242	4.569
2.242	4.569
2.243	4.569
2.243	4.568
2.243	4.568
2.244	4.568
2.244	4.567
2.245	4.567
2.245	4.567
2.245	4.567
2.246	4.566
2.246	4.566
2.247	4.566
2.247	4.565
2.247	4.565
2.248	4.565
2.248	4.564
2.249	4.564
2.249	4.564
2.249	4.564
2.250	4.563
2.250	4.563
2.251	4.563
2.251	4.562
2.251	4.562
2.252	4.562
2.252	4.562
2.252	4.561
2.253	4.561
2.253	4.561
2.254	4.561
2.254	4.560
2.254	4.560
2.255	4.560
2.255	4.559
2.256	4.559
2.256	4.559
2.256	4.559
2.257	4.558
2.257	4.558
2.258	4.558
2.258	4.557
2.258	4.557
2.259	4.557
2.259	4.556
2.260	4.556
2.260	4.556
2.260	4.556
2.261	4.555
2.261	4.555
2.262	4.555
2.262	4.554
2.263	4.554
2.263	4.554
2.263	4.554
2.264	4.553
2.264	4.553
2.265	4.553
2.265	4.552
2.265	4.552
2.266	4.552
2.266	4.551
2.267	4.551
2.267	4.551
2.267	4.551
2.268	4.550
2.268	4.550
2.269	4.550
2.269	4.549
2.269	4.549
2.270	4.549
2.270	4.549
2.271	4.548
2.271	4.548
2.272	4.548
2.272	4.547
2.272	4.547
2.273	4.547
2.273	4.546
2.274	4.546
2.274	4.546
2.274	4.546
2.275	4.545
2.275	4.545
2.276	4.545
2.276	4.544
2.276	4.544
2.277	4.544
2.277	4.544
2.278	4.543
2.278	4.543
2.279	4.543
2.279	4.542
2.279	4.542
2.280	4.542
2.280	4.541
2.281	4.541
2.281	4.541
2.281	4.541
2.282	4.540
2.282	4.540
2.283	4.540
2.283	4.539
2.283	4.539
2.284	4.539
2.284	4.539
2.285	4.538
2.285	4.538
2.285	4.538
2.286	4.537
2.286	4.537
2.287	4.537
2.287	4.537
2.288	4.536
2.288	4.536
2.288	4.536
2.289	4.535
2.289	4.535
2.290	4.535
2.290	4.534
2.290	4.534
2.291	4.534
2.291	4.534
2.292	4.533
2.292	4.533
2.292	4.533
2.293	4.532
2.293	4.532
2.294	4.532
2.294	4.532
2.294	4.531
2.295	4.531
2.295	4.531
2.296	4.530
2.296	4.530
2.297	4.530
2.297	4.529
2.297	4.529
2.298	4.529
2.298	4.529
2.299	4.528
2.299	4.528
2.299	4.528
2.300	4.527
2.300	4.527
2.301	4.527
2.301	4.527
2.301	4.526
2.302	4.526
2.302	4.526
2.303	4.525
2.303	4.525
2.304	4.525
2.304	4.524
2.304	4.524
2.305	4.524
2.305	4.524
2.306	4.523
2.306	4.523
2.306	4.523
2.307	4.522
2.307	4.522
2.308	4.522
2.308	4.522
2.308	4.521
2.309	4.521
2.309	4.521
2.310	4.520
2.310	4.520
2.310	4.520
2.311	4.519
2.311	4.519
2.312	4.519
2.312	4.519
2.313	4.518
2.313	4.518
2.313	4.518
2.314	4.517
2.314	4.517
2.315	4.517
2.315	4.517
2.315	4.516
2.316	4.516
2.316	4.516
2.317	4.515
2.317	4.515
2.317	4.515
2.318	4.515
2.318	4.514
2.319	4.514
2.319	4.514
2.319	4.513
2.320	4.513
2.320	4.513
2.321	4.512
2.321	4.512
2.322	4.512
2.322	4.512
2.322	4.511
2.323	4.511
2.323	4.511
2.324	4.510
2.324	4.510
2.324	4.510
2.325	4.510
2.325	4.509
2.326	4.509
2.326	4.509
2.326	4.508
2.327	4.508
2.327	4.508
2.328	4.507
2.328	4.507
2.329	4.507
2.329	4.507
2.329	4.506
2.330	4.506
2.330	4.506
2.331	4.505
2.331	4.505
2.331	4.505
2.332	4.505
2.332	4.504
2.333	4.504
2.333	4.504
2.333	4.503
2.334	4.503
2.334	4.503
2.335	4.502
2.335	4.502
2.335	4.502
2.336	4.502
2.336	4.501
2.337	4.501
2.337	4.501
2.338	4.500
2.338	4.500
2.338	4.500
2.339	4.500
2.339	4.499
2.340	4.499
2.340	4.499
2.340	4.498
2.341	4.498
2.341	4.498
2.342	4.498
2.342	4.497
2.342	4.497
2.343	4.497
2.343	4.496
2.344	4.496
2.344	4.496
2.344	4.495
2.345	4.495
2.345	4.495
2.346	4.495
2.346	4.494
2.347	4.494
2.347	4.494
2.347	4.493
2.348	4.493
2.348	4.493
2.349	4.493
2.349	4.492
2.349	4.492
2.350	4.492
2.350	4.491
2.351	4.491
2.351	4.491
2.351	4.490
2.352	4.490
2.352	4.490
2.353	4.490
2.353	4.489
2.353	4.489
2.354	4.489
2.354	4.488
2.355	4.488
2.355	4.488
2.356	4.488
2.356	4.487
2.356	4.487
2.357	4.487
2.357	4.486
2.358	4.486
2.358	4.486
2.358	4.485
2.359	4.485
2.359	4.485
2.360	4.485
2.360	4.484
2.360	4.484
2.361	4.484
2.361	4.483
2.362	4.483
2.362	4.483
2.363	4.483
2.363	4.482
2.363	4.482
2.364	4.482
2.364	4.481
2.365	4.481
2.365	4.481
2.365	4.480
2.366	4.480
2.366	4.480
2.367	4.480
2.367	4.479
2.367	4.479
2.368	4.479
2.368	4.478
2.369	4.478
2.369	4.478
2.369	4.478
2.370	4.477
2.370	4.477
2.371	4.477
2.371	4.476
2.372	4.476
2.372	4.476
2.372	4.476
2.373	4.475
2.373	4.475
2.374	4.475
2.374	4.474
2.374	4.474
2.375	4.474
2.375	4.473
2.376	4.473
2.376	4.473
2.376	4.473
2.377	4.472
2.377	4.472
2.378	4.472
2.378	4.471
2.378	4.471
2.379	4.471
2.379	4.471
2.380	4.470
2.380	4.470
2.381	4.470
2.381	4.469
2.381	4.469
2.382	4.469
2.382	4.468
2.383	4.468
2.383	4.468
2.383	4.468
2.384	4.467
2.384	4.467
2.385	4.467
2.385	4.466
2.385	4.466
2.386	4.466
2.386	4.466
2.387	4.465
2.387	4.465
2.388	4.465
2.388	4.464
2.388	4.464
2.389	4.464
2.389	4.463
2.390	4.463
2.390	4.463
2.390	4.463
2.391	4.462
2.391	4.462
2.392	4.462
2.392	4.461
2.392	4.461
2.393	4.461
2.393	4.461
2.394	4.460
2.394	4.460
2.394	4.460
2.395	4.459
2.395	4.459
2.396	4.459
2.396	4.459
2.397	4.458
2.397	4.458
2.397	4.458
2.398	4.457
2.398	4.457
2.399	4.457
2.399	4.456
2.399	4.456
2.400	4.456
2.400	4.456
2.401	4.455
2.401	4.455
2.401	4.455
2.402	4.454
2.402	4.454
2.403	4.454
2.403	4.454
2.403	4.453
2.404	4.453
2.404	4.453
2.405	4.452
2.405	4.452
2.406	4.452
2.406	4.451
2.406	4.451
2.407	4.451
2.407	4.451
2.408	4.450
2.408	4.450
2.408	4.450
2.409	4.449
2.409	4.449
2.410	4.449
2.410	4.449
2.410	4.448
2.411	4.448
2.411	4.448
2.412	4.447
2.412	4.447
2.413	4.447
2.413	4.446
2.413	4.446
2.414	4.446
2.414	4.446
2.415	4.445
2.415	4.445
2.415	4.445
2.416	4.444
2.416	4.444
2.417	4.444
2.417	4.444
2.417	4.443
2.418	4.443
2.418	4.443
2.419	4.442
2.419	4.442
2.419	4.442
2.420	4.441
2.420	4.441
2.421	4.441
2.421	4.441
2.422	4.440
2.422	4.440
2.422	4.440
2.423	4.439
2.423	4.439
2.424	4.439
2.424	4.439
2.424	4.438
2.425	4.438
2.425	4.438
2.426	4.437
2.426	4.437
2.426	4.437
2.426	4.437
2.427	4.437
2.427	4.436
2.428	4.436
2.428	4.436
2.429	4.435
2.429	4.435
2.429	4.435
2.430	4.435
2.430	4.434
2.431	4.434
2.431	4.434
2.431	4.433
2.432	4.433
2.432	4.433
2.433	4.433
2.433	4.432
2.434	4.432
2.434	4.432
2.434	4.431
2.435	4.431
2.435	4.431
2.436	4.431
2.436	4.430
2.436	4.430
2.437	4.430
2.437	4.429
2.438	4.429
2.438	4.429
2.439	4.429
2.439	4.428
2.439	4.428
2.440	4.428
2.440	4.428
2.441	4.427
2.441	4.427
2.442	4.427
2.442	4.426
2.442	4.426
2.443	4.426
2.443	4.426
2.444	4.425
2.444	4.425
2.444	4.425
2.445	4.424
2.445	4.424
2.446	4.424
2.446	4.424
2.447	4.423
2.447	4.423
2.447	4.423
2.448	4.422
2.448	4.422
2.449	4.422
2.449	4.422
2.449	4.421
2.450	4.421
2.450	4.421
2.451	4.420
2.451	4.420
2.452	4.420
2.452	4.420
2.452	4.419
2.453	4.419
2.453	4.419
2.454	4.419
2.454	4.418
2.454	4.418
2.455	4.418
2.455	4.417
2.456	4.417
2.456	4.417
2.457	4.417
2.457	4.416
2.457	4.416
2.458	4.416
2.458	4.415
2.459	4.415
2.459	4.415
2.459	4.415
2.460	4.414
2.460	4.414
2.461	4.414
2.461	4.413
2.462	4.413
2.462	4.413
2.462	4.413
2.463	4.412
2.463	4.412
2.464	4.412
2.464	4.411
2.465	4.411
2.465	4.411
2.465	4.411
2.466	4.410
2.466	4.410
2.467	4.410
2.467	4.409
2.467	4.409
2.468	4.409
2.468	4.409
2.469	4.408
2.469	4.408
2.470	4.408
2.470	4.408
2.470	4.407
2.471	4.407
2.471	4.407
2.472	4.406
2.472	4.406
2.472	4.406
2.473	4.406
2.473	4.405
2.474	4.405
2.474	4.405
2.475	4.404
2.475	4.404
2.475	4.404
2.476	4.404
2.476	4.403
2.477	4.403
2.477	4.403
2.477	4.402
2.478	4.402
2.478	4.402
2.479	4.402
2.479	4.401
2.480	4.401
2.480	4.401
2.480	4.400
2.481	4.400
2.481	4.400
2.482	4.400
2.482	4.399
2.482	4.399
2.483	4.399
2.483	4.399
2.484	4.398
2.484	4.398
2.485	4.398
2.485	4.397
2.485	4.397
2.486	4.397
2.486	4.397
2.487	4.396
2.487	4.396
2.488	4.396
2.488	4.395
2.488	4.395
2.489	4.395
2.489	4.395
2.490	4.394
2.490	4.394
2.490	4.394
2.491	4.393
2.491	4.393
2.492	4.393
2.492	4.393
2.493	4.392
2.493	4.392
2.493	4.392
2.494	4.391
2.494	4.391
2.495	4.391
2.495	4.391
2.495	4.390
2.496	4.390
2.496	4.390
2.497	4.390
2.497	4.389
2.498	4.389
2.498	4.389
2.498	4.388
2.499	4.388
2.499	4.388
2.500	4.388
2.500	4.387
2.500	4.387
2.501	4.387
2.501	4.386
2.502	4.386
2.502	4.386
2.503	4.386
2.503	4.385
2.503	4.385
2.504	4.385
2.504	4.384
2.505	4.384
2.505	4.384
2.505	4.384
2.506	4.383
2.506	4.383
2.507	4.383
2.507	4.382
2.508	4.382
2.508	4.382
2.508	4.382
2.509	4.381
2.509	4.381
2.510	4.381
2.510	4.380
2.511	4.380
2.511	4.380
2.511	4.380
2.512	4.379
2.512	4.379
2.513	4.379
2.513	4.379
2.513	4.378
2.514	4.378
2.514	4.378
2.515	4.377
2.515	4.377
2.516	4.377
2.516	4.377
2.516	4.376
2.517	4.376
2.517	4.376
2.518	4.375
2.518	4.375
2.518	4.375
2.519	4.375
2.519	4.374
2.520	4.374
2.520	4.374
2.521	4.373
2.521	4.373
2.521	4.373
2.522	4.373
2.522	4.372
2.523	4.372
2.523	4.372
2.523	4.371
2.524	4.371
2.524	4.371
2.525	4.371
2.525	4.370
2.526	4.370
2.526	4.370
2.526	4.370
2.527	4.369
2.527	4.369
2.528	4.369
2.528	4.368
2.529	4.368
2.529	4.368
2.529	4.368
2.530	4.367
2.530	4.367
2.531	4.367
2.531	4.366
2.531	4.366
2.532	4.366
2.532	4.366
2.533	4.365
2.533	4.365
2.534	4.365
2.534	4.364
2.534	4.364
2.535	4.364
2.535	4.364
2.536	4.363
2.536	4.363
2.536	4.363
2.537	4.362
2.537	4.362
2.538	4.362
2.538	4.362
2.539	4.361
2.539	4.361
2.539	4.361
2.540	4.361
2.540	4.360
2.541	4.360
2.541	4.360
2.541	4.359
2.542	4.359
2.542	4.359
2.543	4.359
2.543	4.358
2.544	4.358
2.544	4.358
2.544	4.357
2.545	4.357
2.545	4.357
2.546	4.357
2.546	4.356
2.546	4.356
2.547	4.356
2.547	4.355
2.548	4.355
2.548	4.355
2.549	4.355
2.549	4.354
2.549	4.354
2.550	4.354
2.550	4.353
2.551	4.353
2.551	4.353
2.552	4.353
2.552	4.352
2.552	4.352
2.553	4.352
2.553	4.351
2.554	4.351
2.554	4.351
2.554	4.351
2.555	4.350
2.555	4.350
2.556	4.350
2.556	4.350
2.557	4.349
2.557	4.349
2.557	4.349
2.558	4.348
2.558	4.348
2.559	4.348
2.559	4.348
2.559	4.347
2.560	4.347
2.560	4.347
2.561	4.346
2.561	4.346
2.562	4.346
2.562	4.346
2.562	4.345
2.563	4.345
2.563	4.345
2.564	4.344
2.564	4.344
2.564	4.344
2.565	4.344
2.565	4.343
2.566	4.343
2.566	4.343
2.566	4.343
2.567	4.343
2.567	4.342
2.567	4.342
2.568	4.342
2.568	4.341
2.569	4.341
2.569	4.341
2.570	4.341
2.570	4.340
2.570	4.340
2.571	4.340
2.571	4.340
2.572	4.339
2.572	4.339
2.573	4.339
2.573	4.339
2.573	4.338
2.574	4.338
2.574	4.338
2.575	4.338
2.575	4.337
2.576	4.337
2.576	4.337
2.576	4.336
2.577	4.336
2.577	4.336
2.578	4.336
2.578	4.335
2.579	4.335
2.579	4.335
2.580	4.335
2.580	4.334
2.580	4.334
2.581	4.334
2.581	4.334
2.582	4.333
2.582	4.333
2.583	4.333
2.583	4.332
2.583	4.332
2.584	4.332
2.584	4.332
2.585	4.331
2.585	4.331
2.586	4.331
2.586	4.331
2.586	4.330
2.587	4.330
2.587	4.330
2.588	4.330
2.588	4.329
2.589	4.329
2.589	4.329
2.589	4.329
2.590	4.328
2.590	4.328
2.591	4.328
2.591	4.327
2.592	4.327
2.592	4.327
2.592	4.327
2.593	4.326
2.593	4.326
2.594	4.326
2.594	4.326
2.595	4.325
2.595	4.325
2.595	4.325
2.596	4.325
2.596	4.324
2.597	4.324
2.597	4.324
2.598	4.324
2.598	4.323
2.598	4.323
2.599	4.323
2.599	4.322
2.600	4.322
2.600	4.322
2.601	4.322
2.601	4.321
2.601	4.321
2.602	4.321
2.602	4.321
2.603	4.320
2.603	4.320
2.604	4.320
2.604	4.320
2.604	4.319
2.605	4.319
2.605	4.319
2.606	4.319
2.606	4.318
2.607	4.318
2.607	4.318
2.607	4.317
2.608	4.317
2.608	4.317
2.609	4.317
2.609	4.316
2.610	4.316
2.610	4.316
2.611	4.316
2.611	4.315
2.611	4.315
2.612	4.315
2.612	4.315
2.613	4.314
2.613	4.314
2.614	4.314
2.614	4.314
2.614	4.313
2.615	4.313
2.615	4.313
2.616	4.312
2.616	4.312
2.617	4.312
2.617	4.312
2.617	4.311
2.618	4.311
2.618	4.311
2.619	4.311
2.619	4.310
2.620	4.310
2.620	4.310
2.620	4.310
2.621	4.309
2.621	4.309
2.622	4.309
2.622	4.309
2.623	4.308
2.623	4.308
2.623	4.308
2.624	4.307
2.624	4.307
2.625	4.307
2.625	4.307
2.626	4.306
2.626	4.306
2.626	4.306
2.627	4.306
2.627	4.305
2.628	4.305
2.628	4.305
2.629	4.305
2.629	4.304
2.629	4.304
2.630	4.304
2.630	4.304
2.631	4.303
2.631	4.303
2.632	4.303
2.632	4.302
2.632	4.302
2.633	4.302
2.633	4.302
2.634	4.301
2.634	4.301
2.635	4.301
2.635	4.301
2.635	4.300
2.636	4.300
2.636	4.300
2.637	4.300
2.637	4.299
2.638	4.299
2.638	4.299
2.639	4.299
2.639	4.298
2.639	4.298
2.640	4.298
2.640	4.297
2.641	4.297
2.641	4.297
2.642	4.297
2.642	4.296
2.642	4.296
2.643	4.296
2.643	4.296
2.644	4.295
2.644	4.295
2.645	4.295
2.645	4.295
2.645	4.294
2.646	4.294
2.646	4.294
2.647	4.293
2.647	4.293
2.648	4.293
2.648	4.293
2.648	4.292
2.649	4.292
2.649	4.292
2.650	4.292
2.650	4.291
2.651	4.291
2.651	4.291
2.651	4.291
2.652	4.290
2.652	4.290
2.653	4.290
2.653	4.290
2.654	4.289
2.654	4.289
2.654	4.289
2.655	4.288
2.655	4.288
2.656	4.288
2.656	4.288
2.657	4.287
2.657	4.287
2.657	4.287
2.658	4.287
2.658	4.286
2.659	4.286
2.659	4.286
2.660	4.286
2.660	4.285
2.660	4.285
2.661	4.285
2.661	4.285
2.662	4.284
2.662	4.284
2.663	4.284
2.663	4.283
2.663	4.283
2.664	4.283
2.664	4.283
2.665	4.282
2.665	4.282
2.666	4.282
2.666	4.282
2.666	4.281
2.667	4.281
2.667	4.281
2.668	4.281
2.668	4.280
2.669	4.280
2.669	4.280
2.670	4.280
2.670	4.279
2.670	4.279
2.671	4.279
2.671	4.278
2.672	4.278
2.672	4.278
2.673	4.278
2.673	4.277
2.673	4.277
2.674	4.277
2.674	4.277
2.675	4.276
2.675	4.276
2.676	4.276
2.676	4.276
2.676	4.275
2.677	4.275
2.677	4.275
2.678	4.275
2.678	4.274
2.679	4.274
2.679	4.274
2.679	4.273
2.680	4.273
2.680	4.273
2.681	4.273
2.681	4.272
2.682	4.272
2.682	4.272
2.682	4.272
2.683	4.271
2.683	4.271
2.684	4.271
2.684	4.271
2.685	4.270
2.685	4.270
2.685	4.270
2.686	4.270
2.686	4.269
2.687	4.269
2.687	4.269
2.687	4.269
2.688	4.268
2.688	4.268
2.689	4.268
2.689	4.268
2.689	4.268
2.690	4.267
2.690	4.267
2.691	4.267
2.691	4.267
2.692	4.266
2.692	4.266
2.692	4.266
2.693	4.266
2.693	4.265
2.694	4.265
2.694	4.265
2.695	4.265
2.695	4.264
2.696	4.264
2.696	4.264
2.696	4.264
2.697	4.263
2.697	4.263
2.698	4.263
2.698	4.263
2.699	4.262
2.699	4.262
2.700	4.262
2.700	4.262
2.700	4.261
2.701	4.261
2.701	4.261
2.702	4.261
2.702	4.261
2.703	4.260
2.703	4.260
2.704	4.260
2.704	4.260
2.704	4.259
2.705	4.259
2.705	4.259
2.706	4.259
2.706	4.258
2.707	4.258
2.707	4.258
2.708	4.258
2.708	4.257
2.708	4.257
2.709	4.257
2.709	4.257
2.710	4.256
2.710	4.256
2.711	4.256
2.711	4.256
2.712	4.255
2.712	4.255
2.712	4.255
2.713	4.255
2.713	4.254
2.714	4.254
2.714	4.254
2.715	4.254
2.715	4.254
2.715	4.253
2.716	4.253
2.716	4.253
2.717	4.253
2.717	4.252
2.718	4.252
2.718	4.252
2.719	4.252
2.719	4.251
2.719	4.251
2.720	4.251
2.720	4.251
2.721	4.250
2.721	4.250
2.722	4.250
2.722	4.250
2.723	4.249
2.723	4.249
2.723	4.249
2.724	4.249
2.724	4.248
2.725	4.248
2.725	4.248
2.726	4.248
2.726	4.247
2.727	4.247
2.727	4.247
2.727	4.247
2.728	4.247
2.728	4.246
2.729	4.246
2.729	4.246
2.730	4.246
2.730	4.245
2.731	4.245
2.731	4.245
2.731	4.245
2.732	4.244
2.732	4.244
2.733	4.244
2.733	4.244
2.734	4.243
2.734	4.243
2.735	4.243
2.735	4.243
2.735	4.242
2.736	4.242
2.736	4.242
2.737	4.242
2.737	4.241
2.738	4.241
2.738	4.241
2.738	4.241
2.739	4.240
2.739	4.240
2.740	4.240
2.740	4.240
2.741	4.239
2.741	4.239
2.742	4.239
2.742	4.239
2.742	4.239
2.743	4.238
2.743	4.238
2.744	4.238
2.744	4.238
2.745	4.237
2.745	4.237
2.746	4.237
2.746	4.237
2.746	4.236
2.747	4.236
2.747	4.236
2.748	4.236
2.748	4.235
2.749	4.235
2.749	4.235
2.750	4.235
2.750	4.234
2.750	4.234
2.751	4.234
2.751	4.234
2.752	4.233
2.752	4.233
2.753	4.233
2.753	4.233
2.754	4.232
2.754	4.232
2.754	4.232
2.755	4.232
2.755	4.232
2.756	4.231
2.756	4.231
2.757	4.231
2.757	4.231
2.758	4.230
2.758	4.230
2.758	4.230
2.759	4.230
2.759	4.229
2.760	4.229
2.760	4.229
2.761	4.229
2.761	4.228
2.761	4.228
2.762	4.228
2.762	4.228
2.763	4.227
2.763	4.227
2.764	4.227
2.764	4.227
2.765	4.226
2.765	4.226
2.765	4.226
2.766	4.226
2.766	4.225
2.767	4.225
2.767	4.225
2.768	4.225
2.768	4.225
2.769	4.224
2.769	4.224
2.769	4.224
2.770	4.224
2.770	4.223
2.771	4.223
2.771	4.223
2.772	4.223
2.772	4.222
2.773	4.222
2.773	4.222
2.773	4.222
2.774	4.221
2.774	4.221
2.775	4.221
2.775	4.221
2.776	4.220
2.776	4.220
2.777	4.220
2.777	4.220
2.777	4.219
2.778	4.219
2.778	4.219
2.779	4.219
2.779	4.218
2.780	4.218
2.780	4.218
2.781	4.218
2.781	4.217
2.781	4.217
2.782	4.217
2.782	4.217
2.782	4.217
2.783	4.217
2.783	4.216
2.784	4.216
2.784	4.216
2.785	4.216
2.785	4.215
2.785	4.215
2.786	4.215
2.786	4.215
2.787	4.215
2.787	4.214
2.788	4.214
2.788	4.214
2.789	4.214
2.789	4.213
2.790	4.213
2.790	4.213
2.790	4.213
2.791	4.212
2.791	4.212
2.792	4.212
2.792	4.212
2.793	4.212
2.793	4.211
2.794	4.211
2.794	4.211
2.795	4.211
2.795	4.210
2.795	4.210
2.796	4.210
2.796	4.210
2.797	4.210
2.797	4.209
2.798	4.209
2.798	4.209
2.799	4.209
2.799	4.208
2.799	4.208
2.800	4.208
2.800	4.208
2.801	4.208
2.801	4.207
2.802	4.207
2.802	4.207
2.803	4.207
2.803	4.206
2.804	4.206
2.804	4.206
2.804	4.206
2.805	4.206
2.805	4.205
2.806	4.205
2.806	4.205
2.807	4.205
2.807	4.204
2.808	4.204
2.808	4.204
2.809	4.204
2.809	4.203
2.809	4.203
2.810	4.203
2.810	4.203
2.811	4.203
2.811	4.202
2.812	4.202
2.812	4.202
2.813	4.202
2.813	4.201
2.814	4.201
2.814	4.201
2.814	4.201
2.815	4.201
2.815	4.200
2.816	4.200
2.816	4.200
2.817	4.200
2.817	4.199
2.818	4.199
2.818	4.199
2.818	4.199
2.819	4.199
2.819	4.198
2.820	4.198
2.820	4.198
2.821	4.198
2.821	4.197
2.822	4.197
2.822	4.197
2.823	4.197
2.823	4.197
2.823	4.196
2.824	4.196
2.824	4.196
2.825	4.196
2.825	4.195
2.826	4.195
2.826	4.195
2.827	4.195
2.827	4.194
2.828	4.194
2.828	4.194
2.828	4.194
2.829	4.194
2.829	4.193
2.830	4.193
2.830	4.193
2.831	4.193
2.831	4.192
2.832	4.192
2.832	4.192
2.833	4.192
2.833	4.192
2.833	4.191
2.834	4.191
2.834	4.191
2.835	4.191
2.835	4.190
2.836	4.190
2.836	4.190
2.837	4.190
2.837	4.190
2.837	4.189
2.838	4.189
2.838	4.189
2.839	4.189
2.839	4.188
2.840	4.188
2.840	4.188
2.841	4.188
2.841	4.188
2.842	4.187
2.842	4.187
2.842	4.187
2.843	4.187
2.843	4.186
2.844	4.186
2.844	4.186
2.845	4.186
2.845	4.185
2.846	4.185
2.846	4.185
2.847	4.185
2.847	4.185
2.847	4.184
2.848	4.184
2.848	4.184
2.849	4.184
2.849	4.183
2.850	4.183
2.850	4.183
2.851	4.183
2.851	4.183
2.852	4.182
2.852	4.182
2.852	4.182
2.853	4.182
2.853	4.181
2.854	4.181
2.854	4.181
2.855	4.181
2.855	4.181
2.856	4.180
2.856	4.180
2.856	4.180
2.857	4.180
2.857	4.179
2.858	4.179
2.858	4.179
2.859	4.179
2.859	4.179
2.860	4.178
2.860	4.178
2.861	4.178
2.861	4.178
2.861	4.177
2.862	4.177
2.862	4.177
2.863	4.177
2.863	4.176
2.864	4.176
2.864	4.176
2.865	4.176
2.865	4.176
2.866	4.175
2.866	4.175
2.866	4.175
2.867	4.175
2.867	4.174
2.868	4.174
2.868	4.174
2.869	4.174
2.869	4.174
2.870	4.173
2.870	4.173
2.871	4.173
2.871	4.173
2.871	4.172
2.872	4.172
2.872	4.172
2.873	4.172
2.873	4.172
2.874	4.171
2.874	4.171
2.875	4.171
2.875	4.171
2.876	4.170
2.876	4.170
2.876	4.170
2.877	4.170
2.877	4.169
2.878	4.169
2.878	4.169
2.879	4.169
2.879	4.169
2.880	4.168
2.880	4.168
2.880	4.168
2.881	4.168
2.881	4.167
2.882	4.167
2.882	4.167
2.883	4.167
2.883	4.167
2.884	4.166
2.884	4.166
2.885	4.166
2.885	4.166
2.885	4.165
2.886	4.165
2.886	4.165
2.887	4.165
2.887	4.165
2.888	4.164
2.888	4.164
2.889	4.164
2.889	4.164
2.890	4.163
2.890	4.163
2.890	4.163
2.890	4.163
2.891	4.163
2.891	4.163
2.892	4.162
2.892	4.162
2.893	4.162
2.893	4.162
2.894	4.162
2.894	4.161
2.895	4.161
2.895	4.161
2.896	4.161
2.896	4.160
2.896	4.160
2.897	4.160
2.897	4.160
2.898	4.160
2.898	4.159
2.899	4.159
2.899	4.159
2.900	4.159
2.900	4.159
2.901	4.158
2.901	4.158
2.901	4.158
2.902	4.158
2.902	4.158
2.903	4.157
2.903	4.157
2.904	4.157
2.904	4.157
2.905	4.157
2.905	4.156
2.906	4.156
2.906	4.156
2.907	4.156
2.907	4.155
2.907	4.155
2.908	4.155
2.908	4.155
2.909	4.155
2.909	4.154
2.910	4.154
2.910	4.154
2.911	4.154
2.911	4.154
2.912	4.153
2.912	4.153
2.912	4.153
2.913	4.153
2.913	4.153
2.914	4.152
2.914	4.152
2.915	4.152
2.915	4.152
2.916	4.151
2.916	4.151
2.917	4.151
2.917	4.151
2.918	4.151
2.918	4.150
2.918	4.150
2.919	4.150
2.919	4.150
2.920	4.150
2.920	4.149
2.921	4.149
2.921	4.149
2.922	4.149
2.922	4.149
2.923	4.148
2.923	4.148
2.924	4.148
2.924	4.148
2.924	4.147
2.925	4.147
2.925	4.147
2.926	4.147
2.926	4.147
2.927	4.146
2.927	4.146
2.928	4.146
2.928	4.146
2.929	4.146
2.929	4.145
2.929	4.145
2.930	4.145
2.930	4.145
2.931	4.145
2.931	4.144
2.932	4.144
2.932	4.144
2.933	4.144
2.933	4.144
2.934	4.143
2.934	4.143
2.935	4.143
2.935	4.143
2.935	4.142
2.936	4.142
2.936	4.142
2.937	4.142
2.937	4.142
2.938	4.141
2.938	4.141
2.939	4.141
2.939	4.141
2.940	4.141
2.940	4.140
2.941	4.140
2.941	4.140
2.941	4.140
2.942	4.140
2.942	4.139
2.943	4.139
2.943	4.139
2.944	4.139
2.944	4.138
2.945	4.138
2.945	4.138
2.946	4.138
2.946	4.138
2.946	4.137
2.947	4.137
2.947	4.137
2.948	4.137
2.948	4.137
2.949	4.136
2.949	4.136
2.950	4.136
2.950	4.136
2.951	4.136
2.951	4.135
2.952	4.135
2.952	4.135
2.952	4.135
2.953	4.134
2.953	4.134
2.954	4.134
2.954	4.134
2.955	4.134
2.955	4.133
2.956	4.133
2.956	4.133
2.957	4.133
2.957	4.133
2.957	4.132
2.958	4.132
2.958	4.132
2.959	4.132
2.959	4.132
2.960	4.131
2.960	4.131
2.961	4.131
2.961	4.131
2.962	4.131
2.962	4.130
2.963	4.130
2.963	4.130
2.963	4.130
2.964	4.129
2.964	4.129
2.965	4.129
2.965	4.129
2.966	4.129
2.966	4.128
2.967	4.128
2.967	4.128
2.968	4.128
2.968	4.128
2.969	4.127
2.969	4.127
2.969	4.127
2.970	4.127
2.970	4.127
2.971	4.126
2.971	4.126
2.972	4.126
2.972	4.126
2.973	4.125
2.973	4.125
2.974	4.125
2.974	4.125
2.974	4.125
2.975	4.124
2.975	4.124
2.976	4.124
2.976	4.124
2.977	4.124
2.977	4.123
2.978	4.123
2.978	4.123
2.979	4.123
2.979	4.123
2.980	4.122
2.980	4.122
2.980	4.122
2.981	4.122
2.981	4.121
2.982	4.121
2.982	4.121
2.983	4.121
2.983	4.121
2.984	4.120
2.984	4.120
2.985	4.120
2.985	4.120
2.986	4.120
2.986	4.119
2.986	4.119
2.987	4.119
2.987	4.119
2.988	4.119
2.988	4.118
2.989	4.118
2.989	4.118
2.990	4.118
2.990	4.118
2.991	4.117
2.991	4.117
2.991	4.117
2.992	4.117
2.992	4.116
2.993	4.116
2.993	4.116
2.994	4.116
2.994	4.116
2.995	4.115
2.995	4.115
2.995	4.115
2.996	4.115
2.996	4.115
2.997	4.115
2.997	4.114
2.997	4.114
2.998	4.114
2.998	4.114
2.999	4.114
2.999	4.114
3.000	4.113
3.000	4.113
3.001	4.113
3.001	4.113
3.002	4.113
3.002	4.112
3.003	4.112
3.003	4.112
3.004	4.112
3.004	4.112
3.005	4.111
3.005	4.111
3.005	4.111
3.006	4.111
3.006	4.111
3.007	4.111
3.007	4.110
3.008	4.110
3.008	4.110
3.009	4.110
3.009	4.110
3.010	4.109
3.010	4.109
3.011	4.109
3.011	4.109
3.012	4.109
3.012	4.108
3.012	4.108
3.013	4.108
3.013	4.108
3.014	4.108
3.014	4.108
3.015	4.107
3.015	4.107
3.016	4.107
3.016	4.107
3.017	4.107
3.017	4.106
3.018	4.106
3.018	4.106
3.019	4.106
3.019	4.106
3.020	4.105
3.020	4.105
3.020	4.105
3.021	4.105
3.021	4.105
3.022	4.105
3.022	4.104
3.023	4.104
3.023	4.104
3.024	4.104
3.024	4.104
3.025	4.103
3.025	4.103
3.026	4.103
3.026	4.103
3.027	4.103
3.027	4.102
3.027	4.102
3.028	4.102
3.028	4.102
3.029	4.102
3.029	4.101
3.030	4.101
3.030	4.101
3.031	4.101
3.031	4.101
3.032	4.101
3.032	4.100
3.033	4.100
3.033	4.100
3.034	4.100
3.034	4.100
3.035	4.099
3.035	4.099
3.035	4.099
3.036	4.099
3.036	4.099
3.037	4.098
3.037	4.098
3.038	4.098
3.038	4.098
3.039	4.098
3.039	4.098
3.040	4.097
3.040	4.097
3.041	4.097
3.041	4.097
3.042	4.097
3.042	4.096
3.042	4.096
3.043	4.096
3.043	4.096
3.044	4.096
3.044	4.095
3.045	4.095
3.045	4.095
3.046	4.095
3.046	4.095
3.047	4.095
3.047	4.094
3.048	4.094
3.048	4.094
3.049	4.094
3.049	4.094
3.050	4.093
3.050	4.093
3.050	4.093
3.051	4.093
3.051	4.093
3.052	4.092
3.052	4.092
3.053	4.092
3.053	4.092
3.054	4.092
3.054	4.092
3.055	4.091
3.055	4.091
3.056	4.091
3.056	4.091
3.057	4.091
3.057	4.090
3.057	4.090
3.058	4.090
3.058	4.090
3.059	4.090
3.059	4.089
3.060	4.089
3.060	4.089
3.061	4.089
3.061	4.089
3.062	4.089
3.062	4.088
3.063	4.088
3.063	4.088
3.064	4.088
3.064	4.088
3.065	4.087
3.065	4.087
3.065	4.087
3.066	4.087
3.066	4.087
3.067	4.086
3.067	4.086
3.068	4.086
3.068	4.086
3.069	4.086
3.069	4.085
3.070	4.085
3.070	4.085
3.071	4.085
3.071	4.085
3.072	4.085
3.072	4.084
3.072	4.084
3.073	4.084
3.073	4.084
3.074	4.084
3.074	4.083
3.075	4.083
3.075	4.083
3.076	4.083
3.076	4.083
3.077	4.082
3.077	4.082
3.078	4.082
3.078	4.082
3.079	4.082
3.079	4.082
3.079	4.081
3.080	4.081
3.080	4.081
3.081	4.081
3.081	4.081
3.082	4.080
3.082	4.080
3.083	4.080
3.083	4.080
3.083	4.080
3.084	4.080
3.084	4.079
3.085	4.079
3.085	4.079
3.086	4.079
3.086	4.079
3.087	4.079
3.087	4.078
3.088	4.078
3.088	4.078
3.088	4.078
3.089	4.078
3.089	4.077
3.090	4.077
3.090	4.077
3.091	4.077
3.091	4.077
3.092	4.077
3.092	4.076
3.093	4.076
3.093	4.076
3.094	4.076
3.094	4.076
3.095	4.075
3.095	4.075
3.096	4.075
3.096	4.075
3.097	4.075
3.097	4.075
3.098	4.074
3.098	4.074
3.098	4.074
3.099	4.074
3.099	4.074
3.100	4.073
3.100	4.073
3.101	4.073
3.101	4.073
3.102	4.073
3.102	4.073
3.103	4.072
3.103	4.072
3.104	4.072
3.104	4.072
3.105	4.072
3.105	4.071
3.106	4.071
3.106	4.071
3.107	4.071
3.107	4.071
3.107	4.071
3.108	4.070
3.108	4.070
3.109	4.070
3.109	4.070
3.110	4.070
3.110	4.069
3.111	4.069
3.111	4.069
3.112	4.069
3.112	4.069
3.113	4.069
3.113	4.068
3.114	4.068
3.114	4.068
3.115	4.068
3.115	4.068
3.116	4.067
3.116	4.067
3.117	4.067
3.117	4.067
3.117	4.067
3.118	4.067
3.118	4.066
3.119	4.066
3.119	4.066
3.120	4.066
3.120	4.066
3.121	4.065
3.121	4.065
3.122	4.065
3.122	4.065
3.123	4.065
3.123	4.065
3.124	4.064
3.124	4.064
3.125	4.064
3.125	4.064
3.125	4.064
3.126	4.064
3.126	4.063
3.126	4.063
3.127	4.063
3.127	4.063
3.128	4.063
3.128	4.062
3.129	4.062
3.129	4.062
3.130	4.062
3.130	4.062
3.131	4.061
3.131	4.061
3.131	4.061
3.132	4.061
3.132	4.060
3.133	4.060
3.133	4.060
3.134	4.060
3.134	4.060
3.135	4.059
3.135	4.059
3.136	4.059
3.136	4.059
3.137	4.059
3.137	4.058
3.137	4.058
3.138	4.058
3.138	4.058
3.139	4.057
3.139	4.057
3.140	4.057
3.140	4.057
3.141	4.057
3.141	4.056
3.142	4.056
3.142	4.056
3.142	4.056
3.143	4.056
3.143	4.055
3.144	4.055
3.144	4.055
3.145	4.055
3.145	4.054
3.146	4.054
3.146	4.054
3.147	4.054
3.147	4.054
3.147	4.053
3.148	4.053
3.148	4.053
3.149	4.053
3.149	4.053
3.149	4.052
3.150	4.052
3.150	4.052
3.151	4.052
3.151	4.051
3.151	4.051
3.152	4.051
3.152	4.050
3.153	4.050
3.153	4.050
3.153	4.050
3.154	4.049
3.154	4.049
3.155	4.049
3.155	4.048
3.156	4.048
3.156	4.048
3.156	4.048
3.157	4.047
3.157	4.047
3.158	4.047
3.158	4.046
3.158	4.046
3.159	4.046
3.159	4.046
3.160	4.045
3.160	4.045
3.161	4.045
3.161	4.044
3.161	4.044
3.161	4.044
3.161	4.044
3.162	4.043
3.162	4.043
3.162	4.042
3.162	4.042
3.162	4.041
3.162	4.041
3.162	4.040
3.162	4.040
3.162	4.039
3.162	4.039
3.162	4.038
3.162	4.037
3.163	4.037
3.163	4.037
3.162	4.037
3.162	4.036
3.162	4.036
3.161	4.035
3.161	4.035
3.161	4.035
3.160	4.034
3.160	4.034
3.160	4.034
3.159	4.033
3.159	4.033
3.159	4.032
3.158	4.032
3.158	4.032
3.158	4.031
3.157	4.031
3.157	4.030
3.157	4.030
3.156	4.030
3.156	4.029
3.156	4.029
3.155	4.029
3.155	4.028
3.155	4.028
3.154	4.027
3.154	4.027
3.154	4.027
3.153	4.026
3.153	4.026
3.153	4.025
3.152	4.025
3.152	4.025
3.152	4.024
3.151	4.024
3.151	4.024
3.151	4.023
3.150	4.023
3.150	4.022
3.150	4.022
3.149	4.022
3.149	4.021
3.149	4.021
3.148	4.021
3.148	4.020
3.148	4.020
3.147	4.019
3.147	4.019
3.147	4.019
3.146	4.018
3.146	4.018
3.146	4.018
3.146	4.018
3.145	4.017
3.145	4.017
3.145	4.017
3.144	4.016
3.144	4.016
3.143	4.016
3.143	4.015
3.142	4.015
3.142	4.015
3.142	4.015
3.141	4.014
3.141	4.014
3.140	4.014
3.140	4.013
3.140	4.013
3.139	4.013
3.139	4.012
3.138	4.012
3.138	4.012
3.138	4.011
3.137	4.011
3.137	4.011
3.136	4.011
3.136	4.010
3.136	4.010
3.135	4.010
3.135	4.009
3.134	4.009
3.134	4.009
3.133	4.008
3.133	4.008
3.133	4.008
3.132	4.008
3.132	4.007
3.131	4.007
3.131	4.007
3.131	4.006
3.130	4.006
3.130	4.006
3.129	4.005
3.129	4.005
3.129	4.005
3.128	4.005
3.128	4.004
3.127	4.004
3.127	4.004
3.127	4.003
3.126	4.003
3.126	4.003
3.125	4.002
3.125	4.002
3.125	4.002
3.124	4.002
3.124	4.001
3.123	4.001
3.123	4.001
3.122	4.000
3.122	4.000
3.122	4.000
3.121	3.999
3.121	3.999
3.120	3.999
3.120	3.999
3.120	3.998
3.119	3.998
3.119	3.998
3.118	3.997
3.118	3.997
3.118	3.997
3.117	3.996
3.117	3.996
3.116	3.996
3.116	3.996
3.116	3.995
3.115	3.995
3.115	3.995
3.114	3.994
3.114	3.994
3.114	3.994
3.113	3.993
3.113	3.993
3.112	3.993
3.112	3.993
3.111	3.992
3.111	3.992
3.111	3.992
3.110	3.991
3.110	3.991
3.109	3.991
3.109	3.990
3.109	3.990
3.108	3.990
3.108	3.989
3.107	3.989
3.107	3.989
3.107	3.989
3.106	3.988
3.106	3.988
3.105	3.988
3.105	3.987
3.105	3.987
3.104	3.987
3.104	3.986
3.103	3.986
3.103	3.986
3.103	3.986
3.102	3.986
3.102	3.985
3.102	3.985
3.101	3.985
3.101	3.985
3.100	3.984
3.100	3.984
3.100	3.984
3.099	3.983
3.099	3.983
3.098	3.983
3.098	3.983
3.097	3.982
3.097	3.982
3.097	3.982
3.096	3.981
3.096	3.981
3.095	3.981
3.095	3.981
3.094	3.980
3.094	3.980
3.094	3.980
3.093	3.980
3.093	3.979
3.092	3.979
3.092	3.979
3.091	3.978
3.091	3.978
3.091	3.978
3.090	3.978
3.090	3.977
3.089	3.977
3.089	3.977
3.088	3.977
3.088	3.976
3.088	3.976
3.087	3.976
3.087	3.975
3.086	3.975
3.086	3.975
3.085	3.975
3.085	3.974
3.085	3.974
3.084	3.974
3.084	3.973
3.083	3.973
3.083	3.973
3.083	3.973
3.082	3.972
3.082	3.972
3.081	3.972
3.081	3.972
3.080	3.971
3.080	3.971
3.080	3.971
3.079	3.970
3.079	3.970
3.078	3.970
3.078	3.970
3.077	3.969
3.077	3.969
3.077	3.969
3.076	3.968
3.076	3.968
3.075	3.968
3.075	3.968
3.074	3.967
3.074	3.967
3.074	3.967
3.073	3.967
3.073	3.966
3.072	3.966
3.072	3.966
3.071	3.965
3.071	3.965
3.071	3.965
3.070	3.965
3.070	3.964
3.069	3.964
3.069	3.964
3.068	3.964
3.068	3.963
3.068	3.963
3.067	3.963
3.067	3.962
3.066	3.962
3.066	3.962
3.066	3.962
3.065	3.961
3.065	3.961
3.064	3.961
3.064	3.960
3.063	3.960
3.063	3.960
3.063	3.960
3.062	3.959
3.062	3.959
3.061	3.959
3.061	3.959
3.060	3.958
3.060	3.958
3.060	3.958
3.059	3.957
3.059	3.957
3.058	3.957
3.058	3.957
3.057	3.956
3.057	3.956
3.057	3.956
3.056	3.955
3.056	3.955
3.056	3.955
3.055	3.955
3.055	3.955
3.054	3.955
3.054	3.954
3.053	3.954
3.053	3.954
3.053	3.954
3.052	3.953
3.052	3.953
3.051	3.953
3.051	3.953
3.050	3.952
3.050	3.952
3.049	3.952
3.049	3.952
3.049	3.951
3.048	3.951
3.048	3.951
3.047	3.951
3.047	3.950
3.046	3.950
3.046	3.950
3.045	3.950
3.045	3.950
3.044	3.949
3.044	3.949
3.044	3.949
3.043	3.949
3.043	3.948
3.042	3.948
3.042	3.948
3.041	3.948
3.041	3.947
3.040	3.947
3.040	3.947
3.040	3.947
3.039	3.946
3.039	3.946
3.038	3.946
3.038	3.946
3.037	3.946
3.037	3.945
3.036	3.945
3.036	3.945
3.035	3.945
3.035	3.944
3.035	3.944
3.034	3.944
3.034	3.944
3.033	3.943
3.033	3.943
3.032	3.943
3.032	3.943
3.031	3.942
3.031	3.942
3.031	3.942
3.030	3.942
3.030	3.941
3.029	3.941
3.029	3.941
3.028	3.941
3.028	3.941
3.027	3.940
3.027	3.940
3.026	3.940
3.026	3.940
3.026	3.939
3.025	3.939
3.025	3.939
3.024	3.939
3.024	3.938
3.023	3.938
3.023	3.938
3.022	3.938
3.022	3.937
3.022	3.937
3.021	3.937
3.021	3.937
3.020	3.937
3.020	3.936
3.019	3.936
3.019	3.936
3.018	3.936
3.018	3.935
3.018	3.935
3.017	3.935
3.017	3.935
3.016	3.934
3.016	3.934
3.015	3.934
3.015	3.934
3.014	3.933
3.014	3.933
3.014	3.933
3.013	3.933
3.013	3.933
3.012	3.933
3.012	3.932
3.012	3.932
3.011	3.932
3.011	3.932
3.010	3.932
3.010	3.932
3.009	3.931
3.009	3.931
3.008	3.931
3.008	3.931
3.007	3.931
3.007	3.930
3.006	3.930
3.006	3.930
3.005	3.930
3.005	3.930
3.005	3.929
3.004	3.929
3.004	3.929
3.003	3.929
3.003	3.929
3.002	3.928
3.002	3.928
3.001	3.928
3.001	3.928
3.000	3.928
3.000	3.927
2.999	3.927
2.999	3.927
2.998	3.927
2.998	3.927
2.998	3.926
2.997	3.926
2.997	3.926
2.996	3.926
2.996	3.926
2.995	3.926
2.995	3.925
2.994	3.925
2.994	3.925
2.993	3.925
2.993	3.925
2.992	3.924
2.992	3.924
2.991	3.924
2.991	3.924
2.991	3.924
2.990	3.923
2.990	3.923
2.989	3.923
2.989	3.923
2.989	3.923
2.988	3.923
2.988	3.922
2.987	3.922
2.987	3.922
2.986	3.922
2.986	3.922
2.985	3.922
2.985	3.921
2.984	3.921
2.984	3.921
2.983	3.921
2.983	3.921
2.982	3.921
2.982	3.920
2.981	3.920
2.981	3.920
2.981	3.920
2.980	3.920
2.980	3.920
2.979	3.919
2.979	3.919
2.978	3.919
2.978	3.919
2.977	3.919
2.977	3.919
2.976	3.918
2.976	3.918
2.975	3.918
2.975	3.918
2.974	3.918
2.974	3.917
2.973	3.917
2.973	3.917
2.972	3.917
2.972	3.917
2.971	3.917
2.971	3.916
2.970	3.916
2.970	3.916
2.970	3.916
2.969	3.916
2.969	3.916
2.968	3.915
2.968	3.915
2.967	3.915
2.967	3.915
2.966	3.915
2.966	3.915
2.965	3.914
2.965	3.914
2.964	3.914
2.964	3.914
2.963	3.914
2.963	3.914
2.962	3.913
2.962	3.913
2.961	3.913
2.961	3.913
2.960	3.913
2.960	3.912
2.960	3.912
2.959	3.912
2.959	3.912
2.958	3.912
2.958	3.912
2.957	3.911
2.957	3.911
2.956	3.911
2.956	3.911
2.955	3.911
2.955	3.911
2.954	3.910
2.954	3.910
2.953	3.910
2.953	3.910
2.952	3.910
2.952	3.910
2.951	3.909
2.951	3.909
2.951	3.909
2.950	3.909
2.950	3.909
2.949	3.909
2.949	3.909
2.948	3.908
2.948	3.908
2.948	3.908
2.947	3.908
2.947	3.908
2.946	3.908
2.946	3.907
2.945	3.907
2.945	3.907
2.944	3.907
2.944	3.907
2.943	3.907
2.943	3.906
2.942	3.906
2.942	3.906
2.941	3.906
2.941	3.906
2.940	3.906
2.940	3.906
2.939	3.905
2.939	3.905
2.938	3.905
2.938	3.905
2.937	3.905
2.937	3.905
2.936	3.904
2.936	3.904
2.936	3.904
2.935	3.904
2.935	3.904
2.934	3.904
2.934	3.903
2.933	3.903
2.933	3.903
2.932	3.903
2.932	3.903
2.931	3.903
2.931	3.902
2.930	3.902
2.930	3.902
2.929	3.902
2.929	3.902
2.928	3.902
2.928	3.902
2.927	3.901
2.927	3.901
2.926	3.901
2.926	3.901
2.925	3.901
2.925	3.901
2.924	3.900
2.924	3.900
2.924	3.900
2.923	3.900
2.923	3.900
2.922	3.900
2.922	3.899
2.921	3.899
2.921	3.899
2.920	3.899
2.920	3.899
2.919	3.899
2.919	3.898
2.918	3.898
2.918	3.898
2.917	3.898
2.917	3.898
2.916	3.898
2.916	3.898
2.915	3.897
2.915	3.897
2.914	3.897
2.914	3.897
2.913	3.897
2.913	3.897
2.912	3.896
2.912	3.896
2.912	3.896
2.911	3.896
2.911	3.896
2.910	3.896
2.910	3.896
2.910	3.895
2.909	3.895
2.909	3.895
2.908	3.895
2.908	3.895
2.907	3.895
2.907	3.895
2.906	3.894
2.906	3.894
2.905	3.894
2.905	3.894
2.904	3.894
2.904	3.894
2.903	3.894
2.903	3.893
2.902	3.893
2.902	3.893
2.901	3.893
2.901	3.893
2.900	3.893
2.900	3.892
2.899	3.892
2.899	3.892
2.898	3.892
2.898	3.892
2.897	3.892
2.897	3.892
2.896	3.891
2.896	3.891
2.895	3.891
2.895	3.891
2.895	3.891
2.894	3.891
2.894	3.891
2.893	3.890
2.893	3.890
2.892	3.890
2.892	3.890
2.891	3.890
2.891	3.890
2.890	3.889
2.890	3.889
2.889	3.889
2.889	3.889
2.888	3.889
2.888	3.889
2.887	3.889
2.887	3.888
2.886	3.888
2.886	3.888
2.885	3.888
2.885	3.888
2.884	3.888
2.884	3.888
2.883	3.887
2.883	3.887
2.882	3.887
2.882	3.887
2.881	3.887
2.881	3.887
2.880	3.887
2.880	3.886
2.879	3.886
2.879	3.886
2.878	3.886
2.878	3.886
2.877	3.886
2.877	3.885
2.876	3.885
2.876	3.885
2.876	3.885
2.875	3.885
2.875	3.885
2.874	3.885
2.874	3.884
2.873	3.884
2.873	3.884
2.872	3.884
2.872	3.884
2.871	3.884
2.871	3.884
2.871	3.884
2.870	3.883
2.870	3.883
2.869	3.883
2.869	3.883
2.868	3.883
2.868	3.883
2.867	3.882
2.867	3.882
2.866	3.882
2.866	3.882
2.865	3.882
2.865	3.882
2.864	3.882
2.864	3.881
2.863	3.881
2.863	3.881
2.862	3.881
2.862	3.881
2.862	3.881
2.861	3.880
2.861	3.880
2.860	3.880
2.860	3.880
2.859	3.880
2.859	3.880
2.858	3.879
2.858	3.879
2.857	3.879
2.857	3.879
2.856	3.879
2.856	3.879
2.855	3.879
2.855	3.878
2.854	3.878
2.854	3.878
2.853	3.878
2.853	3.878
2.852	3.878
2.852	3.877
2.851	3.877
2.851	3.877
2.851	3.877
2.850	3.877
2.850	3.877
2.849	3.877
2.849	3.876
2.848	3.876
2.848	3.876
2.847	3.876
2.847	3.876
2.846	3.876
2.846	3.875
2.845	3.875
2.845	3.875
2.844	3.875
2.844	3.875
2.843	3.875
2.843	3.874
2.842	3.874
2.842	3.874
2.841	3.874
2.841	3.874
2.840	3.874
2.840	3.874
2.839	3.873
2.839	3.873
2.839	3.873
2.838	3.873
2.838	3.873
2.837	3.873
2.837	3.872
2.836	3.872
2.836	3.872
2.835	3.872
2.835	3.872
2.834	3.872
2.834	3.871
2.833	3.871
2.833	3.871
2.832	3.871
2.832	3.871
2.831	3.871
2.831	3.871
2.830	3.870
2.830	3.870
2.829	3.870
2.829	3.870
2.828	3.870
2.828	3.870
2.827	3.869
2.827	3.869
2.827	3.869
2.826	3.869
2.826	3.869
2.825	3.869
2.825	3.869
2.824	3.868
2.824	3.868
2.823	3.868
2.823	3.868
2.822	3.868
2.822	3.868
2.821	3.867
2.821	3.867
2.820	3.867
2.820	3.867
2.819	3.867
2.819	3.867
2.818	3.866
2.818	3.866
2.817	3.866
2.817	3.866
2.816	3.866
2.816	3.866
2.815	3.866
2.815	3.865
2.815	3.865
2.814	3.865
2.814	3.865
2.813	3.865
2.813	3.865
2.812	3.864
2.812	3.864
2.811	3.864
2.811	3.864
2.810	3.864
2.810	3.864
2.809	3.863
2.809	3.863
2.808	3.863
2.808	3.863
2.807	3.863
2.807	3.863
2.806	3.863
2.806	3.862
2.805	3.862
2.805	3.862
2.804	3.862
2.804	3.862
2.803	3.862
2.803	3.861
2.803	3.861
2.802	3.861
2.802	3.861
2.801	3.861
2.801	3.861
2.800	3.861
2.800	3.860
2.799	3.860
2.799	3.860
2.798	3.860
2.798	3.860
2.797	3.860
2.797	3.859
2.796	3.859
2.796	3.859
2.795	3.859
2.795	3.859
2.794	3.859
2.794	3.858
2.793	3.858
2.793	3.858
2.792	3.858
2.792	3.858
2.792	3.858
2.792	3.858
2.791	3.857
2.791	3.857
2.790	3.857
2.790	3.857
2.789	3.857
2.789	3.856
2.788	3.856
2.788	3.856
2.787	3.856
2.787	3.855
2.786	3.855
2.786	3.855
2.786	3.855
2.785	3.855
2.785	3.854
2.784	3.854
2.784	3.854
2.783	3.854
2.783	3.854
2.782	3.853
2.782	3.853
2.781	3.853
2.781	3.853
2.781	3.853
2.780	3.852
2.780	3.852
2.779	3.852
2.779	3.852
2.778	3.852
2.778	3.851
2.777	3.851
2.777	3.851
2.776	3.851
2.776	3.850
2.775	3.850
2.775	3.850
2.775	3.850
2.774	3.850
2.774	3.849
2.773	3.849
2.773	3.849
2.772	3.849
2.772	3.849
2.771	3.848
2.771	3.848
2.770	3.848
2.770	3.848
2.770	3.848
2.769	3.847
2.769	3.847
2.768	3.847
2.768	3.847
2.767	3.846
2.767	3.846
2.766	3.846
2.766	3.846
2.765	3.846
2.765	3.845
2.765	3.845
2.764	3.845
2.764	3.845
2.763	3.845
2.763	3.844
2.762	3.844
2.762	3.844
2.761	3.844
2.761	3.844
2.760	3.843
2.760	3.843
2.759	3.843
2.759	3.843
2.759	3.843
2.758	3.842
2.758	3.842
2.757	3.842
2.757	3.842
2.756	3.841
2.756	3.841
2.755	3.841
2.755	3.841
2.754	3.841
2.754	3.840
2.754	3.840
2.753	3.840
2.753	3.840
2.752	3.840
2.752	3.839
2.751	3.839
2.751	3.839
2.750	3.839
2.750	3.839
2.749	3.838
2.749	3.838
2.748	3.838
2.748	3.838
2.748	3.837
2.747	3.837
2.747	3.837
2.746	3.837
2.746	3.837
2.745	3.836
2.745	3.836
2.744	3.836
2.744	3.836
2.743	3.836
2.743	3.835
2.743	3.835
2.742	3.835
2.742	3.835
2.741	3.835
2.741	3.834
2.740	3.834
2.740	3.834
2.739	3.834
2.739	3.833
2.738	3.833
2.738	3.833
2.737	3.833
2.737	3.833
2.737	3.833
2.737	3.832
2.736	3.832
2.736	3.832
2.735	3.831
2.735	3.831
2.735	3.831
2.734	3.831
2.734	3.830
2.733	3.830
2.733	3.830
2.733	3.829
2.732	3.829
2.732	3.829
2.731	3.829
2.731	3.828
2.730	3.828
2.730	3.828
2.730	3.827
2.729	3.827
2.729	3.827
2.728	3.827
2.728	3.826
2.728	3.826
2.727	3.826
2.727	3.825
2.726	3.825
2.726	3.825
2.726	3.824
2.725	3.824
2.725	3.824
2.724	3.824
2.724	3.823
2.723	3.823
2.723	3.823
2.723	3.822
2.722	3.822
2.722	3.822
2.721	3.822
2.721	3.821
2.721	3.821
2.720	3.821
2.720	3.820
2.719	3.820
2.719	3.820
2.719	3.819
2.718	3.819
2.718	3.819
2.717	3.819
2.717	3.818
2.716	3.818
2.716	3.818
2.716	3.817
2.715	3.817
2.715	3.817
2.714	3.817
2.714	3.816
2.714	3.816
2.713	3.816
2.713	3.815
2.712	3.815
2.712	3.815
2.712	3.814
2.711	3.814
2.711	3.814
2.710	3.814
2.710	3.813
2.709	3.813
2.709	3.813
2.709	3.812
2.708	3.812
2.708	3.812
2.707	3.812
2.707	3.811
2.707	3.811
2.706	3.811
2.706	3.810
2.705	3.810
2.705	3.810
2.705	3.810
2.704	3.809
2.704	3.809
2.703	3.809
2.703	3.808
2.702	3.808
2.702	3.808
2.702	3.807
2.701	3.807
2.701	3.807
2.700	3.807
2.700	3.806
2.700	3.806
2.699	3.806
2.699	3.805
2.698	3.805
2.698	3.805
2.698	3.805
2.698	3.804
2.697	3.804
2.697	3.804
2.697	3.803
2.696	3.803
2.696	3.802
2.696	3.802
2.695	3.802
2.695	3.801
2.695	3.801
2.694	3.801
2.694	3.800
2.694	3.800
2.693	3.799
2.693	3.799
2.693	3.799
2.693	3.798
2.692	3.798
2.692	3.797
2.692	3.797
2.691	3.797
2.691	3.796
2.691	3.796
2.690	3.795
2.690	3.795
2.690	3.795
2.689	3.794
2.689	3.794
2.689	3.794
2.688	3.793
2.688	3.793
2.688	3.792
2.687	3.792
2.687	3.792
2.687	3.791
2.686	3.791
2.686	3.790
2.686	3.790
2.685	3.790
2.685	3.789
2.685	3.789
2.685	3.788
2.684	3.788
2.684	3.788
2.684	3.787
2.683	3.787
2.683	3.786
2.683	3.786
2.682	3.786
2.682	3.785
2.682	3.785
2.681	3.785
2.681	3.784
2.681	3.784
2.680	3.783
2.680	3.783
2.680	3.783
2.679	3.782
2.679	3.782
2.679	3.781
2.678	3.781
2.678	3.781
2.678	3.780
2.677	3.780
2.677	3.779
2.677	3.779
2.677	3.779
2.676	3.778
2.676	3.778
2.676	3.777
2.675	3.777
2.675	3.777
2.675	3.776
2.674	3.776
2.674	3.776
2.674	3.775
2.673	3.775
2.673	3.774
2.673	3.774
2.672	3.774
2.672	3.773
2.672	3.773
2.671	3.772
2.671	3.772
2.671	3.772
2.671	3.772
2.671	3.771
2.671	3.771
2.670	3.770
2.670	3.770
2.670	3.769
2.670	3.769
2.670	3.768
2.669	3.768
2.669	3.767
2.669	3.767
2.669	3.766
2.669	3.766
2.668	3.765
2.668	3.765
2.668	3.765
2.668	3.764
2.668	3.764
2.667	3.763
2.667	3.763
2.667	3.762
2.667	3.762
2.667	3.761
2.666	3.761
2.666	3.760
2.666	3.760
2.666	3.759
2.666	3.759
2.665	3.758
2.665	3.758
2.665	3.758
2.665	3.757
2.665	3.757
2.665	3.756
2.664	3.756
2.664	3.755
2.664	3.755
2.664	3.754
2.664	3.754
2.663	3.753
2.663	3.753
2.663	3.752
2.663	3.752
2.663	3.751
2.662	3.751
2.662	3.750
2.662	3.750
2.662	3.750
2.662	3.749
2.661	3.749
2.661	3.748
2.661	3.748
2.661	3.747
2.661	3.747
2.660	3.746
2.660	3.746
2.660	3.745
2.660	3.745
2.660	3.744
2.660	3.744
2.659	3.743
2.659	3.743
2.659	3.743
2.659	3.742
2.659	3.742
2.658	3.741
2.658	3.741
2.658	3.740
2.658	3.740
2.658	3.739
2.657	3.739
2.657	3.738
2.657	3.738
2.657	3.737
2.657	3.737
2.656	3.736
2.656	3.736
2.656	3.735
2.656	3.735
2.656	3.735
2.655	3.734
2.655	3.734
2.655	3.733
2.655	3.733
2.655	3.732
2.654	3.732
2.654	3.731
2.654	3.731
2.654	3.730
2.654	3.730
2.654	3.729
2.653	3.729
2.653	3.728
2.653	3.728
2.653	3.728
2.653	3.727
2.652	3.727
2.652	3.726
2.652	3.726
2.652	3.725
2.652	3.725
2.651	3.724
2.651	3.724
2.651	3.724
2.651	3.723
2.651	3.723
2.651	3.722
2.651	3.722
2.651	3.721
2.651	3.721
2.651	3.720
2.651	3.720
2.651	3.719
2.651	3.719
2.651	3.718
2.651	3.718
2.651	3.717
2.651	3.717
2.651	3.716
2.651	3.716
2.651	3.715
2.651	3.715
2.651	3.714
2.651	3.714
2.651	3.713
2.651	3.713
2.651	3.712
2.651	3.712
2.651	3.711
2.651	3.711
2.651	3.710
2.651	3.710
2.651	3.709
2.651	3.709
2.651	3.708
2.651	3.708
2.651	3.707
2.651	3.707
2.651	3.706
2.651	3.706
2.651	3.705
2.651	3.704
2.651	3.704
2.651	3.703
2.651	3.703
2.651	3.702
2.651	3.702
2.651	3.701
2.651	3.701
2.651	3.700
2.651	3.700
2.651	3.699
2.651	3.699
2.651	3.698
2.651	3.698
2.651	3.697
2.651	3.697
2.651	3.696
2.651	3.696
2.651	3.695
2.651	3.695
2.651	3.694
2.651	3.694
2.651	3.693
2.651	3.693
2.651	3.692
2.651	3.692
2.651	3.691
2.651	3.691
2.651	3.690
2.651	3.690
2.651	3.689
2.651	3.689
2.651	3.688
2.651	3.688
2.651	3.687
2.651	3.687
2.651	3.686
2.651	3.686
2.651	3.685
2.651	3.685
2.651	3.684
2.651	3.684
2.651	3.683
2.651	3.683
2.651	3.682
2.651	3.682
2.650	3.681
2.650	3.681
2.650	3.680
2.650	3.680
2.651	3.680
2.651	3.679
2.651	3.679
2.651	3.678
2.652	3.678
2.652	3.677
2.652	3.677
2.652	3.676
2.652	3.676
2.653	3.676
2.653	3.675
2.653	3.675
2.653	3.674
2.653	3.674
2.654	3.673
2.654	3.673
2.654	3.672
2.654	3.672
2.654	3.671
2.655	3.671
2.655	3.671
2.655	3.670
2.655	3.670
2.655	3.669
2.656	3.669
2.656	3.668
2.656	3.668
2.656	3.667
2.657	3.667
2.657	3.666
2.657	3.666
2.657	3.665
2.657	3.665
2.658	3.665
2.658	3.664
2.658	3.664
2.658	3.663
2.658	3.663
2.659	3.662
2.659	3.662
2.659	3.661
2.659	3.661
2.659	3.660
2.660	3.660
2.660	3.660
2.660	3.659
2.660	3.659
2.660	3.658
2.661	3.658
2.661	3.657
2.661	3.657
2.661	3.656
2.662	3.656
2.662	3.655
2.662	3.655
2.662	3.654
2.662	3.654
2.663	3.654
2.663	3.653
2.663	3.653
2.663	3.652
2.663	3.652
2.664	3.651
2.664	3.651
2.664	3.650
2.664	3.650
2.664	3.649
2.665	3.649
2.665	3.649
2.665	3.648
2.665	3.648
2.665	3.647
2.666	3.647
2.666	3.646
2.666	3.646
2.666	3.645
2.667	3.645
2.667	3.644
2.667	3.644
2.667	3.643
2.667	3.643
2.668	3.643
2.668	3.642
2.668	3.642
2.668	3.641
2.668	3.641
2.669	3.640
2.669	3.640
2.669	3.639
2.669	3.639
2.669	3.638
2.670	3.638
2.670	3.637
2.670	3.637
2.670	3.637
2.671	3.637
2.671	3.636
2.671	3.636
2.672	3.636
2.672	3.635
2.672	3.635
2.673	3.634
2.673	3.634
2.673	3.634
2.674	3.633
2.674	3.633
2.674	3.633
2.675	3.632
2.675	3.632
2.675	3.631
2.676	3.631
2.676	3.631
2.676	3.630
2.677	3.630
2.677	3.630
2.677	3.629
2.678	3.629
2.678	3.628
2.678	3.628
2.679	3.628
2.679	3.627
2.679	3.627
2.680	3.627
2.680	3.626
2.680	3.626
2.681	3.625
2.681	3.625
2.681	3.625
2.682	3.624
2.682	3.624
2.682	3.624
2.683	3.623
2.683	3.623
2.683	3.622
2.684	3.622
2.684	3.622
2.684	3.621
2.685	3.621
2.685	3.621
2.685	3.620
2.686	3.620
2.686	3.619
2.686	3.619
2.687	3.619
2.687	3.618
2.687	3.618
2.688	3.618
2.688	3.617
2.688	3.617
2.689	3.616
2.689	3.616
2.689	3.616
2.690	3.615
2.690	3.615
2.690	3.615
2.691	3.614
2.691	3.614
2.691	3.613
2.692	3.613
2.692	3.613
2.692	3.612
2.693	3.612
2.693	3.612
2.693	3.611
2.694	3.611
2.694	3.610
2.694	3.610
2.695	3.610
2.695	3.609
2.695	3.609
2.696	3.609
2.696	3.608
2.696	3.608
2.697	3.607
2.697	3.607
2.697	3.607
2.698	3.606
2.698	3.606
2.698	3.606
2.699	3.605
2.699	3.605
2.699	3.604
2.700	3.604
2.700	3.604
2.700	3.603
2.701	3.603
2.701	3.603
2.701	3.602
2.702	3.602
2.702	3.601
2.702	3.601
2.703	3.601
2.703	3.600
2.704	3.600
2.704	3.600
2.704	3.599
2.705	3.599
2.705	3.598
2.705	3.598
2.706	3.598
2.706	3.597
2.706	3.597
2.707	3.597
2.707	3.596
2.707	3.596
2.708	3.595
2.708	3.595
2.708	3.595
2.709	3.594
2.709	3.594
2.709	3.594
2.710	3.593
2.710	3.593
2.710	3.592
2.711	3.592
2.711	3.592
2.711	3.592
2.711	3.591
2.712	3.591
2.712	3.591
2.713	3.590
2.713	3.590
2.713	3.590
2.714	3.589
2.714	3.589
2.714	3.589
2.715	3.588
2.715	3.588
2.716	3.588
2.716	3.588
2.716	3.587
2.717	3.587
2.717	3.587
2.718	3.586
2.718	3.586
2.718	3.586
2.719	3.585
2.719	3.585
2.720	3.585
2.720	3.584
2.720	3.584
2.721	3.584
2.721	3.583
2.722	3.583
2.722	3.583
2.722	3.582
2.723	3.582
2.723	3.582
2.724	3.582
2.724	3.581
2.724	3.581
2.725	3.581
2.725	3.580
2.726	3.580
2.726	3.580
2.726	3.579
2.727	3.579
2.727	3.579
2.728	3.578
2.728	3.578
2.728	3.578
2.729	3.577
2.729	3.577
2.730	3.577
2.730	3.576
2.730	3.576
2.731	3.576
2.731	3.575
2.732	3.575
2.732	3.575
2.732	3.575
2.733	3.574
2.733	3.574
2.734	3.574
2.734	3.573
2.734	3.573
2.735	3.573
2.735	3.572
2.736	3.572
2.736	3.572
2.736	3.571
2.737	3.571
2.737	3.571
2.738	3.570
2.738	3.570
2.738	3.570
2.739	3.569
2.739	3.569
2.740	3.569
2.740	3.569
2.740	3.568
2.741	3.568
2.741	3.568
2.742	3.567
2.742	3.567
2.742	3.567
2.743	3.566
2.743	3.566
2.744	3.566
2.744	3.565
2.744	3.565
2.745	3.565
2.745	3.564
2.746	3.564
2.746	3.564
2.746	3.564
2.746	3.563
2.747	3.563
2.747	3.563
2.748	3.563
2.748	3.562
2.749	3.562
2.749	3.562
2.749	3.562
2.750	3.561
2.750	3.561
2.751	3.561
2.751	3.561
2.752	3.560
2.752	3.560
2.752	3.560
2.753	3.560
2.753	3.559
2.754	3.559
2.754	3.559
2.755	3.558
2.755	3.558
2.755	3.558
2.756	3.558
2.756	3.557
2.757	3.557
2.757	3.557
2.758	3.557
2.758	3.556
2.758	3.556
2.759	3.556
2.759	3.556
2.760	3.555
2.760	3.555
2.761	3.555
2.761	3.555
2.761	3.554
2.762	3.554
2.762	3.554
2.763	3.553
2.763	3.553
2.764	3.553
2.764	3.553
2.764	3.552
2.765	3.552
2.765	3.552
2.766	3.552
2.766	3.551
2.767	3.551
2.767	3.551
2.767	3.551
2.768	3.550
2.768	3.550
2.769	3.550
2.769	3.550
2.770	3.549
2.770	3.549
2.770	3.549
2.771	3.548
2.771	3.548
2.772	3.548
2.772	3.548
2.773	3.547
2.773	3.547
2.774	3.547
2.774	3.547
2.774	3.546
2.775	3.546
2.775	3.546
2.776	3.546
2.776	3.545
2.777	3.545
2.777	3.545
2.777	3.545
2.778	3.544
2.778	3.544
2.779	3.544
2.779	3.544
2.780	3.543
2.780	3.543
2.780	3.543
2.781	3.542
2.781	3.542
2.782	3.542
2.782	3.542
2.783	3.541
2.783	3.541
2.783	3.541
2.784	3.541
2.784	3.540
2.785	3.540
2.785	3.540
2.786	3.540
2.786	3.539
2.786	3.539
2.787	3.539
2.787	3.539
2.788	3.538
2.788	3.538
2.789	3.538
2.789	3.538
2.789	3.537
2.789	3.537
2.790	3.537
2.790	3.537
2.791	3.537
2.791	3.536
2.792	3.536
2.792	3.536
2.793	3.536
2.793	3.535
2.794	3.535
2.794	3.535
2.794	3.535
2.795	3.535
2.795	3.534
2.796	3.534
2.796	3.534
2.797	3.534
2.797	3.533
2.798	3.533
2.798	3.533
2.799	3.533
2.799	3.533
2.799	3.532
2.800	3.532
2.800	3.532
2.801	3.532
2.801	3.531
2.802	3.531
2.802	3.531
2.803	3.531
2.803	3.530
2.803	3.530
2.804	3.530
2.804	3.530
2.805	3.530
2.805	3.529
2.806	3.529
2.806	3.529
2.807	3.529
2.807	3.528
2.808	3.528
2.808	3.528
2.808	3.528
2.809	3.528
2.809	3.527
2.810	3.527
2.810	3.527
2.811	3.527
2.811	3.526
2.812	3.526
2.812	3.526
2.813	3.526
2.813	3.526
2.813	3.525
2.814	3.525
2.814	3.525
2.815	3.525
2.815	3.524
2.816	3.524
2.816	3.524
2.817	3.524
2.817	3.523
2.817	3.523
2.818	3.523
2.818	3.523
2.819	3.523
2.819	3.522
2.820	3.522
2.820	3.522
2.821	3.522
2.821	3.521
2.822	3.521
2.822	3.521
2.822	3.521
2.823	3.521
2.823	3.520
2.824	3.520
2.824	3.520
2.825	3.520
2.825	3.519
2.826	3.519
2.826	3.519
2.827	3.519
2.827	3.519
2.827	3.518
2.828	3.518
2.828	3.518
2.829	3.518
2.829	3.517
2.830	3.517
2.830	3.517
2.831	3.517
2.831	3.516
2.831	3.516
2.832	3.516
2.832	3.516
2.833	3.516
2.833	3.515
2.834	3.515
2.834	3.515
2.835	3.515
2.835	3.514
2.836	3.514
2.836	3.514
2.836	3.514
2.837	3.514
2.837	3.513
2.838	3.513
2.838	3.513
2.839	3.513
2.839	3.512
2.840	3.512
2.840	3.512
2.841	3.512
2.841	3.512
2.841	3.511
2.842	3.511
2.842	3.511
2.843	3.511
2.843	3.510
2.844	3.510
2.844	3.510
2.845	3.510
2.845	3.509
2.845	3.509
2.846	3.509
2.846	3.509
2.847	3.509
2.847	3.508
2.848	3.508
2.848	3.508
2.849	3.508
2.849	3.507
2.850	3.507
2.850	3.507
2.850	3.507
2.850	3.507
2.851	3.507
2.851	3.506
2.852	3.506
2.852	3.506
2.853	3.506
2.853	3.506
2.854	3.505
2.854	3.505
2.855	3.505
2.855	3.505
2.856	3.505
2.856	3.504
2.856	3.504
2.857	3.504
2.857	3.504
2.858	3.503
2.858	3.503
2.859	3.503
2.859	3.503
2.860	3.503
2.860	3.502
2.861	3.502
2.861	3.502
2.862	3.502
2.862	3.502
2.862	3.501
2.863	3.501
2.863	3.501
2.864	3.501
2.864	3.501
2.865	3.500
2.865	3.500
2.866	3.500
2.866	3.500
2.867	3.500
2.867	3.499
2.868	3.499
2.868	3.499
2.868	3.499
2.869	3.499
2.869	3.498
2.870	3.498
2.870	3.498
2.871	3.498
2.871	3.497
2.872	3.497
2.872	3.497
2.873	3.497
2.873	3.497
2.874	3.496
2.874	3.496
2.874	3.496
2.875	3.496
2.875	3.496
2.876	3.495
2.876	3.495
2.877	3.495
2.877	3.495
2.878	3.495
2.878	3.494
2.879	3.494
2.879	3.494
2.880	3.494
2.880	3.494
2.880	3.493
2.881	3.493
2.881	3.493
2.882	3.493
2.882	3.493
2.883	3.492
2.883	3.492
2.884	3.492
2.884	3.492
2.885	3.491
2.885	3.491
2.886	3.491
2.886	3.491
2.886	3.491
2.887	3.490
2.887	3.490
2.888	3.490
2.888	3.490
2.889	3.490
2.889	3.489
2.890	3.489
2.890	3.489
2.891	3.489
2.891	3.489
2.891	3.488
2.892	3.488
2.892	3.488
2.893	3.488
2.893	3.488
2.894	3.487
2.894	3.487
2.895	3.487
2.895	3.487
2.896	3.487
2.896	3.486
2.897	3.486
2.897	3.486
2.897	3.486
2.898	3.485
2.898	3.485
2.899	3.485
2.899	3.485
2.900	3.485
2.900	3.484
2.901	3.484
2.901	3.484
2.902	3.484
2.902	3.484
2.903	3.483
2.903	3.483
2.903	3.483
2.904	3.483
2.904	3.483
2.905	3.482
2.905	3.482
2.906	3.482
2.906	3.482
2.907	3.482
2.907	3.481
2.908	3.481
2.908	3.481
2.909	3.481
2.909	3.481
2.909	3.480
2.910	3.480
2.910	3.480
2.911	3.480
2.911	3.479
2.912	3.479
2.912	3.479
2.913	3.479
2.913	3.479
2.914	3.478
2.914	3.478
2.915	3.478
2.915	3.478
2.915	3.478
2.916	3.477
2.916	3.477
2.917	3.477
2.917	3.477
2.918	3.477
2.918	3.476
2.919	3.476
2.919	3.476
2.920	3.476
2.920	3.476
2.921	3.475
2.921	3.475
2.921	3.475
2.922	3.475
2.922	3.475
2.923	3.474
2.923	3.474
2.924	3.474
2.924	3.474
2.925	3.473
2.925	3.473
2.926	3.473
2.926	3.473
2.927	3.473
2.927	3.472
2.927	3.472
2.928	3.472
2.928	3.472
2.929	3.472
2.929	3.471
2.930	3.471
2.930	3.471
2.931	3.471
2.931	3.471
2.932	3.470
2.932	3.470
2.933	3.470
2.933	3.470
2.933	3.470
2.934	3.469
2.934	3.469
2.935	3.469
2.935	3.469
2.936	3.468
2.936	3.468
2.937	3.468
2.937	3.468
2.938	3.468
2.938	3.467
2.939	3.467
2.939	3.467
2.939	3.467
2.940	3.467
2.940	3.466
2.941	3.466
2.941	3.466
2.942	3.466
2.942	3.466
2.943	3.465
2.943	3.465
2.944	3.465
2.944	3.465
2.945	3.465
2.945	3.464
2.945	3.464
2.946	3.464
2.946	3.464
2.947	3.464
2.947	3.463
2.948	3.463
2.948	3.463
2.949	3.463
2.949	3.462
2.950	3.462
2.950	3.462
2.950	3.462
2.951	3.462
2.951	3.461
2.951	3.461
2.952	3.461
2.952	3.461
2.953	3.461
2.953	3.461
2.954	3.460
2.954	3.460
2.955	3.460
2.955	3.460
2.956	3.460
2.956	3.460
2.957	3.459
2.957	3.459
2.957	3.459
2.958	3.459
2.958	3.459
2.959	3.458
2.959	3.458
2.960	3.458
2.960	3.458
2.961	3.458
2.961	3.457
2.962	3.457
2.962	3.457
2.963	3.457
2.963	3.457
2.964	3.456
2.964	3.456
2.965	3.456
2.965	3.456
2.965	3.456
2.966	3.455
2.966	3.455
2.967	3.455
2.967	3.455
2.968	3.455
2.968	3.455
2.969	3.454
2.969	3.454
2.970	3.454
2.970	3.454
2.971	3.454
2.971	3.453
2.972	3.453
2.972	3.453
2.972	3.453
2.973	3.453
2.973	3.452
2.974	3.452
2.974	3.452
2.975	3.452
2.975	3.452
2.976	3.451
2.976	3.451
2.977	3.451
2.977	3.451
2.978	3.451
2.978	3.450
2.979	3.450
2.979	3.450
2.979	3.450
2.980	3.450
2.980	3.450
2.981	3.449
2.981	3.449
2.982	3.449
2.982	3.449
2.983	3.449
2.983	3.448
2.984	3.448
2.984	3.448
2.985	3.448
2.985	3.448
2.986	3.447
2.986	3.447
2.986	3.447
2.987	3.447
2.987	3.447
2.988	3.446
2.988	3.446
2.989	3.446
2.989	3.446
2.990	3.446
2.990	3.445
2.991	3.445
2.991	3.445
2.992	3.445
2.992	3.445
2.993	3.445
2.993	3.444
2.993	3.444
2.994	3.444
2.994	3.444
2.995	3.444
2.995	3.443
2.996	3.443
2.996	3.443
2.997	3.443
2.997	3.443
2.998	3.442
2.998	3.442
2.999	3.442
2.999	3.442
3.000	3.442
3.000	3.441
3.001	3.441
3.001	3.441
3.001	3.441
3.002	3.441
3.002	3.440
3.003	3.440
3.003	3.440
3.004	3.440
3.004	3.440
3.005	3.440
3.005	3.439
3.006	3.439
3.006	3.439
3.007	3.439
3.007	3.439
3.008	3.438
3.008	3.438
3.008	3.438
3.009	3.438
3.009	3.438
3.010	3.437
3.010	3.437
3.011	3.437
3.011	3.437
3.012	3.437
3.012	3.436
3.013	3.436
3.013	3.436
3.014	3.436
3.014	3.436
3.015	3.435
3.015	3.435
3.015	3.435
3.016	3.435
3.016	3.435
3.017	3.435
3.017	3.434
3.018	3.434
3.018	3.434
3.019	3.434
3.019	3.434
3.020	3.433
3.020	3.433
3.021	3.433
3.021	3.433
3.022	3.433
3.022	3.432
3.022	3.432
3.023	3.432
3.023	3.432
3.024	3.432
3.024	3.431
3.025	3.431
3.025	3.431
3.026	3.431
3.026	3.431
3.027	3.430
3.027	3.430
3.028	3.430
3.028	3.430
3.029	3.430
3.029	3.429
3.029	3.429
3.030	3.429
3.030	3.429
3.031	3.429
3.031	3.429
3.032	3.428
3.032	3.428
3.033	3.428
3.033	3.428
3.034	3.428
3.034	3.427
3.035	3.427
3.035	3.427
3.036	3.427
3.036	3.427
3.037	3.426
3.037	3.426
3.037	3.426
3.038	3.426
3.038	3.426
3.038	3.426
3.039	3.425
3.039	3.425
3.040	3.425
3.040	3.425
3.041	3.425
3.041	3.425
3.042	3.425
3.042	3.424
3.043	3.424
3.043	3.424
3.044	3.424
3.044	3.424
3.045	3.424
3.045	3.424
3.046	3.423
3.046	3.423
3.047	3.423
3.047	3.423
3.048	3.423
3.048	3.423
3.049	3.422
3.049	3.422
3.049	3.422
3.050	3.422
3.050	3.422
3.051	3.422
3.051	3.422
3.052	3.421
3.052	3.421
3.053	3.421
3.053	3.421
3.054	3.421
3.054	3.421
3.055	3.421
3.055	3.420
3.056	3.420
3.056	3.420
3.057	3.420
3.057	3.420
3.058	3.420
3.058	3.419
3.059	3.419
3.059	3.419
3.060	3.419
3.060	3.419
3.061	3.419
3.061	3.419
3.062	3.418
3.062	3.418
3.063	3.418
3.063	3.418
3.064	3.418
3.064	3.418
3.064	3.418
3.065	3.417
3.065	3.417
3.066	3.417
3.066	3.417
3.067	3.417
3.067	3.417
3.068	3.416
3.068	3.416
3.069	3.416
3.069	3.416
3.070	3.416
3.070	3.416
3.071	3.416
3.071	3.415
3.072	3.415
3.072	3.415
3.073	3.415
3.073	3.415
3.074	3.415
3.074	3.415
3.075	3.414
3.075	3.414
3.076	3.414
3.076	3.414
3.077	3.414
3.077	3.414
3.078	3.413
3.078	3.413
3.078	3.413
3.079	3.413
3.079	3.413
3.080	3.413
3.080	3.413
3.081	3.412
3.081	3.412
3.082	3.412
3.082	3.412
3.083	3.412
3.083	3.412
3.084	3.412
3.084	3.411
3.085	3.411
3.085	3.411
3.086	3.411
3.086	3.411
3.087	3.411
3.087	3.410
3.088	3.410
3.088	3.410
3.089	3.410
3.089	3.410
3.090	3.410
3.090	3.410
3.091	3.409
3.091	3.409
3.092	3.409
3.092	3.409
3.093	3.409
3.093	3.409
3.093	3.409
3.094	3.408
3.094	3.408
3.095	3.408
3.095	3.408
3.096	3.408
3.096	3.408
3.097	3.407
3.097	3.407
3.098	3.407
3.098	3.407
3.099	3.407
3.099	3.407
3.100	3.407
3.100	3.406
3.101	3.406
3.101	3.406
3.101	3.406
3.102	3.406
3.102	3.406
3.103	3.406
3.103	3.406
3.104	3.406
3.104	3.406
3.105	3.406
3.105	3.406
3.106	3.405
3.106	3.405
3.107	3.405
3.107	3.405
3.108	3.405
3.108	3.405
3.109	3.405
3.109	3.405
3.110	3.405
3.110	3.405
3.111	3.405
3.111	3.405
3.112	3.405
3.112	3.404
3.113	3.404
3.113	3.404
3.114	3.404
3.114	3.404
3.115	3.404
3.115	3.404
3.116	3.404
3.116	3.404
3.117	3.404
3.117	3.404
3.118	3.404
3.118	3.403
3.119	3.403
3.119	3.403
3.120	3.403
3.120	3.403
3.121	3.403
3.121	3.403
3.122	3.403
3.122	3.403
3.123	3.403
3.123	3.403
3.124	3.403
3.124	3.403
3.125	3.402
3.125	3.402
3.126	3.402
3.126	3.402
3.127	3.402
3.127	3.402
3.128	3.402
3.128	3.402
3.129	3.402
3.129	3.402
3.130	3.402
3.130	3.402
3.131	3.402
3.131	3.401
3.132	3.401
3.132	3.401
3.133	3.401
3.133	3.401
3.134	3.401
3.134	3.401
3.135	3.401
3.135	3.401
3.136	3.401
3.136	3.401
3.137	3.401
3.137	3.400
3.138	3.400
3.138	3.400
3.139	3.400
3.139	3.400
3.140	3.400
3.140	3.400
3.141	3.400
3.141	3.400
3.142	3.400
3.142	3.400
3.143	3.400
3.143	3.400
3.144	3.399
3.144	3.399
3.145	3.399
3.145	3.399
3.146	3.399
3.146	3.399
3.147	3.399
3.147	3.399
3.148	3.399
3.148	3.399
3.149	3.399
3.149	3.399
3.150	3.399
3.150	3.398
3.151	3.398
3.151	3.398
3.152	3.398
3.152	3.398
3.153	3.398
3.153	3.398
3.153	3.398
3.154	3.398
3.154	3.398
3.155	3.398
3.155	3.398
3.156	3.397
3.156	3.397
3.157	3.397
3.157	3.397
3.158	3.397
3.158	3.397
3.159	3.397
3.159	3.397
3.159	3.397
3.160	3.397
3.160	3.397
3.161	3.397
3.161	3.397
3.162	3.397
3.162	3.397
3.163	3.397
3.164	3.397
3.164	3.397
3.165	3.397
3.165	3.397
3.166	3.397
3.166	3.397
3.167	3.397
3.167	3.397
3.168	3.397
3.168	3.397
3.169	3.397
3.169	3.397
3.170	3.397
3.170	3.397
3.171	3.397
3.171	3.396
3.172	3.396
3.172	3.396
3.173	3.396
3.173	3.396
3.174	3.396
3.174	3.396
3.175	3.396
3.175	3.396
3.176	3.396
3.176	3.396
3.177	3.396
3.177	3.396
3.178	3.396
3.178	3.396
3.179	3.396
3.179	3.396
3.180	3.396
3.180	3.396
3.181	3.396
3.181	3.396
3.182	3.396
3.182	3.396
3.183	3.396
3.183	3.396
3.184	3.396
3.184	3.396
3.185	3.396
3.185	3.396
3.186	3.396
3.186	3.396
3.187	3.396
3.187	3.396
3.188	3.396
3.188	3.396
3.189	3.396
3.189	3.396
3.190	3.396
3.190	3.396
3.191	3.396
3.191	3.396
3.192	3.396
3.192	3.396
3.193	3.396
3.193	3.396
3.194	3.396
3.194	3.396
3.195	3.396
3.195	3.396
3.196	3.396
3.196	3.396
3.197	3.396
3.197	3.395
3.198	3.395
3.198	3.395
3.199	3.395
3.199	3.395
3.200	3.395
3.200	3.395
3.201	3.395
3.201	3.395
3.202	3.395
3.202	3.395
3.203	3.395
3.203	3.395
3.204	3.395
3.204	3.395
3.205	3.395
3.205	3.395
3.206	3.395
3.206	3.395
3.207	3.395
3.207	3.395
3.208	3.395
3.208	3.395
3.209	3.395
3.209	3.395
3.210	3.395
3.210	3.395
3.211	3.395
3.211	3.395
3.212	3.395
3.212	3.395
3.213	3.395
3.213	3.395
3.214	3.395
3.214	3.395
3.215	3.395
3.215	3.395
3.216	3.395
3.216	3.395
3.217	3.395
3.217	3.395
3.218	3.395
3.218	3.395
3.219	3.395
3.219	3.395
3.220	3.395
3.220	3.395
3.221	3.395
3.221	3.395
3.222	3.395
3.222	3.395
3.223	3.394
3.223	3.394
3.224	3.394
3.224	3.394
3.225	3.394
3.225	3.394
3.226	3.394
3.226	3.394
3.227	3.394
3.227	3.394
3.228	3.394
3.229	3.394
3.229	3.394
3.230	3.394
3.230	3.394
3.231	3.394
3.231	3.394
3.232	3.394
3.232	3.394
3.233	3.394
3.233	3.394
3.233	3.394
3.234	3.394
3.234	3.394
3.235	3.394
3.235	3.394
3.236	3.394
3.236	3.394
3.237	3.394
3.237	3.394
3.238	3.395
3.238	3.395
3.239	3.395
3.239	3.395
3.240	3.395
3.240	3.395
3.241	3.395
3.241	3.395
3.242	3.395
3.242	3.395
3.243	3.395
3.243	3.395
3.244	3.395
3.244	3.395
3.245	3.395
3.245	3.395
3.246	3.395
3.246	3.395
3.247	3.395
3.247	3.395
3.248	3.395
3.248	3.395
3.249	3.395
3.249	3.395
3.250	3.395
3.250	3.395
3.251	3.396
3.251	3.396
3.252	3.396
3.252	3.396
3.253	3.396
3.253	3.396
3.254	3.396
3.254	3.396
3.255	3.396
3.255	3.396
3.256	3.396
3.256	3.396
3.257	3.396
3.257	3.396
3.258	3.396
3.258	3.396
3.259	3.396
3.259	3.396
3.260	3.396
3.260	3.396
3.261	3.396
3.261	3.396
3.262	3.396
3.262	3.396
3.263	3.396
3.263	3.396
3.264	3.397
3.264	3.397
3.265	3.397
3.265	3.397
3.266	3.397
3.266	3.397
3.267	3.397
3.267	3.397
3.268	3.397
3.268	3.397
3.269	3.397
3.269	3.397
3.270	3.397
3.270	3.397
3.271	3.397
3.271	3.397
3.272	3.397
3.272	3.397
3.273	3.397
3.273	3.397
3.274	3.397
3.274	3.397
3.275	3.397
3.275	3.397
3.276	3.397
3.276	3.397
3.277	3.398
3.277	3.398
3.278	3.398
3.278	3.398
3.279	3.398
3.279	3.398
3.280	3.398
3.280	3.398
3.281	3.398
3.281	3.398
3.282	3.398
3.282	3.398
3.283	3.398
3.283	3.398
3.284	3.398
3.284	3.398
3.285	3.398
3.285	3.398
3.286	3.398
3.286	3.398
3.287	3.398
3.287	3.398
3.288	3.398
3.288	3.398
3.289	3.398
3.289	3.398
3.290	3.399
3.290	3.399
3.291	3.399
3.291	3.399
3.292	3.399
3.292	3.399
3.293	3.399
3.293	3.399
3.294	3.399
3.294	3.399
3.295	3.399
3.295	3.399
3.296	3.399
3.296	3.399
3.297	3.399
3.297	3.399
3.298	3.399
3.298	3.399
3.299	3.399
3.299	3.399
3.300	3.399
3.300	3.399
3.301	3.399
3.301	3.399
3.302	3.399
3.302	3.399
3.303	3.400
3.303	3.400
3.304	3.400
3.304	3.400
3.305	3.400
3.305	3.400
3.306	3.400
3.306	3.400
3.307	3.400
3.307	3.400
3.308	3.400
3.308	3.400
3.309	3.400
3.309	3.400
3.310	3.400
3.310	3.400
3.311	3.400
3.311	3.400
3.312	3.400
3.312	3.400
3.313	3.400
3.313	3.400
3.314	3.400
3.314	3.400
3.315	3.400
3.315	3.400
3.316	3.401
3.316	3.401
3.317	3.401
3.317	3.401
3.318	3.401
3.318	3.401
3.319	3.401
3.319	3.401
3.320	3.401
3.320	3.401
3.321	3.401
3.321	3.401
3.322	3.401
3.322	3.401
3.323	3.401
3.323	3.401
3.324	3.401
3.324	3.401
3.325	3.401
3.325	3.401
3.326	3.401
3.326	3.401
3.327	3.401
3.327	3.401
3.328	3.401
3.329	3.401
3.329	3.402
3.330	3.402
3.330	3.402
3.331	3.402
3.331	3.402
3.332	3.402
3.332	3.402
3.333	3.402
3.333	3.402
3.334	3.402
3.334	3.402
3.335	3.402
3.335	3.402
3.336	3.402
3.336	3.402
3.337	3.402
3.337	3.402
3.338	3.402
3.338	3.402
3.339	3.402
3.339	3.402
3.340	3.402
3.340	3.402
3.341	3.402
3.341	3.402
3.342	3.402
3.342	3.403
3.343	3.403
3.343	3.403
3.344	3.403
3.344	3.403
3.344	3.403
3.345	3.403
3.345	3.403
3.346	3.403
3.346	3.403
3.347	3.403
3.347	3.403
3.348	3.403
3.348	3.404
3.349	3.404
3.349	3.404
3.350	3.404
3.350	3.404
3.351	3.404
3.351	3.404
3.351	3.404
3.352	3.404
3.352	3.404
3.353	3.405
3.353	3.405
3.354	3.405
3.354	3.405
3.355	3.405
3.355	3.405
3.356	3.405
3.356	3.405
3.357	3.405
3.357	3.405
3.358	3.406
3.358	3.406
3.359	3.406
3.359	3.406
3.360	3.406
3.360	3.406
3.361	3.406
3.361	3.406
3.362	3.406
3.362	3.407
3.363	3.407
3.363	3.407
3.364	3.407
3.364	3.407
3.365	3.407
3.365	3.407
3.366	3.407
3.366	3.407
3.367	3.407
3.367	3.408
3.368	3.408
3.368	3.408
3.369	3.408
3.369	3.408
3.370	3.408
3.370	3.408
3.371	3.408
3.371	3.408
3.372	3.409
3.372	3.409
3.373	3.409
3.373	3.409
3.374	3.409
3.374	3.409
3.375	3.409
3.375	3.409
3.376	3.409
3.376	3.409
3.377	3.410
3.377	3.410
3.378	3.410
3.378	3.410
3.379	3.410
3.379	3.410
3.380	3.410
3.380	3.410
3.381	3.410
3.381	3.410
3.382	3.411
3.382	3.411
3.383	3.411
3.383	3.411
3.384	3.411
3.384	3.411
3.385	3.411
3.385	3.411
3.386	3.411
3.386	3.412
3.387	3.412
3.387	3.412
3.388	3.412
3.388	3.412
3.389	3.412
3.389	3.412
3.390	3.412
3.390	3.412
3.391	3.412
3.391	3.413
3.392	3.413
3.392	3.413
3.393	3.413
3.393	3.413
3.394	3.413
3.394	3.413
3.395	3.413
3.395	3.413
3.396	3.414
3.396	3.414
3.396	3.414
3.397	3.414
3.397	3.414
3.398	3.414
3.398	3.414
3.399	3.414
3.399	3.414
3.400	3.414
3.400	3.415
3.401	3.415
3.401	3.415
3.402	3.415
3.402	3.415
3.403	3.415
3.403	3.415
3.404	3.415
3.404	3.415
3.405	3.415
3.405	3.416
3.406	3.416
3.406	3.416
3.407	3.416
3.407	3.416
3.408	3.416
3.408	3.416
3.409	3.416
3.409	3.416
3.410	3.417
3.410	3.417
3.411	3.417
3.411	3.417
3.412	3.417
3.412	3.417
3.413	3.417
3.413	3.417
3.414	3.417
3.414	3.417
3.415	3.418
3.415	3.418
3.416	3.418
3.416	3.418
3.417	3.418
3.417	3.418
3.418	3.418
3.418	3.418
3.419	3.418
3.419	3.418
3.420	3.419
3.420	3.419
3.421	3.419
3.421	3.419
3.422	3.419
3.422	3.419
3.423	3.419
3.423	3.419
3.424	3.419
3.424	3.420
3.425	3.420
3.425	3.420
3.426	3.420
3.426	3.420
3.427	3.420
3.427	3.420
3.428	3.420
3.428	3.420
3.429	3.420
3.429	3.421
3.430	3.421
3.430	3.421
3.431	3.421
3.431	3.421
3.432	3.421
3.432	3.421
3.433	3.421
3.433	3.421
3.434	3.422
3.434	3.422
3.435	3.422
3.435	3.422
3.436	3.422
3.436	3.422
3.437	3.422
3.437	3.422
3.438	3.422
3.438	3.422
3.439	3.423
3.439	3.423
3.440	3.423
3.440	3.423
3.440	3.423
3.441	3.423
3.441	3.423
3.442	3.423
3.442	3.423
3.443	3.423
3.443	3.424
3.444	3.424
3.444	3.424
3.445	3.424
3.445	3.424
3.446	3.424
3.446	3.424
3.447	3.424
3.447	3.424
3.448	3.425
3.448	3.425
3.449	3.425
3.449	3.425
3.450	3.425
3.450	3.425
3.451	3.425
3.451	3.425
3.452	3.425
3.452	3.425
3.453	3.426
3.453	3.426
3.454	3.426
3.454	3.426
3.455	3.426
3.455	3.426
3.456	3.426
3.456	3.426
3.457	3.426
3.457	3.427
3.458	3.427
3.458	3.427
3.459	3.427
3.459	3.427
3.460	3.427
3.460	3.427
3.461	3.427
3.461	3.427
3.462	3.427
3.462	3.427
3.462	3.428
3.463	3.428
3.463	3.428
3.464	3.428
3.464	3.428
3.465	3.428
3.465	3.429
3.466	3.429
3.466	3.429
3.467	3.429
3.467	3.429
3.468	3.429
3.468	3.430
3.468	3.430
3.469	3.430
3.469	3.430
3.470	3.430
3.470	3.430
3.471	3.430
3.471	3.431
3.472	3.431
3.472	3.431
3.473	3.431
3.473	3.431
3.474	3.431
3.474	3.432
3.475	3.432
3.475	3.432
3.476	3.432
3.476	3.432
3.477	3.432
3.477	3.433
3.478	3.433
3.478	3.433
3.479	3.433
3.479	3.433
3.480	3.433
3.480	3.433
3.480	3.434
3.481	3.434
3.481	3.434
3.482	3.434
3.482	3.434
3.483	3.434
3.483	3.435
3.484	3.435
3.484	3.435
3.485	3.435
3.485	3.435
3.486	3.435
3.486	3.436
3.487	3.436
3.487	3.436
3.488	3.436
3.488	3.436
3.489	3.436
3.489	3.436
3.490	3.437
3.490	3.437
3.491	3.437
3.491	3.437
3.492	3.437
3.492	3.437
3.492	3.438
3.493	3.438
3.493	3.438
3.494	3.438
3.494	3.438
3.495	3.438
3.495	3.439
3.496	3.439
3.496	3.439
3.497	3.439
3.497	3.439
3.498	3.439
3.498	3.439
3.499	3.440
3.499	3.440
3.500	3.440
3.500	3.440
3.501	3.440
3.501	3.440
3.502	3.441
3.502	3.441
3.503	3.441
3.503	3.441
3.503	3.441
3.504	3.441
3.504	3.442
3.505	3.442
3.505	3.442
3.506	3.442
3.506	3.442
3.507	3.442
3.507	3.442
3.508	3.443
3.508	3.443
3.509	3.443
3.509	3.443
3.510	3.443
3.510	3.443
3.511	3.444
3.511	3.444
3.512	3.444
3.512	3.444
3.513	3.444
3.513	3.444
3.514	3.445
3.514	3.445
3.515	3.445
3.515	3.445
3.515	3.445
3.516	3.445
3.516	3.446
3.517	3.446
3.517	3.446
3.518	3.446
3.518	3.446
3.519	3.446
3.519	3.446
3.520	3.447
3.520	3.447
3.521	3.447
3.521	3.447
3.522	3.447
3.522	3.447
3.523	3.448
3.523	3.448
3.524	3.448
3.524	3.448
3.525	3.448
3.525	3.448
3.526	3.449
3.526	3.449
3.527	3.449
3.527	3.449
3.527	3.449
3.528	3.449
3.528	3.449
3.529	3.450
3.529	3.450
3.530	3.450
3.530	3.450
3.531	3.450
3.531	3.450
3.532	3.451
3.532	3.451
3.533	3.451
3.533	3.451
3.534	3.451
3.534	3.451
3.535	3.452
3.535	3.452
3.536	3.452
3.536	3.452
3.537	3.452
3.537	3.452
3.538	3.452
3.538	3.453
3.539	3.453
3.539	3.453
3.539	3.453
3.540	3.453
3.540	3.453
3.541	3.454
3.541	3.454
3.542	3.454
3.542	3.454
3.543	3.454
3.543	3.454
3.544	3.455
3.544	3.455
3.545	3.455
3.545	3.455
3.546	3.455
3.546	3.455
3.547	3.455
3.547	3.456
3.548	3.456
3.548	3.456
3.549	3.456
3.549	3.456
3.550	3.456
3.550	3.457
3.551	3.457
3.551	3.457
3.551	3.457
3.552	3.457
3.552	3.457
3.553	3.458
3.553	3.458
3.554	3.458
3.554	3.458
3.555	3.458
3.555	3.458
3.556	3.458
3.556	3.459
3.557	3.459
3.557	3.459
3.558	3.459
3.558	3.459
3.559	3.459
3.559	3.460
3.560	3.460
3.560	3.460
3.561	3.460
3.561	3.460
3.562	3.460
3.562	3.461
3.563	3.461
3.563	3.461
3.563	3.461
3.564	3.461
3.564	3.461
3.565	3.462
3.565	3.462
3.566	3.462
3.566	3.462
3.567	3.462
3.567	3.462
3.568	3.462
3.568	3.463
3.569	3.463
3.569	3.463
3.570	3.463
3.570	3.463
3.571	3.463
3.571	3.464
3.572	3.464
3.572	3.464
3.573	3.464
3.573	3.464
3.574	3.464
3.574	3.465
3.575	3.465
3.575	3.465
3.575	3.465
3.576	3.465
3.576	3.465
3.577	3.465
3.577	3.466
3.578	3.466
3.578	3.466
3.579	3.466
3.579	3.466
3.580	3.466
3.580	3.467
3.581	3.467
3.581	3.467
3.582	3.467
3.582	3.467
3.583	3.467
3.583	3.468
3.584	3.468
3.584	3.468
3.585	3.468
3.585	3.468
3.586	3.468
3.586	3.468
3.587	3.469
3.587	3.469
3.587	3.469
3.587	3.469
3.588	3.469
3.588	3.469
3.589	3.470
3.589	3.470
3.590	3.470
3.590	3.470
3.591	3.470
3.591	3.471
3.592	3.471
3.592	3.471
3.593	3.471
3.593	3.471
3.593	3.472
3.594	3.472
3.594	3.472
3.595	3.472
3.595	3.472
3.596	3.473
3.596	3.473
3.597	3.473
3.597	3.473
3.598	3.473
3.598	3.474
3.599	3.474
3.599	3.474
3.599	3.474
3.600	3.474
3.600	3.475
3.601	3.475
3.601	3.475
3.602	3.475
3.602	3.475
3.603	3.476
3.603	3.476
3.604	3.476
3.604	3.476
3.605	3.476
3.605	3.477
3.606	3.477
3.606	3.477
3.606	3.477
3.607	3.477
3.607	3.478
3.608	3.478
3.608	3.478
3.609	3.478
3.609	3.478
3.610	3.479
3.610	3.479
3.611	3.479
3.611	3.479
3.612	3.479
3.612	3.480
3.612	3.480
3.613	3.480
3.613	3.480
3.614	3.480
3.614	3.481
3.615	3.481
3.615	3.481
3.616	3.481
3.616	3.481
3.617	3.482
3.617	3.482
3.618	3.482
3.618	3.482
3.618	3.482
3.619	3.483
3.619	3.483
3.620	3.483
3.620	3.483
3.621	3.484
3.621	3.484
3.622	3.484
3.622	3.484
3.623	3.484
3.623	3.485
3.624	3.485
3.624	3.485
3.624	3.485
3.625	3.485
3.625	3.486
3.626	3.486
3.626	3.486
3.627	3.486
3.627	3.486
3.628	3.487
3.628	3.487
3.629	3.487
3.629	3.487
3.630	3.487
3.630	3.488
3.631	3.488
3.631	3.488
3.631	3.488
3.632	3.488
3.632	3.489
3.633	3.489
3.633	3.489
3.634	3.489
3.634	3.489
3.635	3.490
3.635	3.490
3.636	3.490
3.636	3.490
3.637	3.490
3.637	3.491
3.637	3.491
3.638	3.491
3.638	3.491
3.639	3.491
3.639	3.492
3.640	3.492
3.640	3.492
3.641	3.492
3.641	3.492
3.642	3.493
3.642	3.493
3.643	3.493
3.643	3.493
3.643	3.493
3.644	3.494
3.644	3.494
3.645	3.494
3.645	3.494
3.646	3.494
3.646	3.495
3.647	3.495
3.647	3.495
3.648	3.495
3.648	3.495
3.649	3.496
3.649	3.496
3.649	3.496
3.650	3.496
3.650	3.496
3.651	3.497
3.651	3.497
3.652	3.497
3.652	3.497
3.653	3.497
3.653	3.498
3.654	3.498
3.654	3.498
3.655	3.498
3.655	3.498
3.656	3.499
3.656	3.499
3.656	3.499
3.657	3.499
3.657	3.499
3.658	3.500
3.658	3.500
3.659	3.500
3.659	3.500
3.660	3.500
3.660	3.501
3.661	3.501
3.661	3.501
3.662	3.501
3.662	3.501
3.662	3.502
3.663	3.502
3.663	3.502
3.664	3.502
3.664	3.502
3.665	3.503
3.665	3.503
3.666	3.503
3.666	3.503
3.667	3.503
3.667	3.504
3.668	3.504
3.668	3.504
3.668	3.504
3.669	3.504
3.669	3.505
3.670	3.505
3.670	3.505
3.671	3.505
3.671	3.505
3.672	3.506
3.672	3.506
3.673	3.506
3.673	3.506
3.674	3.506
3.674	3.507
3.675	3.507
3.675	3.507
3.675	3.507
3.676	3.507
3.676	3.508
3.677	3.508
3.677	3.508
3.678	3.508
3.678	3.509
3.679	3.509
3.679	3.509
3.680	3.509
3.680	3.509
3.681	3.510
3.681	3.510
3.681	3.510
3.682	3.510
3.682	3.510
3.683	3.511
3.683	3.511
3.684	3.511
3.684	3.511
3.685	3.511
3.685	3.512
3.686	3.512
3.686	3.512
3.687	3.512
3.687	3.512
3.687	3.513
3.688	3.513
3.688	3.513
3.689	3.513
3.689	3.513
3.690	3.514
3.690	3.514
3.691	3.514
3.691	3.514
3.692	3.514
3.692	3.515
3.693	3.515
3.693	3.515
3.693	3.515
3.694	3.515
3.694	3.516
3.695	3.516
3.695	3.516
3.696	3.516
3.696	3.516
3.697	3.517
3.697	3.517
3.698	3.517
3.698	3.517
3.699	3.517
3.699	3.518
3.700	3.518
3.700	3.518
3.700	3.518
3.701	3.518
3.701	3.519
3.702	3.519
3.702	3.519
3.703	3.519
3.703	3.519
3.704	3.520
3.704	3.520
3.705	3.520
3.705	3.520
3.706	3.520
3.706	3.521
3.706	3.521
3.707	3.521
3.707	3.521
3.708	3.521
3.708	3.522
3.709	3.522
3.709	3.522
3.710	3.522
3.710	3.522
3.711	3.523
3.711	3.523
3.712	3.523
3.712	3.523
3.712	3.523
3.713	3.524
3.713	3.524
3.714	3.524
3.714	3.524
3.715	3.524
3.715	3.525
3.716	3.525
3.716	3.525
3.717	3.525
3.717	3.525
3.718	3.526
3.718	3.526
3.718	3.526
3.719	3.526
3.719	3.526
3.720	3.527
3.720	3.527
3.721	3.527
3.721	3.527
3.721	3.527
3.722	3.527
3.722	3.528
3.723	3.528
3.723	3.528
3.724	3.528
3.724	3.529
3.724	3.529
3.725	3.529
3.725	3.529
3.726	3.529
3.726	3.530
3.727	3.530
3.727	3.530
3.728	3.530
3.728	3.530
3.729	3.531
3.729	3.531
3.730	3.531
3.730	3.531
3.730	3.532
3.731	3.532
3.731	3.532
3.732	3.532
3.732	3.532
3.733	3.533
3.733	3.533
3.734	3.533
3.734	3.533
3.735	3.533
3.735	3.534
3.736	3.534
3.736	3.534
3.736	3.534
3.737	3.535
3.737	3.535
3.738	3.535
3.738	3.535
3.739	3.535
3.739	3.536
3.740	3.536
3.740	3.536
3.741	3.536
3.741	3.536
3.742	3.537
3.742	3.537
3.742	3.537
3.743	3.537
3.743	3.538
3.744	3.538
3.744	3.538
3.745	3.538
3.745	3.538
3.746	3.539
3.746	3.539
3.747	3.539
3.747	3.539
3.748	3.540
3.748	3.540
3.748	3.540
3.749	3.540
3.749	3.540
3.750	3.541
3.750	3.541
3.751	3.541
3.751	3.541
3.752	3.541
3.752	3.542
3.753	3.542
3.753	3.542
3.753	3.542
3.754	3.543
3.754	3.543
3.755	3.543
3.755	3.543
3.756	3.543
3.756	3.544
3.757	3.544
3.757	3.544
3.758	3.544
3.758	3.544
3.759	3.545
3.759	3.545
3.759	3.545
3.759	3.545
3.760	3.545
3.760	3.545
3.761	3.546
3.761	3.546
3.762	3.546
3.762	3.546
3.763	3.546
3.763	3.547
3.764	3.547
3.764	3.547
3.765	3.547
3.765	3.547
3.766	3.548
3.766	3.548
3.766	3.548
3.767	3.548
3.767	3.549
3.768	3.549
3.768	3.549
3.769	3.549
3.769	3.549
3.770	3.550
3.770	3.550
3.771	3.550
3.771	3.550
3.772	3.550
3.772	3.551
3.773	3.551
3.773	3.551
3.773	3.551
3.774	3.551
3.774	3.552
3.775	3.552
3.775	3.552
3.776	3.552
3.776	3.552
3.777	3.553
3.777	3.553
3.778	3.553
3.778	3.553
3.779	3.553
3.779	3.554
3.779	3.554
3.780	3.554
3.780	3.554
3.781	3.554
3.781	3.555
3.782	3.555
3.782	3.555
3.783	3.555
3.783	3.555
3.784	3.556
3.784	3.556
3.785	3.556
3.785	3.556
3.786	3.556
3.786	3.557
3.786	3.557
3.787	3.557
3.787	3.557
3.788	3.557
3.788	3.558
3.789	3.558
3.789	3.558
3.790	3.558
3.790	3.558
3.791	3.559
3.791	3.559
3.792	3.559
3.792	3.559
3.793	3.559
3.793	3.559
3.793	3.560
3.793	3.560
3.794	3.560
3.794	3.560
3.795	3.560
3.795	3.561
3.796	3.561
3.796	3.561
3.797	3.561
3.797	3.561
3.798	3.561
3.798	3.562
3.799	3.562
3.799	3.562
3.800	3.562
3.800	3.562
3.801	3.563
3.801	3.563
3.801	3.563
3.802	3.563
3.802	3.563
3.803	3.564
3.803	3.564
3.804	3.564
3.804	3.564
3.805	3.564
3.805	3.564
3.806	3.565
3.806	3.565
3.807	3.565
3.807	3.565
3.808	3.565
3.808	3.566
3.808	3.566
3.809	3.566
3.809	3.566
3.810	3.566
3.810	3.567
3.811	3.567
3.811	3.567
3.812	3.567
3.812	3.567
3.813	3.567
3.813	3.568
3.814	3.568
3.814	3.568
3.815	3.568
3.815	3.568
3.816	3.569
3.816	3.569
3.816	3.569
3.817	3.569
3.817	3.569
3.818	3.570
3.818	3.570
3.819	3.570
3.819	3.570
3.820	3.570
3.820	3.570
3.821	3.571
3.821	3.571
3.821	3.571
3.822	3.571
3.822	3.571
3.823	3.571
3.823	3.571
3.824	3.571
3.824	3.571
3.825	3.572
3.825	3.572
3.826	3.572
3.826	3.572
3.827	3.572
3.827	3.572
3.828	3.572
3.828	3.572
3.829	3.572
3.829	3.572
3.830	3.572
3.830	3.573
3.831	3.573
3.831	3.573
3.831	3.573
3.832	3.573
3.832	3.573
3.833	3.573
3.833	3.572
3.834	3.572
3.834	3.572
3.835	3.572
3.835	3.572
3.836	3.572
3.836	3.572
3.837	3.572
3.837	3.572
3.838	3.572
3.838	3.572
3.839	3.572
3.839	3.572
3.839	3.571
3.840	3.571
3.840	3.571
3.841	3.571
3.841	3.571
3.842	3.570
3.842	3.570
3.843	3.570
3.843	3.570
3.844	3.570
3.844	3.569
3.845	3.569
3.845	3.569
3.846	3.569
3.846	3.569
3.847	3.569
3.847	3.568
3.847	3.568
3.848	3.568
3.848	3.568
3.849	3.568
3.849	3.568
3.849	3.567
3.850	3.567
3.850	3.567
3.851	3.567
3.851	3.566
3.852	3.566
3.852	3.566
3.853	3.566
3.853	3.565
3.854	3.565
3.854	3.565
3.854	3.565
3.855	3.564
3.855	3.564
3.856	3.564
3.856	3.564
3.857	3.563
3.857	3.563
3.858	3.563
3.858	3.563
3.859	3.562
3.859	3.562
3.860	3.562
3.860	3.562
3.860	3.562
3.860	3.561
3.861	3.561
3.861	3.561
3.862	3.561
3.862	3.560
3.862	3.560
3.863	3.560
3.863	3.559
3.864	3.559
3.864	3.559
3.865	3.559
3.865	3.558
3.865	3.558
3.866	3.558
3.866	3.557
3.867	3.557
3.867	3.557
3.867	3.557
3.868	3.556
3.868	3.556
3.869	3.556
3.869	3.555
3.869	3.555
3.870	3.555
3.870	3.555
3.870	3.554
3.871	3.554
3.871	3.554
3.871	3.553
3.872	3.553
3.872	3.552
3.872	3.552
3.873	3.552
3.873	3.551
3.873	3.551
3.874	3.551
3.874	3.550
3.875	3.550
3.875	3.550
3.875	3.549
3.876	3.549
3.876	3.549
3.876	3.548
3.877	3.548
3.877	3.547
3.877	3.547
3.878	3.547
3.878	3.546
3.878	3.546
3.879	3.546
3.879	3.545
3.880	3.545
3.880	3.545
3.880	3.544
3.881	3.544
3.881	3.544
3.881	3.543
3.882	3.543
3.882	3.543
3.882	3.542
3.882	3.542
3.882	3.541
3.883	3.541
3.883	3.541
3.883	3.540
3.883	3.540
3.884	3.539
3.884	3.539
3.884	3.538
3.884	3.538
3.884	3.537
3.885	3.537
3.885	3.536
3.885	3.536
3.885	3.535
3.886	3.535
3.886	3.534
3.886	3.534
3.886	3.534
3.886	3.533
3.887	3.533
3.887	3.532
3.887	3.532
3.887	3.531
3.888	3.531
3.888	3.530
3.888	3.530
3.888	3.530
3.888	3.529
3.888	3.529
3.888	3.528
3.888	3.528
3.888	3.527
3.888	3.527
3.889	3.526
3.889	3.526
3.889	3.525
3.889	3.525
3.889	3.524
3.889	3.524
3.889	3.523
3.889	3.523
3.889	3.522
3.889	3.522
3.889	3.521
3.889	3.521
3.889	3.520
3.889	3.520
3.889	3.519
3.890	3.519
3.890	3.518
3.890	3.518
3.890	3.517
3.890	3.517
3.890	3.516
3.890	3.516
3.890	3.515
3.890	3.514
3.890	3.514
3.890	3.513
3.890	3.513
3.890	3.512
3.890	3.512
3.891	3.511
3.891	3.511
3.891	3.510
3.891	3.510
3.891	3.510
3.891	3.509
3.891	3.509
3.891	3.508
3.891	3.508
3.891	3.507
3.891	3.507
3.891	3.506
3.891	3.506
3.891	3.505
3.891	3.505
3.891	3.504
3.891	3.504
3.891	3.503
3.891	3.503
3.891	3.502
3.891	3.502
3.891	3.501
3.891	3.501
3.891	3.500
3.891	3.500
3.891	3.499
3.891	3.499
3.891	3.498
3.891	3.498
3.891	3.497
3.891	3.497
3.891	3.496
3.891	3.496
3.891	3.495
3.891	3.495
3.891	3.494
3.891	3.494
3.891	3.493
3.891	3.493
3.891	3.492
3.891	3.492
3.891	3.491
3.891	3.491
3.891	3.490
3.891	3.490
3.891	3.489
3.891	3.489
3.891	3.488
3.891	3.488
3.891	3.487
3.891	3.486
3.891	3.486
3.891	3.485
3.891	3.485
3.891	3.484
3.891	3.484
3.891	3.483
3.891	3.483
3.891	3.482
3.891	3.482
3.891	3.481
3.891	3.481
3.891	3.480
3.891	3.480
3.891	3.479
3.891	3.479
3.891	3.478
3.891	3.478
3.891	3.477
3.891	3.477
3.891	3.476
3.891	3.476
3.891	3.475
3.891	3.475
3.891	3.474
3.891	3.474
3.891	3.473
3.891	3.473
3.891	3.472
3.891	3.472
3.891	3.471
3.891	3.471
3.891	3.470
3.891	3.470
3.891	3.469
3.891	3.469
3.891	3.468
3.891	3.468
3.891	3.467
3.891	3.467
3.891	3.466
3.891	3.466
3.891	3.465
3.891	3.465
3.891	3.465
3.891	3.464
3.891	3.464
3.891	3.463
3.891	3.463
3.891	3.462
3.892	3.462
3.892	3.461
3.892	3.461
3.892	3.460
3.892	3.460
3.892	3.459
3.892	3.459
3.892	3.458
3.892	3.458
3.892	3.457
3.892	3.457
3.892	3.456
3.892	3.456
3.892	3.455
3.892	3.455
3.892	3.454
3.892	3.454
3.892	3.453
3.892	3.453
3.892	3.452
3.892	3.452
3.892	3.451
3.892	3.451
3.892	3.450
3.892	3.450
3.892	3.449
3.892	3.449
3.892	3.448
3.892	3.447
3.892	3.447
3.892	3.446
3.893	3.446
3.893	3.445
3.893	3.445
3.893	3.444
3.893	3.444
3.893	3.443
3.893	3.443
3.893	3.442
3.893	3.442
3.893	3.441
3.893	3.441
3.893	3.440
3.893	3.440
3.893	3.439
3.893	3.439
3.893	3.438
3.893	3.438
3.893	3.437
3.893	3.437
3.893	3.436
3.893	3.436
3.893	3.435
3.893	3.435
3.893	3.434
3.893	3.434
3.893	3.433
3.893	3.433
3.893	3.432
3.893	3.432
3.893	3.431
3.893	3.431
3.894	3.430
3.894	3.430
3.894	3.429
3.894	3.429
3.894	3.428
3.894	3.428
3.894	3.427
3.894	3.427
3.894	3.426
3.894	3.426
3.894	3.425
3.894	3.425
3.894	3.424
3.894	3.424
3.894	3.423
3.894	3.423
3.894	3.422
3.894	3.422
3.894	3.421
3.894	3.421
3.894	3.420
3.894	3.420
3.894	3.419
3.894	3.419
3.894	3.418
3.894	3.418
3.894	3.417
3.894	3.417
3.894	3.416
3.894	3.416
3.894	3.415
3.895	3.415
3.895	3.414
3.895	3.414
3.895	3.413
3.895	3.413
3.895	3.412
3.895	3.412
3.895	3.411
3.895	3.411
3.895	3.410
3.895	3.410
3.895	3.409
3.895	3.409
3.895	3.408
3.895	3.408
3.895	3.407
3.895	3.407
3.895	3.406
3.895	3.406
3.895	3.405
3.895	3.405
3.895	3.404
3.895	3.404
3.895	3.403
3.895	3.403
3.895	3.402
3.895	3.402
3.895	3.401
3.895	3.401
3.895	3.400
3.895	3.400
3.896	3.399
3.896	3.399
3.896	3.398
3.896	3.398
3.896	3.397
3.896	3.397
3.896	3.396
3.896	3.396
3.896	3.395
3.896	3.395
3.896	3.394
3.896	3.394
3.896	3.393
3.896	3.393
3.896	3.392
3.896	3.392
3.896	3.391
3.896	3.391
3.896	3.390
3.896	3.390
3.896	3.389
3.896	3.389
3.896	3.388
3.896	3.388
3.896	3.387
3.896	3.386
3.896	3.386
3.896	3.385
3.896	3.385
3.896	3.384
3.896	3.384
3.897	3.383
3.897	3.383
3.897	3.382
3.897	3.382
3.897	3.381
3.897	3.381
3.897	3.380
3.897	3.380
3.897	3.379
3.897	3.379
3.897	3.378
3.897	3.378
3.897	3.377
3.897	3.377
3.897	3.376
3.897	3.376
3.897	3.375
3.897	3.375
3.897	3.374
3.897	3.374
3.897	3.373
3.897	3.373
3.897	3.372
3.897	3.372
3.897	3.371
3.897	3.371
3.897	3.370
3.897	3.370
3.897	3.369
3.897	3.369
3.897	3.368
3.898	3.368
3.898	3.367
3.898	3.367
3.898	3.366
3.898	3.366
3.898	3.365
3.898	3.365
3.898	3.365
3.898	3.364
3.898	3.364
3.898	3.363
3.898	3.363
3.898	3.362
3.898	3.362
3.898	3.361
3.898	3.361
3.899	3.360
3.899	3.360
3.899	3.359
3.899	3.359
3.899	3.358
3.899	3.358
3.899	3.357
3.899	3.357
3.899	3.356
3.899	3.356
3.899	3.355
3.900	3.355
3.900	3.354
3.900	3.354
3.900	3.353
3.900	3.353
3.900	3.352
3.900	3.352
3.900	3.351
3.900	3.351
3.900	3.350
3.900	3.350
3.900	3.349
3.901	3.349
3.901	3.348
3.901	3.348
3.901	3.347
3.901	3.347
3.901	3.346
3.901	3.346
3.901	3.345
3.901	3.345
3.901	3.344
3.901	3.344
3.902	3.343
3.902	3.343
3.902	3.342
3.902	3.342
3.902	3.341
3.902	3.341
3.902	3.340
3.902	3.340
3.902	3.339
3.902	3.339
3.902	3.338
3.903	3.338
3.903	3.337
3.903	3.337
3.903	3.337
3.903	3.336
3.903	3.336
3.903	3.335
3.903	3.335
3.903	3.334
3.903	3.334
3.903	3.333
3.903	3.333
3.904	3.332
3.904	3.332
3.904	3.331
3.904	3.331
3.904	3.330
3.904	3.330
3.904	3.329
3.904	3.329
3.904	3.328
3.904	3.328
3.904	3.327
3.905	3.327
3.905	3.326
3.905	3.326
3.905	3.325
3.905	3.325
3.905	3.324
3.905	3.324
3.905	3.323
3.905	3.323
3.905	3.322
3.905	3.322
3.905	3.321
3.906	3.321
3.906	3.320
3.906	3.320
3.906	3.319
3.906	3.319
3.906	3.318
3.906	3.318
3.906	3.317
3.906	3.317
3.906	3.316
3.906	3.316
3.907	3.315
3.907	3.315
3.907	3.314
3.907	3.314
3.907	3.313
3.907	3.313
3.907	3.312
3.907	3.312
3.907	3.311
3.907	3.311
3.907	3.310
3.907	3.310
3.908	3.309
3.908	3.309
3.908	3.308
3.908	3.308
3.908	3.307
3.908	3.307
3.908	3.306
3.908	3.306
3.908	3.305
3.908	3.305
3.908	3.304
3.909	3.304
3.909	3.303
3.909	3.303
3.909	3.302
3.909	3.302
3.909	3.301
3.909	3.301
3.909	3.300
3.909	3.300
3.909	3.299
3.909	3.299
3.910	3.298
3.910	3.298
3.910	3.297
3.910	3.297
3.910	3.296
3.910	3.296
3.910	3.295
3.910	3.295
3.910	3.294
3.910	3.294
3.910	3.293
3.910	3.293
3.911	3.292
3.911	3.292
3.911	3.291
3.911	3.291
3.911	3.290
3.911	3.290
3.911	3.289
3.911	3.289
3.911	3.288
3.911	3.288
3.911	3.287
3.912	3.287
3.912	3.286
3.912	3.286
3.912	3.285
3.912	3.285
3.912	3.284
3.912	3.284
3.912	3.283
3.912	3.283
3.912	3.282
3.912	3.282
3.912	3.281
3.913	3.281
3.913	3.280
3.913	3.280
3.913	3.279
3.913	3.279
3.913	3.278
3.913	3.278
3.913	3.277
3.913	3.277
3.913	3.276
3.913	3.276
3.914	3.275
3.914	3.275
3.914	3.274
3.914	3.274
3.914	3.273
3.914	3.273
3.914	3.272
3.914	3.272
3.914	3.271
3.914	3.271
3.914	3.270
3.914	3.270
3.915	3.269
3.915	3.269
3.915	3.268
3.915	3.268
3.915	3.267
3.915	3.267
3.915	3.266
3.915	3.266
3.915	3.265
3.915	3.265
3.915	3.264
3.916	3.264
3.916	3.263
3.916	3.263
3.916	3.262
3.916	3.262
3.916	3.261
3.916	3.261
3.916	3.260
3.916	3.260
3.916	3.260
3.916	3.259
3.917	3.259
3.917	3.258
3.917	3.258
3.917	3.257
3.917	3.257
3.917	3.256
3.917	3.256
3.917	3.256
3.917	3.255
3.917	3.255
3.917	3.254
3.918	3.254
3.918	3.253
3.918	3.253
3.918	3.252
3.918	3.252
3.918	3.251
3.918	3.251
3.919	3.250
3.919	3.250
3.919	3.249
3.919	3.249
3.919	3.248
3.919	3.248
3.919	3.247
3.919	3.247
3.920	3.246
3.920	3.246
3.920	3.245
3.920	3.245
3.920	3.244
3.920	3.244
3.920	3.243
3.921	3.243
3.921	3.242
3.921	3.242
3.921	3.241
3.921	3.241
3.921	3.240
3.921	3.240
3.921	3.239
3.922	3.239
3.922	3.238
3.922	3.238
3.922	3.237
3.922	3.237
3.922	3.237
3.922	3.236
3.922	3.236
3.923	3.235
3.923	3.235
3.923	3.234
3.923	3.234
3.923	3.233
3.923	3.233
3.923	3.232
3.924	3.232
3.924	3.231
3.924	3.231
3.924	3.230
3.924	3.230
3.924	3.229
3.924	3.229
3.924	3.228
3.925	3.228
3.925	3.227
3.925	3.227
3.925	3.226
3.925	3.226
3.925	3.225
3.925	3.225
3.926	3.224
3.926	3.224
3.926	3.223
3.926	3.223
3.926	3.222
3.926	3.222
3.926	3.221
3.926	3.221
3.927	3.220
3.927	3.220
3.927	3.219
3.927	3.219
3.927	3.218
3.927	3.218
3.927	3.217
3.927	3.217
3.928	3.217
3.928	3.216
3.928	3.216
3.928	3.215
3.928	3.215
3.928	3.214
3.928	3.214
3.929	3.213
3.929	3.213
3.929	3.212
3.929	3.212
3.929	3.211
3.929	3.211
3.929	3.210
3.929	3.210
3.930	3.209
3.930	3.209
3.930	3.208
3.930	3.208
3.930	3.207
3.930	3.207
3.930	3.206
3.931	3.206
3.931	3.205
3.931	3.205
3.931	3.204
3.931	3.204
3.931	3.203
3.931	3.203
3.931	3.202
3.932	3.202
3.932	3.201
3.932	3.201
3.932	3.200
3.932	3.200
3.932	3.199
3.932	3.199
3.932	3.198
3.933	3.198
3.933	3.197
3.933	3.197
3.933	3.197
3.933	3.196
3.933	3.196
3.933	3.195
3.934	3.195
3.934	3.194
3.934	3.194
3.934	3.193
3.934	3.193
3.934	3.192
3.934	3.192
3.934	3.191
3.935	3.191
3.935	3.190
3.935	3.190
3.935	3.189
3.935	3.189
3.935	3.188
3.935	3.188
3.936	3.187
3.936	3.187
3.936	3.186
3.936	3.186
3.936	3.185
3.936	3.185
3.936	3.184
3.936	3.184
3.937	3.183
3.937	3.183
3.937	3.182
3.937	3.182
3.937	3.181
3.937	3.181
3.937	3.180
3.937	3.180
3.938	3.179
3.938	3.179
3.938	3.178
3.938	3.178
3.938	3.177
3.938	3.177
3.938	3.177
3.939	3.176
3.939	3.176
3.939	3.175
3.939	3.175
3.939	3.174
3.939	3.174
3.939	3.173
3.939	3.173
3.940	3.172
3.940	3.172
3.940	3.171
3.940	3.171
3.940	3.170
3.940	3.170
3.940	3.169
3.941	3.169
3.941	3.168
3.941	3.168
3.941	3.167
3.941	3.167
3.941	3.166
3.941	3.166
3.941	3.165
3.942	3.165
3.942	3.164
3.942	3.164
3.942	3.163
3.942	3.163
3.942	3.162
3.942	3.162
3.942	3.161
3.943	3.161
3.943	3.160
3.943	3.160
3.943	3.159
3.943	3.159
3.943	3.158
3.943	3.158
3.944	3.157
3.944	3.157
3.944	3.157
3.944	3.156
3.944	3.156
3.944	3.155
3.944	3.155
3.944	3.154
3.945	3.154
3.945	3.153
3.945	3.153
3.945	3.152
3.945	3.152
3.945	3.151
3.945	3.151
3.946	3.150
3.946	3.150
3.946	3.149
3.946	3.149
3.946	3.148
3.946	3.148
3.946	3.147
3.946	3.147
3.947	3.146
3.947	3.146
3.947	3.145
3.947	3.145
3.947	3.144
3.947	3.144
3.947	3.143
3.948	3.143
3.948	3.142
3.948	3.142
3.948	3.141
3.948	3.141
3.948	3.140
3.948	3.140
3.948	3.139
3.949	3.139
3.949	3.138
3.949	3.138
3.949	3.138
3.949	3.137
3.949	3.137
3.949	3.137
3.950	3.136
3.950	3.136
3.950	3.135
3.950	3.135
3.950	3.134
3.950	3.134
3.951	3.133
3.951	3.133
3.951	3.132
3.951	3.132
3.951	3.131
3.951	3.131
3.952	3.130
3.952	3.130
3.952	3.129
3.952	3.129
3.952	3.128
3.952	3.128
3.953	3.127
3.953	3.127
3.953	3.127
3.953	3.126
3.953	3.126
3.953	3.125
3.954	3.125
3.954	3.124
3.954	3.124
3.954	3.123
3.954	3.123
3.954	3.122
3.955	3.122
3.955	3.121
3.955	3.121
3.955	3.120
3.955	3.120
3.955	3.119
3.956	3.119
3.956	3.118
3.956	3.118
3.956	3.117
3.956	3.117
3.956	3.117
3.957	3.116
3.957	3.116
3.957	3.115
3.957	3.115
3.957	3.114
3.957	3.114
3.958	3.113
3.958	3.113
3.958	3.112
3.958	3.112
3.958	3.111
3.958	3.111
3.959	3.110
3.959	3.110
3.959	3.109
3.959	3.109
3.959	3.108
3.959	3.108
3.960	3.107
3.960	3.107
3.960	3.107
3.960	3.106
3.960	3.106
3.960	3.105
3.961	3.105
3.961	3.104
3.961	3.104
3.961	3.103
3.961	3.103
3.961	3.102
3.962	3.102
3.962	3.101
3.962	3.101
3.962	3.100
3.962	3.100
3.962	3.099
3.963	3.099
3.963	3.098
3.963	3.098
3.963	3.097
3.963	3.097
3.963	3.097
3.964	3.096
3.964	3.096
3.964	3.095
3.964	3.095
3.964	3.094
3.965	3.094
3.965	3.093
3.965	3.093
3.965	3.092
3.965	3.092
3.965	3.091
3.966	3.091
3.966	3.090
3.966	3.090
3.966	3.089
3.966	3.089
3.966	3.088
3.967	3.088
3.967	3.087
3.967	3.087
3.967	3.087
3.967	3.086
3.967	3.086
3.968	3.085
3.968	3.085
3.968	3.084
3.968	3.084
3.968	3.083
3.968	3.083
3.969	3.082
3.969	3.082
3.969	3.081
3.969	3.081
3.969	3.080
3.969	3.080
3.970	3.079
3.970	3.079
3.970	3.078
3.970	3.078
3.970	3.077
3.970	3.077
3.971	3.077
3.971	3.076
3.971	3.076
3.971	3.075
3.971	3.075
3.971	3.074
3.972	3.074
3.972	3.073
3.972	3.073
3.972	3.072
3.972	3.072
3.972	3.071
3.973	3.071
3.973	3.070
3.973	3.070
3.973	3.069
3.973	3.069
3.973	3.068
3.974	3.068
3.974	3.067
3.974	3.067
3.974	3.067
3.974	3.066
3.974	3.066
3.975	3.065
3.975	3.065
3.975	3.064
3.975	3.064
3.975	3.063
3.975	3.063
3.976	3.062
3.976	3.062
3.976	3.061
3.976	3.061
3.976	3.060
3.976	3.060
3.977	3.059
3.977	3.059
3.977	3.058
3.977	3.058
3.977	3.057
3.977	3.057
3.978	3.057
3.978	3.056
3.978	3.056
3.978	3.055
3.978	3.055
3.978	3.054
3.979	3.054
3.979	3.053
3.979	3.053
3.979	3.052
3.979	3.052
3.979	3.051
3.980	3.051
3.980	3.050
3.980	3.050
3.980	3.049
3.980	3.049
3.980	3.048
3.981	3.048
3.981	3.047
3.981	3.047
3.981	3.046
3.981	3.046
3.982	3.046
3.982	3.045
3.982	3.045
3.982	3.044
3.982	3.044
3.982	3.043
3.983	3.043
3.983	3.042
3.983	3.042
3.983	3.041
3.983	3.041
3.983	3.040
3.984	3.040
3.984	3.039
3.984	3.039
3.984	3.038
3.984	3.038
3.984	3.037
3.985	3.037
3.985	3.036
3.985	3.036
3.985	3.036
3.985	3.035
3.985	3.035
3.986	3.034
3.986	3.034
3.986	3.033
3.986	3.033
3.986	3.032
3.986	3.032
3.987	3.031
3.987	3.031
3.987	3.030
3.987	3.030
3.987	3.029
3.987	3.029
3.988	3.028
3.988	3.028
3.988	3.027
3.988	3.027
3.988	3.026
3.988	3.026
3.989	3.026
3.989	3.025
3.989	3.025
3.989	3.024
3.989	3.024
3.989	3.023
3.990	3.023
3.990	3.022
3.990	3.022
3.990	3.021
3.990	3.021
3.990	3.020
3.991	3.020
3.991	3.019
3.991	3.019
3.991	3.018
3.991	3.018
3.991	3.017
3.992	3.017
3.992	3.016
3.992	3.016
3.992	3.016
3.992	3.015
3.992	3.015
3.993	3.014
3.993	3.014
3.993	3.014
3.993	3.013
3.993	3.013
3.993	3.012
3.994	3.012
3.994	3.011
3.994	3.011
3.994	3.010
3.994	3.010
3.995	3.009
3.995	3.009
3.995	3.009
3.995	3.008
3.995	3.008
3.996	3.007
3.996	3.007
3.996	3.006
3.996	3.006
3.996	3.005
3.997	3.005
3.997	3.004
3.997	3.004
3.997	3.003
3.997	3.003
3.997	3.002
3.998	3.002
3.998	3.002
3.998	3.001
3.998	3.001
3.998	3.000
3.999	3.000
3.999	2.999
3.999	2.999
3.999	2.998
3.999	2.998
4.000	2.997
4.000	2.997
4.000	2.996
4.000	2.996
4.000	2.996
4.001	2.995
4.001	2.995
4.001	2.994
4.001	2.994
4.001	2.993
4.002	2.993
4.002	2.992
4.002	2.992
4.002	2.991
4.002	2.991
4.003	2.990
4.003	2.990
4.003	2.989
4.003	2.989
4.003	2.989
4.004	2.988
4.004	2.988
4.004	2.987
4.004	2.987
4.004	2.986
4.005	2.986
4.005	2.985
4.005	2.985
4.005	2.984
4.005	2.984
4.006	2.983
4.006	2.983
4.006	2.983
4.006	2.982
4.006	2.982
4.007	2.981
4.007	2.981
4.007	2.980
4.007	2.980
4.007	2.979
4.007	2.979
4.008	2.978
4.008	2.978
4.008	2.977
4.008	2.977
4.008	2.976
4.009	2.976
4.009	2.976
4.009	2.975
4.009	2.975
4.009	2.974
4.010	2.974
4.010	2.973
4.010	2.973
4.010	2.972
4.010	2.972
4.011	2.971
4.011	2.971
4.011	2.970
4.011	2.970
4.011	2.970
4.012	2.969
4.012	2.969
4.012	2.968
4.012	2.968
4.012	2.967
4.013	2.967
4.013	2.966
4.013	2.966
4.013	2.966
4.013	2.965
4.013	2.965
4.014	2.964
4.014	2.964
4.014	2.964
4.014	2.963
4.014	2.963
4.015	2.962
4.015	2.962
4.015	2.961
4.015	2.961
4.016	2.960
4.016	2.960
4.016	2.959
4.016	2.959
4.016	2.958
4.017	2.958
4.017	2.958
4.017	2.957
4.017	2.957
4.017	2.956
4.018	2.956
4.018	2.955
4.018	2.955
4.018	2.954
4.018	2.954
4.019	2.953
4.019	2.953
4.019	2.952
4.019	2.952
4.020	2.952
4.020	2.951
4.020	2.951
4.020	2.950
4.020	2.950
4.021	2.949
4.021	2.949
4.021	2.948
4.021	2.948
4.021	2.947
4.022	2.947
4.022	2.947
4.022	2.946
4.022	2.946
4.023	2.945
4.023	2.945
4.023	2.944
4.023	2.944
4.023	2.943
4.024	2.943
4.024	2.942
4.024	2.942
4.024	2.941
4.024	2.941
4.025	2.941
4.025	2.940
4.025	2.940
4.025	2.939
4.025	2.939
4.026	2.938
4.026	2.938
4.026	2.937
4.026	2.937
4.027	2.936
4.027	2.936
4.027	2.936
4.027	2.935
4.027	2.935
4.028	2.934
4.028	2.934
4.028	2.933
4.028	2.933
4.028	2.932
4.029	2.932
4.029	2.931
4.029	2.931
4.029	2.930
4.030	2.930
4.030	2.930
4.030	2.929
4.030	2.929
4.030	2.928
4.031	2.928
4.031	2.927
4.031	2.927
4.031	2.926
4.031	2.926
4.032	2.925
4.032	2.925
4.032	2.924
4.032	2.924
4.032	2.924
4.033	2.923
4.033	2.923
4.033	2.922
4.033	2.922
4.034	2.921
4.034	2.921
4.034	2.920
4.034	2.920
4.034	2.919
4.035	2.919
4.035	2.919
4.035	2.918
4.035	2.918
4.035	2.917
4.036	2.917
4.036	2.916
4.036	2.916
4.036	2.915
4.037	2.915
4.037	2.914
4.037	2.914
4.037	2.913
4.037	2.913
4.038	2.913
4.038	2.912
4.038	2.912
4.038	2.911
4.038	2.911
4.039	2.910
4.039	2.910
4.039	2.909
4.039	2.909
4.039	2.908
4.040	2.908
4.040	2.907
4.040	2.907
4.040	2.907
4.041	2.906
4.041	2.906
4.041	2.905
4.041	2.905
4.041	2.904
4.042	2.904
4.042	2.903
4.042	2.903
4.042	2.902
4.042	2.902
4.043	2.902
4.043	2.901
4.043	2.901
4.043	2.900
4.043	2.900
4.044	2.899
4.044	2.899
4.044	2.898
4.044	2.898
4.045	2.897
4.045	2.897
4.045	2.896
4.045	2.896
4.045	2.896
4.046	2.895
4.046	2.895
4.046	2.894
4.046	2.894
4.046	2.893
4.047	2.893
4.047	2.892
4.047	2.892
4.047	2.891
4.048	2.891
4.048	2.891
4.048	2.890
4.048	2.890
4.048	2.889
4.049	2.889
4.049	2.888
4.049	2.888
4.049	2.887
4.049	2.887
4.050	2.886
4.050	2.886
4.050	2.885
4.050	2.885
4.050	2.885
4.051	2.884
4.051	2.884
4.051	2.883
4.051	2.883
4.052	2.882
4.052	2.882
4.052	2.881
4.052	2.881
4.052	2.880
4.053	2.880
4.053	2.880
4.053	2.879
4.053	2.879
4.053	2.879
4.053	2.878
4.054	2.878
4.054	2.877
4.054	2.877
4.054	2.876
4.055	2.876
4.055	2.875
4.055	2.875
4.055	2.874
4.055	2.874
4.056	2.874
4.056	2.873
4.056	2.873
4.056	2.872
4.056	2.872
4.057	2.871
4.057	2.871
4.057	2.870
4.057	2.870
4.058	2.869
4.058	2.869
4.058	2.869
4.058	2.868
4.058	2.868
4.059	2.867
4.059	2.867
4.059	2.866
4.059	2.866
4.060	2.865
4.060	2.865
4.060	2.864
4.060	2.864
4.060	2.864
4.061	2.863
4.061	2.863
4.061	2.862
4.061	2.862
4.061	2.861
4.062	2.861
4.062	2.860
4.062	2.860
4.062	2.859
4.063	2.859
4.063	2.859
4.063	2.858
4.063	2.858
4.063	2.857
4.064	2.857
4.064	2.856
4.064	2.856
4.064	2.855
4.064	2.855
4.065	2.854
4.065	2.854
4.065	2.854
4.065	2.853
4.066	2.853
4.066	2.852
4.066	2.852
4.066	2.851
4.066	2.851
4.067	2.850
4.067	2.850
4.067	2.849
4.067	2.849
4.068	2.849
4.068	2.848
4.068	2.848
4.068	2.847
4.068	2.847
4.069	2.846
4.069	2.846
4.069	2.845
4.069	2.845
4.069	2.844
4.070	2.844
4.070	2.843
4.070	2.843
4.070	2.843
4.071	2.842
4.071	2.842
4.071	2.841
4.071	2.841
4.071	2.840
4.072	2.840
4.072	2.839
4.072	2.839
4.072	2.838
4.072	2.838
4.073	2.838
4.073	2.837
4.073	2.837
4.073	2.836
4.074	2.836
4.074	2.835
4.074	2.835
4.074	2.834
4.074	2.834
4.075	2.833
4.075	2.833
4.075	2.833
4.075	2.832
4.076	2.832
4.076	2.831
4.076	2.831
4.076	2.830
4.076	2.830
4.077	2.829
4.077	2.829
4.077	2.828
4.077	2.828
4.077	2.828
4.078	2.827
4.078	2.827
4.078	2.826
4.078	2.826
4.079	2.825
4.079	2.825
4.079	2.824
4.079	2.824
4.079	2.823
4.080	2.823
4.080	2.823
4.080	2.822
4.080	2.822
4.080	2.821
4.081	2.821
4.081	2.820
4.081	2.820
4.081	2.819
4.082	2.819
4.082	2.818
4.082	2.818
4.082	2.818
4.082	2.817
4.083	2.817
4.083	2.816
4.083	2.816
4.083	2.815
4.084	2.815
4.084	2.814
4.084	2.814
4.084	2.813
4.084	2.813
4.085	2.812
4.085	2.812
4.085	2.812
4.085	2.811
4.085	2.811
4.086	2.810
4.086	2.810
4.086	2.809
4.086	2.809
4.087	2.808
4.087	2.808
4.087	2.807
4.087	2.807
4.087	2.807
4.088	2.806
4.088	2.806
4.088	2.805
4.088	2.805
4.088	2.804
4.089	2.804
4.089	2.803
4.089	2.803
4.089	2.802
4.090	2.802
4.090	2.802
4.090	2.801
4.090	2.801
4.090	2.800
4.091	2.800
4.091	2.799
4.091	2.799
4.091	2.798
4.092	2.798
4.092	2.797
4.092	2.797
4.092	2.797
4.092	2.796
4.093	2.796
4.093	2.795
4.093	2.795
4.093	2.794
4.093	2.794
4.094	2.793
4.094	2.793
4.094	2.792
4.094	2.792
4.095	2.792
4.095	2.791
4.095	2.791
4.095	2.790
4.095	2.790
4.096	2.789
4.096	2.789
4.096	2.788
4.096	2.788
4.096	2.787
4.097	2.787
4.097	2.787
4.097	2.786
4.097	2.786
4.098	2.785
4.098	2.785
4.098	2.784
4.098	2.784
4.098	2.783
4.099	2.783
4.099	2.782
4.099	2.782
4.099	2.782
4.100	2.781
4.100	2.781
4.100	2.780
4.100	2.780
4.100	2.780
4.100	2.779
4.101	2.779
4.101	2.778
4.101	2.778
4.101	2.777
4.102	2.777
4.102	2.777
4.102	2.776
4.102	2.776
4.102	2.775
4.103	2.775
4.103	2.774
4.103	2.774
4.103	2.773
4.103	2.773
4.104	2.772
4.104	2.772
4.104	2.772
4.104	2.771
4.105	2.771
4.105	2.770
4.105	2.770
4.105	2.769
4.105	2.769
4.106	2.768
4.106	2.768
4.106	2.767
4.106	2.767
4.107	2.767
4.107	2.766
4.107	2.766
4.107	2.765
4.107	2.765
4.108	2.764
4.108	2.764
4.108	2.763
4.108	2.763
4.109	2.762
4.109	2.762
4.109	2.762
4.109	2.761
4.109	2.761
4.110	2.760
4.110	2.760
4.110	2.759
4.110	2.759
4.111	2.758
4.111	2.758
4.111	2.757
4.111	2.757
4.111	2.757
4.112	2.756
4.112	2.756
4.112	2.755
4.112	2.755
4.113	2.754
4.113	2.754
4.113	2.753
4.113	2.753
4.113	2.752
4.114	2.752
4.114	2.752
4.114	2.751
4.114	2.751
4.115	2.750
4.115	2.750
4.115	2.749
4.115	2.749
4.115	2.748
4.116	2.748
4.116	2.747
4.116	2.747
4.116	2.747
4.117	2.746
4.117	2.746
4.117	2.745
4.117	2.745
4.117	2.744
4.118	2.744
4.118	2.743
4.118	2.743
4.118	2.742
4.119	2.742
4.119	2.742
4.119	2.741
4.119	2.741
4.119	2.740
4.120	2.740
4.120	2.739
4.120	2.739
4.120	2.738
4.121	2.738
4.121	2.737
4.121	2.737
4.121	2.737
4.121	2.736
4.122	2.736
4.122	2.735
4.122	2.735
4.122	2.734
4.123	2.734
4.123	2.733
4.123	2.733
4.123	2.732
4.123	2.732
4.124	2.732
4.124	2.731
4.124	2.731
4.124	2.730
4.125	2.730
4.125	2.729
4.125	2.729
4.125	2.728
4.125	2.728
4.126	2.727
4.126	2.727
4.126	2.727
4.126	2.726
4.127	2.726
4.127	2.725
4.127	2.725
4.127	2.724
4.127	2.724
4.128	2.723
4.128	2.723
4.128	2.722
4.128	2.722
4.129	2.722
4.129	2.721
4.129	2.721
4.129	2.720
4.129	2.720
4.130	2.719
4.130	2.719
4.130	2.718
4.130	2.718
4.131	2.717
4.131	2.717
4.131	2.717
4.131	2.716
4.131	2.716
4.132	2.715
4.132	2.715
4.132	2.714
4.132	2.714
4.133	2.713
4.133	2.713
4.133	2.712
4.133	2.712
4.133	2.712
4.134	2.711
4.134	2.711
4.134	2.710
4.134	2.710
4.134	2.709
4.135	2.709
4.135	2.708
4.135	2.708
4.135	2.707
4.136	2.707
4.136	2.707
4.136	2.706
4.136	2.706
4.136	2.705
4.137	2.705
4.137	2.704
4.137	2.704
4.137	2.703
4.138	2.703
4.138	2.702
4.138	2.702
4.138	2.702
4.138	2.701
4.139	2.701
4.139	2.700
4.139	2.700
4.139	2.699
4.140	2.699
4.140	2.698
4.140	2.698
4.140	2.697
4.140	2.697
4.141	2.697
4.141	2.696
4.141	2.696
4.141	2.695
4.142	2.695
4.142	2.694
4.142	2.694
4.142	2.693
4.142	2.693
4.143	2.692
4.143	2.692
4.143	2.692
4.143	2.691
4.144	2.691
4.144	2.690
4.144	2.690
4.144	2.689
4.144	2.689
4.145	2.688
4.145	2.688
4.145	2.687
4.145	2.687
4.146	2.687
4.146	2.686
4.146	2.686
4.146	2.685
4.146	2.685
4.147	2.684
4.147	2.684
4.147	2.683
4.147	2.683
4.148	2.682
4.148	2.682
4.148	2.682
4.148	2.681
4.148	2.681
4.149	2.680
4.149	2.680
4.149	2.679
4.149	2.679
4.150	2.678
4.150	2.678
4.150	2.678
4.150	2.677
4.150	2.677
4.150	2.677
4.151	2.676
4.151	2.676
4.151	2.675
4.151	2.675
4.152	2.674
4.152	2.674
4.152	2.673
4.152	2.673
4.152	2.672
4.153	2.672
4.153	2.672
4.153	2.671
4.153	2.671
4.154	2.670
4.154	2.670
4.154	2.669
4.154	2.669
4.154	2.668
4.155	2.668
4.155	2.667
4.155	2.667
4.155	2.667
4.156	2.666
4.156	2.666
4.156	2.665
4.156	2.665
4.156	2.664
4.157	2.664
4.157	2.663
4.157	2.663
4.157	2.663
4.158	2.662
4.158	2.662
4.158	2.661
4.158	2.661
4.158	2.660
4.159	2.660
4.159	2.659
4.159	2.659
4.159	2.658
4.160	2.658
4.160	2.658
4.160	2.657
4.160	2.657
4.160	2.656
4.161	2.656
4.161	2.655
4.161	2.655
4.161	2.654
4.162	2.654
4.162	2.653
4.162	2.653
4.162	2.653
4.162	2.652
4.163	2.652
4.163	2.651
4.163	2.651
4.163	2.650
4.163	2.650
4.164	2.649
4.164	2.649
4.164	2.648
4.164	2.648
4.165	2.648
4.165	2.647
4.165	2.647
4.165	2.646
4.165	2.646
4.166	2.645
4.166	2.645
4.166	2.644
4.166	2.644
4.167	2.643
4.167	2.643
4.167	2.643
4.167	2.642
4.167	2.642
4.168	2.641
4.168	2.641
4.168	2.640
4.168	2.640
4.169	2.639
4.169	2.639
4.169	2.638
4.169	2.638
4.169	2.638
4.170	2.637
4.170	2.637
4.170	2.636
4.170	2.636
4.171	2.635
4.171	2.635
4.171	2.634
4.171	2.634
4.171	2.633
4.172	2.633
4.172	2.633
4.172	2.632
4.172	2.632
4.173	2.631
4.173	2.631
4.173	2.630
4.173	2.630
4.173	2.629
4.174	2.629
4.174	2.628
4.174	2.628
4.174	2.628
4.175	2.627
4.175	2.627
4.175	2.626
4.175	2.626
4.175	2.625
4.176	2.625
4.176	2.624
4.176	2.624
4.176	2.623
4.177	2.623
4.177	2.623
4.177	2.622
4.177	2.622
4.177	2.621
4.178	2.621
4.178	2.620
4.178	2.620
4.178	2.619
4.179	2.619
4.179	2.618
4.179	2.618
4.179	2.618
4.179	2.617
4.180	2.617
4.180	2.616
4.180	2.616
4.180	2.615
4.181	2.615
4.181	2.614
4.181	2.614
4.181	2.613
4.181	2.613
4.182	2.613
4.182	2.612
4.182	2.612
4.182	2.611
4.183	2.611
4.183	2.610
4.183	2.610
4.183	2.609
4.183	2.609
4.184	2.608
4.184	2.608
4.184	2.608
4.184	2.607
4.185	2.607
4.185	2.606
4.185	2.606
4.185	2.605
4.185	2.605
4.186	2.604
4.186	2.604
4.186	2.603
4.186	2.603
4.187	2.603
4.187	2.602
4.187	2.602
4.187	2.601
4.187	2.601
4.188	2.600
4.188	2.600
4.188	2.599
4.188	2.599
4.188	2.598
4.189	2.598
4.189	2.598
4.189	2.597
4.189	2.597
4.190	2.596
4.190	2.596
4.190	2.595
4.190	2.595
4.190	2.594
4.191	2.594
4.191	2.593
4.191	2.593
4.191	2.593
4.192	2.592
4.192	2.592
4.192	2.591
4.192	2.591
4.192	2.590
4.193	2.590
4.193	2.589
4.193	2.589
4.193	2.588
4.194	2.588
4.194	2.588
4.194	2.587
4.194	2.587
4.194	2.586
4.195	2.586
4.195	2.585
4.195	2.585
4.195	2.584
4.196	2.584
4.196	2.583
4.196	2.583
4.196	2.583
4.196	2.582
4.197	2.582
4.197	2.581
4.197	2.581
4.197	2.580
4.198	2.580
4.198	2.579
4.198	2.579
4.198	2.578
4.198	2.578
4.199	2.578
4.199	2.577
4.199	2.577
4.199	2.576
4.200	2.576
4.200	2.575
4.200	2.575
4.200	2.575
4.200	2.574
4.200	2.574
4.201	2.573
4.201	2.573
4.201	2.573
4.201	2.572
4.202	2.572
4.202	2.571
4.202	2.571
4.202	2.570
4.202	2.570
4.203	2.569
4.203	2.569
4.203	2.568
4.203	2.568
4.203	2.568
4.204	2.567
4.204	2.567
4.204	2.566
4.204	2.566
4.205	2.565
4.205	2.565
4.205	2.564
4.205	2.564
4.205	2.563
4.206	2.563
4.206	2.563
4.206	2.562
4.206	2.562
4.206	2.561
4.207	2.561
4.207	2.560
4.207	2.560
4.207	2.559
4.208	2.559
4.208	2.558
4.208	2.558
4.208	2.557
4.208	2.557
4.209	2.557
4.209	2.556
4.209	2.556
4.209	2.555
4.210	2.555
4.210	2.554
4.210	2.554
4.210	2.553
4.210	2.553
4.211	2.552
4.211	2.552
4.211	2.552
4.211	2.551
4.211	2.551
4.212	2.550
4.212	2.550
4.212	2.549
4.212	2.549
4.213	2.548
4.213	2.548
4.213	2.547
4.213	2.547
4.213	2.547
4.214	2.546
4.214	2.546
4.214	2.545
4.214	2.545
4.214	2.544
4.215	2.544
4.215	2.543
4.215	2.543
4.215	2.542
4.216	2.542
4.216	2.542
4.216	2.541
4.216	2.541
4.216	2.540
4.217	2.540
4.217	2.539
4.217	2.539
4.217	2.538
4.217	2.538
4.218	2.537
4.218	2.537
4.218	2.537
4.218	2.536
4.219	2.536
4.219	2.535
4.219	2.535
4.219	2.534
4.219	2.534
4.220	2.533
4.220	2.533
4.220	2.532
4.220	2.532
4.221	2.532
4.221	2.531
4.221	2.531
4.221	2.530
4.221	2.530
4.222	2.529
4.222	2.529
4.222	2.528
4.222	2.528
4.222	2.527
4.223	2.527
4.223	2.526
4.223	2.526
4.223	2.526
4.224	2.525
4.224	2.525
4.224	2.524
4.224	2.524
4.224	2.523
4.225	2.523
4.225	2.522
4.225	2.522
4.225	2.521
4.225	2.521
4.226	2.521
4.226	2.520
4.226	2.520
4.226	2.519
4.227	2.519
4.227	2.518
4.227	2.518
4.227	2.517
4.227	2.517
4.228	2.516
4.228	2.516
4.228	2.516
4.228	2.515
4.229	2.515
4.229	2.514
4.229	2.514
4.229	2.513
4.229	2.513
4.230	2.512
4.230	2.512
4.230	2.511
4.230	2.511
4.230	2.511
4.231	2.510
4.231	2.510
4.231	2.509
4.231	2.509
4.232	2.508
4.232	2.508
4.232	2.507
4.232	2.507
4.232	2.506
4.233	2.506
4.233	2.506
4.233	2.505
4.233	2.505
4.233	2.504
4.234	2.504
4.234	2.503
4.234	2.503
4.234	2.502
4.235	2.502
4.235	2.501
4.235	2.501
4.235	2.500
4.235	2.500
4.236	2.500
4.236	2.499
4.236	2.499
4.236	2.498
4.236	2.498
4.237	2.497
4.237	2.497
4.237	2.496
4.237	2.496
4.238	2.495
4.238	2.495
4.238	2.495
4.238	2.494
4.238	2.494
4.239	2.493
4.239	2.493
4.239	2.492
4.239	2.492
4.240	2.491
4.240	2.491
4.240	2.490
4.240	2.490
4.240	2.490
4.241	2.489
4.241	2.489
4.241	2.488
4.241	2.488
4.241	2.487
4.242	2.487
4.242	2.486
4.242	2.486
4.242	2.485
4.243	2.485
4.243	2.485
4.243	2.484
4.243	2.484
4.243	2.483
4.244	2.483
4.244	2.482
4.244	2.482
4.244	2.481
4.244	2.481
4.245	2.480
4.245	2.480
4.245	2.480
4.245	2.479
4.246	2.479
4.246	2.478
4.246	2.478
4.246	2.477
4.246	2.477
4.247	2.476
4.247	2.476
4.247	2.475
4.247	2.475
4.248	2.475
4.248	2.474
4.248	2.474
4.248	2.474
4.248	2.473
4.248	2.473
4.249	2.472
4.249	2.472
4.249	2.471
4.249	2.471
4.249	2.470
4.250	2.470
4.250	2.469
4.250	2.469
4.250	2.469
4.250	2.468
4.251	2.468
4.251	2.467
4.251	2.467
4.251	2.466
4.252	2.466
4.252	2.465
4.252	2.465
4.252	2.464
4.252	2.464
4.253	2.463
4.253	2.463
4.253	2.463
4.253	2.462
4.253	2.462
4.254	2.461
4.254	2.461
4.254	2.460
4.254	2.460
4.254	2.459
4.255	2.459
4.255	2.458
4.255	2.458
4.255	2.458
4.256	2.457
4.256	2.457
4.256	2.456
4.256	2.456
4.256	2.455
4.257	2.455
4.257	2.454
4.257	2.454
4.257	2.453
4.257	2.453
4.258	2.452
4.258	2.452
4.258	2.452
4.258	2.451
4.258	2.451
4.259	2.450
4.259	2.450
4.259	2.449
4.259	2.449
4.260	2.448
4.260	2.448
4.260	2.447
4.260	2.447
4.260	2.447
4.261	2.446
4.261	2.446
4.261	2.445
4.261	2.445
4.261	2.444
4.262	2.444
4.262	2.443
4.262	2.443
4.262	2.442
4.263	2.442
4.263	2.441
4.263	2.441
4.263	2.441
4.263	2.440
4.264	2.440
4.264	2.439
4.264	2.439
4.264	2.438
4.264	2.438
4.265	2.437
4.265	2.437
4.265	2.436
4.265	2.436
4.265	2.436
4.266	2.435
4.266	2.435
4.266	2.434
4.266	2.434
4.267	2.433
4.267	2.433
4.267	2.432
4.267	2.432
4.267	2.431
4.268	2.431
4.268	2.430
4.268	2.430
4.268	2.430
4.268	2.429
4.269	2.429
4.269	2.428
4.269	2.428
4.269	2.427
4.269	2.427
4.270	2.426
4.270	2.426
4.270	2.425
4.270	2.425
4.271	2.424
4.271	2.424
4.271	2.424
4.271	2.423
4.271	2.423
4.272	2.422
4.272	2.422
4.272	2.421
4.272	2.421
4.272	2.420
4.273	2.420
4.273	2.419
4.273	2.419
4.273	2.419
4.273	2.418
4.274	2.418
4.274	2.417
4.274	2.417
4.274	2.416
4.275	2.416
4.275	2.415
4.275	2.415
4.275	2.414
4.275	2.414
4.276	2.413
4.276	2.413
4.276	2.413
4.276	2.412
4.276	2.412
4.277	2.411
4.277	2.411
4.277	2.410
4.277	2.410
4.277	2.409
4.278	2.409
4.278	2.408
4.278	2.408
4.278	2.408
4.279	2.407
4.279	2.407
4.279	2.406
4.279	2.406
4.279	2.405
4.280	2.405
4.280	2.404
4.280	2.404
4.280	2.403
4.280	2.403
4.281	2.402
4.281	2.402
4.281	2.402
4.281	2.401
4.282	2.401
4.282	2.400
4.282	2.400
4.282	2.399
4.282	2.399
4.283	2.398
4.283	2.398
4.283	2.397
4.283	2.397
4.283	2.397
4.284	2.396
4.284	2.396
4.284	2.395
4.284	2.395
4.284	2.394
4.285	2.394
4.285	2.393
4.285	2.393
4.285	2.392
4.286	2.392
4.286	2.391
4.286	2.391
4.286	2.391
4.286	2.390
4.287	2.390
4.287	2.389
4.287	2.389
4.287	2.388
4.287	2.388
4.288	2.387
4.288	2.387
4.288	2.386
4.288	2.386
4.288	2.386
4.288	2.385
4.289	2.385
4.289	2.385
4.289	2.384
4.289	2.384
4.289	2.383
4.290	2.383
4.290	2.382
4.290	2.382
4.290	2.381
4.290	2.381
4.291	2.380
4.291	2.380
4.291	2.379
4.291	2.379
4.291	2.379
4.292	2.378
4.292	2.378
4.292	2.377
4.292	2.377
4.292	2.376
4.293	2.376
4.293	2.375
4.293	2.375
4.293	2.374
4.293	2.374
4.294	2.373
4.294	2.373
4.294	2.372
4.294	2.372
4.294	2.372
4.295	2.371
4.295	2.371
4.295	2.370
4.295	2.370
4.295	2.369
4.296	2.369
4.296	2.368
4.296	2.368
4.296	2.367
4.296	2.367
4.296	2.366
4.297	2.366
4.297	2.366
4.297	2.365
4.297	2.365
4.297	2.364
4.298	2.364
4.298	2.363
4.298	2.363
4.298	2.362
4.298	2.362
4.299	2.361
4.299	2.361
4.299	2.360
4.299	2.360
4.299	2.359
4.300	2.359
4.300	2.359
4.300	2.358
4.300	2.358
4.300	2.357
4.301	2.357
4.301	2.356
4.301	2.356
4.301	2.355
4.301	2.355
4.302	2.354
4.302	2.354
4.302	2.353
4.302	2.353
4.302	2.353
4.303	2.352
4.303	2.352
4.303	2.351
4.303	2.351
4.303	2.350
4.304	2.350
4.304	2.349
4.304	2.349
4.304	2.348
4.304	2.348
4.305	2.347
4.305	2.347
4.305	2.346
4.305	2.346
4.305	2.346
4.306	2.345
4.306	2.345
4.306	2.344
4.306	2.344
4.306	2.343
4.307	2.343
4.307	2.342
4.307	2.342
4.307	2.341
4.307	2.341
4.307	2.340
4.308	2.340
4.308	2.340
4.308	2.339
4.308	2.339
4.308	2.338
4.309	2.338
4.309	2.337
4.309	2.337
4.309	2.336
4.309	2.336
4.309	2.336
4.310	2.335
4.310	2.335
4.310	2.334
4.310	2.334
4.310	2.333
4.310	2.333
4.311	2.332
4.311	2.332
4.311	2.331
4.311	2.331
4.311	2.331
4.311	2.330
4.312	2.330
4.312	2.329
4.312	2.329
4.312	2.328
4.312	2.328
4.312	2.327
4.313	2.327
4.313	2.326
4.313	2.326
4.313	2.325
4.313	2.325
4.313	2.324
4.314	2.324
4.314	2.323
4.314	2.323
4.314	2.322
4.314	2.322
4.314	2.321
4.314	2.321
4.315	2.320
4.315	2.320
4.315	2.320
4.315	2.319
4.315	2.319
4.315	2.318
4.316	2.318
4.316	2.317
4.316	2.317
4.316	2.316
4.316	2.316
4.316	2.315
4.317	2.315
4.317	2.314
4.317	2.314
4.317	2.313
4.317	2.313
4.317	2.312
4.318	2.312
4.318	2.311
4.318	2.311
4.318	2.310
4.318	2.310
4.318	2.310
4.319	2.309
4.319	2.309
4.319	2.308
4.319	2.308
4.319	2.307
4.319	2.307
4.320	2.306
4.320	2.306
4.320	2.305
4.320	2.305
4.320	2.304
4.320	2.304
4.321	2.303
4.321	2.303
4.321	2.302
4.321	2.302
4.321	2.301
4.321	2.301
4.321	2.300
4.322	2.300
4.322	2.299
4.322	2.299
4.322	2.299
4.322	2.298
4.322	2.298
4.323	2.297
4.323	2.297
4.323	2.296
4.323	2.296
4.323	2.295
4.323	2.295
4.324	2.294
4.324	2.294
4.324	2.293
4.324	2.293
4.324	2.292
4.324	2.292
4.325	2.291
4.325	2.291
4.325	2.290
4.325	2.290
4.325	2.289
4.325	2.289
4.326	2.288
4.326	2.288
4.326	2.288
4.326	2.287
4.326	2.287
4.326	2.286
4.327	2.286
4.327	2.285
4.327	2.285
4.327	2.284
4.327	2.284
4.327	2.283
4.327	2.283
4.328	2.282
4.328	2.282
4.328	2.281
4.328	2.281
4.328	2.280
4.328	2.280
4.329	2.279
4.329	2.279
4.329	2.278
4.329	2.278
4.329	2.277
4.329	2.277
4.330	2.277
4.330	2.276
4.330	2.276
4.330	2.275
4.330	2.275
4.330	2.274
4.331	2.274
4.331	2.273
4.331	2.273
4.331	2.272
4.331	2.272
4.331	2.271
4.332	2.271
4.332	2.270
4.332	2.270
4.332	2.269
4.332	2.269
4.332	2.268
4.333	2.268
4.333	2.267
4.333	2.267
4.333	2.266
4.333	2.266
4.333	2.266
4.334	2.265
4.334	2.265
4.334	2.264
4.334	2.264
4.334	2.263
4.334	2.263
4.334	2.262
4.335	2.262
4.335	2.261
4.335	2.261
4.335	2.260
4.335	2.260
4.335	2.259
4.336	2.259
4.336	2.258
4.336	2.258
4.336	2.257
4.336	2.257
4.336	2.256
4.337	2.256
4.337	2.255
4.337	2.255
4.337	2.255
4.337	2.254
4.337	2.254
4.338	2.253
4.338	2.253
4.338	2.252
4.338	2.252
4.338	2.251
4.338	2.251
4.339	2.250
4.339	2.250
4.339	2.249
4.339	2.249
4.339	2.248
4.339	2.248
4.340	2.247
4.340	2.247
4.340	2.246
4.340	2.246
4.340	2.245
4.340	2.245
4.341	2.244
4.341	2.244
4.341	2.244
4.341	2.243
4.341	2.243
4.341	2.242
4.341	2.242
4.342	2.241
4.342	2.241
4.342	2.240
4.342	2.240
4.342	2.239
4.342	2.239
4.343	2.238
4.343	2.238
4.343	2.237
4.343	2.237
4.343	2.236
4.343	2.236
4.344	2.235
4.344	2.235
4.344	2.234
4.344	2.234
4.344	2.234
4.344	2.233
4.345	2.233
4.345	2.232
4.345	2.232
4.345	2.231
4.345	2.231
4.345	2.230
4.346	2.230
4.346	2.229
4.346	2.229
4.346	2.228
4.346	2.228
4.346	2.227
4.347	2.227
4.347	2.226
4.347	2.226
4.347	2.225
4.347	2.225
4.347	2.224
4.347	2.224
4.348	2.223
4.348	2.223
4.348	2.223
4.348	2.222
4.348	2.222
4.348	2.221
4.349	2.221
4.349	2.220
4.349	2.220
4.349	2.219
4.349	2.219
4.349	2.218
4.350	2.218
4.350	2.217
4.350	2.217
4.350	2.216
4.350	2.216
4.350	2.215
4.351	2.215
4.351	2.214
4.351	2.214
4.351	2.213
4.351	2.213
4.351	2.212
4.352	2.212
4.352	2.212
4.352	2.211
4.352	2.211
4.352	2.210
4.352	2.210
4.353	2.209
4.353	2.209
4.353	2.208
4.353	2.208
4.353	2.207
4.353	2.207
4.354	2.206
4.354	2.206
4.354	2.205
4.354	2.205
4.354	2.204
4.354	2.204
4.354	2.203
4.355	2.203
4.355	2.202
4.355	2.202
4.355	2.201
4.355	2.201
4.355	2.201
4.356	2.200
4.356	2.200
4.356	2.199
4.356	2.199
4.356	2.198
4.356	2.198
4.357	2.197
4.357	2.197
4.357	2.196
4.357	2.196
4.357	2.195
4.357	2.195
4.358	2.194
4.358	2.194
4.358	2.193
4.358	2.193
4.358	2.192
4.358	2.192
4.359	2.191
4.359	2.191
4.359	2.190
4.359	2.190
4.359	2.190
4.359	2.190
4.359	2.189
4.359	2.189
4.359	2.188
4.360	2.188
4.360	2.187
4.360	2.187
4.360	2.186
4.360	2.186
4.360	2.185
4.360	2.185
4.360	2.184
4.360	2.184
4.361	2.183
4.361	2.183
4.361	2.182
4.361	2.182
4.361	2.181
4.361	2.181
4.361	2.180
4.361	2.180
4.361	2.179
4.362	2.179
4.362	2.178
4.362	2.178
4.362	2.177
4.362	2.177
4.362	2.176
4.362	2.176
4.362	2.175
4.362	2.175
4.363	2.174
4.363	2.174
4.363	2.173
4.363	2.173
4.363	2.172
4.363	2.172
4.363	2.171
4.363	2.171
4.363	2.170
4.364	2.170
4.364	2.169
4.364	2.169
4.364	2.168
4.364	2.168
4.364	2.167
4.364	2.167
4.364	2.166
4.364	2.166
4.365	2.165
4.365	2.165
4.365	2.164
4.365	2.164
4.365	2.163
4.365	2.163
4.365	2.162
4.365	2.162
4.365	2.161
4.366	2.161
4.366	2.161
4.366	2.160
4.366	2.160
4.366	2.159
4.366	2.159
4.366	2.158
4.366	2.158
4.366	2.157
4.367	2.157
4.367	2.156
4.367	2.156
4.367	2.155
4.367	2.155
4.367	2.154
4.367	2.154
4.367	2.153
4.367	2.153
4.368	2.152
4.368	2.152
4.368	2.151
4.368	2.151
4.368	2.150
4.368	2.150
4.368	2.149
4.368	2.149
4.368	2.148
4.369	2.148
4.369	2.147
4.369	2.147
4.369	2.146
4.369	2.146
4.369	2.145
4.369	2.145
4.369	2.144
4.369	2.144
4.370	2.143
4.370	2.143
4.370	2.142
4.370	2.142
4.370	2.141
4.370	2.141
4.370	2.140
4.370	2.140
4.370	2.139
4.371	2.139
4.371	2.138
4.371	2.138
4.371	2.137
4.371	2.137
4.371	2.136
4.371	2.136
4.371	2.135
4.371	2.135
4.372	2.134
4.372	2.134
4.372	2.133
4.372	2.133
4.372	2.132
4.372	2.132
4.372	2.131
4.372	2.131
4.372	2.131
4.373	2.130
4.373	2.130
4.373	2.129
4.373	2.129
4.373	2.128
4.373	2.128
4.373	2.127
4.373	2.127
4.373	2.126
4.374	2.126
4.374	2.125
4.374	2.125
4.374	2.124
4.374	2.124
4.374	2.123
4.374	2.123
4.374	2.122
4.374	2.122
4.375	2.121
4.375	2.121
4.375	2.120
4.375	2.120
4.375	2.119
4.375	2.119
4.375	2.118
4.375	2.118
4.375	2.117
4.376	2.117
4.376	2.116
4.376	2.116
4.376	2.115
4.376	2.115
4.376	2.114
4.376	2.114
4.376	2.113
4.376	2.113
4.377	2.112
4.377	2.112
4.377	2.111
4.377	2.111
4.377	2.110
4.377	2.110
4.377	2.109
4.377	2.109
4.378	2.108
4.378	2.108
4.378	2.107
4.378	2.107
4.378	2.106
4.378	2.106
4.378	2.105
4.378	2.105
4.378	2.104
4.379	2.104
4.379	2.103
4.379	2.103
4.379	2.102
4.379	2.102
4.379	2.102
4.379	2.101
4.379	2.101
4.379	2.100
4.380	2.100
4.380	2.099
4.380	2.099
4.380	2.098
4.380	2.098
4.380	2.097
4.380	2.097
4.380	2.096
4.380	2.096
4.381	2.095
4.381	2.095
4.381	2.094
4.381	2.094
4.381	2.093
4.381	2.093
4.381	2.092
4.381	2.092
4.381	2.091
4.382	2.091
4.382	2.090
4.382	2.090
4.382	2.089
4.382	2.089
4.382	2.088
4.382	2.088
4.382	2.087
4.382	2.087
4.383	2.086
4.383	2.086
4.383	2.085
4.383	2.085
4.383	2.084
4.383	2.084
4.383	2.083
4.383	2.083
4.383	2.082
4.384	2.082
4.384	2.081
4.384	2.081
4.384	2.080
4.384	2.080
4.384	2.079
4.384	2.079
4.384	2.078
4.384	2.078
4.385	2.077
4.385	2.077
4.385	2.076
4.385	2.076
4.385	2.075
4.385	2.075
4.385	2.074
4.385	2.074
4.385	2.073
4.386	2.073
4.386	2.073
4.386	2.072
4.386	2.072
4.386	2.071
4.386	2.071
4.386	2.070
4.386	2.070
4.386	2.069
4.387	2.069
4.387	2.068
4.387	2.068
4.387	2.067
4.387	2.067
4.387	2.066
4.387	2.066
4.387	2.065
4.387	2.065
4.388	2.064
4.388	2.064
4.388	2.063
4.388	2.063
4.388	2.062
4.388	2.062
4.388	2.061
4.388	2.061
4.388	2.060
4.389	2.060
4.389	2.059
4.389	2.059
4.389	2.058
4.389	2.058
4.389	2.057
4.389	2.057
4.389	2.056
4.389	2.056
4.390	2.055
4.390	2.055
4.390	2.054
4.390	2.054
4.390	2.053
4.390	2.053
4.390	2.052
4.390	2.052
4.390	2.052
4.390	2.051
4.390	2.051
4.390	2.050
4.390	2.050
4.391	2.049
4.391	2.049
4.391	2.048
4.391	2.048
4.391	2.047
4.391	2.047
4.391	2.046
4.391	2.046
4.391	2.045
4.391	2.045
4.391	2.044
4.391	2.044
4.391	2.043
4.391	2.043
4.391	2.042
4.391	2.042
4.391	2.041
4.391	2.041
4.391	2.040
4.391	2.040
4.392	2.039
4.392	2.039
4.392	2.038
4.392	2.038
4.392	2.037
4.392	2.037
4.392	2.036
4.392	2.036
4.392	2.035
4.392	2.035
4.392	2.034
4.392	2.034
4.392	2.033
4.392	2.033
4.392	2.032
4.392	2.032
4.392	2.031
4.392	2.031
4.392	2.030
4.392	2.030
4.393	2.029
4.393	2.029
4.393	2.028
4.393	2.028
4.393	2.027
4.393	2.027
4.393	2.026
4.393	2.026
4.393	2.025
4.393	2.025
4.393	2.024
4.393	2.024
4.393	2.023
4.393	2.023
4.393	2.022
4.393	2.022
4.393	2.021
4.393	2.021
4.393	2.020
4.393	2.020
4.394	2.019
4.394	2.019
4.394	2.018
4.394	2.018
4.394	2.017
4.394	2.017
4.394	2.016
4.394	2.016
4.394	2.015
4.394	2.015
4.394	2.014
4.394	2.014
4.394	2.013
4.394	2.013
4.394	2.012
4.394	2.012
4.394	2.011
4.394	2.011
4.394	2.010
4.394	2.010
4.395	2.009
4.395	2.009
4.395	2.008
4.395	2.008
4.395	2.007
4.395	2.007
4.395	2.006
4.395	2.006
4.395	2.005
4.395	2.005
4.395	2.004
4.395	2.004
4.395	2.003
4.395	2.003
4.395	2.002
4.395	2.002
4.395	2.001
4.395	2.001
4.395	2.000
4.395	2.000
4.396	1.999
4.396	1.999
4.396	1.998
4.396	1.998
4.396	1.997
4.396	1.997
4.396	1.996
4.396	1.996
4.396	1.995
4.396	1.995
4.396	1.994
4.396	1.994
4.396	1.993
4.396	1.993
4.396	1.992
4.396	1.992
4.396	1.991
4.396	1.991
4.396	1.990
4.396	1.990
4.397	1.989
4.397	1.989
4.397	1.988
4.397	1.988
4.397	1.987
4.397	1.987
4.397	1.986
4.397	1.986
4.397	1.985
4.397	1.985
4.397	1.984
4.397	1.984
4.397	1.983
4.397	1.983
4.397	1.982
4.397	1.982
4.397	1.981
4.397	1.981
4.397	1.980
4.397	1.980
4.397	1.979
4.398	1.979
4.398	1.978
4.398	1.978
4.398	1.977
4.398	1.977
4.398	1.976
4.398	1.976
4.398	1.975
4.398	1.975
4.398	1.974
4.398	1.974
4.398	1.973
4.398	1.973
4.398	1.972
4.398	1.972
4.398	1.971
4.398	1.971
4.398	1.970
4.398	1.970
4.398	1.969
4.399	1.969
4.399	1.968
4.399	1.968
4.399	1.967
4.399	1.967
4.399	1.966
4.399	1.966
4.399	1.965
4.399	1.965
4.399	1.964
4.399	1.964
4.399	1.963
4.399	1.963
4.399	1.962
4.399	1.961
4.399	1.961
4.399	1.960
4.399	1.960
4.399	1.959
4.399	1.959
4.400	1.958
4.400	1.958
4.400	1.957
4.400	1.957
4.400	1.956
4.400	1.956
4.400	1.955
4.400	1.955
4.400	1.954
4.400	1.954
4.400	1.953
4.400	1.953
4.400	1.952
4.400	1.952
4.400	1.951
4.400	1.951
4.400	1.950
4.400	1.950
4.400	1.949
4.400	1.949
4.401	1.948
4.401	1.948
4.401	1.947
4.401	1.947
4.401	1.946
4.401	1.946
4.401	1.945
4.401	1.945
4.401	1.944
4.401	1.944
4.401	1.943
4.401	1.943
4.401	1.942
4.401	1.942
4.401	1.941
4.401	1.941
4.401	1.940
4.401	1.940
4.401	1.939
4.401	1.939
4.402	1.938
4.402	1.938
4.402	1.937
4.402	1.937
4.402	1.936
4.402	1.936
4.402	1.935
4.402	1.935
4.402	1.934
4.402	1.934
4.402	1.933
4.402	1.933
4.402	1.932
4.402	1.932
4.402	1.931
4.402	1.931
4.402	1.930
4.402	1.930
4.402	1.929
4.402	1.929
4.403	1.928
4.403	1.928
4.403	1.927
4.403	1.927
4.403	1.927
4.403	1.926
4.403	1.926
4.402	1.925
4.402	1.925
4.402	1.924
4.402	1.924
4.402	1.923
4.402	1.923
4.402	1.922
4.402	1.922
4.402	1.921
4.402	1.921
4.402	1.920
4.402	1.920
4.402	1.919
4.402	1.919
4.402	1.918
4.402	1.918
4.402	1.917
4.402	1.917
4.402	1.916
4.402	1.916
4.402	1.915
4.402	1.915
4.402	1.914
4.402	1.914
4.402	1.913
4.402	1.913
4.401	1.912
4.401	1.912
4.401	1.911
4.401	1.911
4.401	1.910
4.401	1.910
4.401	1.909
4.401	1.909
4.401	1.908
4.401	1.908
4.401	1.907
4.401	1.907
4.401	1.906
4.401	1.906
4.401	1.905
4.401	1.905
4.401	1.904
4.401	1.904
4.401	1.903
4.401	1.903
4.401	1.902
4.401	1.902
4.401	1.901
4.401	1.901
4.401	1.900
4.401	1.900
4.401	1.899
4.400	1.899
4.400	1.898
4.400	1.898
4.400	1.897
4.400	1.897
4.400	1.896
4.400	1.896
4.400	1.895
4.400	1.895
4.400	1.894
4.400	1.894
4.400	1.893
4.400	1.893
4.400	1.892
4.400	1.892
4.400	1.891
4.400	1.891
4.400	1.890
4.400	1.890
4.400	1.889
4.400	1.889
4.400	1.888
4.400	1.888
4.400	1.887
4.400	1.887
4.400	1.886
4.399	1.886
4.399	1.885
4.399	1.885
4.399	1.884
4.399	1.884
4.399	1.883
4.399	1.883
4.399	1.882
4.399	1.882
4.399	1.881
4.399	1.881
4.399	1.880
4.399	1.880
4.399	1.879
4.399	1.878
4.399	1.878
4.399	1.877
4.399	1.877
4.399	1.876
4.399	1.876
4.399	1.875
4.399	1.875
4.399	1.874
4.399	1.874
4.399	1.873
4.399	1.873
4.398	1.872
4.398	1.872
4.398	1.871
4.398	1.871
4.398	1.870
4.398	1.870
4.398	1.869
4.398	1.869
4.398	1.868
4.398	1.868
4.398	1.867
4.398	1.867
4.398	1.866
4.398	1.866
4.398	1.865
4.398	1.865
4.398	1.864
4.398	1.864
4.398	1.863
4.398	1.863
4.398	1.862
4.398	1.862
4.398	1.861
4.398	1.861
4.398	1.860
4.398	1.860
4.397	1.859
4.397	1.859
4.397	1.858
4.397	1.858
4.397	1.857
4.397	1.857
4.397	1.856
4.397	1.856
4.397	1.855
4.397	1.855
4.397	1.854
4.397	1.854
4.397	1.853
4.397	1.853
4.397	1.852
4.397	1.852
4.397	1.851
4.397	1.851
4.397	1.850
4.397	1.850
4.397	1.849
4.397	1.849
4.397	1.848
4.397	1.848
4.397	1.847
4.397	1.847
4.397	1.846
4.396	1.846
4.396	1.845
4.396	1.845
4.396	1.844
4.396	1.844
4.396	1.843
4.396	1.843
4.396	1.842
4.396	1.842
4.396	1.841
4.396	1.841
4.396	1.840
4.396	1.840
4.396	1.839
4.396	1.839
4.396	1.838
4.396	1.838
4.396	1.837
4.396	1.837
4.396	1.836
4.396	1.836
4.396	1.835
4.396	1.835
4.396	1.834
4.396	1.834
4.396	1.833
4.395	1.833
4.395	1.832
4.395	1.832
4.395	1.831
4.395	1.831
4.395	1.830
4.395	1.830
4.395	1.829
4.395	1.829
4.395	1.828
4.395	1.828
4.395	1.827
4.395	1.827
4.395	1.826
4.395	1.826
4.395	1.825
4.395	1.825
4.395	1.824
4.395	1.824
4.395	1.823
4.395	1.823
4.395	1.822
4.395	1.822
4.395	1.822
4.394	1.821
4.394	1.821
4.394	1.820
4.394	1.820
4.394	1.819
4.394	1.819
4.394	1.818
4.394	1.818
4.394	1.817
4.393	1.817
4.393	1.816
4.393	1.816
4.393	1.815
4.393	1.815
4.393	1.814
4.393	1.814
4.393	1.813
4.393	1.813
4.392	1.812
4.392	1.812
4.392	1.811
4.392	1.811
4.392	1.810
4.392	1.810
4.392	1.809
4.392	1.809
4.392	1.808
4.391	1.808
4.391	1.807
4.391	1.807
4.391	1.806
4.391	1.806
4.391	1.805
4.391	1.805
4.391	1.804
4.391	1.804
4.390	1.803
4.390	1.803
4.390	1.802
4.390	1.802
4.390	1.801
4.390	1.801
4.390	1.800
4.390	1.800
4.390	1.799
4.389	1.799
4.389	1.798
4.389	1.798
4.389	1.797
4.389	1.797
4.389	1.796
4.389	1.796
4.389	1.796
4.389	1.795
4.388	1.795
4.388	1.794
4.388	1.794
4.388	1.793
4.388	1.793
4.388	1.792
4.388	1.792
4.388	1.791
4.388	1.791
4.388	1.791
4.387	1.790
4.387	1.790
4.387	1.789
4.387	1.789
4.387	1.788
4.387	1.788
4.387	1.787
4.386	1.787
4.386	1.786
4.386	1.786
4.386	1.785
4.386	1.785
4.386	1.784
4.386	1.784
4.385	1.783
4.385	1.783
4.385	1.782
4.385	1.782
4.385	1.781
4.385	1.781
4.385	1.780
4.385	1.780
4.384	1.779
4.384	1.779
4.384	1.778
4.384	1.778
4.384	1.777
4.384	1.777
4.384	1.776
4.383	1.776
4.383	1.775
4.383	1.775
4.383	1.774
4.383	1.774
4.383	1.773
4.383	1.773
4.382	1.773
4.382	1.772
4.382	1.772
4.382	1.771
4.382	1.771
4.382	1.770
4.382	1.770
4.382	1.769
4.381	1.769
4.381	1.768
4.381	1.768
4.381	1.767
4.381	1.767
4.381	1.766
4.381	1.766
4.380	1.765
4.380	1.765
4.380	1.764
4.380	1.764
4.380	1.763
4.380	1.763
4.380	1.762
4.379	1.762
4.379	1.761
4.379	1.761
4.379	1.760
4.379	1.760
4.379	1.759
4.379	1.759
4.379	1.758
4.378	1.758
4.378	1.757
4.378	1.757
4.378	1.756
4.378	1.756
4.378	1.755
4.378	1.755
4.377	1.754
4.377	1.754
4.377	1.753
4.377	1.753
4.377	1.752
4.377	1.752
4.377	1.751
4.376	1.751
4.376	1.751
4.376	1.750
4.376	1.750
4.376	1.749
4.376	1.749
4.376	1.748
4.376	1.748
4.375	1.747
4.375	1.747
4.375	1.746
4.375	1.746
4.375	1.745
4.375	1.745
4.375	1.744
4.374	1.744
4.374	1.743
4.374	1.743
4.374	1.742
4.374	1.742
4.374	1.741
4.374	1.741
4.374	1.741
4.373	1.740
4.373	1.740
4.373	1.739
4.373	1.739
4.373	1.738
4.373	1.738
4.373	1.737
4.372	1.737
4.372	1.736
4.372	1.736
4.372	1.735
4.372	1.735
4.372	1.734
4.372	1.734
4.371	1.733
4.371	1.733
4.371	1.732
4.371	1.732
4.371	1.731
4.371	1.731
4.371	1.731
4.370	1.730
4.370	1.730
4.370	1.729
4.370	1.729
4.370	1.728
4.370	1.728
4.370	1.727
4.369	1.727
4.369	1.726
4.369	1.726
4.369	1.725
4.369	1.725
4.369	1.724
4.369	1.724
4.368	1.723
4.368	1.723
4.368	1.722
4.368	1.722
4.368	1.721
4.368	1.721
4.368	1.720
4.367	1.720
4.367	1.719
4.367	1.719
4.367	1.718
4.367	1.718
4.367	1.717
4.367	1.717
4.366	1.716
4.366	1.716
4.366	1.715
4.366	1.715
4.366	1.714
4.366	1.714
4.365	1.713
4.365	1.713
4.365	1.713
4.365	1.712
4.365	1.712
4.365	1.711
4.365	1.711
4.364	1.710
4.364	1.710
4.364	1.709
4.364	1.709
4.364	1.708
4.364	1.708
4.364	1.707
4.363	1.707
4.363	1.706
4.363	1.706
4.363	1.705
4.363	1.705
4.363	1.704
4.363	1.704
4.362	1.703
4.362	1.703
4.362	1.702
4.362	1.702
4.362	1.701
4.362	1.701
4.362	1.700
4.361	1.700
4.361	1.699
4.361	1.699
4.361	1.698
4.361	1.698
4.361	1.697
4.361	1.697
4.360	1.696
4.360	1.696
4.360	1.696
4.360	1.695
4.360	1.695
4.360	1.694
4.360	1.694
4.359	1.693
4.359	1.693
4.359	1.692
4.359	1.692
4.359	1.691
4.359	1.691
4.359	1.690
4.358	1.690
4.358	1.689
4.358	1.689
4.358	1.688
4.358	1.688
4.358	1.687
4.357	1.687
4.357	1.686
4.357	1.686
4.357	1.685
4.357	1.685
4.357	1.684
4.357	1.684
4.356	1.683
4.356	1.683
4.356	1.683
4.356	1.682
4.356	1.682
4.356	1.681
4.356	1.681
4.356	1.680
4.355	1.680
4.355	1.680
4.355	1.679
4.355	1.679
4.355	1.678
4.355	1.678
4.354	1.677
4.354	1.677
4.354	1.676
4.354	1.676
4.354	1.675
4.354	1.675
4.354	1.674
4.353	1.674
4.353	1.673
4.353	1.673
4.353	1.672
4.353	1.672
4.353	1.671
4.352	1.671
4.352	1.670
4.352	1.670
4.352	1.669
4.352	1.669
4.352	1.668
4.352	1.668
4.351	1.668
4.351	1.667
4.351	1.667
4.351	1.666
4.351	1.666
4.351	1.665
4.350	1.665
4.350	1.664
4.350	1.664
4.350	1.663
4.350	1.663
4.350	1.662
4.350	1.662
4.349	1.661
4.349	1.661
4.349	1.660
4.349	1.660
4.349	1.659
4.349	1.659
4.348	1.658
4.348	1.658
4.348	1.657
4.348	1.657
4.348	1.656
4.348	1.656
4.348	1.655
4.347	1.655
4.347	1.655
4.347	1.654
4.347	1.654
4.347	1.653
4.347	1.653
4.346	1.652
4.346	1.652
4.346	1.651
4.346	1.651
4.346	1.650
4.346	1.650
4.346	1.649
4.345	1.649
4.345	1.648
4.345	1.648
4.345	1.647
4.345	1.647
4.345	1.646
4.344	1.646
4.344	1.645
4.344	1.645
4.344	1.644
4.344	1.644
4.344	1.643
4.344	1.643
4.343	1.643
4.343	1.642
4.343	1.642
4.343	1.641
4.343	1.641
4.343	1.640
4.342	1.640
4.342	1.639
4.342	1.639
4.342	1.638
4.342	1.638
4.342	1.637
4.342	1.637
4.341	1.636
4.341	1.636
4.341	1.635
4.341	1.635
4.341	1.634
4.341	1.634
4.340	1.633
4.340	1.633
4.340	1.632
4.340	1.632
4.340	1.631
4.340	1.631
4.340	1.631
4.339	1.630
4.339	1.630
4.339	1.629
4.339	1.629
4.339	1.628
4.339	1.628
4.338	1.627
4.338	1.627
4.338	1.626
4.338	1.626
4.338	1.626
4.338	1.625
4.338	1.625
4.338	1.624
4.337	1.624
4.337	1.623
4.337	1.623
4.337	1.622
4.337	1.622
4.337	1.621
4.337	1.621
4.336	1.620
4.336	1.620
4.336	1.619
4.336	1.619
4.336	1.619
4.336	1.618
4.335	1.618
4.335	1.617
4.335	1.617
4.335	1.616
4.335	1.616
4.335	1.615
4.335	1.615
4.334	1.614
4.334	1.614
4.334	1.613
4.334	1.613
4.334	1.612
4.334	1.612
4.333	1.611
4.333	1.611
4.333	1.610
4.333	1.610
4.333	1.609
4.333	1.609
4.333	1.608
4.332	1.608
4.332	1.607
4.332	1.607
4.332	1.606
4.332	1.606
4.332	1.606
4.332	1.605
4.331	1.605
4.331	1.604
4.331	1.604
4.331	1.603
4.331	1.603
4.331	1.602
4.330	1.602
4.330	1.601
4.330	1.601
4.330	1.600
4.330	1.600
4.330	1.599
4.330	1.599
4.329	1.598
4.329	1.598
4.329	1.597
4.329	1.597
4.329	1.596
4.329	1.596
4.328	1.595
4.328	1.595
4.328	1.594
4.328	1.594
4.328	1.593
4.328	1.593
4.328	1.593
4.327	1.592
4.327	1.592
4.327	1.591
4.327	1.591
4.327	1.590
4.327	1.590
4.327	1.589
4.326	1.589
4.326	1.588
4.326	1.588
4.326	1.587
4.326	1.587
4.326	1.586
4.325	1.586
4.325	1.585
4.325	1.585
4.325	1.584
4.325	1.584
4.325	1.583
4.325	1.583
4.324	1.582
4.324	1.582
4.324	1.581
4.324	1.581
4.324	1.580
4.324	1.580
4.324	1.579
4.323	1.579
4.323	1.579
4.323	1.578
4.323	1.578
4.323	1.577
4.323	1.577
4.322	1.576
4.322	1.576
4.322	1.575
4.322	1.575
4.322	1.574
4.322	1.574
4.322	1.573
4.321	1.573
4.321	1.572
4.321	1.572
4.321	1.571
4.321	1.571
4.321	1.570
4.320	1.570
4.320	1.569
4.320	1.569
4.320	1.568
4.320	1.568
4.320	1.567
4.320	1.567
4.319	1.566
4.319	1.566
4.319	1.566
4.319	1.565
4.319	1.565
4.319	1.564
4.319	1.564
4.318	1.563
4.318	1.563
4.318	1.562
4.318	1.562
4.318	1.561
4.318	1.561
4.317	1.560
4.317	1.560
4.317	1.559
4.317	1.559
4.317	1.558
4.317	1.558
4.317	1.557
4.316	1.557
4.316	1.556
4.316	1.556
4.316	1.555
4.316	1.555
4.316	1.554
4.315	1.554
4.315	1.553
4.315	1.553
4.315	1.553
4.315	1.552
4.315	1.552
4.315	1.551
4.314	1.551
4.314	1.550
4.314	1.550
4.314	1.549
4.314	1.549
4.314	1.548
4.314	1.548
4.313	1.547
4.313	1.547
4.313	1.546
4.313	1.546
4.313	1.545
4.313	1.545
4.312	1.544
4.312	1.544
4.312	1.543
4.312	1.543
4.312	1.542
4.312	1.542
4.312	1.541
4.311	1.541
4.311	1.540
4.311	1.540
4.311	1.540
4.311	1.539
4.311	1.539
4.311	1.538
4.310	1.538
4.310	1.537
4.310	1.537
4.310	1.536
4.310	1.536
4.310	1.535
4.309	1.535
4.309	1.534
4.309	1.534
4.309	1.533
4.309	1.533
4.309	1.532
4.309	1.532
4.308	1.531
4.308	1.531
4.308	1.530
4.308	1.530
4.308	1.529
4.308	1.529
4.307	1.528
4.307	1.528
4.307	1.527
4.307	1.527
4.307	1.527
4.307	1.526
4.307	1.526
4.306	1.525
4.306	1.525
4.306	1.524
4.306	1.524
4.306	1.523
4.306	1.523
4.306	1.522
4.305	1.522
4.305	1.521
4.305	1.521
4.305	1.520
4.305	1.520
4.305	1.519
4.304	1.519
4.304	1.518
4.304	1.518
4.304	1.517
4.304	1.517
4.304	1.516
4.304	1.516
4.303	1.515
4.303	1.515
4.303	1.514
4.303	1.514
4.303	1.514
4.303	1.513
4.302	1.513
4.302	1.512
4.302	1.512
4.302	1.511
4.302	1.511
4.302	1.510
4.302	1.510
4.301	1.509
4.301	1.509
4.301	1.508
4.301	1.508
4.301	1.507
4.301	1.507
4.301	1.506
4.300	1.506
4.300	1.505
4.300	1.505
4.300	1.504
4.300	1.504
4.300	1.503
4.299	1.503
4.299	1.502
4.299	1.502
4.299	1.501
4.299	1.501
4.299	1.501
4.299	1.500
4.298	1.500
4.298	1.499
4.298	1.499
4.298	1.498
4.298	1.498
4.298	1.497
4.298	1.497
4.297	1.496
4.297	1.496
4.297	1.495
4.297	1.495
4.297	1.494
4.297	1.494
4.296	1.493
4.296	1.493
4.296	1.492
4.296	1.492
4.296	1.491
4.296	1.491
4.296	1.490
4.295	1.490
4.295	1.489
4.295	1.489
4.295	1.488
4.295	1.488
4.295	1.488
4.294	1.487
4.294	1.487
4.294	1.486
4.294	1.486
4.294	1.485
4.294	1.485
4.294	1.484
4.293	1.484
4.293	1.483
4.293	1.483
4.293	1.482
4.293	1.482
4.293	1.481
4.293	1.481
4.292	1.480
4.292	1.480
4.292	1.479
4.292	1.479
4.292	1.478
4.292	1.478
4.291	1.477
4.291	1.477
4.291	1.476
4.291	1.476
4.291	1.475
4.291	1.475
4.291	1.475
4.291	1.475
4.290	1.474
4.290	1.474
4.290	1.473
4.290	1.473
4.290	1.472
4.290	1.472
4.290	1.471
4.290	1.471
4.290	1.470
4.290	1.470
4.289	1.469
4.289	1.469
4.289	1.468
4.289	1.468
4.289	1.467
4.289	1.467
4.289	1.466
4.289	1.466
4.289	1.465
4.288	1.465
4.288	1.464
4.288	1.464
4.288	1.463
4.288	1.463
4.288	1.462
4.288	1.462
4.288	1.461
4.288	1.461
4.288	1.460
4.287	1.460
4.287	1.459
4.287	1.459
4.287	1.458
4.287	1.458
4.287	1.457
4.287	1.457
4.287	1.456
4.287	1.456
4.287	1.455
4.286	1.455
4.286	1.454
4.286	1.454
4.286	1.453
4.286	1.453
4.286	1.452
4.286	1.452
4.286	1.451
4.286	1.451
4.285	1.450
4.285	1.450
4.285	1.449
4.285	1.449
4.285	1.448
4.285	1.448
4.285	1.447
4.285	1.447
4.285	1.446
4.285	1.446
4.284	1.445
4.284	1.445
4.284	1.444
4.284	1.444
4.284	1.443
4.284	1.443
4.284	1.442
4.284	1.442
4.284	1.441
4.283	1.441
4.283	1.440
4.283	1.440
4.283	1.439
4.283	1.439
4.283	1.438
4.283	1.438
4.283	1.438
4.283	1.437
4.283	1.437
4.282	1.436
4.282	1.436
4.282	1.435
4.282	1.435
4.282	1.434
4.282	1.434
4.282	1.433
4.282	1.433
4.282	1.432
4.282	1.432
4.281	1.431
4.281	1.431
4.281	1.430
4.281	1.430
4.281	1.429
4.281	1.429
4.281	1.428
4.281	1.428
4.281	1.427
4.280	1.427
4.280	1.426
4.280	1.426
4.280	1.425
4.280	1.425
4.280	1.424
4.280	1.424
4.280	1.423
4.280	1.423
4.280	1.422
4.279	1.422
4.279	1.421
4.279	1.421
4.279	1.420
4.279	1.420
4.279	1.419
4.279	1.419
4.279	1.418
4.279	1.418
4.279	1.417
4.278	1.417
4.278	1.416
4.278	1.416
4.278	1.415
4.278	1.415
4.278	1.414
4.278	1.414
4.278	1.413
4.278	1.413
4.277	1.412
4.277	1.412
4.277	1.411
4.277	1.411
4.277	1.410
4.277	1.410
4.277	1.409
4.277	1.409
4.277	1.408
4.277	1.408
4.276	1.407
4.276	1.407
4.276	1.406
4.276	1.406
4.276	1.405
4.276	1.405
4.276	1.404
4.276	1.404
4.276	1.403
4.275	1.403
4.275	1.402
4.275	1.402
4.275	1.401
4.275	1.401
4.275	1.400
4.275	1.400
4.275	1.400
4.275	1.399
4.275	1.399
4.274	1.398
4.274	1.398
4.274	1.397
4.274	1.397
4.274	1.396
4.274	1.396
4.274	1.395
4.274	1.395
4.274	1.394
4.274	1.394
4.273	1.393
4.273	1.393
4.273	1.392
4.273	1.392
4.273	1.391
4.273	1.391
4.273	1.390
4.273	1.390
4.273	1.389
4.272	1.389
4.272	1.389
4.272	1.388
4.273	1.388
4.273	1.387
4.273	1.387
4.273	1.386
4.273	1.386
4.273	1.385
4.273	1.385
4.273	1.384
4.273	1.384
4.273	1.383
4.273	1.383
4.273	1.382
4.273	1.382
4.273	1.381
4.273	1.381
4.273	1.380
4.273	1.380
4.273	1.379
4.273	1.379
4.273	1.378
4.273	1.378
4.273	1.377
4.273	1.376
4.273	1.376
4.273	1.375
4.273	1.375
4.273	1.374
4.273	1.374
4.273	1.373
4.273	1.373
4.273	1.372
4.273	1.372
4.273	1.371
4.273	1.371
4.273	1.370
4.273	1.370
4.273	1.369
4.273	1.369
4.273	1.368
4.273	1.368
4.273	1.367
4.273	1.367
4.273	1.366
4.273	1.366
4.273	1.365
4.273	1.365
4.273	1.364
4.273	1.364
4.273	1.363
4.273	1.363
4.273	1.362
4.273	1.362
4.273	1.361
4.273	1.361
4.273	1.360
4.273	1.360
4.273	1.359
4.273	1.359
4.273	1.358
4.273	1.358
4.273	1.357
4.273	1.357
4.273	1.356
4.273	1.356
4.273	1.355
4.273	1.355
4.273	1.354
4.273	1.354
4.273	1.353
4.273	1.353
4.273	1.352
4.273	1.352
4.274	1.351
4.274	1.351
4.274	1.350
4.274	1.350
4.274	1.349
4.274	1.349
4.274	1.348
4.274	1.348
4.274	1.347
4.274	1.347
4.274	1.346
4.274	1.346
4.274	1.345
4.274	1.345
4.274	1.344
4.274	1.344
4.274	1.343
4.274	1.343
4.274	1.342
4.274	1.342
4.274	1.341
4.274	1.341
4.274	1.340
4.274	1.339
4.274	1.339
4.274	1.338
4.274	1.338
4.274	1.337
4.274	1.337
4.274	1.336
4.274	1.336
4.274	1.335
4.274	1.335
4.274	1.334
4.274	1.334
4.274	1.333
4.274	1.333
4.274	1.332
4.274	1.332
4.274	1.331
4.274	1.331
4.274	1.330
4.274	1.330
4.274	1.330
4.274	1.329
4.274	1.329
4.275	1.328
4.275	1.328
4.275	1.328
4.275	1.327
4.275	1.327
4.276	1.326
4.276	1.326
4.276	1.325
4.276	1.325
4.276	1.324
4.277	1.324
4.277	1.323
4.277	1.323
4.277	1.322
4.277	1.322
4.278	1.321
4.278	1.321
4.278	1.320
4.278	1.320
4.278	1.320
4.278	1.319
4.279	1.319
4.279	1.318
4.279	1.318
4.279	1.317
4.279	1.317
4.280	1.316
4.280	1.316
4.280	1.315
4.280	1.315
4.280	1.314
4.281	1.314
4.281	1.313
4.281	1.313
4.281	1.313
4.281	1.312
4.281	1.312
4.282	1.311
4.282	1.311
4.282	1.310
4.282	1.310
4.282	1.309
4.283	1.309
4.283	1.308
4.283	1.308
4.283	1.307
4.283	1.307
4.284	1.306
4.284	1.306
4.284	1.305
4.284	1.305
4.284	1.305
4.284	1.304
4.285	1.304
4.285	1.303
4.285	1.303
4.285	1.302
4.285	1.302
4.286	1.301
4.286	1.301
4.286	1.300
4.286	1.300
4.286	1.299
4.287	1.299
4.287	1.298
4.287	1.298
4.287	1.298
4.287	1.297
4.288	1.297
4.288	1.296
4.288	1.296
4.288	1.295
4.288	1.295
4.288	1.294
4.289	1.294
4.289	1.293
4.289	1.293
4.289	1.292
4.289	1.292
4.290	1.291
4.290	1.291
4.290	1.290
4.290	1.290
4.290	1.290
4.291	1.289
4.291	1.289
4.291	1.288
4.291	1.288
4.291	1.287
4.291	1.287
4.292	1.286
4.292	1.286
4.292	1.285
4.292	1.285
4.292	1.284
4.293	1.284
4.293	1.283
4.293	1.283
4.293	1.283
4.293	1.282
4.294	1.282
4.294	1.281
4.294	1.281
4.294	1.280
4.294	1.280
4.294	1.280
4.295	1.279
4.295	1.279
4.295	1.278
4.295	1.278
4.296	1.278
4.296	1.277
4.296	1.277
4.296	1.276
4.297	1.276
4.297	1.275
4.297	1.275
4.297	1.274
4.298	1.274
4.298	1.274
4.298	1.273
4.298	1.273
4.299	1.272
4.299	1.272
4.299	1.271
4.299	1.271
4.300	1.270
4.300	1.270
4.300	1.270
4.300	1.269
4.301	1.269
4.301	1.268
4.301	1.268
4.301	1.267
4.302	1.267
4.302	1.267
4.302	1.266
4.302	1.266
4.303	1.265
4.303	1.265
4.303	1.264
4.303	1.264
4.304	1.263
4.304	1.263
4.304	1.263
4.304	1.262
4.305	1.262
4.305	1.261
4.305	1.261
4.305	1.260
4.306	1.260
4.306	1.259
4.306	1.259
4.306	1.259
4.307	1.258
4.307	1.258
4.307	1.257
4.307	1.257
4.308	1.256
4.308	1.256
4.308	1.256
4.308	1.255
4.309	1.255
4.309	1.254
4.309	1.254
4.309	1.253
4.310	1.253
4.310	1.252
4.310	1.252
4.310	1.252
4.311	1.251
4.311	1.251
4.311	1.250
4.311	1.250
4.312	1.249
4.312	1.249
4.312	1.248
4.312	1.248
4.313	1.248
4.313	1.247
4.313	1.247
4.313	1.246
4.314	1.246
4.314	1.245
4.314	1.245
4.314	1.245
4.315	1.244
4.315	1.244
4.315	1.243
4.315	1.243
4.316	1.242
4.316	1.242
4.316	1.241
4.316	1.241
4.316	1.241
4.316	1.241
4.317	1.240
4.317	1.240
4.317	1.239
4.317	1.239
4.317	1.238
4.318	1.238
4.318	1.237
4.318	1.237
4.318	1.236
4.318	1.236
4.319	1.235
4.319	1.235
4.319	1.234
4.319	1.234
4.319	1.233
4.320	1.233
4.320	1.233
4.320	1.232
4.320	1.232
4.320	1.231
4.320	1.231
4.321	1.230
4.321	1.230
4.321	1.229
4.321	1.229
4.321	1.228
4.322	1.228
4.322	1.227
4.322	1.227
4.322	1.226
4.322	1.226
4.323	1.225
4.323	1.225
4.323	1.225
4.323	1.224
4.323	1.224
4.324	1.223
4.324	1.223
4.324	1.222
4.324	1.222
4.324	1.221
4.325	1.221
4.325	1.220
4.325	1.220
4.325	1.219
4.325	1.219
4.326	1.218
4.326	1.218
4.326	1.217
4.326	1.217
4.326	1.217
4.326	1.216
4.327	1.216
4.327	1.215
4.327	1.215
4.327	1.214
4.327	1.214
4.328	1.213
4.328	1.213
4.328	1.212
4.328	1.212
4.328	1.211
4.329	1.211
4.329	1.210
4.329	1.210
4.329	1.209
4.329	1.209
4.330	1.209
4.330	1.208
4.330	1.208
4.330	1.207
4.330	1.207
4.331	1.206
4.331	1.206
4.331	1.205
4.331	1.205
4.331	1.204
4.332	1.204
4.332	1.203
4.332	1.203
4.332	1.202
4.332	1.202
4.332	1.201
4.333	1.201
4.333	1.201
4.333	1.200
4.333	1.200
4.333	1.199
4.334	1.199
4.334	1.198
4.334	1.198
4.334	1.197
4.334	1.197
4.334	1.197
4.335	1.196
4.335	1.196
4.335	1.195
4.335	1.195
4.335	1.194
4.335	1.194
4.335	1.193
4.336	1.193
4.336	1.192
4.336	1.192
4.336	1.191
4.336	1.191
4.336	1.190
4.336	1.190
4.337	1.190
4.337	1.189
4.337	1.189
4.337	1.188
4.337	1.188
4.337	1.187
4.337	1.187
4.338	1.186
4.338	1.186
4.338	1.185
4.338	1.185
4.338	1.184
4.338	1.184
4.338	1.183
4.339	1.183
4.339	1.182
4.339	1.182
4.339	1.181
4.339	1.181
4.339	1.180
4.339	1.180
4.340	1.179
4.340	1.179
4.340	1.178
4.340	1.178
4.340	1.177
4.340	1.177
4.340	1.176
4.341	1.176
4.341	1.175
4.341	1.175
4.341	1.174
4.341	1.174
4.341	1.174
4.341	1.173
4.342	1.173
4.342	1.172
4.342	1.172
4.342	1.171
4.342	1.171
4.342	1.170
4.342	1.170
4.343	1.169
4.343	1.169
4.343	1.168
4.343	1.168
4.343	1.167
4.343	1.167
4.343	1.166
4.344	1.166
4.344	1.165
4.344	1.165
4.344	1.164
4.344	1.164
4.344	1.163
4.344	1.163
4.345	1.162
4.345	1.162
4.345	1.161
4.345	1.161
4.345	1.160
4.345	1.160
4.345	1.159
4.346	1.159
4.346	1.158
4.346	1.158
4.346	1.158
4.346	1.157
4.346	1.157
4.346	1.156
4.347	1.156
4.347	1.155
4.347	1.155
4.347	1.154
4.347	1.154
4.347	1.153
4.347	1.153
4.347	1.152
4.348	1.152
4.348	1.151
4.348	1.151
4.348	1.150
4.348	1.150
4.348	1.149
4.348	1.149
4.349	1.148
4.349	1.148
4.349	1.147
4.349	1.147
4.349	1.146
4.349	1.146
4.349	1.146
4.349	1.145
4.350	1.145
4.350	1.144
4.350	1.144
4.350	1.143
4.350	1.143
4.350	1.142
4.350	1.142
4.350	1.141
4.350	1.141
4.350	1.140
4.351	1.140
4.351	1.139
4.351	1.139
4.351	1.138
4.351	1.138
4.351	1.137
4.351	1.137
4.351	1.136
4.351	1.136
4.351	1.136
4.352	1.135
4.352	1.135
4.352	1.134
4.352	1.134
4.352	1.133
4.352	1.133
4.352	1.132
4.352	1.132
4.352	1.131
4.352	1.131
4.353	1.130
4.353	1.130
4.353	1.129
4.353	1.129
4.353	1.128
4.353	1.128
4.353	1.127
4.353	1.127
4.353	1.126
4.353	1.126
4.354	1.125
4.354	1.125
4.354	1.124
4.354	1.124
4.354	1.123
4.354	1.123
4.354	1.122
4.354	1.122
4.354	1.121
4.354	1.121
4.355	1.120
4.355	1.120
4.355	1.119
4.355	1.119
4.355	1.118
4.355	1.118
4.355	1.117
4.355	1.117
4.355	1.116
4.355	1.116
4.356	1.115
4.356	1.115
4.356	1.114
4.356	1.114
4.356	1.113
4.356	1.113
4.356	1.112
4.356	1.112
4.356	1.111
4.356	1.111
4.357	1.110
4.357	1.110
4.357	1.109
4.357	1.109
4.357	1.108
4.357	1.108
4.357	1.107
4.357	1.107
4.357	1.106
4.357	1.106
4.358	1.105
4.358	1.105
4.358	1.104
4.358	1.104
4.358	1.103
4.358	1.103
4.358	1.102
4.358	1.102
4.358	1.101
4.358	1.101
4.359	1.100
4.359	1.100
4.359	1.099
4.359	1.099
4.359	1.098
4.359	1.098
4.359	1.097
4.359	1.097
4.359	1.096
4.359	1.096
4.360	1.095
4.360	1.095
4.360	1.094
4.360	1.094
4.360	1.093
4.360	1.093
4.360	1.092
4.360	1.092
4.360	1.091
4.360	1.091
4.361	1.090
4.361	1.090
4.361	1.089
4.361	1.089
4.361	1.089
4.361	1.089
4.361	1.088
4.361	1.088
4.361	1.087
4.361	1.087
4.361	1.086
4.362	1.086
4.362	1.085
4.362	1.085
4.362	1.084
4.362	1.084
4.362	1.083
4.362	1.083
4.362	1.082
4.363	1.082
4.363	1.081
4.363	1.081
4.363	1.080
4.363	1.080
4.363	1.079
4.363	1.079
4.363	1.078
4.363	1.078
4.364	1.077
4.364	1.077
4.364	1.076
4.364	1.076
4.364	1.075
4.364	1.075
4.364	1.074
4.364	1.074
4.364	1.073
4.365	1.073
4.365	1.072
4.365	1.072
4.365	1.071
4.365	1.071
4.365	1.070
4.365	1.070
4.365	1.069
4.365	1.069
4.366	1.068
4.366	1.068
4.366	1.067
4.366	1.067
4.366	1.066
4.366	1.066
4.366	1.065
4.366	1.065
4.367	1.064
4.367	1.064
4.367	1.063
4.367	1.063
4.367	1.063
4.367	1.062
4.367	1.062
4.367	1.061
4.367	1.061
4.368	1.060
4.368	1.060
4.368	1.059
4.368	1.059
4.368	1.058
4.368	1.058
4.368	1.057
4.368	1.057
4.368	1.056
4.369	1.056
4.369	1.055
4.369	1.055
4.369	1.054
4.369	1.054
4.369	1.053
4.369	1.053
4.369	1.052
4.370	1.052
4.370	1.051
4.370	1.051
4.370	1.050
4.370	1.050
4.370	1.049
4.370	1.049
4.370	1.048
4.370	1.048
4.371	1.047
4.371	1.047
4.371	1.046
4.371	1.046
4.371	1.045
4.371	1.045
4.371	1.044
4.371	1.044
4.371	1.043
4.372	1.043
4.372	1.042
4.372	1.042
4.372	1.041
4.372	1.041
4.372	1.040
4.372	1.040
4.372	1.039
4.372	1.039
4.373	1.039
4.373	1.039
4.373	1.038
4.373	1.038
4.373	1.037
4.374	1.037
4.374	1.036
4.374	1.036
4.374	1.035
4.374	1.035
4.375	1.034
4.375	1.034
4.375	1.033
4.375	1.033
4.375	1.033
4.376	1.032
4.376	1.032
4.376	1.031
4.376	1.031
4.376	1.030
4.377	1.030
4.377	1.029
4.377	1.029
4.377	1.028
4.377	1.028
4.378	1.027
4.378	1.027
4.378	1.026
4.378	1.026
4.378	1.026
4.379	1.025
4.379	1.025
4.379	1.024
4.379	1.024
4.379	1.023
4.380	1.023
4.380	1.022
4.380	1.022
4.380	1.021
4.380	1.021
4.380	1.020
4.381	1.020
4.381	1.020
4.381	1.019
4.381	1.019
4.381	1.018
4.382	1.018
4.382	1.017
4.382	1.017
4.382	1.016
4.382	1.016
4.383	1.015
4.383	1.015
4.383	1.014
4.383	1.014
4.383	1.014
4.384	1.013
4.384	1.013
4.384	1.012
4.384	1.012
4.384	1.011
4.385	1.011
4.385	1.010
4.385	1.010
4.385	1.009
4.385	1.009
4.386	1.008
4.386	1.008
4.386	1.008
4.386	1.007
4.386	1.007
4.387	1.006
4.387	1.006
4.387	1.005
4.387	1.005
4.387	1.004
4.388	1.004
4.388	1.003
4.388	1.003
4.388	1.002
4.388	1.002
4.389	1.002
4.389	1.001
4.389	1.001
4.389	1.000
4.389	1.000
4.389	1.000
4.390	0.999
4.390	0.999
4.390	0.998
4.391	0.998
4.391	0.998
4.391	0.997
4.391	0.997
4.392	0.996
4.392	0.996
4.392	0.995
4.393	0.995
4.393	0.995
4.393	0.994
4.393	0.994
4.394	0.993
4.394	0.993
4.394	0.993
4.395	0.992
4.395	0.992
4.395	0.991
4.395	0.991
4.396	0.990
4.396	0.990
4.396	0.990
4.397	0.989
4.397	0.989
4.397	0.988
4.397	0.988
4.398	0.987
4.398	0.987
4.398	0.987
4.399	0.986
4.399	0.986
4.399	0.985
4.399	0.985
4.400	0.985
4.400	0.984
4.400	0.984
4.401	0.983
4.401	0.983
4.401	0.982
4.401	0.982
4.402	0.982
4.402	0.981
4.402	0.981
4.403	0.980
4.403	0.980
4.403	0.980
4.403	0.979
4.404	0.979
4.404	0.978
4.404	0.978
4.405	0.977
4.405	0.977
4.405	0.977
4.405	0.976
4.406	0.976
4.406	0.975
4.406	0.975
4.407	0.974
4.407	0.974
4.407	0.974
4.408	0.973
4.408	0.973
4.408	0.972
4.408	0.972
4.409	0.972
4.409	0.971
4.409	0.971
4.410	0.970
4.410	0.970
4.410	0.969
4.410	0.969
4.411	0.969
4.411	0.968
4.411	0.968
4.412	0.967
4.412	0.967
4.412	0.967
4.412	0.966
4.413	0.966
4.413	0.965
4.413	0.965
4.414	0.964
4.414	0.964
4.414	0.964
4.414	0.963
4.415	0.963
4.415	0.962
4.415	0.962
4.416	0.961
4.416	0.961
4.416	0.961
4.416	0.960
4.417	0.960
4.417	0.960
4.417	0.959
4.417	0.959
4.418	0.959
4.418	0.958
4.418	0.958
4.419	0.958
4.419	0.957
4.419	0.957
4.420	0.956
4.420	0.956
4.420	0.956
4.421	0.955
4.421	0.955
4.421	0.954
4.422	0.954
4.422	0.954
4.422	0.953
4.423	0.953
4.423	0.953
4.423	0.952
4.424	0.952
4.424	0.951
4.424	0.951
4.425	0.951
4.425	0.950
4.425	0.950
4.426	0.950
4.426	0.949
4.426	0.949
4.427	0.948
4.427	0.948
4.427	0.948
4.428	0.947
4.428	0.947
4.428	0.947
4.429	0.946
4.429	0.946
4.429	0.945
4.430	0.945
4.430	0.945
4.430	0.944
4.431	0.944
4.431	0.944
4.431	0.943
4.432	0.943
4.432	0.942
4.432	0.942
4.433	0.942
4.433	0.941
4.433	0.941
4.434	0.940
4.434	0.940
4.434	0.940
4.435	0.939
4.435	0.939
4.435	0.939
4.436	0.938
4.436	0.938
4.436	0.937
4.437	0.937
4.437	0.937
4.437	0.936
4.438	0.936
4.438	0.936
4.438	0.935
4.439	0.935
4.439	0.934
4.439	0.934
4.440	0.934
4.440	0.933
4.440	0.933
4.441	0.933
4.441	0.932
4.441	0.932
4.442	0.931
4.442	0.931
4.442	0.931
4.443	0.930
4.443	0.930
4.443	0.929
4.444	0.929
4.444	0.929
4.445	0.928
4.445	0.928
4.445	0.928
4.446	0.927
4.446	0.927
4.446	0.926
4.447	0.926
4.447	0.926
4.447	0.925
4.448	0.925
4.448	0.925
4.448	0.924
4.449	0.924
4.449	0.923
4.449	0.923
4.450	0.923
4.450	0.922
4.450	0.922
4.451	0.922
4.451	0.921
4.451	0.921
4.452	0.920
4.452	0.920
4.452	0.920
4.453	0.919
4.453	0.919
4.453	0.919
4.454	0.918
4.454	0.918
4.454	0.917
4.455	0.917
4.455	0.917
4.455	0.916
4.456	0.916
4.456	0.915
4.456	0.915
4.457	0.915
4.457	0.914
4.457	0.914
4.458	0.914
4.458	0.913
4.458	0.913
4.459	0.912
4.459	0.912
4.459	0.912
4.460	0.911
4.460	0.911
4.460	0.911
4.461	0.910
4.461	0.910
4.461	0.909
4.461	0.909
4.462	0.909
4.462	0.909
4.462	0.908
4.463	0.908
4.463	0.908
4.464	0.907
4.464	0.907
4.464	0.907
4.465	0.906
4.465	0.906
4.465	0.906
4.466	0.905
4.466	0.905
4.467	0.905
4.467	0.904
4.467	0.904
4.468	0.904
4.468	0.903
4.468	0.903
4.469	0.903
4.469	0.902
4.470	0.902
4.470	0.902
4.470	0.901
4.471	0.901
4.471	0.901
4.471	0.900
4.472	0.900
4.472	0.900
4.473	0.899
4.473	0.899
4.473	0.899
4.474	0.898
4.474	0.898
4.475	0.898
4.475	0.897
4.475	0.897
4.476	0.897
4.476	0.896
4.476	0.896
4.477	0.896
4.477	0.895
4.478	0.895
4.478	0.895
4.478	0.894
4.479	0.894
4.479	0.894
4.479	0.893
4.480	0.893
4.480	0.893
4.481	0.892
4.481	0.892
4.481	0.892
4.482	0.891
4.482	0.891
4.482	0.891
4.483	0.890
4.483	0.890
4.484	0.890
4.484	0.890
4.484	0.889
4.485	0.889
4.485	0.889
4.486	0.888
4.486	0.888
4.486	0.888
4.487	0.887
4.487	0.887
4.487	0.887
4.488	0.886
4.488	0.886
4.489	0.886
4.489	0.885
4.489	0.885
4.490	0.885
4.490	0.884
4.490	0.884
4.491	0.884
4.491	0.883
4.492	0.883
4.492	0.883
4.492	0.882
4.493	0.882
4.493	0.882
4.493	0.881
4.494	0.881
4.494	0.881
4.495	0.880
4.495	0.880
4.495	0.880
4.496	0.879
4.496	0.879
4.497	0.879
4.497	0.878
4.497	0.878
4.498	0.878
4.498	0.877
4.498	0.877
4.499	0.877
4.499	0.876
4.500	0.876
4.500	0.876
4.500	0.875
4.501	0.875
4.501	0.875
4.501	0.874
4.502	0.874
4.502	0.874
4.503	0.873
4.503	0.873
4.503	0.873
4.504	0.872
4.504	0.872
4.504	0.872
4.505	0.871
4.505	0.871
4.506	0.871
4.506	0.870
4.506	0.870
4.507	0.870
4.507	0.869
4.508	0.869
4.508	0.869
4.508	0.868
4.509	0.868
4.509	0.868
4.509	0.867
4.510	0.867
4.510	0.867
4.511	0.866
4.511	0.866
4.511	0.866
4.512	0.865
4.512	0.865
4.512	0.865
4.513	0.864
4.513	0.864
4.514	0.864
4.514	0.863
4.514	0.863
4.515	0.863
4.515	0.862
4.515	0.862
4.516	0.862
4.516	0.861
4.517	0.861
4.517	0.861
4.517	0.860
4.518	0.860
4.518	0.860
4.519	0.859
4.519	0.859
4.519	0.859
4.520	0.858
4.520	0.858
4.520	0.858
4.521	0.857
4.521	0.857
4.522	0.857
4.522	0.856
4.522	0.856
4.523	0.856
4.523	0.855
4.523	0.855
4.524	0.855
4.524	0.854
4.525	0.854
4.525	0.854
4.525	0.853
4.526	0.853
4.526	0.853
4.526	0.852
4.527	0.852
4.527	0.852
4.528	0.851
4.528	0.851
4.528	0.851
4.529	0.850
4.529	0.850
4.530	0.850
4.530	0.849
4.530	0.849
4.531	0.849
4.531	0.848
4.531	0.848
4.532	0.848
4.532	0.847
4.533	0.847
4.533	0.847
4.533	0.846
4.534	0.846
4.534	0.846
4.534	0.845
4.535	0.845
4.535	0.845
4.536	0.844
4.536	0.844
4.536	0.844
4.537	0.843
4.537	0.843
4.537	0.843
4.538	0.842
4.538	0.842
4.539	0.842
4.539	0.841
4.539	0.841
4.540	0.841
4.540	0.840
4.540	0.840
4.541	0.840
4.541	0.839
4.542	0.839
4.542	0.839
4.542	0.838
4.543	0.838
4.543	0.838
4.544	0.837
4.544	0.837
4.544	0.837
4.545	0.836
4.545	0.836
4.545	0.836
4.546	0.835
4.546	0.835
4.547	0.835
4.547	0.834
4.547	0.834
4.548	0.834
4.548	0.833
4.548	0.833
4.549	0.833
4.549	0.832
4.550	0.832
4.550	0.832
4.550	0.831
4.551	0.831
4.551	0.831
4.551	0.830
4.552	0.830
4.552	0.830
4.553	0.829
4.553	0.829
4.553	0.829
4.554	0.828
4.554	0.828
4.555	0.828
4.555	0.827
4.555	0.827
4.556	0.827
4.556	0.826
4.556	0.826
4.557	0.826
4.557	0.825
4.558	0.825
4.558	0.825
4.558	0.824
4.559	0.824
4.559	0.824
4.559	0.823
4.560	0.823
4.560	0.823
4.561	0.822
4.561	0.822
4.561	0.822
4.562	0.821
4.562	0.821
4.562	0.821
4.563	0.820
4.563	0.820
4.564	0.820
4.564	0.819
4.564	0.819
4.565	0.819
4.565	0.818
4.566	0.818
4.566	0.818
4.566	0.817
4.567	0.817
4.567	0.817
4.567	0.816
4.568	0.816
4.568	0.816
4.569	0.815
4.569	0.815
4.569	0.815
4.570	0.814
4.570	0.814
4.570	0.814
4.571	0.813
4.571	0.813
4.572	0.813
4.572	0.812
4.572	0.812
4.573	0.812
4.573	0.811
4.573	0.811
4.574	0.811
4.574	0.811
4.574	0.811
4.575	0.810
4.575	0.810
4.576	0.810
4.576	0.810
4.577	0.809
4.577	0.809
4.577	0.809
4.578	0.809
4.578	0.809
4.579	0.808
4.579	0.808
4.580	0.808
4.580	0.808
4.581	0.807
4.581	0.807
4.581	0.807
4.582	0.807
4.582	0.806
4.583	0.806
4.583	0.806
4.584	0.806
4.584	0.806
4.585	0.805
4.585	0.805
4.586	0.805
4.586	0.805
4.586	0.804
4.587	0.804
4.587	0.804
4.588	0.804
4.588	0.804
4.589	0.803
4.589	0.803
4.590	0.803
4.590	0.803
4.590	0.802
4.591	0.802
4.591	0.802
4.592	0.802
4.592	0.801
4.593	0.801
4.593	0.801
4.594	0.801
4.594	0.801
4.595	0.800
4.595	0.800
4.595	0.800
4.596	0.800
4.596	0.799
4.597	0.799
4.597	0.799
4.598	0.799
4.598	0.798
4.599	0.798
4.599	0.798
4.599	0.798
4.600	0.798
4.600	0.797
4.601	0.797
4.601	0.797
4.602	0.797
4.602	0.796
4.603	0.796
4.603	0.796
4.603	0.796
4.604	0.795
4.604	0.795
4.605	0.795
4.605	0.795
4.606	0.795
4.606	0.794
4.607	0.794
4.607	0.794
4.608	0.794
4.608	0.793
4.608	0.793
4.609	0.793
4.609	0.793
4.610	0.793
4.610	0.792
4.611	0.792
4.611	0.792
4.612	0.792
4.612	0.791
4.612	0.791
4.613	0.791
4.613	0.791
4.614	0.790
4.614	0.790
4.615	0.790
4.615	0.790
4.616	0.790
4.616	0.789
4.617	0.789
4.617	0.789
4.617	0.789
4.618	0.788
4.618	0.788
4.619	0.788
4.619	0.788
4.620	0.787
4.620	0.787
4.621	0.787
4.621	0.787
4.621	0.787
4.622	0.786
4.622	0.786
4.623	0.786
4.623	0.786
4.624	0.785
4.624	0.785
4.625	0.785
4.625	0.785
4.625	0.784
4.626	0.784
4.626	0.784
4.627	0.784
4.627	0.784
4.628	0.783
4.628	0.783
4.629	0.783
4.629	0.783
4.630	0.782
4.630	0.782
4.630	0.782
4.631	0.782
4.631	0.782
4.632	0.781
4.632	0.781
4.633	0.781
4.633	0.781
4.634	0.780
4.634	0.780
4.634	0.780
4.635	0.780
4.635	0.779
4.636	0.779
4.636	0.779
4.637	0.779
4.637	0.779
4.638	0.778
4.638	0.778
4.639	0.778
4.639	0.778
4.639	0.777
4.640	0.777
4.640	0.777
4.641	0.777
4.641	0.776
4.642	0.776
4.642	0.776
4.643	0.776
4.643	0.776
4.643	0.775
4.644	0.775
4.644	0.775
4.645	0.775
4.645	0.774
4.646	0.774
4.646	0.774
4.647	0.774
4.647	0.773
4.647	0.773
4.648	0.773
4.648	0.773
4.649	0.773
4.649	0.772
4.650	0.772
4.650	0.772
4.651	0.772
4.651	0.771
4.652	0.771
4.652	0.771
4.652	0.771
4.653	0.771
4.653	0.770
4.654	0.770
4.654	0.770
4.655	0.770
4.655	0.769
4.656	0.769
4.656	0.769
4.656	0.769
4.657	0.768
4.657	0.768
4.658	0.768
4.658	0.768
4.659	0.768
4.659	0.767
4.660	0.767
4.660	0.767
4.660	0.767
4.661	0.766
4.661	0.766
4.662	0.766
4.662	0.766
4.663	0.765
4.663	0.765
4.664	0.765
4.664	0.765
4.665	0.765
4.665	0.764
4.665	0.764
4.666	0.764
4.666	0.764
4.667	0.763
4.667	0.763
4.668	0.763
4.668	0.763
4.669	0.762
4.669	0.762
4.669	0.762
4.670	0.762
4.670	0.762
4.671	0.761
4.671	0.761
4.672	0.761
4.672	0.761
4.673	0.760
4.673	0.760
4.674	0.760
4.674	0.760
4.674	0.760
4.675	0.759
4.675	0.759
4.676	0.759
4.676	0.759
4.677	0.758
4.677	0.758
4.678	0.758
4.678	0.758
4.678	0.757
4.679	0.757
4.679	0.757
4.680	0.757
4.680	0.757
4.681	0.756
4.681	0.756
4.682	0.756
4.682	0.756
4.682	0.755
4.683	0.755
4.683	0.755
4.684	0.755
4.684	0.754
4.685	0.754
4.685	0.754
4.686	0.754
4.686	0.754
4.686	0.754
4.687	0.753
4.687	0.753
4.688	0.753
4.688	0.753
4.689	0.753
4.689	0.753
4.690	0.753
4.690	0.753
4.691	0.753
4.691	0.753
4.692	0.753
4.692	0.752
4.693	0.752
4.693	0.752
4.694	0.752
4.694	0.752
4.695	0.752
4.695	0.752
4.695	0.752
4.696	0.752
4.696	0.752
4.697	0.751
4.697	0.751
4.698	0.751
4.698	0.751
4.699	0.751
4.699	0.751
4.700	0.751
4.700	0.751
4.701	0.751
4.701	0.751
4.702	0.750
4.702	0.750
4.703	0.750
4.703	0.750
4.704	0.750
4.704	0.750
4.705	0.750
4.705	0.750
4.706	0.750
4.706	0.750
4.707	0.750
4.707	0.749
4.708	0.749
4.708	0.749
4.709	0.749
4.709	0.749
4.710	0.749
4.710	0.749
4.711	0.749
4.711	0.749
4.712	0.749
4.712	0.748
4.713	0.748
4.713	0.748
4.714	0.748
4.714	0.748
4.715	0.748
4.715	0.748
4.716	0.748
4.716	0.748
4.717	0.748
4.717	0.747
4.718	0.747
4.718	0.747
4.719	0.747
4.719	0.747
4.720	0.747
4.720	0.747
4.721	0.747
4.721	0.747
4.722	0.747
4.722	0.747
4.723	0.746
4.723	0.746
4.724	0.746
4.724	0.746
4.725	0.746
4.725	0.746
4.726	0.746
4.726	0.746
4.727	0.746
4.727	0.746
4.728	0.745
4.728	0.745
4.729	0.745
4.729	0.745
4.730	0.745
4.730	0.745
4.731	0.745
4.731	0.745
4.732	0.745
4.732	0.745
4.733	0.745
4.733	0.744
4.734	0.744
4.734	0.744
4.735	0.744
4.735	0.744
4.736	0.744
4.736	0.744
4.737	0.744
4.737	0.744
4.738	0.744
4.738	0.743
4.739	0.743
4.739	0.743
4.740	0.743
4.740	0.743
4.741	0.743
4.741	0.743
4.742	0.743
4.742	0.743
4.743	0.743
4.743	0.742
4.744	0.742
4.744	0.742
4.745	0.742
4.745	0.742
4.746	0.742
4.746	0.742
4.747	0.742
4.747	0.742
4.747	0.742
4.748	0.742
4.748	0.741
4.749	0.741
4.749	0.741
4.750	0.741
4.750	0.741
4.751	0.741
4.751	0.741
4.752	0.741
4.752	0.741
4.753	0.741
4.753	0.740
4.754	0.740
4.754	0.740
4.755	0.740
4.755	0.740
4.756	0.740
4.756	0.740
4.757	0.740
4.757	0.740
4.758	0.740
4.758	0.739
4.759	0.739
4.759	0.739
4.760	0.739
4.760	0.739
4.761	0.739
4.761	0.739
4.762	0.739
4.762	0.739
4.763	0.739
4.763	0.739
4.764	0.738
4.764	0.738
4.765	0.738
4.765	0.738
4.766	0.738
4.766	0.738
4.767	0.738
4.767	0.738
4.768	0.738
4.768	0.738
4.769	0.737
4.769	0.737
4.770	0.737
4.770	0.737
4.771	0.737
4.771	0.737
4.772	0.737
4.772	0.737
4.773	0.737
4.773	0.737
4.774	0.737
4.774	0.736
4.775	0.736
4.775	0.736
4.776	0.736
4.776	0.736
4.777	0.736
4.777	0.736
4.778	0.736
4.778	0.736
4.779	0.736
4.779	0.735
4.780	0.735
4.780	0.735
4.781	0.735
4.781	0.735
4.782	0.735
4.782	0.735
4.783	0.735
4.783	0.735
4.784	0.735
4.784	0.734
4.785	0.734
4.785	0.734
4.786	0.734
4.786	0.734
4.787	0.734
4.787	0.734
4.788	0.734
4.788	0.734
4.789	0.734
4.789	0.734
4.790	0.733
4.790	0.733
4.791	0.733
4.791	0.733
4.792	0.733
4.792	0.733
4.793	0.733
4.793	0.733
4.794	0.733
4.794	0.733
4.795	0.732
4.795	0.732
4.796	0.732
4.796	0.732
4.797	0.732
4.797	0.732
4.798	0.732
4.798	0.732
4.799	0.732
4.799	0.732
4.799	0.731
4.800	0.731
4.800	0.731
4.801	0.731
4.801	0.731
4.802	0.731
4.802	0.731
4.803	0.731
4.803	0.731
4.804	0.731
4.804	0.731
4.805	0.730
4.805	0.730
4.806	0.730
4.806	0.730
4.807	0.730
4.807	0.730
4.808	0.730
4.808	0.730
4.809	0.730
4.809	0.730
4.810	0.729
4.810	0.729
4.811	0.729
4.811	0.729
4.812	0.729
4.812	0.729
4.813	0.729
4.813	0.729
4.814	0.729
4.814	0.729
4.815	0.729
4.815	0.728
4.816	0.728
4.816	0.728
4.817	0.728
4.817	0.728
4.818	0.728
4.818	0.728
4.819	0.728
4.819	0.728
4.820	0.728
4.820	0.727
4.821	0.727
4.821	0.727
4.822	0.727
4.822	0.727
4.823	0.727
4.823	0.727
4.824	0.727
4.824	0.727
4.825	0.727
4.825	0.726
4.826	0.726
4.826	0.726
4.826	0.726
4.827	0.726
4.827	0.726
4.828	0.726
4.828	0.726
4.829	0.726
4.829	0.726
4.830	0.726
4.830	0.726
4.831	0.726
4.831	0.726
4.832	0.726
4.832	0.726
4.833	0.726
4.833	0.726
4.834	0.726
4.834	0.726
4.835	0.726
4.835	0.726
4.836	0.726
4.836	0.726
4.837	0.726
4.837	0.726
4.838	0.726
4.838	0.726
4.839	0.726
4.839	0.726
4.840	0.726
4.840	0.726
4.841	0.726
4.841	0.726
4.842	0.726
4.842	0.726
4.843	0.726
4.843	0.726
4.844	0.726
4.844	0.726
4.845	0.726
4.845	0.726
4.846	0.726
4.846	0.726
4.847	0.726
4.847	0.726
4.848	0.726
4.848	0.726
4.849	0.726
4.849	0.726
4.850	0.726
4.850	0.726
4.851	0.726
4.851	0.726
4.852	0.726
4.852	0.726
4.853	0.726
4.853	0.726
4.854	0.726
4.854	0.726
4.855	0.726
4.855	0.726
4.856	0.726
4.856	0.726
4.857	0.726
4.858	0.726
4.858	0.726
4.859	0.726
4.859	0.726
4.860	0.726
4.860	0.726
4.861	0.726
4.861	0.725
4.862	0.725
4.862	0.725
4.863	0.725
4.863	0.725
4.864	0.725
4.864	0.725
4.865	0.725
4.865	0.725
4.866	0.725
4.866	0.725
4.867	0.725
4.867	0.725
4.868	0.725
4.868	0.725
4.869	0.725
4.869	0.725
4.870	0.725
4.870	0.725
4.871	0.725
4.871	0.725
4.872	0.725
4.872	0.725
4.873	0.725
4.873	0.725
4.874	0.725
4.874	0.725
4.875	0.725
4.875	0.725
4.876	0.725
4.876	0.725
4.877	0.725
4.877	0.725
4.878	0.725
4.878	0.725
4.879	0.725
4.879	0.725
4.880	0.725
4.880	0.725
4.881	0.725
4.881	0.725
4.882	0.725
4.882	0.725
4.883	0.725
4.883	0.725
4.884	0.725
4.884	0.725
4.885	0.725
4.885	0.725
4.886	0.725
4.886	0.725
4.887	0.725
4.887	0.725
4.888	0.725
4.888	0.725
4.889	0.725
4.889	0.725
4.890	0.725
4.890	0.725
4.891	0.725
4.891	0.725
4.892	0.725
4.892	0.725
4.893	0.725
4.893	0.725
4.894	0.725
4.894	0.725
4.895	0.725
4.895	0.725
4.896	0.725
4.896	0.725
4.897	0.725
4.897	0.725
4.898	0.725
4.898	0.725
4.899	0.725
4.899	0.725
4.900	0.725
4.900	0.725
4.901	0.725
4.901	0.725
4.902	0.725
4.902	0.725
4.903	0.725
4.903	0.725
4.904	0.725
4.904	0.725
4.905	0.724
4.905	0.724
4.906	0.724
4.906	0.724
4.907	0.724
4.907	0.724
4.908	0.724
4.908	0.724
4.909	0.724
4.909	0.724
4.910	0.724
4.910	0.724
4.911	0.724
4.911	0.724
4.912	0.724
4.912	0.724
4.913	0.724
4.913	0.724
4.914	0.724
4.914	0.724
4.915	0.724
4.916	0.724
4.916	0.724
4.917	0.724
4.917	0.724
4.918	0.724
4.918	0.724
4.919	0.724
4.919	0.724
4.920	0.724
4.920	0.724
4.921	0.724
4.921	0.724
4.922	0.724
4.922	0.724
4.923	0.724
4.923	0.724
4.924	0.724
4.924	0.724
4.925	0.724
4.925	0.724
4.926	0.724
4.926	0.724
4.927	0.724
4.927	0.724
4.928	0.724
4.928	0.724
4.929	0.724
4.929	0.724
4.930	0.724
4.930	0.724
4.931	0.724
4.931	0.724
4.932	0.724
4.932	0.724
4.933	0.724
4.933	0.724
4.934	0.724
4.934	0.724
4.935	0.724
4.935	0.724
4.936	0.724
4.936	0.724
4.937	0.724
4.937	0.724
4.938	0.724
4.938	0.724
4.939	0.724
4.939	0.724
4.940	0.724
4.940	0.724
4.941	0.724
4.941	0.724
4.942	0.724
4.942	0.724
4.943	0.724
4.943	0.724
4.944	0.724
4.944	0.724
4.945	0.724
4.945	0.724
4.946	0.724
4.946	0.724
4.947	0.724
4.947	0.724
4.948	0.724
4.948	0.723
4.949	0.723
4.949	0.723
4.950	0.723
4.950	0.723
4.951	0.723
4.951	0.723
4.952	0.723
4.952	0.723
4.953	0.723
4.953	0.723
4.954	0.723
4.954	0.723
4.955	0.723
4.955	0.723
4.956	0.723
4.956	0.723
4.957	0.723
4.957	0.723
4.958	0.723
4.958	0.723
4.959	0.723
4.959	0.723
4.960	0.723
4.960	0.723
4.961	0.723
4.961	0.723
4.962	0.723
4.962	0.723
4.963	0.723
4.963	0.723
4.964	0.723
4.964	0.723
4.965	0.723
4.965	0.723
4.966	0.723
4.966	0.723
4.967	0.723
4.967	0.723
4.968	0.723
4.968	0.723
4.969	0.723
4.969	0.723
4.970	0.723
4.970	0.723
4.971	0.723
4.971	0.723
4.972	0.723
4.972	0.723
4.973	0.723
4.974	0.723
4.974	0.723
4.975	0.723
4.975	0.723
4.976	0.723
4.976	0.723
4.977	0.723
4.977	0.723
4.978	0.723
4.978	0.723
4.979	0.723
4.979	0.723
4.980	0.723
4.980	0.723
4.981	0.723
4.981	0.723
4.982	0.723
4.982	0.723
4.983	0.723
4.983	0.723
4.984	0.723
4.984	0.723
4.985	0.723
4.985	0.723
4.986	0.723
4.986	0.723
4.987	0.723
4.987	0.723
4.988	0.723
4.988	0.723
4.989	0.723
4.989	0.723
4.990	0.723
4.990	0.723
4.991	0.723
4.991	0.723
4.992	0.722
4.992	0.722
4.993	0.722
4.993	0.722
4.994	0.722
4.994	0.722
4.995	0.722
4.995	0.722
4.996	0.722
4.996	0.722
4.997	0.722
4.997	0.722
4.998	0.722
4.998	0.722
4.999	0.722
4.999	0.722
5.000	0.722
5.000	0.722
5.001	0.722
5.001	0.722
5.002	0.722
5.002	0.722
5.003	0.722
5.003	0.722
5.004	0.722
5.004	0.722
5.005	0.722
5.005	0.722
5.006	0.722
5.006	0.722
5.007	0.722
5.007	0.722
5.008	0.722
5.008	0.722
5.009	0.722
5.009	0.722
5.010	0.722
5.010	0.722
5.011	0.722
5.011	0.722
5.012	0.722
5.012	0.722
5.013	0.722
5.013	0.722
5.014	0.722
5.014	0.722
5.015	0.722
5.015	0.722
5.016	0.722
5.016	0.722
5.017	0.722
5.017	0.722
5.018	0.722
5.018	0.722
5.019	0.722
5.019	0.722
5.020	0.722
5.020	0.722
5.021	0.722
5.021	0.722
5.022	0.722
5.022	0.722
5.023	0.722
5.023	0.722
5.024	0.722
5.024	0.722
5.025	0.722
5.025	0.722
5.026	0.722
5.026	0.722
5.027	0.722
5.027	0.722
5.028	0.722
5.028	0.722
5.029	0.722
5.029	0.722
5.030	0.722
5.030	0.722
5.031	0.722
5.032	0.722
5.032	0.722
5.033	0.722
5.033	0.722
5.033	0.722
5.034	0.722
5.034	0.722
5.035	0.722
5.035	0.722
5.036	0.722
5.036	0.722
5.037	0.722
5.037	0.722
5.038	0.722
5.038	0.722
5.039	0.722
5.039	0.722
5.040	0.722
5.040	0.722
5.041	0.722
5.041	0.722
5.042	0.722
5.042	0.722
5.043	0.722
5.043	0.722
5.044	0.722
5.044	0.722
5.045	0.722
5.045	0.722
5.046	0.722
5.046	0.722
5.047	0.722
5.047	0.722
5.048	0.722
5.048	0.722
5.049	0.722
5.049	0.722
5.050	0.722
5.050	0.722
5.051	0.722
5.051	0.722
5.052	0.723
5.052	0.723
5.053	0.723
5.053	0.723
5.054	0.723
5.054	0.723
5.055	0.723
5.055	0.723
5.056	0.723
5.056	0.723
5.057	0.723
5.057	0.723
5.058	0.723
5.058	0.723
5.059	0.723
5.059	0.723
5.060	0.723
5.060	0.723
5.061	0.723
5.061	0.723
5.062	0.723
5.062	0.723
5.063	0.723
5.063	0.723
5.064	0.723
5.064	0.723
5.065	0.723
5.065	0.723
5.066	0.723
5.066	0.723
5.067	0.723
5.067	0.723
5.068	0.723
5.068	0.723
5.069	0.723
5.069	0.723
5.070	0.723
5.070	0.723
5.071	0.723
5.071	0.723
5.072	0.724
5.072	0.724
5.073	0.724
5.073	0.724
5.074	0.724
5.074	0.724
5.075	0.724
5.075	0.724
5.076	0.724
5.076	0.724
5.077	0.724
5.077	0.724
5.078	0.724
5.078	0.724
5.079	0.724
5.079	0.724
5.080	0.724
5.080	0.724
5.081	0.724
5.081	0.724
5.082	0.724
5.082	0.724
5.083	0.724
5.083	0.724
5.084	0.724
5.084	0.724
5.085	0.724
5.085	0.724
5.086	0.724
5.086	0.724
5.087	0.724
5.087	0.724
5.088	0.724
5.088	0.724
5.089	0.724
5.089	0.724
5.090	0.724
5.090	0.724
5.091	0.724
5.091	0.724
5.092	0.725
5.092	0.725
5.093	0.725
5.093	0.725
5.094	0.725
5.094	0.725
5.095	0.725
5.095	0.725
5.096	0.725
5.096	0.725
5.097	0.725
5.098	0.725
5.098	0.725
5.099	0.725
5.099	0.725
5.100	0.725
5.100	0.725
5.101	0.725
5.101	0.725
5.102	0.725
5.102	0.725
5.103	0.725
5.103	0.725
5.104	0.725
5.104	0.725
5.105	0.725
5.105	0.725
5.106	0.725
5.106	0.725
5.107	0.725
5.107	0.725
5.108	0.725
5.108	0.725
5.109	0.725
5.109	0.725
5.110	0.725
5.110	0.725
5.111	0.725
5.111	0.725
5.112	0.725
5.112	0.726
5.113	0.726
5.113	0.726
5.114	0.726
5.114	0.726
5.115	0.726
5.115	0.726
5.116	0.726
5.116	0.726
5.117	0.726
5.117	0.726
5.118	0.726
5.118	0.726
5.119	0.726
5.119	0.726
5.120	0.726
5.120	0.726
5.121	0.726
5.121	0.726
5.122	0.726
5.122	0.726
5.123	0.726
5.123	0.726
5.124	0.726
5.124	0.726
5.125	0.726
5.125	0.726
5.126	0.726
5.126	0.726
5.127	0.726
5.127	0.726
5.128	0.726
5.128	0.726
5.129	0.726
5.129	0.726
5.130	0.726
5.130	0.726
5.131	0.726
5.131	0.726
5.132	0.726
5.132	0.727
5.133	0.727
5.133	0.727
5.134	0.727
5.134	0.727
5.135	0.727
5.135	0.727
5.136	0.727
5.136	0.727
5.137	0.727
5.137	0.727
5.138	0.727
5.138	0.727
5.139	0.727
5.139	0.727
5.140	0.727
5.140	0.727
5.141	0.727
5.141	0.727
5.142	0.727
5.142	0.727
5.143	0.727
5.143	0.727
5.144	0.727
5.144	0.727
5.145	0.727
5.145	0.727
5.146	0.727
5.146	0.727
5.147	0.727
5.147	0.727
5.148	0.727
5.148	0.727
5.149	0.727
5.149	0.727
5.150	0.727
5.150	0.727
5.151	0.727
5.151	0.727
5.152	0.727
5.152	0.728
5.153	0.728
5.153	0.728
5.154	0.728
5.154	0.728
5.155	0.728
5.155	0.728
5.156	0.728
5.156	0.728
5.157	0.728
5.157	0.728
5.158	0.728
5.158	0.728
5.159	0.728
5.159	0.728
5.160	0.728
5.160	0.728
5.161	0.728
5.161	0.728
5.162	0.728
5.162	0.728
5.163	0.728
5.164	0.728
5.164	0.728
5.165	0.728
5.165	0.728
5.166	0.728
5.166	0.728
5.167	0.728
5.167	0.728
5.168	0.728
5.168	0.728
5.169	0.728
5.169	0.728
5.170	0.728
5.170	0.728
5.171	0.728
5.171	0.728
5.172	0.728
5.172	0.728
5.173	0.729
5.173	0.729
5.174	0.729
5.174	0.729
5.175	0.729
5.175	0.729
5.176	0.729
5.176	0.729
5.177	0.729
5.177	0.729
5.178	0.729
5.178	0.729
5.179	0.729
5.179	0.729
5.180	0.729
5.180	0.729
5.181	0.729
5.181	0.729
5.182	0.729
5.182	0.729
5.183	0.729
5.183	0.729
5.184	0.729
5.184	0.729
5.185	0.729
5.185	0.729
5.186	0.729
5.186	0.729
5.187	0.729
5.187	0.729
5.188	0.729
5.188	0.729
5.189	0.729
5.189	0.729
5.190	0.729
5.190	0.729
5.191	0.729
5.191	0.729
5.192	0.729
5.192	0.729
5.193	0.730
5.193	0.730
5.194	0.730
5.194	0.730
5.195	0.730
5.195	0.730
5.195	0.730
5.196	0.730
5.196	0.730
5.197	0.730
5.197	0.730
5.198	0.730
5.198	0.730
5.199	0.730
5.199	0.730
5.200	0.730
5.200	0.731
5.201	0.731
5.201	0.731
5.202	0.731
5.202	0.731
5.203	0.731
5.203	0.731
5.204	0.731
5.204	0.731
5.205	0.731
5.205	0.731
5.206	0.731
5.206	0.732
5.207	0.732
5.207	0.732
5.208	0.732
5.208	0.732
5.209	0.732
5.209	0.732
5.210	0.732
5.210	0.732
5.211	0.732
5.211	0.732
5.212	0.733
5.212	0.733
5.213	0.733
5.213	0.733
5.214	0.733
5.214	0.733
5.215	0.733
5.215	0.733
5.216	0.733
5.216	0.733
5.217	0.733
5.217	0.733
5.218	0.734
5.218	0.734
5.219	0.734
5.219	0.734
5.220	0.734
5.220	0.734
5.221	0.734
5.221	0.734
5.222	0.734
5.222	0.734
5.223	0.734
5.223	0.735
5.224	0.735
5.224	0.735
5.225	0.735
5.225	0.735
5.226	0.735
5.226	0.735
5.227	0.735
5.227	0.735
5.228	0.735
5.228	0.735
5.229	0.736
5.229	0.736
5.230	0.736
5.230	0.736
5.231	0.736
5.231	0.736
5.232	0.736
5.232	0.736
5.233	0.736
5.233	0.736
5.234	0.736
5.234	0.736
5.235	0.737
5.235	0.737
5.236	0.737
5.236	0.737
5.237	0.737
5.237	0.737
5.238	0.737
5.238	0.737
5.239	0.737
5.239	0.737
5.239	0.737
5.240	0.738
5.240	0.738
5.241	0.738
5.241	0.738
5.242	0.738
5.242	0.738
5.243	0.738
5.243	0.738
5.244	0.738
5.244	0.738
5.245	0.738
5.245	0.738
5.246	0.739
5.246	0.739
5.247	0.739
5.247	0.739
5.248	0.739
5.248	0.739
5.249	0.739
5.249	0.739
5.250	0.739
5.250	0.739
5.251	0.739
5.251	0.740
5.252	0.740
5.252	0.740
5.253	0.740
5.253	0.740
5.254	0.740
5.254	0.740
5.255	0.740
5.255	0.740
5.256	0.740
5.256	0.740
5.257	0.740
5.257	0.741
5.258	0.741
5.258	0.741
5.259	0.741
5.259	0.741
5.260	0.741
5.260	0.741
5.261	0.741
5.261	0.741
5.262	0.741
5.262	0.741
5.263	0.742
5.263	0.742
5.264	0.742
5.264	0.742
5.265	0.742
5.265	0.742
5.266	0.742
5.266	0.742
5.267	0.742
5.267	0.742
5.268	0.742
5.268	0.743
5.269	0.743
5.269	0.743
5.270	0.743
5.270	0.743
5.271	0.743
5.271	0.743
5.272	0.743
5.272	0.743
5.273	0.743
5.273	0.743
5.274	0.743
5.274	0.744
5.275	0.744
5.275	0.744
5.276	0.744
5.276	0.744
5.277	0.744
5.277	0.744
5.278	0.744
5.278	0.744
5.279	0.744
5.279	0.744
5.280	0.745
5.280	0.745
5.281	0.745
5.281	0.745
5.282	0.745
5.282	0.745
5.283	0.745
5.283	0.745
5.284	0.745
5.284	0.745
5.285	0.745
5.285	0.745
5.286	0.746
5.286	0.746
5.287	0.746
5.287	0.746
5.288	0.746
5.288	0.746
5.289	0.746
5.289	0.746
5.290	0.746
5.290	0.746
5.291	0.746
5.291	0.747
5.292	0.747
5.292	0.747
5.293	0.747
5.293	0.747
5.294	0.747
5.294	0.747
5.295	0.747
5.295	0.747
5.296	0.747
5.296	0.747
5.297	0.748
5.297	0.748
5.298	0.748
5.298	0.748
5.299	0.748
5.299	0.748
5.300	0.748
5.300	0.748
5.301	0.748
5.301	0.748
5.301	0.748
5.302	0.749
5.302	0.749
5.303	0.749
5.303	0.749
5.303	0.749
5.304	0.750
5.304	0.750
5.305	0.750
5.305	0.750
5.306	0.750
5.306	0.751
5.307	0.751
5.307	0.751
5.308	0.751
5.308	0.751
5.309	0.752
5.309	0.752
5.309	0.752
5.310	0.752
5.310	0.752
5.311	0.752
5.311	0.753
5.312	0.753
5.312	0.753
5.313	0.753
5.313	0.753
5.314	0.754
5.314	0.754
5.315	0.754
5.315	0.754
5.316	0.754
5.316	0.755
5.316	0.755
5.317	0.755
5.317	0.755
5.318	0.755
5.318	0.756
5.319	0.756
5.319	0.756
5.320	0.756
5.320	0.756
5.321	0.757
5.321	0.757
5.322	0.757
5.322	0.757
5.323	0.757
5.323	0.758
5.323	0.758
5.324	0.758
5.324	0.758
5.325	0.758
5.325	0.759
5.326	0.759
5.326	0.759
5.327	0.759
5.327	0.759
5.328	0.760
5.328	0.760
5.329	0.760
5.329	0.760
5.329	0.760
5.330	0.760
5.330	0.761
5.331	0.761
5.331	0.761
5.332	0.761
5.332	0.761
5.333	0.762
5.333	0.762
5.334	0.762
5.334	0.762
5.335	0.762
5.335	0.763
5.336	0.763
5.336	0.763
5.336	0.763
5.337	0.763
5.337	0.764
5.338	0.764
5.338	0.764
5.339	0.764
5.339	0.764
5.340	0.765
5.340	0.765
5.341	0.765
5.341	0.765
5.342	0.765
5.342	0.766
5.343	0.766
5.343	0.766
5.343	0.766
5.344	0.766
5.344	0.767
5.345	0.767
5.345	0.767
5.346	0.767
5.346	0.767
5.347	0.767
5.347	0.768
5.348	0.768
5.348	0.768
5.349	0.768
5.349	0.768
5.349	0.769
5.350	0.769
5.350	0.769
5.351	0.769
5.351	0.769
5.352	0.770
5.352	0.770
5.353	0.770
5.353	0.770
5.354	0.770
5.354	0.771
5.355	0.771
5.355	0.771
5.356	0.771
5.356	0.771
5.356	0.772
5.357	0.772
5.357	0.772
5.358	0.772
5.358	0.772
5.359	0.773
5.359	0.773
5.360	0.773
5.360	0.773
5.361	0.773
5.361	0.774
5.362	0.774
5.362	0.774
5.363	0.774
5.363	0.774
5.363	0.774
5.364	0.775
5.364	0.775
5.365	0.775
5.365	0.775
5.366	0.775
5.366	0.776
5.367	0.776
5.367	0.776
5.368	0.776
5.368	0.776
5.369	0.777
5.369	0.777
5.369	0.777
5.370	0.777
5.370	0.777
5.371	0.778
5.371	0.778
5.372	0.778
5.372	0.778
5.373	0.778
5.373	0.779
5.374	0.779
5.374	0.779
5.375	0.779
5.375	0.779
5.376	0.780
5.376	0.780
5.376	0.780
5.377	0.780
5.377	0.780
5.378	0.781
5.378	0.781
5.379	0.781
5.379	0.781
5.380	0.781
5.380	0.782
5.381	0.782
5.381	0.782
5.382	0.782
5.382	0.782
5.383	0.782
5.383	0.783
5.383	0.783
5.384	0.783
5.384	0.783
5.384	0.783
5.385	0.784
5.385	0.784
5.386	0.784
5.386	0.784
5.386	0.785
5.387	0.785
5.387	0.785
5.388	0.786
5.388	0.786
5.389	0.786
5.389	0.786
5.389	0.787
5.390	0.787
5.390	0.787
5.391	0.788
5.391	0.788
5.391	0.788
5.392	0.788
5.392	0.789
5.393	0.789
5.393	0.789
5.394	0.790
5.394	0.790
5.394	0.790
5.395	0.790
5.395	0.791
5.396	0.791
5.396	0.791
5.396	0.792
5.397	0.792
5.397	0.792
5.398	0.792
5.398	0.793
5.398	0.793
5.399	0.793
5.399	0.794
5.400	0.794
5.400	0.794
5.401	0.794
5.401	0.795
5.401	0.795
5.402	0.795
5.402	0.796
5.403	0.796
5.403	0.796
5.403	0.796
5.404	0.797
5.404	0.797
5.405	0.797
5.405	0.798
5.406	0.798
5.406	0.798
5.406	0.798
5.407	0.799
5.407	0.799
5.408	0.799
5.408	0.800
5.408	0.800
5.409	0.800
5.409	0.800
5.410	0.801
5.410	0.801
5.411	0.801
5.411	0.802
5.411	0.802
5.412	0.802
5.412	0.802
5.413	0.803
5.413	0.803
5.413	0.803
5.414	0.804
5.414	0.804
5.415	0.804
5.415	0.804
5.415	0.805
5.416	0.805
5.416	0.805
5.417	0.806
5.417	0.806
5.418	0.806
5.418	0.806
5.418	0.807
5.419	0.807
5.419	0.807
5.420	0.808
5.420	0.808
5.420	0.808
5.421	0.808
5.421	0.809
5.422	0.809
5.422	0.809
5.423	0.810
5.423	0.810
5.423	0.810
5.424	0.810
5.424	0.811
5.425	0.811
5.425	0.811
5.425	0.812
5.426	0.812
5.426	0.812
5.427	0.812
5.427	0.813
5.428	0.813
5.428	0.813
5.428	0.814
5.429	0.814
5.429	0.814
5.430	0.814
5.430	0.815
5.430	0.815
5.431	0.815
5.431	0.816
5.432	0.816
5.432	0.816
5.432	0.816
5.433	0.817
5.433	0.817
5.434	0.817
5.434	0.818
5.435	0.818
5.435	0.818
5.435	0.818
5.436	0.819
5.436	0.819
5.437	0.819
5.437	0.820
5.437	0.820
5.438	0.820
5.438	0.820
5.439	0.821
5.439	0.821
5.440	0.821
5.440	0.822
5.440	0.822
5.441	0.822
5.441	0.822
5.442	0.823
5.442	0.823
5.442	0.823
5.443	0.824
5.443	0.824
5.444	0.824
5.444	0.824
5.445	0.825
5.445	0.825
5.445	0.825
5.446	0.826
5.446	0.826
5.447	0.826
5.447	0.826
5.447	0.827
5.448	0.827
5.448	0.827
5.449	0.828
5.449	0.828
5.449	0.828
5.450	0.828
5.450	0.829
5.451	0.829
5.451	0.829
5.452	0.830
5.452	0.830
5.452	0.830
5.453	0.830
5.453	0.831
5.454	0.831
5.454	0.831
5.454	0.832
5.455	0.832
5.455	0.832
5.456	0.832
5.456	0.833
5.457	0.833
5.457	0.833
5.457	0.834
5.458	0.834
5.458	0.834
5.459	0.834
5.459	0.835
5.459	0.835
5.460	0.835
5.460	0.836
5.461	0.836
5.461	0.836
5.461	0.836
5.462	0.837
5.462	0.837
5.463	0.837
5.463	0.838
5.464	0.838
5.464	0.838
5.464	0.838
5.465	0.839
5.465	0.839
5.466	0.839
5.466	0.840
5.466	0.840
5.467	0.840
5.467	0.841
5.468	0.841
5.468	0.841
5.469	0.841
5.469	0.842
5.469	0.842
5.470	0.842
5.470	0.843
5.471	0.843
5.471	0.843
5.471	0.843
5.471	0.843
5.472	0.844
5.472	0.844
5.473	0.844
5.473	0.845
5.473	0.845
5.474	0.845
5.474	0.846
5.474	0.846
5.475	0.846
5.475	0.847
5.476	0.847
5.476	0.847
5.476	0.848
5.477	0.848
5.477	0.848
5.477	0.849
5.478	0.849
5.478	0.849
5.479	0.850
5.479	0.850
5.479	0.850
5.480	0.851
5.480	0.851
5.481	0.851
5.481	0.852
5.481	0.852
5.482	0.852
5.482	0.853
5.482	0.853
5.483	0.853
5.483	0.854
5.484	0.854
5.484	0.854
5.484	0.855
5.485	0.855
5.485	0.855
5.485	0.856
5.486	0.856
5.486	0.856
5.487	0.857
5.487	0.857
5.487	0.857
5.488	0.858
5.488	0.858
5.488	0.858
5.489	0.859
5.489	0.859
5.490	0.859
5.490	0.860
5.490	0.860
5.491	0.860
5.491	0.861
5.492	0.861
5.492	0.861
5.492	0.862
5.493	0.862
5.493	0.862
5.493	0.863
5.494	0.863
5.494	0.863
5.495	0.864
5.495	0.864
5.495	0.864
5.496	0.865
5.496	0.865
5.496	0.865
5.496	0.865
5.497	0.866
5.497	0.866
5.498	0.866
5.498	0.867
5.498	0.867
5.499	0.867
5.499	0.868
5.499	0.868
5.500	0.869
5.500	0.869
5.500	0.869
5.501	0.870
5.501	0.870
5.502	0.870
5.502	0.871
5.502	0.871
5.503	0.871
5.503	0.872
5.503	0.872
5.504	0.872
5.504	0.873
5.504	0.873
5.505	0.873
5.505	0.874
5.505	0.874
5.506	0.875
5.506	0.875
5.507	0.875
5.507	0.876
5.507	0.876
5.508	0.876
5.508	0.877
5.508	0.877
5.509	0.877
5.509	0.878
5.509	0.878
5.510	0.878
5.510	0.879
5.511	0.879
5.511	0.879
5.511	0.880
5.512	0.880
5.512	0.881
5.512	0.881
5.513	0.881
5.513	0.882
5.513	0.882
5.514	0.882
5.514	0.883
5.515	0.883
5.515	0.883
5.515	0.884
5.516	0.884
5.516	0.884
5.516	0.885
5.517	0.885
5.517	0.886
5.517	0.886
5.518	0.886
5.518	0.887
5.519	0.887
5.519	0.887
5.519	0.888
5.520	0.888
5.520	0.888
5.520	0.889
5.521	0.889
5.521	0.889
5.521	0.890
5.522	0.890
5.522	0.890
5.523	0.891
5.523	0.891
5.523	0.892
5.524	0.892
5.524	0.892
5.524	0.893
5.525	0.893
5.525	0.893
5.525	0.894
5.526	0.894
5.526	0.894
5.526	0.894
5.526	0.895
5.527	0.895
5.527	0.895
5.528	0.896
5.528	0.896
5.528	0.897
5.529	0.897
5.529	0.897
5.529	0.898
5.530	0.898
5.530	0.898
5.530	0.899
5.531	0.899
5.531	0.899
5.531	0.900
5.532	0.900
5.532	0.901
5.532	0.901
5.533	0.901
5.533	0.902
5.533	0.902
5.534	0.902
5.534	0.903
5.534	0.903
5.535	0.904
5.535	0.904
5.536	0.904
5.536	0.905
5.536	0.905
5.537	0.905
5.537	0.906
5.537	0.906
5.538	0.906
5.538	0.907
5.538	0.907
5.539	0.908
5.539	0.908
5.539	0.908
5.540	0.909
5.540	0.909
5.540	0.909
5.541	0.910
5.541	0.910
5.541	0.910
5.542	0.911
5.542	0.911
5.542	0.912
5.543	0.912
5.543	0.912
5.543	0.913
5.544	0.913
5.544	0.913
5.545	0.914
5.545	0.914
5.545	0.915
5.546	0.915
5.546	0.915
5.546	0.916
5.547	0.916
5.547	0.916
5.547	0.917
5.548	0.917
5.548	0.917
5.548	0.918
5.549	0.918
5.549	0.919
5.549	0.919
5.550	0.919
5.550	0.920
5.550	0.920
5.551	0.920
5.551	0.921
5.551	0.921
5.552	0.921
5.552	0.922
5.553	0.922
5.553	0.923
5.553	0.923
5.554	0.923
5.554	0.924
5.554	0.924
5.554	0.924
5.555	0.924
5.555	0.925
5.555	0.925
5.556	0.926
5.556	0.926
5.556	0.926
5.557	0.927
5.557	0.927
5.557	0.927
5.558	0.928
5.558	0.928
5.558	0.929
5.559	0.929
5.559	0.929
5.559	0.930
5.560	0.930
5.560	0.931
5.560	0.931
5.561	0.931
5.561	0.932
5.561	0.932
5.561	0.932
5.562	0.933
5.562	0.933
5.562	0.934
5.563	0.934
5.563	0.934
5.563	0.935
5.564	0.935
5.564	0.936
5.564	0.936
5.565	0.936
5.565	0.937
5.565	0.937
5.566	0.937
5.566	0.938
5.566	0.938
5.567	0.939
5.567	0.939
5.567	0.939
5.568	0.940
5.568	0.940
5.568	0.940
5.569	0.941
5.569	0.941
5.569	0.942
5.570	0.942
5.570	0.942
5.570	0.943
5.571	0.943
5.571	0.944
5.571	0.944
5.572	0.944
5.572	0.945
5.572	0.945
5.573	0.945
5.573	0.946
5.573	0.946
5.574	0.947
5.574	0.947
5.574	0.947
5.575	0.948
5.575	0.948
5.575	0.949
5.576	0.949
5.576	0.949
5.576	0.950
5.577	0.950
5.577	0.950
5.577	0.951
5.577	0.951
5.578	0.951
5.578	0.952
5.578	0.952
5.578	0.952
5.579	0.953
5.579	0.953
5.579	0.954
5.580	0.954
5.580	0.954
5.580	0.955
5.581	0.955
5.581	0.956
5.581	0.956
5.582	0.956
5.582	0.957
5.582	0.957
5.582	0.958
5.583	0.958
5.583	0.958
5.583	0.959
5.584	0.959
5.584	0.960
5.584	0.960
5.585	0.960
5.585	0.961
5.585	0.961
5.586	0.962
5.586	0.962
5.586	0.962
5.586	0.963
5.587	0.963
5.587	0.964
5.587	0.964
5.588	0.964
5.588	0.965
5.588	0.965
5.589	0.966
5.589	0.966
5.589	0.966
5.590	0.967
5.590	0.967
5.590	0.968
5.590	0.968
5.591	0.968
5.591	0.969
5.591	0.969
5.592	0.970
5.592	0.970
5.592	0.970
5.593	0.971
5.593	0.971
5.593	0.972
5.594	0.972
5.594	0.972
5.594	0.973
5.594	0.973
5.595	0.974
5.595	0.974
5.595	0.974
5.596	0.975
5.596	0.975
5.596	0.976
5.597	0.976
5.597	0.977
5.597	0.977
5.598	0.977
5.598	0.978
5.598	0.978
5.598	0.979
5.599	0.979
5.599	0.979
5.599	0.980
5.600	0.980
5.600	0.981
5.600	0.981
5.601	0.981
5.601	0.982
5.601	0.982
5.602	0.983
5.602	0.983
5.602	0.983
5.602	0.984
5.603	0.984
5.603	0.985
5.603	0.985
5.604	0.985
5.604	0.986
5.604	0.986
5.605	0.987
5.605	0.987
5.605	0.987
5.605	0.987
5.605	0.988
5.606	0.988
5.606	0.989
5.606	0.989
5.607	0.990
5.607	0.990
5.607	0.990
5.607	0.991
5.608	0.991
5.608	0.992
5.608	0.992
5.608	0.993
5.609	0.993
5.609	0.993
5.609	0.994
5.609	0.994
5.610	0.995
5.610	0.995
5.610	0.996
5.610	0.996
5.611	0.996
5.611	0.997
5.611	0.997
5.612	0.998
5.612	0.998
5.612	0.999
5.612	0.999
5.613	1.000
5.613	1.000
5.613	1.000
5.613	1.001
5.614	1.001
5.614	1.002
5.614	1.002
5.614	1.003
5.615	1.003
5.615	1.003
5.615	1.004
5.616	1.004
5.616	1.005
5.616	1.005
5.616	1.006
5.617	1.006
5.617	1.006
5.617	1.007
5.617	1.007
5.618	1.008
5.618	1.008
5.618	1.009
5.618	1.009
5.619	1.010
5.619	1.010
5.619	1.010
5.619	1.011
5.620	1.011
5.620	1.011
5.620	1.012
5.620	1.012
5.620	1.013
5.620	1.013
5.621	1.014
5.621	1.014
5.621	1.015
5.621	1.015
5.621	1.016
5.622	1.016
5.622	1.016
5.622	1.017
5.622	1.017
5.622	1.018
5.622	1.018
5.623	1.019
5.623	1.019
5.623	1.020
5.623	1.020
5.623	1.021
5.623	1.021
5.624	1.022
5.624	1.022
5.624	1.023
5.624	1.023
5.624	1.024
5.625	1.024
5.625	1.025
5.625	1.025
5.625	1.025
5.625	1.026
5.625	1.026
5.626	1.027
5.626	1.027
5.626	1.028
5.626	1.028
5.626	1.029
5.626	1.029
5.627	1.030
5.627	1.030
5.627	1.031
5.627	1.031
5.627	1.032
5.628	1.032
5.628	1.033
5.628	1.033
5.628	1.034
5.628	1.034
5.628	1.034
5.629	1.035
5.629	1.035
5.629	1.035
5.629	1.036
5.629	1.036
5.629	1.037
5.629	1.037
5.629	1.038
5.629	1.038
5.630	1.039
5.630	1.039
5.630	1.040
5.630	1.040
5.630	1.041
5.630	1.041
5.630	1.042
5.630	1.042
5.630	1.043
5.630	1.043
5.631	1.044
5.631	1.044
5.631	1.045
5.631	1.045
5.631	1.046
5.631	1.046
5.631	1.047
5.631	1.047
5.631	1.048
5.632	1.048
5.632	1.049
5.632	1.049
5.632	1.050
5.632	1.050
5.632	1.051
5.632	1.051
5.632	1.052
5.632	1.052
5.633	1.053
5.633	1.053
5.633	1.054
5.633	1.054
5.633	1.055
5.633	1.055
5.633	1.056
5.633	1.056
5.633	1.057
5.633	1.057
5.634	1.058
5.634	1.058
5.634	1.059
5.634	1.059
5.634	1.060
5.634	1.060
5.634	1.061
5.634	1.061
5.634	1.062
5.635	1.062
5.635	1.063
5.635	1.063
5.635	1.064
5.635	1.064
5.635	1.065
5.635	1.065
5.635	1.066
5.635	1.066
5.635	1.067
5.636	1.067
5.636	1.068
5.636	1.068
5.636	1.069
5.636	1.069
5.636	1.069
5.636	1.070
5.636	1.070
5.636	1.071
5.636	1.071
5.637	1.072
5.637	1.072
5.637	1.073
5.637	1.073
5.637	1.074
5.637	1.074
5.637	1.075
5.637	1.075
5.637	1.076
5.637	1.076
5.637	1.077
5.638	1.077
5.638	1.078
5.638	1.078
5.638	1.079
5.638	1.079
5.638	1.080
5.638	1.080
5.638	1.081
5.638	1.081
5.638	1.082
5.639	1.082
5.639	1.083
5.639	1.083
5.639	1.084
5.639	1.084
5.639	1.085
5.639	1.085
5.639	1.086
5.639	1.086
5.639	1.087
5.640	1.087
5.640	1.088
5.640	1.088
5.640	1.089
5.640	1.089
5.640	1.090
5.640	1.090
5.640	1.091
5.640	1.091
5.640	1.091
5.641	1.092
5.641	1.092
5.641	1.093
5.641	1.093
5.641	1.094
5.641	1.094
5.641	1.095
5.641	1.095
5.641	1.096
5.641	1.096
5.641	1.097
5.642	1.097
5.642	1.098
5.642	1.098
5.642	1.099
5.642	1.099
5.642	1.100
5.642	1.100
5.642	1.101
5.642	1.101
5.642	1.102
5.643	1.102
5.643	1.103
5.643	1.103
5.643	1.104
5.643	1.104
5.643	1.105
5.643	1.105
5.643	1.106
5.643	1.106
5.643	1.107
5.644	1.107
5.644	1.108
5.644	1.108
5.644	1.109
5.644	1.109
5.644	1.110
5.644	1.110
5.644	1.111
5.644	1.111
5.644	1.112
5.644	1.112
5.645	1.113
5.645	1.113
5.645	1.114
5.645	1.114
5.645	1.115
5.645	1.115
5.645	1.116
5.645	1.116
5.645	1.117
5.645	1.117
5.646	1.118
5.646	1.118
5.646	1.119
5.646	1.119
5.646	1.120
5.646	1.120
5.646	1.121
5.646	1.121
5.646	1.122
5.646	1.122
5.647	1.123
5.647	1.123
5.647	1.124
5.647	1.124
5.647	1.125
5.647	1.125
5.647	1.126
5.647	1.126
5.647	1.127
5.647	1.127
5.647	1.128
5.648	1.128
5.648	1.129
5.648	1.129
5.648	1.130
5.648	1.130
5.648	1.131
5.648	1.131
5.648	1.132
5.648	1.132
5.648	1.133
5.649	1.133
5.649	1.133
5.649	1.134
5.649	1.134
5.649	1.134
5.649	1.135
5.649	1.135
5.649	1.136
5.650	1.136
5.650	1.137
5.650	1.137
5.650	1.138
5.650	1.138
5.650	1.139
5.650	1.139
5.650	1.140
5.651	1.140
5.651	1.141
5.651	1.141
5.651	1.142
5.651	1.142
5.651	1.143
5.651	1.143
5.652	1.144
5.652	1.144
5.652	1.145
5.652	1.145
5.652	1.146
5.652	1.146
5.652	1.147
5.652	1.147
5.653	1.148
5.653	1.148
5.653	1.149
5.653	1.149
5.653	1.150
5.653	1.150
5.653	1.151
5.654	1.151
5.654	1.151
5.654	1.152
5.654	1.152
5.654	1.153
5.654	1.153
5.654	1.154
5.654	1.154
5.655	1.155
5.655	1.155
5.655	1.156
5.655	1.156
5.655	1.157
5.655	1.157
5.655	1.158
5.656	1.158
5.656	1.159
5.656	1.159
5.656	1.160
5.656	1.160
5.656	1.161
5.656	1.161
5.656	1.162
5.657	1.162
5.657	1.163
5.657	1.163
5.657	1.164
5.657	1.164
5.657	1.165
5.657	1.165
5.658	1.166
5.658	1.166
5.658	1.167
5.658	1.167
5.658	1.168
5.658	1.168
5.658	1.169
5.659	1.169
5.659	1.169
5.659	1.170
5.659	1.170
5.659	1.171
5.659	1.171
5.659	1.172
5.659	1.172
5.660	1.173
5.660	1.173
5.660	1.174
5.660	1.174
5.660	1.175
5.660	1.175
5.660	1.176
5.661	1.176
5.661	1.177
5.661	1.177
5.661	1.178
5.661	1.178
5.661	1.179
5.661	1.179
5.661	1.180
5.662	1.180
5.662	1.181
5.662	1.181
5.662	1.182
5.662	1.182
5.662	1.183
5.662	1.183
5.663	1.184
5.663	1.184
5.663	1.184
5.663	1.185
5.663	1.185
5.663	1.185
5.663	1.186
5.664	1.186
5.664	1.187
5.664	1.187
5.664	1.188
5.664	1.188
5.665	1.189
5.665	1.189
5.665	1.190
5.665	1.190
5.665	1.191
5.665	1.191
5.666	1.192
5.666	1.192
5.666	1.193
5.666	1.193
5.666	1.193
5.667	1.194
5.667	1.194
5.667	1.195
5.667	1.195
5.667	1.196
5.667	1.196
5.668	1.197
5.668	1.197
5.668	1.198
5.668	1.198
5.668	1.199
5.669	1.199
5.669	1.200
5.669	1.200
5.669	1.201
5.669	1.201
5.670	1.201
5.670	1.202
5.670	1.202
5.670	1.203
5.670	1.203
5.670	1.204
5.671	1.204
5.671	1.205
5.671	1.205
5.671	1.206
5.671	1.206
5.672	1.207
5.672	1.207
5.672	1.208
5.672	1.208
5.672	1.209
5.672	1.209
5.673	1.210
5.673	1.210
5.673	1.210
5.673	1.211
5.673	1.211
5.674	1.212
5.674	1.212
5.674	1.213
5.674	1.213
5.674	1.214
5.675	1.214
5.675	1.215
5.675	1.215
5.675	1.216
5.675	1.216
5.675	1.217
5.676	1.217
5.676	1.218
5.676	1.218
5.676	1.218
5.676	1.219
5.677	1.219
5.677	1.220
5.677	1.220
5.677	1.221
5.677	1.221
5.677	1.222
5.678	1.222
5.678	1.223
5.678	1.223
5.678	1.224
5.678	1.224
5.679	1.225
5.679	1.225
5.679	1.226
5.679	1.226
5.679	1.226
5.680	1.227
5.680	1.227
5.680	1.228
5.680	1.228
5.680	1.228
5.680	1.229
5.681	1.229
5.681	1.230
5.681	1.230
5.681	1.231
5.682	1.231
5.682	1.231
5.682	1.232
5.682	1.232
5.683	1.233
5.683	1.233
5.683	1.234
5.683	1.234
5.683	1.235
5.684	1.235
5.684	1.235
5.684	1.236
5.684	1.236
5.685	1.237
5.685	1.237
5.685	1.238
5.685	1.238
5.686	1.239
5.686	1.239
5.686	1.240
5.686	1.240
5.687	1.240
5.687	1.241
5.687	1.241
5.687	1.242
5.688	1.242
5.688	1.243
5.688	1.243
5.688	1.244
5.689	1.244
5.689	1.244
5.689	1.245
5.689	1.245
5.689	1.246
5.690	1.246
5.690	1.247
5.690	1.247
5.690	1.248
5.691	1.248
5.691	1.249
5.691	1.249
5.691	1.249
5.692	1.250
5.692	1.250
5.692	1.251
5.692	1.251
5.693	1.252
5.693	1.252
5.693	1.253
5.693	1.253
5.694	1.253
5.694	1.254
5.694	1.254
5.694	1.255
5.694	1.255
5.695	1.256
5.695	1.256
5.695	1.257
5.695	1.257
5.696	1.257
5.696	1.258
5.696	1.258
5.696	1.259
5.697	1.259
5.697	1.260
5.697	1.260
5.697	1.261
5.698	1.261
5.698	1.262
5.698	1.262
5.698	1.262
5.699	1.263
5.699	1.263
5.699	1.264
5.699	1.264
5.700	1.265
5.700	1.265
5.700	1.266
5.700	1.266
5.700	1.266
5.701	1.267
5.701	1.267
5.701	1.268
5.701	1.268
5.702	1.269
5.702	1.269
5.702	1.269
5.702	1.270
5.702	1.270
5.702	1.271
5.703	1.271
5.703	1.271
5.703	1.272
5.703	1.272
5.703	1.273
5.704	1.273
5.704	1.274
5.704	1.274
5.704	1.275
5.704	1.275
5.705	1.276
5.705	1.276
5.705	1.277
5.705	1.277
5.705	1.278
5.706	1.278
5.706	1.279
5.706	1.279
5.706	1.279
5.706	1.280
5.707	1.280
5.707	1.281
5.707	1.281
5.707	1.282
5.707	1.282
5.707	1.283
5.708	1.283
5.708	1.284
5.708	1.284
5.708	1.285
5.708	1.285
5.709	1.286
5.709	1.286
5.709	1.286
5.709	1.287
5.709	1.287
5.710	1.288
5.710	1.288
5.710	1.289
5.710	1.289
5.710	1.290
5.711	1.290
5.711	1.291
5.711	1.291
5.711	1.292
5.711	1.292
5.712	1.293
5.712	1.293
5.712	1.293
5.712	1.294
5.712	1.294
5.713	1.295
5.713	1.295
5.713	1.296
5.713	1.296
5.713	1.297
5.713	1.297
5.714	1.298
5.714	1.298
5.714	1.299
5.714	1.299
5.714	1.300
5.715	1.300
5.715	1.300
5.715	1.301
5.715	1.301
5.715	1.302
5.716	1.302
5.716	1.303
5.716	1.303
5.716	1.304
5.716	1.304
5.717	1.305
5.717	1.305
5.717	1.306
5.717	1.306
5.717	1.307
5.718	1.307
5.718	1.307
5.718	1.308
5.718	1.308
5.718	1.309
5.719	1.309
5.719	1.310
5.719	1.310
5.719	1.311
5.719	1.311
5.719	1.312
5.720	1.312
5.720	1.313
5.720	1.313
5.720	1.314
5.720	1.314
5.721	1.314
5.721	1.315
5.721	1.315
5.721	1.316
5.721	1.316
5.722	1.317
5.722	1.317
5.722	1.318
5.722	1.318
5.722	1.319
5.723	1.319
5.723	1.320
5.723	1.320
5.723	1.321
5.723	1.321
5.724	1.321
5.724	1.322
5.724	1.322
5.724	1.323
5.724	1.323
5.724	1.324
5.725	1.324
5.725	1.325
5.725	1.325
5.725	1.326
5.725	1.326
5.726	1.327
5.726	1.327
5.726	1.327
5.726	1.328
5.726	1.328
5.726	1.329
5.726	1.329
5.726	1.330
5.726	1.330
5.726	1.331
5.726	1.331
5.726	1.332
5.726	1.332
5.726	1.333
5.726	1.333
5.726	1.334
5.726	1.334
5.726	1.335
5.726	1.335
5.726	1.336
5.726	1.336
5.726	1.337
5.726	1.337
5.726	1.338
5.726	1.338
5.726	1.339
5.726	1.339
5.726	1.340
5.726	1.340
5.726	1.341
5.727	1.341
5.727	1.342
5.727	1.342
5.727	1.343
5.727	1.343
5.727	1.344
5.727	1.344
5.727	1.345
5.727	1.345
5.727	1.346
5.727	1.346
5.727	1.347
5.727	1.347
5.727	1.348
5.727	1.348
5.727	1.349
5.727	1.349
5.727	1.350
5.727	1.350
5.727	1.351
5.727	1.351
5.727	1.352
5.727	1.352
5.727	1.353
5.727	1.353
5.727	1.354
5.727	1.354
5.727	1.355
5.727	1.355
5.727	1.356
5.727	1.356
5.727	1.357
5.727	1.357
5.727	1.358
5.728	1.358
5.728	1.359
5.728	1.359
5.728	1.360
5.728	1.361
5.728	1.361
5.728	1.362
5.728	1.362
5.728	1.363
5.728	1.363
5.728	1.364
5.728	1.364
5.728	1.365
5.728	1.365
5.728	1.366
5.728	1.366
5.728	1.367
5.728	1.367
5.728	1.368
5.728	1.368
5.728	1.369
5.728	1.369
5.728	1.370
5.728	1.370
5.728	1.371
5.728	1.371
5.728	1.372
5.728	1.372
5.728	1.373
5.728	1.373
5.728	1.374
5.728	1.374
5.728	1.375
5.729	1.375
5.729	1.376
5.729	1.376
5.729	1.377
5.729	1.377
5.729	1.378
5.729	1.378
5.729	1.379
5.729	1.379
5.729	1.380
5.729	1.380
5.729	1.381
5.729	1.381
5.729	1.382
5.729	1.382
5.729	1.383
5.729	1.383
5.729	1.384
5.729	1.384
5.729	1.385
5.729	1.385
5.729	1.386
5.729	1.386
5.729	1.386
5.729	1.387
5.729	1.387
5.729	1.388
5.729	1.388
5.729	1.389
5.728	1.389
5.728	1.390
5.728	1.390
5.728	1.391
5.728	1.391
5.728	1.392
5.728	1.392
5.728	1.393
5.728	1.393
5.727	1.394
5.727	1.394
5.727	1.395
5.727	1.395
5.727	1.396
5.727	1.396
5.727	1.397
5.727	1.397
5.727	1.398
5.727	1.398
5.726	1.399
5.726	1.399
5.726	1.400
5.726	1.400
5.726	1.401
5.726	1.401
5.726	1.402
5.726	1.402
5.726	1.403
5.726	1.403
5.725	1.404
5.725	1.404
5.725	1.405
5.725	1.405
5.725	1.406
5.725	1.406
5.725	1.406
5.725	1.407
5.725	1.407
5.725	1.408
5.724	1.408
5.724	1.409
5.724	1.409
5.724	1.410
5.724	1.410
5.724	1.411
5.724	1.411
5.724	1.412
5.724	1.412
5.723	1.413
5.723	1.413
5.723	1.414
5.723	1.414
5.723	1.415
5.723	1.415
5.723	1.416
5.723	1.416
5.723	1.417
5.723	1.417
5.722	1.418
5.722	1.418
5.722	1.419
5.722	1.419
5.722	1.420
5.722	1.420
5.722	1.421
5.722	1.421
5.722	1.422
5.722	1.422
5.721	1.423
5.721	1.423
5.721	1.424
5.721	1.424
5.721	1.425
5.721	1.425
5.721	1.426
5.721	1.426
5.721	1.427
5.720	1.427
5.720	1.428
5.720	1.428
5.720	1.429
5.720	1.429
5.720	1.430
5.720	1.430
5.720	1.431
5.720	1.431
5.720	1.432
5.719	1.432
5.719	1.433
5.719	1.433
5.719	1.434
5.719	1.434
5.719	1.435
5.719	1.435
5.719	1.436
5.719	1.436
5.719	1.437
5.718	1.437
5.718	1.438
5.718	1.438
5.718	1.439
5.718	1.439
5.718	1.440
5.718	1.440
5.718	1.441
5.718	1.441
5.718	1.441
5.717	1.442
5.717	1.442
5.717	1.443
5.717	1.443
5.717	1.444
5.717	1.444
5.717	1.445
5.717	1.445
5.717	1.446
5.716	1.446
5.716	1.447
5.716	1.447
5.716	1.448
5.716	1.448
5.716	1.449
5.716	1.449
5.716	1.450
5.716	1.450
5.716	1.451
5.715	1.451
5.715	1.452
5.715	1.452
5.715	1.453
5.715	1.453
5.715	1.454
5.715	1.454
5.715	1.455
5.715	1.455
5.715	1.456
5.714	1.456
5.714	1.457
5.714	1.457
5.714	1.458
5.714	1.458
5.714	1.459
5.714	1.459
5.714	1.460
5.714	1.460
5.714	1.461
5.713	1.461
5.713	1.462
5.713	1.462
5.713	1.463
5.713	1.463
5.713	1.464
5.713	1.464
5.713	1.465
5.713	1.465
5.712	1.466
5.712	1.466
5.712	1.467
5.712	1.467
5.712	1.468
5.712	1.468
5.712	1.469
5.712	1.469
5.712	1.470
5.712	1.470
5.711	1.471
5.711	1.471
5.711	1.472
5.711	1.472
5.711	1.472
5.711	1.473
5.711	1.473
5.711	1.473
5.710	1.474
5.710	1.474
5.710	1.475
5.710	1.475
5.710	1.476
5.710	1.476
5.710	1.477
5.709	1.477
5.709	1.478
5.709	1.478
5.709	1.479
5.709	1.479
5.709	1.480
5.709	1.480
5.708	1.481
5.708	1.481
5.708	1.482
5.708	1.482
5.708	1.483
5.708	1.483
5.707	1.484
5.707	1.484
5.707	1.485
5.707	1.485
5.707	1.486
5.707	1.486
5.707	1.486
5.706	1.487
5.706	1.487
5.706	1.488
5.706	1.488
5.706	1.489
5.706	1.489
5.706	1.490
5.705	1.490
5.705	1.491
5.705	1.491
5.705	1.492
5.705	1.492
5.705	1.493
5.704	1.493
5.704	1.494
5.704	1.494
5.704	1.495
5.704	1.495
5.704	1.496
5.704	1.496
5.703	1.497
5.703	1.497
5.703	1.498
5.703	1.498
5.703	1.499
5.703	1.499
5.702	1.499
5.702	1.500
5.702	1.500
5.702	1.501
5.702	1.501
5.702	1.502
5.702	1.502
5.701	1.503
5.701	1.503
5.701	1.504
5.701	1.504
5.701	1.505
5.701	1.505
5.701	1.506
5.700	1.506
5.700	1.507
5.700	1.507
5.700	1.508
5.700	1.508
5.700	1.509
5.699	1.509
5.699	1.510
5.699	1.510
5.699	1.511
5.699	1.511
5.699	1.512
5.699	1.512
5.698	1.512
5.698	1.513
5.698	1.513
5.698	1.514
5.698	1.514
5.698	1.515
5.697	1.515
5.697	1.516
5.697	1.516
5.697	1.517
5.697	1.517
5.697	1.518
5.697	1.518
5.696	1.519
5.696	1.519
5.696	1.520
5.696	1.520
5.696	1.521
5.696	1.521
5.696	1.522
5.695	1.522
5.695	1.523
5.695	1.523
5.695	1.524
5.695	1.524
5.695	1.525
5.694	1.525
5.694	1.525
5.694	1.526
5.694	1.526
5.694	1.527
5.694	1.527
5.694	1.528
5.693	1.528
5.693	1.529
5.693	1.529
5.693	1.530
5.693	1.530
5.693	1.531
5.693	1.531
5.692	1.532
5.692	1.532
5.692	1.533
5.692	1.533
5.692	1.534
5.692	1.534
5.691	1.535
5.691	1.535
5.691	1.536
5.691	1.536
5.691	1.537
5.691	1.537
5.691	1.538
5.690	1.538
5.690	1.539
5.690	1.539
5.690	1.539
5.690	1.540
5.690	1.540
5.689	1.541
5.689	1.541
5.689	1.542
5.689	1.542
5.689	1.543
5.689	1.543
5.689	1.544
5.688	1.544
5.688	1.545
5.688	1.545
5.688	1.546
5.688	1.546
5.688	1.547
5.688	1.547
5.687	1.548
5.687	1.548
5.687	1.549
5.687	1.549
5.687	1.550
5.687	1.550
5.686	1.551
5.686	1.551
5.686	1.552
5.686	1.552
5.686	1.552
5.686	1.553
5.686	1.553
5.685	1.554
5.685	1.554
5.685	1.555
5.685	1.555
5.685	1.556
5.685	1.556
5.685	1.557
5.684	1.557
5.684	1.558
5.684	1.558
5.684	1.559
5.684	1.559
5.684	1.560
5.683	1.560
5.683	1.561
5.683	1.561
5.683	1.562
5.683	1.562
5.683	1.563
5.683	1.563
5.682	1.564
5.682	1.564
5.682	1.565
5.682	1.565
5.682	1.565
5.682	1.566
5.681	1.566
5.681	1.567
5.681	1.567
5.681	1.568
5.681	1.568
5.681	1.569
5.681	1.569
5.680	1.570
5.680	1.570
5.680	1.571
5.680	1.571
5.680	1.572
5.680	1.572
5.680	1.573
5.679	1.573
5.679	1.574
5.679	1.574
5.679	1.575
5.679	1.575
5.679	1.576
5.678	1.576
5.678	1.577
5.678	1.577
5.678	1.578
5.678	1.578
5.678	1.578
5.678	1.579
5.677	1.579
5.677	1.580
5.677	1.580
5.677	1.581
5.677	1.581
5.677	1.582
5.677	1.582
5.676	1.583
5.676	1.583
5.676	1.584
5.676	1.584
5.676	1.585
5.676	1.585
5.675	1.586
5.675	1.586
5.675	1.587
5.675	1.587
5.675	1.588
5.675	1.588
5.675	1.589
5.674	1.589
5.674	1.590
5.674	1.590
5.674	1.591
5.674	1.591
5.674	1.591
5.673	1.592
5.673	1.592
5.673	1.593
5.673	1.593
5.673	1.594
5.673	1.594
5.673	1.595
5.672	1.595
5.672	1.596
5.672	1.596
5.672	1.597
5.672	1.597
5.672	1.598
5.672	1.598
5.671	1.599
5.671	1.599
5.671	1.600
5.671	1.600
5.671	1.601
5.671	1.601
5.670	1.602
5.670	1.602
5.670	1.603
5.670	1.603
5.670	1.604
5.670	1.604
5.670	1.604
5.669	1.605
5.669	1.605
5.669	1.606
5.669	1.606
5.669	1.607
5.669	1.607
5.669	1.608
5.668	1.608
5.668	1.609
5.668	1.609
5.668	1.610
5.668	1.610
5.668	1.611
5.667	1.611
5.667	1.612
5.667	1.612
5.667	1.613
5.667	1.613
5.667	1.614
5.667	1.614
5.666	1.615
5.666	1.615
5.666	1.616
5.666	1.616
5.666	1.617
5.666	1.617
5.665	1.617
5.665	1.618
5.665	1.618
5.665	1.619
5.665	1.619
5.665	1.620
5.665	1.620
5.664	1.621
5.664	1.621
5.664	1.622
5.664	1.622
5.664	1.623
5.664	1.623
5.664	1.624
5.663	1.624
5.663	1.625
5.663	1.625
5.663	1.626
5.663	1.626
5.663	1.627
5.662	1.627
5.662	1.628
5.662	1.628
5.662	1.629
5.662	1.629
5.662	1.630
5.662	1.630
5.661	1.630
5.661	1.631
5.661	1.631
5.661	1.632
5.661	1.632
5.661	1.633
5.661	1.633
5.660	1.634
5.660	1.634
5.660	1.635
5.660	1.635
5.660	1.636
5.660	1.636
5.659	1.637
5.659	1.637
5.659	1.638
5.659	1.638
5.659	1.639
5.659	1.639
5.659	1.640
5.658	1.640
5.658	1.641
5.658	1.641
5.658	1.642
5.658	1.642
5.658	1.643
5.657	1.643
5.657	1.643
5.657	1.644
5.657	1.644
5.657	1.645
5.657	1.645
5.657	1.645
5.657	1.646
5.656	1.646
5.656	1.647
5.656	1.647
5.656	1.648
5.656	1.648
5.656	1.649
5.656	1.649
5.655	1.650
5.655	1.650
5.655	1.651
5.655	1.651
5.655	1.652
5.655	1.652
5.655	1.653
5.655	1.653
5.654	1.654
5.654	1.654
5.654	1.655
5.654	1.655
5.654	1.656
5.654	1.656
5.654	1.657
5.653	1.657
5.653	1.658
5.653	1.658
5.653	1.659
5.653	1.659
5.653	1.660
5.653	1.660
5.652	1.660
5.652	1.661
5.652	1.661
5.652	1.662
5.652	1.662
5.652	1.663
5.652	1.663
5.651	1.664
5.651	1.664
5.651	1.665
5.651	1.665
5.651	1.666
5.651	1.666
5.651	1.667
5.651	1.667
5.650	1.668
5.650	1.668
5.650	1.669
5.650	1.669
5.650	1.670
5.650	1.670
5.650	1.671
5.649	1.671
5.649	1.672
5.649	1.672
5.649	1.673
5.649	1.673
5.649	1.674
5.649	1.674
5.648	1.675
5.648	1.675
5.648	1.676
5.648	1.676
5.648	1.677
5.648	1.677
5.648	1.677
5.647	1.678
5.647	1.678
5.647	1.679
5.647	1.679
5.647	1.680
5.647	1.680
5.647	1.681
5.647	1.681
5.646	1.682
5.646	1.682
5.646	1.683
5.646	1.683
5.646	1.684
5.646	1.684
5.646	1.685
5.645	1.685
5.645	1.686
5.645	1.686
5.645	1.687
5.645	1.687
5.645	1.688
5.645	1.688
5.644	1.689
5.644	1.689
5.644	1.690
5.644	1.690
5.644	1.691
5.644	1.691
5.644	1.692
5.643	1.692
5.643	1.693
5.643	1.693
5.643	1.694
5.643	1.694
5.643	1.694
5.643	1.695
5.642	1.695
5.642	1.696
5.642	1.696
5.642	1.697
5.642	1.697
5.642	1.698
5.642	1.698
5.642	1.699
5.641	1.699
5.641	1.700
5.641	1.700
5.641	1.701
5.641	1.701
5.641	1.702
5.641	1.702
5.640	1.703
5.640	1.703
5.640	1.704
5.640	1.704
5.640	1.705
5.640	1.705
5.640	1.706
5.639	1.706
5.639	1.707
5.639	1.707
5.639	1.708
5.639	1.708
5.639	1.709
5.639	1.709
5.638	1.710
5.638	1.710
5.638	1.711
5.638	1.711
5.638	1.711
5.638	1.712
5.638	1.712
5.638	1.713
5.637	1.713
5.637	1.714
5.637	1.714
5.637	1.715
5.637	1.715
5.637	1.716
5.637	1.716
5.636	1.717
5.636	1.717
5.636	1.718
5.636	1.718
5.636	1.719
5.636	1.719
5.636	1.720
5.635	1.720
5.635	1.721
5.635	1.721
5.635	1.722
5.635	1.722
5.635	1.723
5.635	1.723
5.634	1.724
5.634	1.724
5.634	1.725
5.634	1.725
5.634	1.726
5.634	1.726
5.634	1.727
5.634	1.727
5.633	1.728
5.633	1.728
5.633	1.728
5.633	1.729
5.633	1.729
5.633	1.730
5.633	1.730
5.632	1.731
5.632	1.731
5.632	1.732
5.632	1.732
5.632	1.733
5.632	1.733
5.632	1.734
5.631	1.734
5.631	1.735
5.631	1.735
5.631	1.736
5.631	1.736
5.631	1.737
5.631	1.737
5.630	1.738
5.630	1.738
5.630	1.739
5.630	1.739
5.630	1.740
5.630	1.740
5.630	1.741
5.630	1.741
5.629	1.742
5.629	1.742
5.629	1.743
5.629	1.743
5.629	1.744
5.629	1.744
5.629	1.745
5.628	1.745
5.628	1.745
5.628	1.746
5.628	1.746
5.628	1.747
5.628	1.747
5.628	1.748
5.627	1.748
5.627	1.749
5.627	1.749
5.627	1.750
5.627	1.750
5.627	1.751
5.627	1.751
5.626	1.752
5.626	1.752
5.626	1.753
5.626	1.753
5.626	1.754
5.626	1.754
5.626	1.755
5.625	1.755
5.625	1.756
5.625	1.756
5.625	1.757
5.625	1.757
5.625	1.758
5.625	1.758
5.625	1.759
5.624	1.759
5.624	1.760
5.624	1.760
5.624	1.761
5.624	1.761
5.624	1.762
5.624	1.762
5.623	1.762
5.623	1.763
5.623	1.763
5.623	1.764
5.623	1.764
5.623	1.765
5.623	1.765
5.622	1.766
5.622	1.766
5.622	1.767
5.622	1.767
5.622	1.768
5.622	1.768
5.622	1.769
5.621	1.769
5.621	1.770
5.621	1.770
5.621	1.771
5.621	1.771
5.621	1.772
5.621	1.772
5.621	1.773
5.620	1.773
5.620	1.774
5.620	1.774
5.620	1.775
5.620	1.775
5.620	1.776
5.620	1.776
5.619	1.777
5.619	1.777
5.619	1.778
5.619	1.778
5.619	1.779
5.619	1.779
5.619	1.779
5.618	1.780
5.618	1.780
5.618	1.781
5.618	1.781
5.618	1.782
5.618	1.782
5.618	1.783
5.617	1.783
5.617	1.784
5.617	1.784
5.617	1.785
5.617	1.785
5.617	1.786
5.617	1.786
5.617	1.787
5.616	1.787
5.616	1.788
5.616	1.788
5.616	1.789
5.616	1.789
5.616	1.790
5.616	1.790
5.615	1.791
5.615	1.791
5.615	1.792
5.615	1.792
5.615	1.793
5.615	1.793
5.615	1.794
5.614	1.794
5.614	1.795
5.614	1.795
5.614	1.795
5.614	1.796
5.614	1.796
5.614	1.796
5.614	1.797
5.614	1.797
5.614	1.798
5.614	1.798
5.613	1.799
5.613	1.799
5.613	1.800
5.613	1.800
5.613	1.801
5.613	1.801
5.613	1.802
5.613	1.802
5.613	1.803
5.613	1.803
5.613	1.804
5.613	1.804
5.613	1.805
5.613	1.805
5.612	1.806
5.612	1.806
5.612	1.807
5.612	1.807
5.612	1.808
5.612	1.808
5.612	1.809
5.612	1.809
5.612	1.810
5.612	1.810
5.612	1.811
5.612	1.811
5.612	1.812
5.612	1.812
5.611	1.813
5.611	1.813
5.611	1.814
5.611	1.814
5.611	1.815
5.611	1.815
5.611	1.816
5.611	1.816
5.611	1.817
5.611	1.817
5.611	1.818
5.611	1.818
5.611	1.819
5.611	1.819
5.610	1.820
5.610	1.820
5.610	1.821
5.610	1.821
5.610	1.822
5.610	1.822
5.610	1.823
5.610	1.823
5.610	1.824
5.610	1.824
5.610	1.825
5.610	1.825
5.610	1.826
5.610	1.826
5.609	1.827
5.609	1.827
5.609	1.828
5.609	1.828
5.609	1.829
5.609	1.829
5.609	1.830
5.609	1.830
5.609	1.831
5.609	1.831
5.609	1.832
5.609	1.832
5.609	1.833
5.608	1.833
5.608	1.834
5.608	1.834
5.608	1.835
5.608	1.835
5.608	1.836
5.608	1.836
5.608	1.837
5.608	1.837
5.608	1.838
5.608	1.838
5.608	1.839
5.608	1.839
5.608	1.840
5.607	1.840
5.607	1.841
5.607	1.841
5.607	1.842
5.607	1.842
5.607	1.843
5.607	1.843
5.607	1.844
5.607	1.844
5.607	1.845
5.607	1.845
5.607	1.846
5.607	1.846
5.607	1.847
5.606	1.847
5.606	1.848
5.606	1.848
5.606	1.849
5.606	1.849
5.606	1.850
5.606	1.850
5.606	1.851
5.606	1.851
5.606	1.852
5.606	1.852
5.606	1.853
5.606	1.853
5.606	1.854
5.605	1.854
5.605	1.855
5.605	1.855
5.605	1.856
5.605	1.856
5.605	1.857
5.605	1.857
5.605	1.858
5.605	1.858
5.605	1.859
5.605	1.859
5.605	1.860
5.605	1.860
5.605	1.861
5.604	1.861
5.604	1.862
5.604	1.862
5.604	1.863
5.604	1.863
5.604	1.864
5.604	1.864
5.604	1.865
5.604	1.865
5.604	1.866
5.604	1.866
5.604	1.867
5.604	1.867
5.604	1.868
5.603	1.868
5.603	1.869
5.603	1.869
5.603	1.870
5.603	1.870
5.603	1.871
5.603	1.871
5.603	1.872
5.603	1.872
5.603	1.873
5.603	1.873
5.603	1.874
5.603	1.874
5.603	1.875
5.602	1.875
5.602	1.876
5.602	1.876
5.602	1.877
5.602	1.877
5.602	1.878
5.602	1.878
5.602	1.879
5.602	1.879
5.602	1.880
5.602	1.880
5.602	1.881
5.602	1.881
5.602	1.882
5.601	1.882
5.601	1.883
5.601	1.883
5.601	1.884
5.601	1.884
5.601	1.885
5.601	1.885
5.601	1.886
5.601	1.886
5.601	1.887
5.601	1.887
5.601	1.888
5.601	1.888
5.601	1.889
5.600	1.889
5.600	1.890
5.600	1.890
5.600	1.891
5.600	1.891
5.600	1.892
5.600	1.892
5.600	1.893
5.600	1.893
5.600	1.894
5.600	1.894
5.600	1.895
5.600	1.895
5.600	1.896
5.599	1.896
5.599	1.897
5.599	1.897
5.599	1.898
5.599	1.898
5.599	1.899
5.599	1.899
5.599	1.900
5.599	1.900
5.599	1.901
5.599	1.901
5.599	1.902
5.599	1.902
5.599	1.903
5.598	1.903
5.598	1.904
5.598	1.904
5.598	1.905
5.598	1.905
5.598	1.906
5.598	1.906
5.598	1.907
5.598	1.907
5.598	1.908
5.598	1.908
5.598	1.909
5.598	1.909
5.598	1.909
5.598	1.910
5.598	1.910
5.598	1.911
5.598	1.911
5.598	1.912
5.598	1.912
5.598	1.913
5.598	1.913
5.598	1.914
5.598	1.914
5.598	1.915
5.598	1.915
5.598	1.916
5.598	1.916
5.598	1.917
5.598	1.917
5.598	1.918
5.598	1.918
5.598	1.919
5.598	1.919
5.598	1.920
5.598	1.920
5.598	1.921
5.598	1.921
5.598	1.922
5.598	1.922
5.598	1.923
5.598	1.923
5.598	1.924
5.598	1.924
5.598	1.925
5.598	1.925
5.598	1.926
5.599	1.926
5.599	1.927
5.599	1.927
5.599	1.928
5.599	1.928
5.599	1.929
5.599	1.929
5.599	1.930
5.599	1.930
5.599	1.931
5.599	1.931
5.599	1.932
5.599	1.932
5.599	1.933
5.599	1.933
5.599	1.934
5.599	1.934
5.599	1.935
5.599	1.935
5.599	1.936
5.599	1.936
5.599	1.937
5.599	1.938
5.599	1.938
5.599	1.939
5.599	1.939
5.599	1.940
5.599	1.940
5.599	1.941
5.599	1.941
5.599	1.942
5.599	1.942
5.599	1.943
5.599	1.943
5.599	1.944
5.599	1.944
5.600	1.945
5.600	1.945
5.600	1.946
5.600	1.946
5.600	1.947
5.600	1.947
5.600	1.948
5.600	1.948
5.600	1.949
5.600	1.949
5.600	1.950
5.600	1.950
5.600	1.951
5.600	1.951
5.600	1.952
5.600	1.952
5.600	1.953
5.600	1.953
5.600	1.954
5.600	1.954
5.600	1.955
5.600	1.955
5.600	1.956
5.600	1.956
5.600	1.957
5.600	1.957
5.600	1.958
5.600	1.958
5.600	1.959
5.600	1.959
5.600	1.960
5.600	1.960
5.600	1.961
5.600	1.961
5.600	1.962
5.600	1.962
5.601	1.963
5.601	1.963
5.601	1.964
5.601	1.964
5.601	1.965
5.601	1.965
5.601	1.966
5.601	1.966
5.601	1.967
5.601	1.967
5.601	1.968
5.601	1.968
5.601	1.969
5.601	1.969
5.601	1.970
5.601	1.970
5.601	1.971
5.601	1.971
5.601	1.972
5.601	1.972
5.601	1.973
5.601	1.973
5.601	1.974
5.601	1.974
5.601	1.975
5.601	1.975
5.601	1.976
5.601	1.976
5.601	1.977
5.601	1.977
5.601	1.978
5.601	1.978
5.601	1.979
5.601	1.979
5.601	1.980
5.601	1.980
5.602	1.981
5.602	1.981
5.602	1.982
5.602	1.982
5.602	1.983
5.602	1.983
5.602	1.984
5.602	1.984
5.602	1.985
5.602	1.985
5.602	1.986
5.602	1.986
5.602	1.987
5.602	1.987
5.602	1.988
5.602	1.988
5.602	1.989
5.602	1.989
5.602	1.990
5.602	1.991
5.602	1.991
5.602	1.992
5.602	1.992
5.602	1.993
5.602	1.993
5.602	1.994
5.602	1.994
5.602	1.995
5.602	1.995
5.602	1.996
5.602	1.996
5.602	1.997
5.602	1.997
5.602	1.998
5.602	1.998
5.602	1.999
5.603	1.999
5.603	2.000
5.603	2.000
5.603	2.001
5.603	2.001
5.603	2.002
5.603	2.002
5.603	2.003
5.603	2.003
5.603	2.004
5.603	2.004
5.603	2.005
5.603	2.005
5.603	2.006
5.603	2.006
5.603	2.007
5.603	2.007
5.603	2.008
5.603	2.008
5.603	2.009
5.603	2.009
5.603	2.010
5.603	2.010
5.603	2.011
5.603	2.011
5.603	2.012
5.603	2.012
5.603	2.013
5.603	2.013
5.603	2.014
5.603	2.014
5.603	2.015
5.603	2.015
5.603	2.016
5.603	2.016
5.603	2.017
5.604	2.017
5.604	2.018
5.604	2.018
5.604	2.019
5.604	2.019
5.604	2.019
5.604	2.020
5.604	2.020
5.604	2.021
5.604	2.021
5.604	2.022
5.604	2.022
5.604	2.023
5.604	2.023
5.605	2.024
5.605	2.024
5.605	2.025
5.605	2.025
5.605	2.026
5.605	2.026
5.605	2.027
5.605	2.027
5.605	2.028
5.605	2.028
5.606	2.029
5.606	2.029
5.606	2.030
5.606	2.030
5.606	2.031
5.606	2.031
5.606	2.032
5.606	2.032
5.606	2.033
5.606	2.033
5.607	2.034
5.607	2.034
5.607	2.035
5.607	2.035
5.607	2.036
5.607	2.036
5.607	2.037
5.607	2.037
5.607	2.038
5.608	2.038
5.608	2.039
5.608	2.039
5.608	2.040
5.608	2.040
5.608	2.041
5.608	2.041
5.608	2.042
5.608	2.042
5.608	2.042
5.609	2.043
5.609	2.043
5.609	2.044
5.609	2.044
5.609	2.045
5.609	2.045
5.609	2.046
5.609	2.046
5.609	2.047
5.609	2.047
5.610	2.048
5.610	2.048
5.610	2.049
5.610	2.049
5.610	2.050
5.610	2.050
5.610	2.051
5.610	2.051
5.610	2.052
5.611	2.052
5.611	2.053
5.611	2.053
5.611	2.054
5.611	2.054
5.611	2.055
5.611	2.055
5.611	2.056
5.611	2.056
5.611	2.057
5.612	2.057
5.612	2.058
5.612	2.058
5.612	2.059
5.612	2.059
5.612	2.060
5.612	2.060
5.612	2.061
5.612	2.061
5.612	2.062
5.613	2.062
5.613	2.063
5.613	2.063
5.613	2.064
5.613	2.064
5.613	2.065
5.613	2.065
5.613	2.066
5.613	2.066
5.613	2.067
5.614	2.067
5.614	2.068
5.614	2.068
5.614	2.069
5.614	2.069
5.614	2.070
5.614	2.070
5.614	2.071
5.614	2.071
5.615	2.072
5.615	2.072
5.615	2.073
5.615	2.073
5.615	2.074
5.615	2.074
5.615	2.075
5.615	2.075
5.615	2.076
5.615	2.076
5.616	2.077
5.616	2.077
5.616	2.078
5.616	2.078
5.616	2.079
5.616	2.079
5.616	2.080
5.616	2.080
5.616	2.081
5.616	2.081
5.617	2.082
5.617	2.082
5.617	2.082
5.617	2.083
5.617	2.083
5.617	2.084
5.617	2.084
5.617	2.085
5.617	2.085
5.618	2.086
5.618	2.086
5.618	2.087
5.618	2.087
5.618	2.088
5.618	2.088
5.618	2.089
5.618	2.089
5.618	2.090
5.618	2.090
5.619	2.091
5.619	2.091
5.619	2.092
5.619	2.092
5.619	2.093
5.619	2.093
5.619	2.094
5.619	2.094
5.619	2.095
5.619	2.095
5.620	2.096
5.620	2.096
5.620	2.097
5.620	2.097
5.620	2.098
5.620	2.098
5.620	2.099
5.620	2.099
5.620	2.100
5.620	2.100
5.621	2.101
5.621	2.101
5.621	2.102
5.621	2.102
5.621	2.103
5.621	2.103
5.621	2.104
5.621	2.104
5.621	2.105
5.622	2.105
5.622	2.106
5.622	2.106
5.622	2.107
5.622	2.107
5.622	2.108
5.622	2.108
5.622	2.109
5.622	2.109
5.622	2.110
5.623	2.110
5.623	2.111
5.623	2.111
5.623	2.112
5.623	2.112
5.623	2.113
5.623	2.113
5.623	2.114
5.623	2.114
5.623	2.115
5.624	2.115
5.624	2.116
5.624	2.116
5.624	2.117
5.624	2.117
5.624	2.118
5.624	2.118
5.624	2.119
5.624	2.119
5.625	2.120
5.625	2.120
5.625	2.121
5.625	2.121
5.625	2.122
5.625	2.122
5.625	2.122
5.625	2.123
5.625	2.123
5.625	2.124
5.626	2.124
5.626	2.125
5.626	2.125
5.626	2.126
5.626	2.126
5.626	2.127
5.626	2.127
5.626	2.128
5.626	2.128
5.626	2.129
5.627	2.129
5.627	2.130
5.627	2.130
5.627	2.131
5.627	2.131
5.627	2.132
5.627	2.132
5.627	2.133
5.627	2.133
5.627	2.134
5.628	2.134
5.628	2.135
5.628	2.135
5.628	2.136
5.628	2.136
5.628	2.137
5.628	2.137
5.628	2.138
5.628	2.138
5.629	2.139
5.629	2.139
5.629	2.140
5.629	2.140
5.629	2.141
5.629	2.141
5.629	2.142
5.629	2.142
5.629	2.143
5.629	2.143
5.630	2.144
5.630	2.144
5.630	2.145
5.630	2.145
5.630	2.146
5.630	2.146
5.630	2.147
5.630	2.147
5.630	2.148
5.630	2.148
5.631	2.149
5.631	2.149
5.631	2.150
5.631	2.150
5.631	2.151
5.631	2.151
5.631	2.152
5.631	2.152
5.631	2.153
5.631	2.153
5.632	2.154
5.632	2.154
5.632	2.155
5.632	2.155
5.632	2.156
5.632	2.156
5.632	2.157
5.632	2.157
5.632	2.158
5.633	2.158
5.633	2.158
5.633	2.159
5.633	2.159
5.633	2.160
5.633	2.160
5.633	2.160
5.633	2.161
5.634	2.161
5.634	2.162
5.634	2.162
5.634	2.163
5.634	2.163
5.634	2.164
5.634	2.164
5.635	2.165
5.635	2.165
5.635	2.166
5.635	2.166
5.635	2.167
5.635	2.167
5.635	2.168
5.636	2.168
5.636	2.169
5.636	2.169
5.636	2.170
5.636	2.170
5.636	2.171
5.636	2.171
5.637	2.172
5.637	2.172
5.637	2.173
5.637	2.173
5.637	2.173
5.637	2.174
5.637	2.174
5.638	2.175
5.638	2.175
5.638	2.176
5.638	2.176
5.638	2.177
5.638	2.177
5.638	2.178
5.639	2.178
5.639	2.179
5.639	2.179
5.639	2.180
5.639	2.180
5.639	2.181
5.640	2.181
5.640	2.182
5.640	2.182
5.640	2.183
5.640	2.183
5.640	2.184
5.640	2.184
5.641	2.185
5.641	2.185
5.641	2.186
5.641	2.186
5.641	2.187
5.641	2.187
5.641	2.187
5.642	2.188
5.642	2.188
5.642	2.189
5.642	2.189
5.642	2.190
5.642	2.190
5.642	2.191
5.643	2.191
5.643	2.192
5.643	2.192
5.643	2.193
5.643	2.193
5.643	2.194
5.643	2.194
5.644	2.195
5.644	2.195
5.644	2.196
5.644	2.196
5.644	2.197
5.644	2.197
5.644	2.198
5.645	2.198
5.645	2.199
5.645	2.199
5.645	2.200
5.645	2.200
5.645	2.200
5.645	2.201
5.646	2.201
5.646	2.202
5.646	2.202
5.646	2.203
5.646	2.203
5.646	2.204
5.647	2.204
5.647	2.205
5.647	2.205
5.647	2.206
5.647	2.206
5.647	2.207
5.647	2.207
5.648	2.208
5.648	2.208
5.648	2.209
5.648	2.209
5.648	2.210
5.648	2.210
5.648	2.211
5.649	2.211
5.649	2.212
5.649	2.212
5.649	2.213
5.649	2.213
5.649	2.214
5.649	2.214
5.650	2.214
5.650	2.215
5.650	2.215
5.650	2.216
5.650	2.216
5.650	2.217
5.650	2.217
5.651	2.218
5.651	2.218
5.651	2.219
5.651	2.219
5.651	2.220
5.651	2.220
5.651	2.221
5.652	2.221
5.652	2.222
5.652	2.222
5.652	2.223
5.652	2.223
5.652	2.224
5.652	2.224
5.653	2.225
5.653	2.225
5.653	2.226
5.653	2.226
5.653	2.227
5.653	2.227
5.653	2.227
5.654	2.228
5.654	2.228
5.654	2.229
5.654	2.229
5.654	2.230
5.654	2.230
5.655	2.231
5.655	2.231
5.655	2.232
5.655	2.232
5.655	2.233
5.655	2.233
5.655	2.234
5.656	2.234
5.656	2.235
5.656	2.235
5.656	2.236
5.656	2.236
5.656	2.237
5.656	2.237
5.657	2.238
5.657	2.238
5.657	2.239
5.657	2.239
5.657	2.240
5.657	2.240
5.657	2.241
5.658	2.241
5.658	2.241
5.658	2.242
5.658	2.242
5.658	2.243
5.658	2.243
5.658	2.244
5.659	2.244
5.659	2.245
5.659	2.245
5.659	2.246
5.659	2.246
5.659	2.247
5.659	2.247
5.660	2.248
5.660	2.248
5.660	2.249
5.660	2.249
5.660	2.250
5.660	2.250
5.660	2.251
5.661	2.251
5.661	2.251
5.661	2.252
5.661	2.252
5.661	2.253
5.661	2.253
5.662	2.253
5.662	2.254
5.662	2.254
5.662	2.255
5.662	2.255
5.662	2.256
5.663	2.256
5.663	2.257
5.663	2.257
5.663	2.258
5.663	2.258
5.664	2.259
5.664	2.259
5.664	2.260
5.664	2.260
5.664	2.261
5.664	2.261
5.665	2.261
5.665	2.262
5.665	2.262
5.665	2.263
5.665	2.263
5.665	2.264
5.666	2.264
5.666	2.265
5.666	2.265
5.666	2.266
5.666	2.266
5.667	2.267
5.667	2.267
5.667	2.268
5.667	2.268
5.667	2.269
5.667	2.269
5.668	2.269
5.668	2.270
5.668	2.270
5.668	2.271
5.668	2.271
5.669	2.272
5.669	2.272
5.669	2.273
5.669	2.273
5.669	2.274
5.669	2.274
5.670	2.275
5.670	2.275
5.670	2.276
5.670	2.276
5.670	2.277
5.671	2.277
5.671	2.278
5.671	2.278
5.671	2.278
5.671	2.279
5.671	2.279
5.672	2.280
5.672	2.280
5.672	2.281
5.672	2.281
5.672	2.282
5.673	2.282
5.673	2.283
5.673	2.283
5.673	2.284
5.673	2.284
5.673	2.285
5.674	2.285
5.674	2.286
5.674	2.286
5.674	2.286
5.674	2.287
5.675	2.287
5.675	2.288
5.675	2.288
5.675	2.289
5.675	2.289
5.675	2.290
5.676	2.290
5.676	2.291
5.676	2.291
5.676	2.292
5.676	2.292
5.676	2.293
5.677	2.293
5.677	2.294
5.677	2.294
5.677	2.294
5.677	2.295
5.678	2.295
5.678	2.296
5.678	2.296
5.678	2.297
5.678	2.297
5.678	2.298
5.679	2.298
5.679	2.299
5.679	2.299
5.679	2.300
5.679	2.300
5.680	2.301
5.680	2.301
5.680	2.302
5.680	2.302
5.680	2.302
5.680	2.303
5.681	2.303
5.681	2.304
5.681	2.304
5.681	2.305
5.681	2.305
5.682	2.306
5.682	2.306
5.682	2.307
5.682	2.307
5.682	2.308
5.682	2.308
5.683	2.309
5.683	2.309
5.683	2.310
5.683	2.310
5.683	2.310
5.684	2.311
5.684	2.311
5.684	2.312
5.684	2.312
5.684	2.313
5.684	2.313
5.685	2.314
5.685	2.314
5.685	2.315
5.685	2.315
5.685	2.316
5.686	2.316
5.686	2.317
5.686	2.317
5.686	2.318
5.686	2.318
5.686	2.318
5.687	2.319
5.687	2.319
5.687	2.320
5.687	2.320
5.687	2.321
5.687	2.321
5.688	2.322
5.688	2.322
5.688	2.323
5.688	2.323
5.688	2.324
5.689	2.324
5.689	2.325
5.689	2.325
5.689	2.326
5.689	2.326
5.689	2.326
5.690	2.327
5.690	2.327
5.690	2.328
5.690	2.328
5.690	2.329
5.691	2.329
5.691	2.330
5.691	2.330
5.691	2.331
5.691	2.331
5.691	2.332
5.692	2.332
5.692	2.333
5.692	2.333
5.692	2.334
5.692	2.334
5.693	2.335
5.693	2.335
5.693	2.335
5.693	2.336
5.693	2.336
5.693	2.337
5.694	2.337
5.694	2.338
5.694	2.338
5.694	2.339
5.694	2.339
5.695	2.340
5.695	2.340
5.695	2.341
5.695	2.341
5.695	2.342
5.695	2.342
5.696	2.343
5.696	2.343
5.696	2.343
5.696	2.344
5.696	2.344
5.697	2.345
5.697	2.345
5.697	2.346
5.697	2.346
5.697	2.347
5.697	2.347
5.697	2.347
5.698	2.348
5.698	2.348
5.698	2.349
5.698	2.349
5.698	2.350
5.699	2.350
5.699	2.350
5.699	2.351
5.699	2.351
5.699	2.352
5.700	2.352
5.700	2.353
5.700	2.353
5.700	2.354
5.701	2.354
5.701	2.355
5.701	2.355
5.701	2.355
5.701	2.356
5.702	2.356
5.702	2.357
5.702	2.357
5.702	2.358
5.702	2.358
5.703	2.359
5.703	2.359
5.703	2.360
5.703	2.360
5.703	2.361
5.704	2.361
5.704	2.361
5.704	2.362
5.704	2.362
5.704	2.363
5.705	2.363
5.705	2.364
5.705	2.364
5.705	2.365
5.705	2.365
5.706	2.366
5.706	2.366
5.706	2.367
5.706	2.367
5.706	2.367
5.707	2.368
5.707	2.368
5.707	2.369
5.707	2.369
5.708	2.370
5.708	2.370
5.708	2.371
5.708	2.371
5.708	2.372
5.709	2.372
5.709	2.373
5.709	2.373
5.709	2.373
5.709	2.374
5.710	2.374
5.710	2.375
5.710	2.375
5.710	2.376
5.710	2.376
5.711	2.377
5.711	2.377
5.711	2.378
5.711	2.378
5.711	2.379
5.712	2.379
5.712	2.379
5.712	2.380
5.712	2.380
5.712	2.381
5.713	2.381
5.713	2.382
5.713	2.382
5.713	2.383
5.713	2.383
5.714	2.384
5.714	2.384
5.714	2.384
5.714	2.385
5.715	2.385
5.715	2.386
5.715	2.386
5.715	2.387
5.715	2.387
5.716	2.388
5.716	2.388
5.716	2.389
5.716	2.389
5.716	2.390
5.717	2.390
5.717	2.390
5.717	2.391
5.717	2.391
5.717	2.392
5.718	2.392
5.718	2.393
5.718	2.393
5.718	2.394
5.718	2.394
5.719	2.395
5.719	2.395
5.719	2.396
5.719	2.396
5.719	2.396
5.720	2.397
5.720	2.397
5.720	2.398
5.720	2.398
5.720	2.399
5.721	2.399
5.721	2.400
5.721	2.400
5.721	2.401
5.722	2.401
5.722	2.402
5.722	2.402
5.722	2.402
5.722	2.403
5.723	2.403
5.723	2.404
5.723	2.404
5.723	2.405
5.723	2.405
5.724	2.406
5.724	2.406
5.724	2.407
5.724	2.407
5.724	2.407
5.725	2.408
5.725	2.408
5.725	2.409
5.725	2.409
5.725	2.410
5.726	2.410
5.726	2.411
5.726	2.411
5.726	2.412
5.726	2.412
5.727	2.413
5.727	2.413
5.727	2.413
5.727	2.414
5.727	2.414
5.728	2.415
5.728	2.415
5.728	2.416
5.728	2.416
5.729	2.417
5.729	2.417
5.729	2.418
5.729	2.418
5.729	2.419
5.730	2.419
5.730	2.419
5.730	2.420
5.730	2.420
5.730	2.421
5.731	2.421
5.731	2.422
5.731	2.422
5.731	2.423
5.731	2.423
5.732	2.424
5.732	2.424
5.732	2.425
5.732	2.425
5.732	2.425
5.733	2.426
5.733	2.426
5.733	2.427
5.733	2.427
5.733	2.428
5.734	2.428
5.734	2.429
5.734	2.429
5.734	2.430
5.734	2.430
5.735	2.430
5.735	2.431
5.735	2.431
5.735	2.432
5.736	2.432
5.736	2.433
5.736	2.433
5.736	2.434
5.736	2.434
5.737	2.435
5.737	2.435
5.737	2.436
5.737	2.436
5.737	2.436
5.738	2.437
5.738	2.437
5.738	2.438
5.738	2.438
5.738	2.439
5.739	2.439
5.739	2.440
5.739	2.440
5.739	2.441
5.739	2.441
5.740	2.442
5.740	2.442
5.740	2.442
5.740	2.443
5.740	2.443
5.741	2.444
5.741	2.444
5.741	2.445
5.741	2.445
5.741	2.446
5.742	2.446
5.742	2.447
5.742	2.447
5.742	2.448
5.743	2.448
5.743	2.448
5.743	2.449
5.743	2.449
5.743	2.450
5.744	2.450
5.744	2.451
5.744	2.451
5.744	2.452
5.744	2.452
5.745	2.453
5.745	2.453
5.745	2.453
5.745	2.454
5.745	2.454
5.746	2.455
5.746	2.455
5.746	2.456
5.746	2.456
5.746	2.457
5.747	2.457
5.747	2.458
5.747	2.458
5.747	2.459
5.747	2.459
5.748	2.459
5.748	2.460
5.748	2.460
5.748	2.461
5.748	2.461
5.749	2.462
5.749	2.462
5.749	2.463
5.749	2.463
5.749	2.464
5.750	2.464
5.750	2.465
5.750	2.465
5.750	2.465
5.751	2.466
5.751	2.466
5.751	2.467
5.751	2.467
5.751	2.468
5.752	2.468
5.752	2.469
5.752	2.469
5.752	2.470
5.752	2.470
5.753	2.471
5.753	2.471
5.753	2.471
5.753	2.471
5.753	2.472
5.753	2.472
5.754	2.473
5.754	2.473
5.754	2.474
5.754	2.474
5.755	2.475
5.755	2.475
5.755	2.476
5.755	2.476
5.755	2.476
5.756	2.477
5.756	2.477
5.756	2.478
5.756	2.478
5.757	2.479
5.757	2.479
5.757	2.480
5.757	2.480
5.757	2.481
5.758	2.481
5.758	2.481
5.758	2.482
5.758	2.482
5.758	2.483
5.759	2.483
5.759	2.484
5.759	2.484
5.759	2.485
5.760	2.485
5.760	2.486
5.760	2.486
5.760	2.486
5.760	2.487
5.761	2.487
5.761	2.488
5.761	2.488
5.761	2.489
5.762	2.489
5.762	2.490
5.762	2.490
5.762	2.491
5.762	2.491
5.763	2.491
5.763	2.492
5.763	2.492
5.763	2.493
5.764	2.493
5.764	2.494
5.764	2.494
5.764	2.495
5.764	2.495
5.765	2.496
5.765	2.496
5.765	2.496
5.765	2.497
5.765	2.497
5.766	2.498
5.766	2.498
5.766	2.499
5.766	2.499
5.767	2.500
5.767	2.500
5.767	2.501
5.767	2.501
5.767	2.501
5.768	2.502
5.768	2.502
5.768	2.503
5.768	2.503
5.769	2.504
5.769	2.504
5.769	2.505
5.769	2.505
5.769	2.506
5.770	2.506
5.770	2.506
5.770	2.507
5.770	2.507
5.770	2.508
5.771	2.508
5.771	2.509
5.771	2.509
5.771	2.510
5.772	2.510
5.772	2.511
5.772	2.511
5.772	2.511
5.772	2.512
5.773	2.512
5.773	2.513
5.773	2.513
5.773	2.514
5.774	2.514
5.774	2.515
5.774	2.515
5.774	2.516
5.774	2.516
5.775	2.516
5.775	2.517
5.775	2.517
5.775	2.518
5.776	2.518
5.776	2.519
5.776	2.519
5.776	2.520
5.776	2.520
5.777	2.521
5.777	2.521
5.777	2.521
5.777	2.522
5.777	2.522
5.778	2.523
5.778	2.523
5.778	2.524
5.778	2.524
5.779	2.525
5.779	2.525
5.779	2.526
5.779	2.526
5.779	2.526
5.780	2.527
5.780	2.527
5.780	2.528
5.780	2.528
5.781	2.529
5.781	2.529
5.781	2.530
5.781	2.530
5.781	2.531
5.782	2.531
5.782	2.531
5.782	2.532
5.782	2.532
5.783	2.533
5.783	2.533
5.783	2.534
5.783	2.534
5.783	2.535
5.784	2.535
5.784	2.536
5.784	2.536
5.784	2.536
5.784	2.537
5.785	2.537
5.785	2.538
5.785	2.538
5.785	2.539
5.786	2.539
5.786	2.540
5.786	2.540
5.786	2.541
5.786	2.541
5.787	2.541
5.787	2.542
5.787	2.542
5.787	2.543
5.788	2.543
5.788	2.544
5.788	2.544
5.788	2.545
5.788	2.545
5.789	2.546
5.789	2.546
5.789	2.546
5.789	2.547
5.790	2.547
5.790	2.548
5.790	2.548
5.790	2.549
5.790	2.549
5.791	2.550
5.791	2.550
5.791	2.551
5.791	2.551
5.791	2.551
5.792	2.552
5.792	2.552
5.792	2.553
5.792	2.553
5.793	2.554
5.793	2.554
5.793	2.555
5.793	2.555
5.793	2.556
5.794	2.556
5.794	2.556
5.794	2.557
5.794	2.557
5.795	2.558
5.795	2.558
5.795	2.559
5.795	2.559
5.795	2.560
5.796	2.560
5.796	2.561
5.796	2.561
5.796	2.561
5.797	2.562
5.797	2.562
5.797	2.563
5.797	2.563
5.797	2.564
5.798	2.564
5.798	2.565
5.798	2.565
5.798	2.566
5.798	2.566
5.799	2.566
5.799	2.567
5.799	2.567
5.799	2.568
5.800	2.568
5.800	2.569
5.800	2.569
5.800	2.570
5.800	2.570
5.801	2.571
5.801	2.571
5.801	2.571
5.801	2.572
5.802	2.572
5.802	2.573
5.802	2.573
5.802	2.574
5.802	2.574
5.803	2.575
5.803	2.575
5.803	2.576
5.803	2.576
5.804	2.576
5.804	2.577
5.804	2.577
5.804	2.578
5.804	2.578
5.805	2.579
5.805	2.579
5.805	2.580
5.805	2.580
5.805	2.581
5.806	2.581
5.806	2.581
5.806	2.582
5.806	2.582
5.807	2.583
5.807	2.583
5.807	2.584
5.807	2.584
5.807	2.585
5.808	2.585
5.808	2.586
5.808	2.586
5.808	2.586
5.809	2.587
5.809	2.587
5.809	2.588
5.809	2.588
5.809	2.589
5.810	2.589
5.810	2.590
5.810	2.590
5.810	2.591
5.811	2.591
5.811	2.591
5.811	2.592
5.811	2.592
5.811	2.593
5.812	2.593
5.812	2.594
5.812	2.594
5.812	2.595
5.812	2.595
5.813	2.596
5.813	2.596
5.813	2.596
5.813	2.597
5.814	2.597
5.814	2.598
5.814	2.598
5.814	2.599
5.814	2.599
5.815	2.600
5.815	2.600
5.815	2.601
5.815	2.601
5.816	2.601
5.816	2.602
5.816	2.602
5.816	2.603
5.816	2.603
5.817	2.604
5.817	2.604
5.817	2.605
5.817	2.605
5.818	2.606
5.818	2.606
5.818	2.606
5.818	2.607
5.818	2.607
5.819	2.608
5.819	2.608
5.819	2.609
5.819	2.609
5.819	2.610
5.820	2.610
5.820	2.611
5.820	2.611
5.820	2.611
5.821	2.612
5.821	2.612
5.821	2.613
5.821	2.613
5.821	2.614
5.822	2.614
5.822	2.615
5.822	2.615
5.822	2.616
5.823	2.616
5.823	2.616
5.823	2.617
5.823	2.617
5.823	2.618
5.824	2.618
5.824	2.619
5.824	2.619
5.824	2.620
5.824	2.620
5.825	2.621
5.825	2.621
5.825	2.621
5.825	2.622
5.826	2.622
5.826	2.623
5.826	2.623
5.826	2.624
5.826	2.624
5.827	2.625
5.827	2.625
5.827	2.626
5.827	2.626
5.828	2.626
5.828	2.627
5.828	2.627
5.828	2.628
5.828	2.628
5.829	2.629
5.829	2.629
5.829	2.630
5.829	2.630
5.830	2.631
5.830	2.631
5.830	2.631
5.830	2.632
5.830	2.632
5.831	2.633
5.831	2.633
5.831	2.634
5.831	2.634
5.831	2.635
5.832	2.635
5.832	2.636
5.832	2.636
5.832	2.636
5.833	2.637
5.833	2.637
5.833	2.638
5.833	2.638
5.833	2.639
5.834	2.639
5.834	2.640
5.834	2.640
5.834	2.641
5.835	2.641
5.835	2.641
5.835	2.642
5.835	2.642
5.835	2.643
5.836	2.643
5.836	2.644
5.836	2.644
5.836	2.645
5.837	2.645
5.837	2.646
5.837	2.646
5.837	2.646
5.837	2.647
5.838	2.647
5.838	2.648
5.838	2.648
5.838	2.649
5.838	2.649
5.839	2.650
5.839	2.650
5.839	2.651
5.839	2.651
5.840	2.651
5.840	2.652
5.840	2.652
5.840	2.653
5.840	2.653
5.841	2.654
5.841	2.654
5.841	2.655
5.841	2.655
5.842	2.656
5.842	2.656
5.842	2.656
5.842	2.657
5.842	2.657
5.843	2.658
5.843	2.658
5.843	2.659
5.843	2.659
5.844	2.660
5.844	2.660
5.844	2.661
5.844	2.661
5.844	2.661
5.845	2.662
5.845	2.662
5.845	2.663
5.845	2.663
5.845	2.664
5.846	2.664
5.846	2.665
5.846	2.665
5.846	2.666
5.847	2.666
5.847	2.666
5.847	2.666
5.847	2.667
5.847	2.667
5.847	2.668
5.848	2.668
5.848	2.669
5.848	2.669
5.848	2.670
5.849	2.670
5.849	2.671
5.849	2.671
5.849	2.671
5.849	2.672
5.850	2.672
5.850	2.673
5.850	2.673
5.850	2.674
5.851	2.674
5.851	2.675
5.851	2.675
5.851	2.676
5.851	2.676
5.852	2.676
5.852	2.677
5.852	2.677
5.852	2.678
5.852	2.678
5.853	2.679
5.853	2.679
5.853	2.680
5.853	2.680
5.854	2.681
5.854	2.681
5.854	2.681
5.854	2.682
5.854	2.682
5.855	2.683
5.855	2.683
5.855	2.684
5.855	2.684
5.856	2.685
5.856	2.685
5.856	2.686
5.856	2.686
5.856	2.686
5.857	2.687
5.857	2.687
5.857	2.688
5.857	2.688
5.857	2.689
5.858	2.689
5.858	2.690
5.858	2.690
5.858	2.691
5.859	2.691
5.859	2.691
5.859	2.692
5.859	2.692
5.859	2.693
5.860	2.693
5.860	2.694
5.860	2.694
5.860	2.695
5.861	2.695
5.861	2.696
5.861	2.696
5.861	2.696
5.861	2.697
5.862	2.697
5.862	2.698
5.862	2.698
5.862	2.699
5.862	2.699
5.863	2.700
5.863	2.700
5.863	2.701
5.863	2.701
5.864	2.701
5.864	2.702
5.864	2.702
5.864	2.703
5.864	2.703
5.865	2.704
5.865	2.704
5.865	2.705
5.865	2.705
5.866	2.706
5.866	2.706
5.866	2.706
5.866	2.707
5.866	2.707
5.867	2.708
5.867	2.708
5.867	2.709
5.867	2.709
5.868	2.710
5.868	2.710
5.868	2.711
5.868	2.711
5.868	2.711
5.869	2.712
5.869	2.712
5.869	2.713
5.869	2.713
5.869	2.714
5.870	2.714
5.870	2.715
5.870	2.715
5.870	2.716
5.871	2.716
5.871	2.716
5.871	2.717
5.871	2.717
5.871	2.718
5.872	2.718
5.872	2.719
5.872	2.719
5.872	2.720
5.873	2.720
5.873	2.721
5.873	2.721
5.873	2.721
5.873	2.722
5.874	2.722
5.874	2.723
5.874	2.723
5.874	2.724
5.874	2.724
5.875	2.725
5.875	2.725
5.875	2.726
5.875	2.726
5.876	2.726
5.876	2.727
5.876	2.727
5.876	2.728
5.876	2.728
5.877	2.729
5.877	2.729
5.877	2.730
5.877	2.730
5.878	2.731
5.878	2.731
5.878	2.731
5.878	2.732
5.878	2.732
5.879	2.733
5.879	2.733
5.879	2.734
5.879	2.734
5.879	2.735
5.880	2.735
5.880	2.736
5.880	2.736
5.880	2.736
5.881	2.737
5.881	2.737
5.881	2.738
5.881	2.738
5.881	2.739
5.882	2.739
5.882	2.740
5.882	2.740
5.882	2.741
5.883	2.741
5.883	2.741
5.883	2.742
5.883	2.742
5.883	2.743
5.884	2.743
5.884	2.744
5.884	2.744
5.884	2.745
5.885	2.745
5.885	2.746
5.885	2.746
5.885	2.746
5.885	2.747
5.886	2.747
5.886	2.748
5.886	2.748
5.886	2.749
5.886	2.749
5.887	2.750
5.887	2.750
5.887	2.751
5.887	2.751
5.888	2.751
5.888	2.752
5.888	2.752
5.888	2.753
5.888	2.753
5.889	2.754
5.889	2.754
5.889	2.755
5.889	2.755
5.890	2.756
5.890	2.756
5.890	2.756
5.890	2.757
5.890	2.757
5.891	2.758
5.891	2.758
5.891	2.759
5.891	2.759
5.891	2.760
5.892	2.760
5.892	2.761
5.892	2.761
5.892	2.761
5.893	2.762
5.893	2.762
5.893	2.763
5.893	2.763
5.893	2.764
5.894	2.764
5.894	2.765
5.894	2.765
5.894	2.765
5.895	2.766
5.895	2.766
5.895	2.767
5.895	2.767
5.895	2.768
5.896	2.768
5.896	2.769
5.896	2.769
5.896	2.770
5.896	2.770
5.897	2.770
5.897	2.771
5.897	2.771
5.897	2.772
5.898	2.772
5.898	2.773
5.898	2.773
5.898	2.774
5.898	2.774
5.899	2.775
5.899	2.775
5.899	2.775
5.899	2.776
5.900	2.776
5.900	2.777
5.900	2.777
5.900	2.778
5.900	2.778
5.901	2.779
5.901	2.779
5.901	2.780
5.901	2.780
5.902	2.780
5.902	2.781
5.902	2.781
5.902	2.782
5.902	2.782
5.903	2.783
5.903	2.783
5.903	2.784
5.903	2.784
5.903	2.785
5.904	2.785
5.904	2.785
5.904	2.786
5.904	2.786
5.905	2.787
5.905	2.787
5.905	2.788
5.905	2.788
5.905	2.789
5.906	2.789
5.906	2.790
5.906	2.790
5.906	2.790
5.907	2.791
5.907	2.791
5.907	2.792
5.907	2.792
5.907	2.793
5.908	2.793
5.908	2.794
5.908	2.794
5.908	2.795
5.908	2.795
5.909	2.795
5.909	2.796
5.909	2.796
5.909	2.797
5.910	2.797
5.910	2.798
5.910	2.798
5.910	2.799
5.910	2.799
5.911	2.800
5.911	2.800
5.911	2.800
5.911	2.801
5.912	2.801
5.912	2.802
5.912	2.802
5.912	2.803
5.912	2.803
5.913	2.804
5.913	2.804
5.913	2.805
5.913	2.805
5.913	2.805
5.914	2.806
5.914	2.806
5.914	2.807
5.914	2.807
5.915	2.808
5.915	2.808
5.915	2.809
5.915	2.809
5.915	2.810
5.916	2.810
5.916	2.810
5.916	2.811
5.916	2.811
5.917	2.812
5.917	2.812
5.917	2.813
5.917	2.813
5.917	2.814
5.918	2.814
5.918	2.815
5.918	2.815
5.918	2.815
5.919	2.816
5.919	2.816
5.919	2.817
5.919	2.817
5.919	2.818
5.920	2.818
5.920	2.819
5.920	2.819
5.920	2.820
5.920	2.820
5.921	2.820
5.921	2.821
5.921	2.821
5.921	2.822
5.922	2.822
5.922	2.823
5.922	2.823
5.922	2.824
5.922	2.824
5.923	2.825
5.923	2.825
5.923	2.825
5.923	2.826
5.924	2.826
5.924	2.827
5.924	2.827
5.924	2.828
5.924	2.828
5.925	2.829
5.925	2.829
5.925	2.830
5.925	2.830
5.925	2.830
5.926	2.831
5.926	2.831
5.926	2.832
5.926	2.832
5.927	2.833
5.927	2.833
5.927	2.834
5.927	2.834
5.927	2.835
5.928	2.835
5.928	2.835
5.928	2.836
5.928	2.836
5.929	2.837
5.929	2.837
5.929	2.838
5.929	2.838
5.929	2.839
5.930	2.839
5.930	2.840
5.930	2.840
5.930	2.840
5.931	2.841
5.931	2.841
5.931	2.842
5.931	2.842
5.931	2.843
5.932	2.843
5.932	2.844
5.932	2.844
5.932	2.845
5.932	2.845
5.933	2.845
5.933	2.846
5.933	2.846
5.933	2.847
5.934	2.847
5.934	2.848
5.934	2.848
5.934	2.849
5.934	2.849
5.935	2.850
5.935	2.850
5.935	2.850
5.935	2.851
5.936	2.851
5.936	2.852
5.936	2.852
5.936	2.853
5.936	2.853
5.937	2.854
5.937	2.854
5.937	2.855
5.937	2.855
5.937	2.855
5.938	2.856
5.938	2.856
5.938	2.857
5.938	2.857
5.939	2.858
5.939	2.858
5.939	2.859
5.939	2.859
5.939	2.859
5.939	2.860
5.940	2.860
5.940	2.860
5.940	2.861
5.940	2.861
5.940	2.862
5.941	2.862
5.941	2.863
5.941	2.863
5.941	2.864
5.941	2.864
5.942	2.865
5.942	2.865
5.942	2.866
5.942	2.866
5.942	2.866
5.943	2.867
5.943	2.867
5.943	2.868
5.943	2.868
5.944	2.869
5.944	2.869
5.944	2.870
5.944	2.870
5.944	2.871
5.945	2.871
5.945	2.872
5.945	2.872
5.945	2.872
5.945	2.873
5.946	2.873
5.946	2.874
5.946	2.874
5.946	2.875
5.946	2.875
5.947	2.876
5.947	2.876
5.947	2.877
5.947	2.877
5.947	2.877
5.948	2.878
5.948	2.878
5.948	2.879
5.948	2.879
5.948	2.880
5.949	2.880
5.949	2.881
5.949	2.881
5.949	2.882
5.949	2.882
5.950	2.883
5.950	2.883
5.950	2.883
5.950	2.884
5.951	2.884
5.951	2.885
5.951	2.885
5.951	2.886
5.951	2.886
5.952	2.887
5.952	2.887
5.952	2.888
5.952	2.888
5.952	2.889
5.953	2.889
5.953	2.889
5.953	2.890
5.953	2.890
5.953	2.891
5.954	2.891
5.954	2.892
5.954	2.892
5.954	2.893
5.954	2.893
5.955	2.894
5.955	2.894
5.955	2.895
5.955	2.895
5.955	2.895
5.956	2.896
5.956	2.896
5.956	2.897
5.956	2.897
5.956	2.898
5.957	2.898
5.957	2.899
5.957	2.899
5.957	2.900
5.958	2.900
5.958	2.900
5.958	2.901
5.958	2.901
5.958	2.902
5.959	2.902
5.959	2.903
5.959	2.903
5.959	2.904
5.959	2.904
5.960	2.905
5.960	2.905
5.960	2.906
5.960	2.906
5.960	2.906
5.961	2.907
5.961	2.907
5.961	2.908
5.961	2.908
5.961	2.909
5.962	2.909
5.962	2.910
5.962	2.910
5.962	2.911
5.962	2.911
5.963	2.912
5.963	2.912
5.963	2.912
5.963	2.913
5.963	2.913
5.964	2.914
5.964	2.914
5.964	2.915
5.964	2.915
5.965	2.916
5.965	2.916
5.965	2.917
5.965	2.917
5.965	2.918
5.966	2.918
5.966	2.918
5.966	2.919
5.966	2.919
5.966	2.920
5.967	2.920
5.967	2.921
5.967	2.921
5.967	2.922
5.967	2.922
5.968	2.923
5.968	2.923
5.968	2.923
5.968	2.924
5.968	2.924
5.969	2.925
5.969	2.925
5.969	2.926
5.969	2.926
5.969	2.927
5.970	2.927
5.970	2.928
5.970	2.928
5.970	2.929
5.970	2.929
5.971	2.929
5.971	2.930
5.971	2.930
5.971	2.931
5.972	2.931
5.972	2.932
5.972	2.932
5.972	2.933
5.972	2.933
5.973	2.934
5.973	2.934
5.973	2.935
5.973	2.935
5.973	2.935
5.974	2.936
5.974	2.936
5.974	2.937
5.974	2.937
5.974	2.938
5.975	2.938
5.975	2.939
5.975	2.939
5.975	2.940
5.975	2.940
5.976	2.941
5.976	2.941
5.976	2.941
5.976	2.942
5.976	2.942
5.977	2.943
5.977	2.943
5.977	2.944
5.977	2.944
5.977	2.945
5.978	2.945
5.978	2.946
5.978	2.946
5.978	2.946
5.978	2.947
5.979	2.947
5.979	2.948
5.979	2.948
5.979	2.949
5.980	2.949
5.980	2.950
5.980	2.950
5.980	2.951
5.980	2.951
5.981	2.952
5.981	2.952
5.981	2.952
5.981	2.953
5.981	2.953
5.982	2.954
5.982	2.954
5.982	2.955
5.982	2.955
5.982	2.956
5.983	2.956
5.983	2.957
5.983	2.957
5.983	2.958
5.983	2.958
5.984	2.958
5.984	2.959
5.984	2.959
5.984	2.960
5.984	2.960
5.985	2.961
5.985	2.961
5.985	2.962
5.985	2.962
5.985	2.963
5.986	2.963
5.986	2.964
5.986	2.964
5.986	2.964
5.987	2.965
5.987	2.965
5.987	2.966
5.987	2.966
5.987	2.967
5.988	2.967
5.988	2.968
5.988	2.968
5.988	2.969
5.988	2.969
5.989	2.969
5.989	2.970
5.989	2.970
5.989	2.971
5.989	2.971
5.990	2.972
5.990	2.972
5.990	2.973
5.990	2.973
5.990	2.974
5.991	2.974
5.991	2.975
5.991	2.975
5.991	2.975
5.991	2.976
5.992	2.976
5.992	2.977
5.992	2.977
5.992	2.978
5.992	2.978
5.993	2.979
5.993	2.979
5.993	2.980
5.993	2.980
5.994	2.981
5.994	2.981
5.994	2.981
5.994	2.982
5.994	2.982
5.995	2.983
5.995	2.983
5.995	2.984
5.995	2.984
5.995	2.985
5.996	2.985
5.996	2.986
5.996	2.986
5.996	2.987
5.996	2.987
5.997	2.987
5.997	2.988
5.997	2.988
5.997	2.989
5.997	2.989
5.998	2.990
5.998	2.990
5.998	2.991
5.998	2.991
5.998	2.991
5.998	2.992
5.999	2.992
5.999	2.993
5.999	2.993
5.999	2.993
5.999	2.994
6.000	2.994
6.000	2.995
6.000	2.995
6.000	2.996
6.000	2.996
6.000	2.997
6.001	2.997
6.001	2.998
6.001	2.998
6.001	2.999
6.001	2.999
6.002	3.000
6.002	3.000
6.002	3.000
6.002	3.001
6.002	3.001
6.002	3.002
6.003	3.002
6.003	3.003
6.003	3.003
6.003	3.004
6.003	3.004
6.004	3.005
6.004	3.005
6.004	3.006
6.004	3.006
6.004	3.007
6.004	3.007
6.005	3.008
6.005	3.008
6.005	3.008
6.005	3.009
6.005	3.009
6.006	3.010
6.006	3.010
6.006	3.011
6.006	3.011
6.006	3.012
6.006	3.012
6.007	3.013
6.007	3.013
6.007	3.014
6.007	3.014
6.007	3.015
6.008	3.015
6.008	3.016
6.008	3.016
6.008	3.016
6.008	3.017
6.008	3.017
6.009	3.018
6.009	3.018
6.009	3.019
6.009	3.019
6.009	3.020
6.010	3.020
6.010	3.021
6.010	3.021
6.010	3.022
6.010	3.022
6.011	3.023
6.011	3.023
6.011	3.024
6.011	3.024
6.011	3.024
6.011	3.025
6.012	3.025
6.012	3.026
6.012	3.026
6.012	3.027
6.012	3.027
6.013	3.028
6.013	3.028
6.013	3.029
6.013	3.029
6.013	3.030
6.013	3.030
6.014	3.031
6.014	3.031
6.014	3.032
6.014	3.032
6.014	3.032
6.015	3.033
6.015	3.033
6.015	3.034
6.015	3.034
6.015	3.035
6.015	3.035
6.016	3.036
6.016	3.036
6.016	3.037
6.016	3.037
6.016	3.038
6.017	3.038
6.017	3.039
6.017	3.039
6.017	3.039
6.017	3.040
6.017	3.040
6.018	3.041
6.018	3.041
6.018	3.042
6.018	3.042
6.018	3.043
6.019	3.043
6.019	3.044
6.019	3.044
6.019	3.045
6.019	3.045
6.019	3.046
6.020	3.046
6.020	3.047
6.020	3.047
6.020	3.047
6.020	3.048
6.021	3.048
6.021	3.049
6.021	3.049
6.021	3.050
6.021	3.050
6.021	3.051
6.022	3.051
6.022	3.052
6.022	3.052
6.022	3.053
6.022	3.053
6.023	3.054
6.023	3.054
6.023	3.055
6.023	3.055
6.023	3.055
6.024	3.056
6.024	3.056
6.024	3.057
6.024	3.057
6.024	3.058
6.024	3.058
6.025	3.059
6.025	3.059
6.025	3.060
6.025	3.060
6.025	3.061
6.026	3.061
6.026	3.062
6.026	3.062
6.026	3.063
6.026	3.063
6.026	3.063
6.027	3.064
6.027	3.064
6.027	3.065
6.027	3.065
6.027	3.066
6.028	3.066
6.028	3.067
6.028	3.067
6.028	3.068
6.028	3.068
6.028	3.069
6.029	3.069
6.029	3.070
6.029	3.070
6.029	3.071
6.029	3.071
6.030	3.071
6.030	3.072
6.030	3.072
6.030	3.073
6.030	3.073
6.030	3.074
6.031	3.074
6.031	3.075
6.031	3.075
6.031	3.076
6.031	3.076
6.032	3.077
6.032	3.077
6.032	3.078
6.032	3.078
6.032	3.078
6.032	3.079
6.033	3.079
6.033	3.080
6.033	3.080
6.033	3.081
6.033	3.081
6.034	3.082
6.034	3.082
6.034	3.083
6.034	3.083
6.034	3.084
6.034	3.084
6.035	3.085
6.035	3.085
6.035	3.086
6.035	3.086
6.035	3.086
6.036	3.087
6.036	3.087
6.036	3.088
6.036	3.088
6.036	3.089
6.037	3.089
6.037	3.090
6.037	3.090
6.037	3.091
6.037	3.091
6.037	3.092
6.038	3.092
6.038	3.093
6.038	3.093
6.038	3.094
6.038	3.094
6.039	3.094
6.039	3.095
6.039	3.095
6.039	3.095
6.039	3.096
6.039	3.096
6.039	3.097
6.039	3.097
6.040	3.098
6.040	3.098
6.040	3.099
6.040	3.099
6.040	3.100
6.040	3.100
6.041	3.101
6.041	3.101
6.041	3.102
6.041	3.102
6.041	3.103
6.041	3.103
6.041	3.104
6.042	3.104
6.042	3.105
6.042	3.105
6.042	3.106
6.042	3.106
6.042	3.106
6.043	3.107
6.043	3.107
6.043	3.108
6.043	3.108
6.043	3.109
6.043	3.109
6.043	3.110
6.044	3.110
6.044	3.111
6.044	3.111
6.044	3.112
6.044	3.112
6.044	3.113
6.044	3.113
6.045	3.114
6.045	3.114
6.045	3.115
6.045	3.115
6.045	3.116
6.045	3.116
6.046	3.117
6.046	3.117
6.046	3.118
6.046	3.118
6.046	3.118
6.046	3.119
6.046	3.119
6.047	3.120
6.047	3.120
6.047	3.121
6.047	3.121
6.047	3.122
6.047	3.122
6.048	3.123
6.048	3.123
6.048	3.124
6.048	3.124
6.048	3.125
6.048	3.125
6.048	3.126
6.049	3.126
6.049	3.127
6.049	3.127
6.049	3.128
6.049	3.128
6.049	3.129
6.049	3.129
6.050	3.130
6.050	3.130
6.050	3.131
6.050	3.131
6.050	3.131
6.050	3.132
6.051	3.132
6.051	3.133
6.051	3.133
6.051	3.134
6.051	3.134
6.051	3.135
6.051	3.135
6.052	3.136
6.052	3.136
6.052	3.137
6.052	3.137
6.052	3.138
6.052	3.138
6.053	3.139
6.053	3.139
6.053	3.140
6.053	3.140
6.053	3.141
6.053	3.141
6.053	3.142
6.054	3.142
6.054	3.143
6.054	3.143
6.054	3.144
6.054	3.144
6.054	3.144
6.054	3.145
6.055	3.145
6.055	3.146
6.055	3.146
6.055	3.147
6.055	3.147
6.055	3.148
6.056	3.148
6.056	3.149
6.056	3.149
6.056	3.150
6.056	3.150
6.056	3.151
6.056	3.151
6.057	3.152
6.057	3.152
6.057	3.153
6.057	3.153
6.057	3.154
6.057	3.154
6.058	3.155
6.058	3.155
6.058	3.156
6.058	3.156
6.058	3.157
6.058	3.157
6.058	3.157
6.059	3.158
6.059	3.158
6.059	3.159
6.059	3.159
6.059	3.160
6.059	3.160
6.059	3.161
6.060	3.161
6.060	3.162
6.060	3.162
6.060	3.163
6.060	3.163
6.060	3.164
6.061	3.164
6.061	3.165
6.061	3.165
6.061	3.166
6.061	3.166
6.061	3.167
6.061	3.167
6.062	3.168
6.062	3.168
6.062	3.169
6.062	3.169
6.062	3.170
6.062	3.170
6.063	3.170
6.063	3.171
6.063	3.171
6.063	3.172
6.063	3.172
6.063	3.173
6.063	3.173
6.064	3.174
6.064	3.174
6.064	3.175
6.064	3.175
6.064	3.176
6.064	3.176
6.064	3.177
6.065	3.177
6.065	3.178
6.065	3.178
6.065	3.179
6.065	3.179
6.065	3.180
6.066	3.180
6.066	3.181
6.066	3.181
6.066	3.182
6.066	3.182
6.066	3.182
6.066	3.183
6.067	3.183
6.067	3.184
6.067	3.184
6.067	3.185
6.067	3.185
6.067	3.186
6.068	3.186
6.068	3.187
6.068	3.187
6.068	3.188
6.068	3.188
6.068	3.189
6.068	3.189
6.069	3.190
6.069	3.190
6.069	3.191
6.069	3.191
6.069	3.192
6.069	3.192
6.069	3.193
6.069	3.193
6.070	3.193
6.070	3.194
6.070	3.194
6.070	3.195
6.070	3.195
6.070	3.196
6.070	3.196
6.070	3.197
6.070	3.197
6.071	3.198
6.071	3.198
6.071	3.198
6.071	3.199
6.071	3.199
6.071	3.200
6.071	3.200
6.071	3.201
6.072	3.201
6.072	3.202
6.072	3.202
6.072	3.203
6.072	3.203
6.072	3.204
6.072	3.204
6.072	3.205
6.072	3.205
6.073	3.206
6.073	3.206
6.073	3.207
6.073	3.207
6.073	3.208
6.073	3.208
6.073	3.209
6.073	3.209
6.073	3.210
6.074	3.210
6.074	3.211
6.074	3.211
6.074	3.212
6.074	3.212
6.074	3.213
6.074	3.213
6.074	3.214
6.075	3.214
6.075	3.215
6.075	3.215
6.075	3.216
6.075	3.216
6.075	3.217
6.075	3.217
6.075	3.218
6.075	3.218
6.076	3.219
6.076	3.219
6.076	3.220
6.076	3.220
6.076	3.221
6.076	3.221
6.076	3.222
6.076	3.222
6.076	3.223
6.077	3.223
6.077	3.224
6.077	3.224
6.077	3.225
6.077	3.225
6.077	3.226
6.077	3.226
6.077	3.226
6.077	3.227
6.078	3.227
6.078	3.228
6.078	3.228
6.078	3.229
6.078	3.229
6.078	3.230
6.078	3.230
6.078	3.231
6.079	3.231
6.079	3.232
6.079	3.232
6.079	3.233
6.079	3.233
6.079	3.234
6.079	3.234
6.079	3.235
6.079	3.235
6.080	3.236
6.080	3.236
6.080	3.237
6.080	3.237
6.080	3.238
6.080	3.238
6.080	3.239
6.080	3.239
6.080	3.240
6.081	3.240
6.081	3.241
6.081	3.241
6.081	3.242
6.081	3.242
6.081	3.243
6.081	3.243
6.081	3.244
6.081	3.244
6.082	3.245
6.082	3.245
6.082	3.246
6.082	3.246
6.082	3.247
6.082	3.247
6.082	3.248
6.082	3.248
6.083	3.249
6.083	3.249
6.083	3.250
6.083	3.250
6.083	3.251
6.083	3.251
6.083	3.252
6.083	3.252
6.083	3.253
6.084	3.253
6.084	3.254
6.084	3.254
6.084	3.255
6.084	3.255
6.084	3.255
6.084	3.256
6.084	3.256
6.084	3.257
6.085	3.257
6.085	3.258
6.085	3.258
6.085	3.259
6.085	3.259
6.085	3.260
6.085	3.260
6.085	3.261
6.086	3.261
6.086	3.262
6.086	3.262
6.086	3.263
6.086	3.263
6.086	3.264
6.086	3.264
6.086	3.264
6.086	3.265
6.086	3.265
6.086	3.266
6.087	3.266
6.087	3.267
6.087	3.267
6.087	3.268
6.087	3.268
6.087	3.269
6.087	3.269
6.087	3.270
6.087	3.270
6.087	3.271
6.087	3.271
6.087	3.272
6.088	3.272
6.088	3.273
6.088	3.273
6.088	3.274
6.088	3.274
6.088	3.275
6.088	3.275
6.088	3.276
6.088	3.276
6.088	3.277
6.088	3.277
6.088	3.278
6.089	3.278
6.089	3.279
6.089	3.279
6.089	3.280
6.089	3.280
6.089	3.281
6.089	3.281
6.089	3.282
6.089	3.282
6.089	3.283
6.089	3.283
6.089	3.284
6.090	3.284
6.090	3.285
6.090	3.285
6.090	3.286
6.090	3.286
6.090	3.287
6.090	3.287
6.090	3.288
6.090	3.288
6.090	3.289
6.090	3.289
6.091	3.290
6.091	3.290
6.091	3.291
6.091	3.291
6.091	3.292
6.091	3.292
6.091	3.293
6.091	3.293
6.091	3.294
6.091	3.294
6.091	3.295
6.091	3.295
6.092	3.296
6.092	3.296
6.092	3.297
6.092	3.297
6.092	3.298
6.092	3.298
6.092	3.299
6.092	3.299
6.092	3.300
6.092	3.300
6.092	3.301
6.092	3.301
6.093	3.302
6.093	3.302
6.093	3.303
6.093	3.303
6.093	3.304
6.093	3.304
6.093	3.305
6.093	3.305
6.093	3.306
6.093	3.306
6.093	3.307
6.093	3.307
6.094	3.308
6.094	3.308
6.094	3.309
6.094	3.309
6.094	3.310
6.094	3.310
6.094	3.311
6.094	3.311
6.094	3.312
6.094	3.312
6.094	3.313
6.095	3.313
6.095	3.314
6.095	3.314
6.095	3.315
6.095	3.315
6.095	3.316
6.095	3.316
6.095	3.317
6.095	3.317
6.095	3.318
6.095	3.318
6.095	3.319
6.096	3.319
6.096	3.320
6.096	3.320
6.096	3.321
6.096	3.321
6.096	3.322
6.096	3.322
6.096	3.323
6.096	3.323
6.096	3.324
6.096	3.324
6.096	3.325
6.097	3.325
6.097	3.326
6.097	3.326
6.097	3.327
6.097	3.327
6.097	3.328
6.097	3.328
6.097	3.329
6.097	3.329
6.097	3.330
6.097	3.330
6.097	3.331
6.098	3.331
6.098	3.332
6.098	3.332
6.098	3.333
6.098	3.333
6.098	3.334
6.098	3.334
6.098	3.335
6.098	3.335
6.098	3.336
6.098	3.336
6.099	3.337
6.099	3.337
6.099	3.338
6.099	3.338
6.099	3.339
6.099	3.339
6.099	3.340
6.099	3.340
6.099	3.341
6.099	3.341
6.099	3.342
6.099	3.342
6.100	3.343
6.100	3.343
6.100	3.344
6.100	3.344
6.100	3.345
6.100	3.345
6.100	3.346
6.100	3.346
6.100	3.347
6.100	3.347
6.100	3.348
6.100	3.348
6.101	3.349
6.101	3.349
6.101	3.350
6.101	3.350
6.101	3.350
6.101	3.351
6.101	3.351
6.101	3.352
6.101	3.352
6.101	3.353
6.101	3.353
6.101	3.354
6.101	3.354
6.101	3.355
6.101	3.355
6.102	3.356
6.102	3.356
6.102	3.357
6.102	3.357
6.102	3.358
6.102	3.358
6.102	3.359
6.102	3.359
6.102	3.360
6.102	3.360
6.102	3.361
6.102	3.361
6.102	3.362
6.102	3.362
6.102	3.363
6.102	3.363
6.103	3.364
6.103	3.364
6.103	3.365
6.103	3.365
6.103	3.366
6.103	3.366
6.103	3.367
6.103	3.367
6.103	3.368
6.103	3.368
6.103	3.369
6.103	3.369
6.103	3.370
6.103	3.370
6.103	3.371
6.103	3.371
6.104	3.372
6.104	3.372
6.104	3.373
6.104	3.373
6.104	3.374
6.104	3.374
6.104	3.375
6.104	3.375
6.104	3.376
6.104	3.376
6.104	3.377
6.104	3.377
6.104	3.378
6.104	3.378
6.104	3.379
6.104	3.379
6.105	3.380
6.105	3.380
6.105	3.381
6.105	3.381
6.105	3.382
6.105	3.382
6.105	3.383
6.105	3.383
6.105	3.384
6.105	3.384
6.105	3.385
6.105	3.385
6.105	3.386
6.105	3.386
6.105	3.387
6.105	3.387
6.106	3.388
6.106	3.388
6.106	3.389
6.106	3.389
6.106	3.390
6.106	3.390
6.106	3.391
6.106	3.391
6.106	3.392
6.106	3.392
6.106	3.393
6.106	3.393
6.106	3.394
6.106	3.394
6.106	3.395
6.106	3.395
6.107	3.396
6.107	3.396
6.107	3.397
6.107	3.397
6.107	3.398
6.107	3.398
6.107	3.399
6.107	3.399
6.107	3.400
6.107	3.400
6.107	3.401
6.107	3.401
6.107	3.402
6.107	3.402
6.107	3.403
6.108	3.403
6.108	3.404
6.108	3.404
6.108	3.405
6.108	3.405
6.108	3.406
6.108	3.406
6.108	3.407
6.108	3.407
6.108	3.408
6.108	3.408
6.108	3.409
6.108	3.409
6.108	3.410
6.108	3.410
6.108	3.411
6.109	3.411
6.109	3.412
6.109	3.412
6.109	3.413
6.109	3.413
6.109	3.414
6.109	3.414
6.109	3.415
6.109	3.415
6.109	3.416
6.109	3.416
6.109	3.417
6.109	3.417
6.109	3.418
6.109	3.418
6.109	3.419
6.110	3.419
6.110	3.420
6.110	3.420
6.110	3.421
6.110	3.421
6.110	3.422
6.110	3.422
6.110	3.423
6.110	3.423
6.110	3.424
6.110	3.424
6.110	3.425
6.110	3.425
6.110	3.426
6.110	3.426
6.110	3.427
6.111	3.427
6.111	3.428
6.111	3.428
6.111	3.429
6.111	3.429
6.111	3.430
6.111	3.430
6.111	3.431
6.111	3.431
6.111	3.432
6.111	3.432
6.111	3.433
6.111	3.433
6.111	3.434
6.111	3.434
6.111	3.434
6.111	3.435
6.111	3.435
6.112	3.436
6.112	3.436
6.112	3.437
6.112	3.437
6.112	3.438
6.112	3.439
6.112	3.439
6.112	3.440
6.112	3.440
6.112	3.441
6.112	3.441
6.112	3.442
6.112	3.442
6.112	3.443
6.112	3.443
6.112	3.444
6.112	3.444
6.112	3.445
6.112	3.445
6.112	3.446
6.112	3.446
6.112	3.447
6.112	3.447
6.112	3.448
6.112	3.448
6.112	3.449
6.112	3.449
6.112	3.450
6.112	3.450
6.112	3.451
6.112	3.451
6.112	3.452
6.112	3.452
6.112	3.453
6.112	3.453
6.112	3.454
6.112	3.454
6.112	3.455
6.113	3.455
6.113	3.456
6.113	3.456
6.113	3.457
6.113	3.457
6.113	3.458
6.113	3.458
6.113	3.459
6.113	3.459
6.113	3.460
6.113	3.460
6.113	3.461
6.113	3.461
6.113	3.462
6.113	3.462
6.113	3.463
6.113	3.463
6.113	3.464
6.113	3.464
6.113	3.465
6.113	3.465
6.113	3.466
6.113	3.466
6.113	3.467
6.113	3.467
6.113	3.468
6.113	3.468
6.113	3.469
6.113	3.469
6.113	3.470
6.113	3.470
6.113	3.471
6.113	3.471
6.113	3.472
6.113	3.472
6.113	3.473
6.113	3.473
6.114	3.474
6.114	3.474
6.114	3.475
6.114	3.475
6.114	3.476
6.114	3.476
6.114	3.477
6.114	3.477
6.114	3.478
6.114	3.478
6.114	3.479
6.114	3.479
6.114	3.480
6.114	3.480
6.114	3.481
6.114	3.481
6.114	3.482
6.114	3.482
6.114	3.483
6.114	3.483
6.114	3.484
6.114	3.484
6.114	3.485
6.114	3.485
6.114	3.486
6.114	3.486
6.114	3.487
6.114	3.487
6.114	3.488
6.114	3.488
6.114	3.489
6.114	3.489
6.114	3.490
6.114	3.490
6.114	3.491
6.114	3.491
6.114	3.492
6.115	3.492
6.115	3.493
6.115	3.493
6.115	3.494
6.115	3.494
6.115	3.495
6.115	3.495
6.115	3.496
6.115	3.496
6.115	3.497
6.115	3.497
6.115	3.498
6.115	3.498
6.115	3.499
6.115	3.499
6.115	3.499
6.115	3.500
6.115	3.500
6.115	3.501
6.115	3.501
6.115	3.502
6.115	3.502
6.115	3.503
6.115	3.503
6.115	3.504
6.115	3.504
6.115	3.505
6.115	3.505
6.115	3.506
6.115	3.506
6.115	3.507
6.115	3.507
6.115	3.508
6.115	3.508
6.115	3.509
6.115	3.509
6.115	3.510
6.115	3.511
6.115	3.511
6.115	3.512
6.115	3.512
6.115	3.513
6.115	3.513
6.115	3.514
6.115	3.514
6.115	3.515
6.115	3.515
6.115	3.516
6.115	3.516
6.115	3.517
6.115	3.517
6.115	3.518
6.115	3.518
6.115	3.519
6.116	3.519
6.116	3.520
6.116	3.520
6.116	3.521
6.116	3.521
6.116	3.522
6.116	3.522
6.116	3.523
6.116	3.523
6.116	3.524
6.116	3.524
6.116	3.525
6.116	3.525
6.116	3.525
6.116	3.526
6.116	3.526
6.116	3.527
6.116	3.527
6.116	3.528
6.116	3.528
6.116	3.529
6.116	3.529
6.117	3.530
6.117	3.530
6.117	3.531
6.117	3.531
6.117	3.532
6.117	3.532
6.117	3.533
6.117	3.533
6.117	3.534
6.117	3.534
6.117	3.535
6.118	3.535
6.118	3.536
6.118	3.536
6.118	3.537
6.118	3.537
6.118	3.538
6.118	3.538
6.118	3.539
6.118	3.539
6.118	3.540
6.118	3.540
6.118	3.540
6.119	3.541
6.119	3.541
6.119	3.541
6.119	3.542
6.120	3.542
6.120	3.543
6.120	3.543
6.120	3.544
6.121	3.544
6.121	3.545
6.121	3.545
6.121	3.546
6.122	3.546
6.122	3.547
6.122	3.547
6.122	3.547
6.123	3.548
6.123	3.548
6.123	3.549
6.123	3.549
6.124	3.550
6.124	3.550
6.124	3.551
6.124	3.551
6.124	3.551
6.125	3.551
6.125	3.552
6.126	3.552
6.126	3.552
6.126	3.553
6.127	3.553
6.127	3.553
6.127	3.554
6.128	3.554
6.128	3.554
6.129	3.555
6.129	3.555
6.129	3.556
6.130	3.556
6.130	3.556
6.130	3.557
6.131	3.557
6.131	3.557
6.131	3.558
6.132	3.558
6.132	3.558
6.133	3.559
6.133	3.559
6.133	3.559
6.134	3.560
6.134	3.560
6.134	3.560
6.135	3.560
6.135	3.560
6.136	3.561
6.136	3.561
6.136	3.561
6.137	3.561
6.137	3.561
6.138	3.562
6.138	3.562
6.139	3.562
6.139	3.562
6.140	3.562
6.140	3.563
6.141	3.563
6.141	3.563
6.142	3.563
6.142	3.563
6.142	3.564
6.143	3.564
6.143	3.564
6.144	3.564
6.144	3.564
6.145	3.565
6.145	3.565
6.146	3.565
6.146	3.565
6.147	3.565
6.147	3.566
6.148	3.566
6.148	3.566
6.148	3.566
6.149	3.567
6.149	3.567
6.150	3.567
6.150	3.567
6.151	3.567
6.151	3.568
6.152	3.568
6.152	3.568
6.153	3.568
6.153	3.568
6.154	3.569
6.154	3.569
6.154	3.569
6.155	3.569
6.155	3.569
6.156	3.570
6.156	3.570
6.156	3.570
6.157	3.570
6.157	3.570
6.158	3.570
6.158	3.570
6.159	3.570
6.159	3.570
6.160	3.570
6.160	3.570
6.161	3.570
6.161	3.570
6.162	3.570
6.163	3.570
6.163	3.570
6.164	3.570
6.164	3.570
6.165	3.570
6.165	3.570
6.166	3.570
6.166	3.570
6.167	3.570
6.167	3.570
6.168	3.570
6.168	3.570
6.169	3.570
6.169	3.570
6.170	3.570
6.170	3.570
6.171	3.570
6.171	3.570
6.172	3.570
6.172	3.570
6.173	3.570
6.173	3.570
6.174	3.570
6.174	3.570
6.175	3.570
6.175	3.570
6.176	3.570
6.176	3.570
6.177	3.570
6.177	3.570
6.178	3.570
6.178	3.570
6.179	3.570
6.179	3.570
6.179	3.570
6.180	3.570
6.180	3.570
6.181	3.570
6.181	3.569
6.182	3.569
6.182	3.569
6.183	3.569
6.183	3.569
6.184	3.569
6.184	3.569
6.185	3.568
6.185	3.568
6.186	3.568
6.186	3.568
6.187	3.568
6.187	3.568
6.188	3.567
6.188	3.567
6.189	3.567
6.189	3.567
6.190	3.567
6.190	3.567
6.191	3.567
6.191	3.566
6.192	3.566
6.192	3.566
6.193	3.566
6.193	3.566
6.193	3.566
6.194	3.565
6.194	3.565
6.195	3.565
6.195	3.565
6.196	3.565
6.196	3.565
6.197	3.565
6.197	3.564
6.198	3.564
6.198	3.564
6.199	3.564
6.199	3.564
6.200	3.564
6.200	3.564
6.201	3.563
6.201	3.563
6.202	3.563
6.202	3.563
6.203	3.563
6.203	3.563
6.204	3.562
6.204	3.562
6.205	3.562
6.205	3.562
6.206	3.562
6.206	3.562
6.207	3.562
6.207	3.561
6.208	3.561
6.208	3.561
6.209	3.561
6.209	3.561
6.210	3.561
6.210	3.560
6.211	3.560
6.211	3.560
6.212	3.560
6.212	3.560
6.212	3.560
6.212	3.560
6.213	3.559
6.213	3.559
6.214	3.559
6.214	3.559
6.215	3.558
6.215	3.558
6.216	3.558
6.216	3.558
6.217	3.558
6.217	3.557
6.217	3.557
6.218	3.557
6.218	3.557
6.219	3.557
6.219	3.556
6.220	3.556
6.220	3.556
6.221	3.556
6.221	3.555
6.222	3.555
6.222	3.555
6.222	3.555
6.223	3.555
6.223	3.554
6.224	3.554
6.224	3.554
6.225	3.554
6.225	3.554
6.226	3.553
6.226	3.553
6.227	3.553
6.227	3.553
6.228	3.553
6.228	3.552
6.228	3.552
6.229	3.552
6.229	3.552
6.230	3.551
6.230	3.551
6.231	3.551
6.231	3.551
6.232	3.551
6.232	3.550
6.233	3.550
6.233	3.550
6.233	3.550
6.234	3.550
6.234	3.549
6.235	3.549
6.235	3.549
6.236	3.549
6.236	3.548
6.237	3.548
6.237	3.548
6.238	3.548
6.238	3.548
6.238	3.547
6.239	3.547
6.239	3.547
6.240	3.547
6.240	3.547
6.241	3.546
6.241	3.546
6.242	3.546
6.242	3.546
6.243	3.545
6.243	3.545
6.243	3.545
6.244	3.545
6.244	3.545
6.245	3.544
6.245	3.544
6.246	3.544
6.246	3.544
6.247	3.544
6.247	3.543
6.248	3.543
6.248	3.543
6.249	3.543
6.249	3.542
6.249	3.542
6.250	3.542
6.250	3.542
6.251	3.542
6.251	3.541
6.252	3.541
6.252	3.541
6.253	3.541
6.253	3.541
6.254	3.540
6.254	3.540
6.254	3.540
6.255	3.540
6.255	3.539
6.256	3.539
6.256	3.539
6.257	3.539
6.257	3.539
6.258	3.538
6.258	3.538
6.259	3.538
6.259	3.538
6.259	3.538
6.260	3.537
6.260	3.537
6.261	3.537
6.261	3.537
6.262	3.536
6.262	3.536
6.263	3.536
6.263	3.536
6.264	3.536
6.264	3.535
6.265	3.535
6.265	3.535
6.265	3.535
6.266	3.535
6.266	3.534
6.267	3.534
6.267	3.534
6.267	3.534
6.268	3.534
6.268	3.534
6.269	3.533
6.269	3.533
6.270	3.533
6.270	3.533
6.271	3.533
6.271	3.532
6.271	3.532
6.272	3.532
6.272	3.532
6.273	3.532
6.273	3.531
6.274	3.531
6.274	3.531
6.275	3.531
6.275	3.531
6.276	3.530
6.276	3.530
6.277	3.530
6.277	3.530
6.277	3.530
6.278	3.529
6.278	3.529
6.279	3.529
6.279	3.529
6.280	3.529
6.280	3.528
6.281	3.528
6.281	3.528
6.282	3.528
6.282	3.528
6.283	3.527
6.283	3.527
6.284	3.527
6.284	3.527
6.284	3.527
6.285	3.526
6.285	3.526
6.286	3.526
6.286	3.526
6.287	3.526
6.287	3.526
6.288	3.525
6.288	3.525
6.289	3.525
6.289	3.525
6.290	3.525
6.290	3.524
6.290	3.524
6.291	3.524
6.291	3.524
6.292	3.524
6.292	3.523
6.293	3.523
6.293	3.523
6.294	3.523
6.294	3.523
6.295	3.522
6.295	3.522
6.296	3.522
6.296	3.522
6.297	3.522
6.297	3.521
6.297	3.521
6.298	3.521
6.298	3.521
6.299	3.521
6.299	3.520
6.300	3.520
6.300	3.520
6.301	3.520
6.301	3.520
6.302	3.519
6.302	3.519
6.303	3.519
6.303	3.519
6.304	3.519
6.304	3.518
6.304	3.518
6.305	3.518
6.305	3.518
6.306	3.518
6.306	3.518
6.307	3.517
6.307	3.517
6.308	3.517
6.308	3.517
6.309	3.517
6.309	3.516
6.310	3.516
6.310	3.516
6.310	3.516
6.311	3.516
6.311	3.515
6.312	3.515
6.312	3.515
6.313	3.515
6.313	3.515
6.314	3.514
6.314	3.514
6.315	3.514
6.315	3.514
6.316	3.514
6.316	3.513
6.317	3.513
6.317	3.513
6.317	3.513
6.318	3.513
6.318	3.512
6.319	3.512
6.319	3.512
6.320	3.512
6.320	3.512
6.321	3.511
6.321	3.511
6.322	3.511
6.322	3.511
6.323	3.511
6.323	3.510
6.324	3.510
6.324	3.510
6.324	3.510
6.325	3.510
6.325	3.510
6.326	3.509
6.326	3.509
6.327	3.509
6.327	3.509
6.328	3.509
6.328	3.508
6.329	3.508
6.329	3.508
6.330	3.508
6.330	3.508
6.330	3.507
6.331	3.507
6.331	3.507
6.332	3.507
6.332	3.507
6.333	3.506
6.333	3.506
6.334	3.506
6.334	3.506
6.335	3.506
6.335	3.505
6.336	3.505
6.336	3.505
6.337	3.505
6.337	3.505
6.337	3.504
6.338	3.504
6.338	3.504
6.339	3.504
6.339	3.504
6.340	3.503
6.340	3.503
6.341	3.503
6.341	3.503
6.342	3.503
6.342	3.502
6.343	3.502
6.343	3.502
6.344	3.502
6.344	3.502
6.344	3.502
6.345	3.501
6.345	3.501
6.346	3.501
6.346	3.501
6.347	3.501
6.347	3.500
6.348	3.500
6.348	3.500
6.349	3.500
6.349	3.500
6.350	3.499
6.350	3.499
6.350	3.499
6.351	3.499
6.351	3.499
6.352	3.498
6.352	3.498
6.353	3.498
6.353	3.498
6.354	3.498
6.354	3.497
6.355	3.497
6.355	3.497
6.356	3.497
6.356	3.497
6.357	3.496
6.357	3.496
6.357	3.496
6.358	3.496
6.358	3.496
6.359	3.495
6.359	3.495
6.360	3.495
6.360	3.495
6.361	3.495
6.361	3.494
6.362	3.494
6.362	3.494
6.363	3.494
6.363	3.494
6.364	3.494
6.364	3.493
6.364	3.493
6.365	3.493
6.365	3.493
6.366	3.493
6.366	3.492
6.367	3.492
6.367	3.492
6.368	3.492
6.368	3.492
6.369	3.491
6.369	3.491
6.370	3.491
6.370	3.491
6.370	3.491
6.371	3.490
6.371	3.490
6.372	3.490
6.372	3.490
6.373	3.490
6.373	3.489
6.374	3.489
6.374	3.489
6.375	3.489
6.375	3.489
6.376	3.488
6.376	3.488
6.377	3.488
6.377	3.488
6.377	3.488
6.378	3.487
6.378	3.487
6.379	3.487
6.379	3.487
6.380	3.487
6.380	3.486
6.381	3.486
6.381	3.486
6.382	3.486
6.382	3.486
6.383	3.486
6.383	3.485
6.384	3.485
6.384	3.485
6.384	3.485
6.385	3.485
6.385	3.484
6.386	3.484
6.386	3.484
6.387	3.484
6.387	3.484
6.388	3.483
6.388	3.483
6.389	3.483
6.389	3.483
6.390	3.483
6.390	3.482
6.390	3.482
6.391	3.482
6.391	3.482
6.392	3.482
6.392	3.481
6.393	3.481
6.393	3.481
6.394	3.481
6.394	3.481
6.395	3.480
6.395	3.480
6.396	3.480
6.396	3.480
6.397	3.480
6.397	3.479
6.397	3.479
6.398	3.479
6.398	3.479
6.399	3.479
6.399	3.478
6.400	3.478
6.400	3.478
6.401	3.478
6.401	3.478
6.402	3.478
6.402	3.477
6.403	3.477
6.403	3.477
6.404	3.477
6.404	3.477
6.404	3.476
6.405	3.476
6.405	3.476
6.406	3.476
6.406	3.476
6.407	3.475
6.407	3.475
6.408	3.475
6.408	3.475
6.409	3.475
6.409	3.474
6.410	3.474
6.410	3.474
6.410	3.474
6.411	3.474
6.411	3.473
6.412	3.473
6.412	3.473
6.413	3.473
6.413	3.473
6.414	3.472
6.414	3.472
6.415	3.472
6.415	3.472
6.416	3.472
6.416	3.471
6.417	3.471
6.417	3.471
6.417	3.471
6.418	3.471
6.418	3.470
6.419	3.470
6.419	3.470
6.420	3.470
6.420	3.470
6.421	3.470
6.421	3.469
6.422	3.469
6.422	3.469
6.423	3.469
6.423	3.469
6.424	3.468
6.424	3.468
6.424	3.468
6.425	3.468
6.425	3.468
6.426	3.467
6.426	3.467
6.427	3.467
6.427	3.467
6.428	3.467
6.428	3.466
6.429	3.466
6.429	3.466
6.430	3.466
6.430	3.466
6.430	3.465
6.431	3.465
6.431	3.465
6.432	3.465
6.432	3.465
6.433	3.464
6.433	3.464
6.434	3.464
6.434	3.464
6.435	3.464
6.435	3.463
6.436	3.463
6.436	3.463
6.437	3.463
6.437	3.463
6.437	3.462
6.438	3.462
6.438	3.462
6.439	3.462
6.439	3.462
6.440	3.462
6.440	3.461
6.441	3.461
6.441	3.461
6.442	3.461
6.442	3.461
6.443	3.460
6.443	3.460
6.444	3.460
6.444	3.460
6.444	3.460
6.445	3.459
6.445	3.459
6.446	3.459
6.446	3.459
6.447	3.459
6.447	3.458
6.448	3.458
6.448	3.458
6.449	3.458
6.449	3.458
6.450	3.457
6.450	3.457
6.450	3.457
6.451	3.457
6.451	3.457
6.452	3.456
6.452	3.456
6.453	3.456
6.453	3.456
6.454	3.456
6.454	3.455
6.455	3.455
6.455	3.455
6.456	3.455
6.456	3.455
6.457	3.454
6.457	3.454
6.457	3.454
6.458	3.454
6.458	3.454
6.459	3.454
6.459	3.453
6.460	3.453
6.460	3.453
6.461	3.453
6.461	3.453
6.462	3.452
6.462	3.452
6.463	3.452
6.463	3.452
6.464	3.452
6.464	3.451
6.464	3.451
6.465	3.451
6.465	3.451
6.466	3.451
6.466	3.450
6.467	3.450
6.467	3.450
6.468	3.450
6.468	3.450
6.468	3.450
6.469	3.450
6.469	3.449
6.470	3.449
6.470	3.449
6.471	3.449
6.471	3.449
6.472	3.449
6.472	3.449
6.473	3.449
6.473	3.448
6.474	3.448
6.474	3.448
6.475	3.448
6.475	3.448
6.476	3.448
6.476	3.448
6.476	3.448
6.477	3.447
6.477	3.447
6.478	3.447
6.478	3.447
6.479	3.447
6.479	3.447
6.480	3.447
6.480	3.447
6.481	3.446
6.481	3.446
6.482	3.446
6.482	3.446
6.483	3.446
6.483	3.446
6.484	3.446
6.484	3.446
6.485	3.446
6.485	3.445
6.486	3.445
6.486	3.445
6.487	3.445
6.487	3.445
6.488	3.445
6.488	3.445
6.489	3.445
6.489	3.444
6.490	3.444
6.490	3.444
6.491	3.444
6.491	3.444
6.492	3.444
6.492	3.444
6.493	3.444
6.493	3.443
6.494	3.443
6.494	3.443
6.495	3.443
6.495	3.443
6.496	3.443
6.496	3.443
6.497	3.443
6.497	3.442
6.497	3.442
6.498	3.442
6.498	3.442
6.499	3.442
6.499	3.442
6.500	3.442
6.500	3.442
6.501	3.441
6.501	3.441
6.502	3.441
6.502	3.441
6.503	3.441
6.503	3.441
6.504	3.441
6.504	3.441
6.505	3.441
6.505	3.440
6.506	3.440
6.506	3.440
6.507	3.440
6.507	3.440
6.508	3.440
6.508	3.440
6.509	3.440
6.509	3.439
6.510	3.439
6.510	3.439
6.511	3.439
6.511	3.439
6.512	3.439
6.512	3.439
6.513	3.439
6.513	3.438
6.514	3.438
6.514	3.438
6.515	3.438
6.515	3.438
6.516	3.438
6.516	3.438
6.517	3.438
6.517	3.437
6.518	3.437
6.518	3.437
6.518	3.437
6.519	3.437
6.519	3.437
6.520	3.437
6.520	3.437
6.521	3.436
6.521	3.436
6.522	3.436
6.522	3.436
6.523	3.436
6.523	3.436
6.524	3.436
6.524	3.436
6.525	3.435
6.525	3.435
6.526	3.435
6.526	3.435
6.527	3.435
6.527	3.435
6.528	3.435
6.528	3.435
6.529	3.435
6.529	3.434
6.530	3.434
6.530	3.434
6.531	3.434
6.531	3.434
6.532	3.434
6.532	3.434
6.533	3.434
6.533	3.433
6.534	3.433
6.534	3.433
6.535	3.433
6.535	3.433
6.536	3.433
6.536	3.433
6.537	3.433
6.537	3.432
6.538	3.432
6.538	3.432
6.539	3.432
6.539	3.432
6.539	3.432
6.540	3.432
6.540	3.432
6.541	3.431
6.541	3.431
6.542	3.431
6.542	3.431
6.543	3.431
6.543	3.431
6.544	3.431
6.544	3.431
6.545	3.430
6.545	3.430
6.546	3.430
6.546	3.430
6.547	3.430
6.547	3.430
6.548	3.430
6.548	3.430
6.549	3.430
6.549	3.429
6.550	3.429
6.550	3.429
6.551	3.429
6.551	3.429
6.552	3.429
6.552	3.429
6.553	3.429
6.553	3.428
6.554	3.428
6.554	3.428
6.555	3.428
6.555	3.428
6.556	3.428
6.556	3.428
6.557	3.428
6.557	3.427
6.558	3.427
6.558	3.427
6.559	3.427
6.559	3.427
6.560	3.427
6.560	3.427
6.561	3.427
6.561	3.426
6.561	3.426
6.562	3.426
6.562	3.426
6.563	3.426
6.563	3.426
6.564	3.426
6.564	3.426
6.565	3.425
6.565	3.425
6.566	3.425
6.566	3.425
6.567	3.425
6.567	3.425
6.568	3.425
6.568	3.425
6.569	3.424
6.569	3.424
6.570	3.424
6.570	3.424
6.571	3.424
6.571	3.424
6.572	3.424
6.572	3.424
6.573	3.424
6.573	3.423
6.574	3.423
6.574	3.423
6.575	3.423
6.575	3.423
6.576	3.423
6.576	3.423
6.577	3.423
6.577	3.422
6.578	3.422
6.578	3.422
6.579	3.422
6.579	3.422
6.580	3.422
6.580	3.422
6.581	3.422
6.581	3.421
6.582	3.421
6.582	3.421
6.582	3.421
6.583	3.421
6.583	3.421
6.584	3.421
6.584	3.421
6.585	3.420
6.585	3.420
6.586	3.420
6.586	3.420
6.587	3.420
6.587	3.420
6.588	3.420
6.588	3.420
6.589	3.419
6.589	3.419
6.590	3.419
6.590	3.419
6.591	3.419
6.591	3.419
6.592	3.419
6.592	3.419
6.593	3.419
6.593	3.418
6.594	3.418
6.594	3.418
6.595	3.418
6.595	3.418
6.596	3.418
6.596	3.418
6.597	3.418
6.597	3.417
6.598	3.417
6.598	3.417
6.599	3.417
6.599	3.417
6.600	3.417
6.600	3.417
6.601	3.417
6.601	3.416
6.602	3.416
6.602	3.416
6.603	3.416
6.603	3.416
6.603	3.416
6.604	3.416
6.604	3.416
6.605	3.415
6.605	3.415
6.606	3.415
6.606	3.415
6.607	3.415
6.607	3.415
6.608	3.415
6.608	3.415
6.609	3.414
6.609	3.414
6.610	3.414
6.610	3.414
6.611	3.414
6.611	3.414
6.612	3.414
6.612	3.414
6.613	3.413
6.613	3.413
6.614	3.413
6.614	3.413
6.615	3.413
6.615	3.413
6.616	3.413
6.616	3.413
6.617	3.413
6.617	3.412
6.618	3.412
6.618	3.412
6.619	3.412
6.619	3.412
6.620	3.412
6.620	3.412
6.621	3.412
6.621	3.411
6.622	3.411
6.622	3.411
6.623	3.411
6.623	3.411
6.624	3.411
6.624	3.411
6.624	3.411
6.625	3.410
6.625	3.410
6.626	3.410
6.626	3.410
6.627	3.410
6.627	3.410
6.628	3.410
6.628	3.410
6.629	3.409
6.629	3.409
6.630	3.409
6.630	3.409
6.631	3.409
6.631	3.409
6.632	3.409
6.632	3.409
6.633	3.408
6.633	3.408
6.634	3.408
6.634	3.408
6.635	3.408
6.635	3.408
6.636	3.408
6.636	3.408
6.637	3.408
6.637	3.407
6.638	3.407
6.638	3.407
6.639	3.407
6.639	3.407
6.640	3.407
6.640	3.407
6.641	3.407
6.641	3.406
6.642	3.406
6.642	3.406
6.643	3.406
6.643	3.406
6.644	3.406
6.644	3.406
6.645	3.406
6.645	3.405
6.646	3.405
6.646	3.405
6.646	3.405
6.647	3.405
6.647	3.405
6.648	3.405
6.648	3.405
6.649	3.404
6.649	3.404
6.650	3.404
6.650	3.404
6.651	3.404
6.651	3.404
6.652	3.404
6.652	3.404
6.653	3.403
6.653	3.403
6.654	3.403
6.654	3.403
6.654	3.403
6.655	3.403
6.655	3.403
6.656	3.403
6.656	3.403
6.657	3.403
6.657	3.403
6.658	3.403
6.658	3.403
6.659	3.403
6.659	3.403
6.660	3.403
6.660	3.403
6.661	3.403
6.661	3.403
6.662	3.403
6.662	3.403
6.663	3.403
6.663	3.403
6.664	3.403
6.664	3.403
6.665	3.403
6.665	3.403
6.666	3.403
6.666	3.403
6.667	3.403
6.667	3.403
6.668	3.403
6.668	3.402
6.669	3.402
6.669	3.402
6.670	3.402
6.670	3.402
6.671	3.402
6.671	3.402
6.672	3.402
6.672	3.402
6.673	3.402
6.673	3.402
6.674	3.402
6.674	3.402
6.675	3.402
6.675	3.402
6.676	3.402
6.676	3.402
6.677	3.402
6.677	3.402
6.678	3.402
6.678	3.402
6.679	3.402
6.679	3.402
6.680	3.402
6.680	3.402
6.681	3.402
6.681	3.402
6.682	3.402
6.682	3.402
6.683	3.402
6.684	3.402
6.684	3.402
6.685	3.402
6.685	3.402
6.686	3.402
6.686	3.402
6.687	3.402
6.687	3.402
6.688	3.402
6.688	3.401
6.689	3.401
6.689	3.401
6.690	3.401
6.690	3.401
6.691	3.401
6.691	3.401
6.692	3.401
6.692	3.401
6.693	3.401
6.693	3.401
6.694	3.401
6.694	3.401
6.695	3.401
6.695	3.401
6.696	3.401
6.696	3.401
6.697	3.401
6.697	3.401
6.698	3.401
6.698	3.401
6.699	3.401
6.699	3.401
6.700	3.401
6.700	3.401
6.701	3.401
6.701	3.401
6.702	3.401
6.702	3.401
6.703	3.401
6.703	3.401
6.704	3.401
6.704	3.401
6.705	3.401
6.705	3.401
6.706	3.401
6.706	3.401
6.707	3.401
6.707	3.401
6.708	3.400
6.708	3.400
6.709	3.400
6.709	3.400
6.710	3.400
6.710	3.400
6.711	3.400
6.711	3.400
6.712	3.400
6.712	3.400
6.713	3.400
6.713	3.400
6.714	3.400
6.714	3.400
6.715	3.400
6.715	3.400
6.716	3.400
6.716	3.400
6.717	3.400
6.717	3.400
6.718	3.400
6.718	3.400
6.719	3.400
6.719	3.400
6.720	3.400
6.720	3.400
6.721	3.400
6.721	3.400
6.722	3.400
6.722	3.400
6.723	3.400
6.723	3.400
6.724	3.400
6.724	3.400
6.725	3.400
6.725	3.400
6.726	3.400
6.726	3.400
6.727	3.400
6.727	3.399
6.728	3.399
6.728	3.399
6.729	3.399
6.729	3.399
6.730	3.399
6.730	3.399
6.731	3.399
6.731	3.399
6.732	3.399
6.732	3.399
6.733	3.399
6.733	3.399
6.734	3.399
6.734	3.399
6.735	3.399
6.735	3.399
6.736	3.399
6.736	3.399
6.737	3.399
6.737	3.399
6.738	3.399
6.738	3.399
6.739	3.399
6.739	3.399
6.740	3.399
6.740	3.399
6.741	3.399
6.741	3.399
6.742	3.399
6.742	3.399
6.743	3.399
6.743	3.399
6.744	3.399
6.744	3.399
6.745	3.399
6.745	3.399
6.746	3.399
6.746	3.399
6.747	3.398
6.747	3.398
6.748	3.398
6.748	3.398
6.749	3.398
6.749	3.398
6.750	3.398
6.750	3.398
6.751	3.398
6.751	3.398
6.752	3.398
6.752	3.398
6.753	3.398
6.753	3.398
6.754	3.398
6.754	3.398
6.755	3.398
6.755	3.398
6.756	3.398
6.756	3.398
6.757	3.398
6.757	3.398
6.758	3.398
6.758	3.398
6.759	3.398
6.759	3.398
6.760	3.398
6.761	3.398
6.761	3.398
6.762	3.398
6.762	3.398
6.763	3.398
6.763	3.398
6.764	3.398
6.764	3.398
6.765	3.398
6.765	3.398
6.766	3.398
6.766	3.398
6.767	3.397
6.767	3.397
6.768	3.397
6.768	3.397
6.769	3.397
6.769	3.397
6.770	3.397
6.770	3.397
6.771	3.397
6.771	3.397
6.772	3.397
6.772	3.397
6.773	3.397
6.773	3.397
6.774	3.397
6.774	3.397
6.775	3.397
6.775	3.397
6.776	3.397
6.776	3.397
6.777	3.397
6.777	3.397
6.778	3.397
6.778	3.397
6.779	3.397
6.779	3.397
6.780	3.397
6.780	3.397
6.781	3.397
6.781	3.397
6.782	3.397
6.782	3.397
6.783	3.397
6.783	3.397
6.784	3.397
6.784	3.397
6.785	3.397
6.785	3.397
6.786	3.397
6.786	3.396
6.787	3.396
6.787	3.396
6.788	3.396
6.788	3.396
6.789	3.396
6.789	3.396
6.790	3.396
6.790	3.396
6.791	3.396
6.791	3.396
6.792	3.396
6.792	3.396
6.793	3.396
6.793	3.396
6.794	3.396
6.794	3.396
6.795	3.396
6.795	3.396
6.796	3.396
6.796	3.396
6.797	3.396
6.797	3.396
6.798	3.396
6.798	3.396
6.799	3.396
6.799	3.396
6.800	3.396
6.800	3.396
6.801	3.396
6.801	3.396
6.802	3.396
6.802	3.396
6.803	3.396
6.803	3.396
6.804	3.396
6.804	3.396
6.805	3.396
6.805	3.396
6.806	3.395
6.806	3.395
6.807	3.395
6.807	3.395
6.808	3.395
6.808	3.395
6.809	3.395
6.809	3.395
6.810	3.395
6.810	3.395
6.811	3.395
6.811	3.395
6.812	3.395
6.812	3.395
6.813	3.395
6.813	3.395
6.814	3.395
6.814	3.395
6.815	3.395
6.815	3.395
6.816	3.395
6.816	3.395
6.817	3.395
6.817	3.395
6.818	3.395
6.818	3.395
6.819	3.395
6.819	3.395
6.820	3.395
6.820	3.395
6.821	3.395
6.821	3.395
6.821	3.395
6.822	3.395
6.822	3.395
6.823	3.395
6.823	3.395
6.824	3.395
6.824	3.395
6.825	3.396
6.825	3.396
6.826	3.396
6.826	3.396
6.827	3.396
6.827	3.396
6.828	3.396
6.828	3.396
6.829	3.396
6.829	3.396
6.830	3.397
6.830	3.397
6.831	3.397
6.831	3.397
6.832	3.397
6.832	3.397
6.833	3.397
6.833	3.397
6.834	3.397
6.834	3.398
6.835	3.398
6.835	3.398
6.836	3.398
6.836	3.398
6.837	3.398
6.837	3.398
6.838	3.398
6.838	3.398
6.839	3.398
6.839	3.399
6.840	3.399
6.840	3.399
6.841	3.399
6.841	3.399
6.842	3.399
6.842	3.399
6.843	3.399
6.843	3.399
6.844	3.399
6.844	3.400
6.845	3.400
6.845	3.400
6.846	3.400
6.846	3.400
6.847	3.400
6.847	3.400
6.848	3.400
6.848	3.400
6.848	3.401
6.849	3.401
6.849	3.401
6.850	3.401
6.850	3.401
6.851	3.401
6.851	3.401
6.852	3.401
6.852	3.401
6.853	3.401
6.853	3.402
6.854	3.402
6.854	3.402
6.855	3.402
6.855	3.402
6.856	3.402
6.856	3.402
6.857	3.402
6.857	3.402
6.858	3.402
6.858	3.403
6.859	3.403
6.859	3.403
6.860	3.403
6.860	3.403
6.861	3.403
6.861	3.403
6.862	3.403
6.862	3.403
6.863	3.404
6.863	3.404
6.864	3.404
6.864	3.404
6.865	3.404
6.865	3.404
6.866	3.404
6.866	3.404
6.867	3.404
6.867	3.404
6.868	3.405
6.868	3.405
6.869	3.405
6.869	3.405
6.870	3.405
6.870	3.405
6.871	3.405
6.871	3.405
6.872	3.405
6.872	3.405
6.873	3.406
6.873	3.406
6.874	3.406
6.874	3.406
6.875	3.406
6.875	3.406
6.876	3.406
6.876	3.406
6.877	3.406
6.877	3.407
6.878	3.407
6.878	3.407
6.879	3.407
6.879	3.407
6.880	3.407
6.880	3.407
6.881	3.407
6.881	3.407
6.882	3.407
6.882	3.408
6.883	3.408
6.883	3.408
6.883	3.408
6.884	3.408
6.884	3.408
6.885	3.408
6.885	3.408
6.886	3.408
6.886	3.409
6.887	3.409
6.887	3.409
6.888	3.409
6.888	3.409
6.889	3.409
6.889	3.409
6.890	3.409
6.890	3.409
6.891	3.409
6.891	3.410
6.892	3.410
6.892	3.410
6.893	3.410
6.893	3.410
6.894	3.410
6.894	3.410
6.895	3.410
6.895	3.410
6.896	3.410
6.896	3.411
6.897	3.411
6.897	3.411
6.898	3.411
6.898	3.411
6.899	3.411
6.899	3.411
6.900	3.411
6.900	3.411
6.901	3.412
6.901	3.412
6.902	3.412
6.902	3.412
6.903	3.412
6.903	3.412
6.904	3.412
6.904	3.412
6.905	3.412
6.905	3.412
6.906	3.413
6.906	3.413
6.907	3.413
6.907	3.413
6.908	3.413
6.908	3.413
6.909	3.413
6.909	3.413
6.910	3.413
6.910	3.413
6.911	3.414
6.911	3.414
6.912	3.414
6.912	3.414
6.913	3.414
6.913	3.414
6.914	3.414
6.914	3.414
6.915	3.414
6.915	3.415
6.916	3.415
6.916	3.415
6.917	3.415
6.917	3.415
6.917	3.415
6.918	3.415
6.918	3.415
6.919	3.415
6.919	3.415
6.920	3.416
6.920	3.416
6.921	3.416
6.921	3.416
6.922	3.416
6.922	3.416
6.923	3.416
6.923	3.416
6.924	3.416
6.924	3.416
6.925	3.417
6.925	3.417
6.926	3.417
6.926	3.417
6.927	3.417
6.927	3.417
6.928	3.417
6.928	3.417
6.929	3.417
6.929	3.418
6.930	3.418
6.930	3.418
6.931	3.418
6.931	3.418
6.932	3.418
6.932	3.418
6.933	3.418
6.933	3.418
6.934	3.418
6.934	3.419
6.935	3.419
6.935	3.419
6.936	3.419
6.936	3.419
6.937	3.419
6.937	3.419
6.938	3.419
6.938	3.419
6.939	3.419
6.939	3.420
6.940	3.420
6.940	3.420
6.941	3.420
6.941	3.420
6.942	3.420
6.942	3.420
6.943	3.420
6.943	3.420
6.944	3.421
6.944	3.421
6.945	3.421
6.945	3.421
6.946	3.421
6.946	3.421
6.947	3.421
6.947	3.421
6.948	3.421
6.948	3.421
6.949	3.422
6.949	3.422
6.950	3.422
6.950	3.422
6.951	3.422
6.951	3.422
6.951	3.422
6.952	3.422
6.952	3.422
6.953	3.422
6.953	3.423
6.954	3.423
6.954	3.423
6.955	3.423
6.955	3.423
6.956	3.423
6.956	3.423
6.957	3.423
6.957	3.423
6.958	3.424
6.958	3.424
6.959	3.424
6.959	3.424
6.960	3.424
6.960	3.424
6.961	3.424
6.961	3.424
6.962	3.424
6.962	3.424
6.963	3.425
6.963	3.425
6.964	3.425
6.964	3.425
6.964	3.425
6.965	3.425
6.965	3.425
6.966	3.425
6.966	3.426
6.967	3.426
6.967	3.426
6.968	3.426
6.968	3.426
6.969	3.427
6.969	3.427
6.969	3.427
6.970	3.427
6.970	3.427
6.971	3.428
6.971	3.428
6.972	3.428
6.972	3.428
6.973	3.428
6.973	3.428
6.974	3.429
6.974	3.429
6.975	3.429
6.975	3.429
6.976	3.429
6.976	3.430
6.976	3.430
6.977	3.430
6.977	3.430
6.978	3.430
6.978	3.431
6.979	3.431
6.979	3.431
6.980	3.431
6.980	3.431
6.981	3.432
6.981	3.432
6.982	3.432
6.982	3.432
6.983	3.432
6.983	3.432
6.984	3.433
6.984	3.433
6.984	3.433
6.985	3.433
6.985	3.433
6.986	3.434
6.986	3.434
6.987	3.434
6.987	3.434
6.988	3.434
6.988	3.435
6.989	3.435
6.989	3.435
6.990	3.435
6.990	3.435
6.991	3.436
6.991	3.436
6.991	3.436
6.992	3.436
6.992	3.436
6.993	3.436
6.993	3.437
6.994	3.437
6.994	3.437
6.995	3.437
6.995	3.437
6.996	3.438
6.996	3.438
6.997	3.438
6.997	3.438
6.998	3.438
6.998	3.439
6.998	3.439
6.999	3.439
6.999	3.439
7.000	3.439
7.000	3.440
7.001	3.440
7.001	3.440
7.002	3.440
7.002	3.440
7.003	3.440
7.003	3.441
7.004	3.441
7.004	3.441
7.005	3.441
7.005	3.441
7.006	3.442
7.006	3.442
7.006	3.442
7.007	3.442
7.007	3.442
7.008	3.443
7.008	3.443
7.009	3.443
7.009	3.443
7.010	3.443
7.010	3.444
7.011	3.444
7.011	3.444
7.012	3.444
7.012	3.444
7.013	3.444
7.013	3.445
7.013	3.445
7.014	3.445
7.014	3.445
7.015	3.445
7.015	3.446
7.016	3.446
7.016	3.446
7.017	3.446
7.017	3.446
7.018	3.447
7.018	3.447
7.019	3.447
7.019	3.447
7.020	3.447
7.020	3.448
7.020	3.448
7.021	3.448
7.021	3.448
7.022	3.448
7.022	3.448
7.023	3.449
7.023	3.449
7.024	3.449
7.024	3.449
7.025	3.449
7.025	3.450
7.026	3.450
7.026	3.450
7.027	3.450
7.027	3.450
7.028	3.451
7.028	3.451
7.028	3.451
7.029	3.451
7.029	3.451
7.030	3.452
7.030	3.452
7.031	3.452
7.031	3.452
7.032	3.452
7.032	3.452
7.033	3.453
7.033	3.453
7.034	3.453
7.034	3.453
7.035	3.453
7.035	3.454
7.035	3.454
7.036	3.454
7.036	3.454
7.037	3.454
7.037	3.455
7.038	3.455
7.038	3.455
7.039	3.455
7.039	3.455
7.040	3.456
7.040	3.456
7.041	3.456
7.041	3.456
7.042	3.456
7.042	3.456
7.042	3.457
7.043	3.457
7.043	3.457
7.044	3.457
7.044	3.457
7.045	3.458
7.045	3.458
7.046	3.458
7.046	3.458
7.046	3.458
7.047	3.458
7.047	3.459
7.048	3.459
7.048	3.459
7.049	3.459
7.049	3.459
7.049	3.460
7.050	3.460
7.050	3.460
7.051	3.460
7.051	3.461
7.052	3.461
7.052	3.461
7.053	3.461
7.053	3.461
7.054	3.462
7.054	3.462
7.055	3.462
7.055	3.462
7.055	3.462
7.056	3.463
7.056	3.463
7.057	3.463
7.057	3.463
7.058	3.463
7.058	3.464
7.059	3.464
7.059	3.464
7.060	3.464
7.060	3.465
7.060	3.465
7.061	3.465
7.061	3.465
7.062	3.465
7.062	3.466
7.063	3.466
7.063	3.466
7.064	3.466
7.064	3.466
7.065	3.467
7.065	3.467
7.066	3.467
7.066	3.467
7.066	3.467
7.067	3.468
7.067	3.468
7.068	3.468
7.068	3.468
7.069	3.468
7.069	3.469
7.070	3.469
7.070	3.469
7.071	3.469
7.071	3.470
7.072	3.470
7.072	3.470
7.072	3.470
7.073	3.470
7.073	3.471
7.074	3.471
7.074	3.471
7.075	3.471
7.075	3.471
7.076	3.472
7.076	3.472
7.077	3.472
7.077	3.472
7.078	3.472
7.078	3.473
7.078	3.473
7.079	3.473
7.079	3.473
7.080	3.474
7.080	3.474
7.081	3.474
7.081	3.474
7.082	3.474
7.082	3.475
7.083	3.475
7.083	3.475
7.083	3.475
7.084	3.475
7.084	3.476
7.085	3.476
7.085	3.476
7.086	3.476
7.086	3.476
7.087	3.477
7.087	3.477
7.088	3.477
7.088	3.477
7.089	3.478
7.089	3.478
7.089	3.478
7.090	3.478
7.090	3.478
7.091	3.479
7.091	3.479
7.092	3.479
7.092	3.479
7.093	3.479
7.093	3.480
7.094	3.480
7.094	3.480
7.095	3.480
7.095	3.480
7.095	3.481
7.096	3.481
7.096	3.481
7.097	3.481
7.097	3.482
7.098	3.482
7.098	3.482
7.099	3.482
7.099	3.482
7.100	3.483
7.100	3.483
7.100	3.483
7.101	3.483
7.101	3.483
7.102	3.484
7.102	3.484
7.103	3.484
7.103	3.484
7.104	3.484
7.104	3.485
7.105	3.485
7.105	3.485
7.106	3.485
7.106	3.485
7.106	3.486
7.107	3.486
7.107	3.486
7.108	3.486
7.108	3.487
7.109	3.487
7.109	3.487
7.110	3.487
7.110	3.487
7.111	3.488
7.111	3.488
7.112	3.488
7.112	3.488
7.112	3.488
7.113	3.489
7.113	3.489
7.114	3.489
7.114	3.489
7.115	3.489
7.115	3.490
7.116	3.490
7.116	3.490
7.117	3.490
7.117	3.491
7.118	3.491
7.118	3.491
7.118	3.491
7.119	3.491
7.119	3.492
7.120	3.492
7.120	3.492
7.121	3.492
7.121	3.492
7.122	3.493
7.122	3.493
7.123	3.493
7.123	3.493
7.123	3.493
7.124	3.494
7.124	3.494
7.125	3.494
7.125	3.494
7.126	3.495
7.126	3.495
7.127	3.495
7.127	3.495
7.128	3.495
7.128	3.496
7.129	3.496
7.129	3.496
7.129	3.496
7.130	3.496
7.130	3.497
7.131	3.497
7.131	3.497
7.132	3.497
7.132	3.497
7.133	3.498
7.133	3.498
7.134	3.498
7.134	3.498
7.135	3.499
7.135	3.499
7.135	3.499
7.136	3.499
7.136	3.499
7.137	3.500
7.137	3.500
7.138	3.500
7.138	3.500
7.139	3.500
7.139	3.501
7.139	3.501
7.140	3.501
7.140	3.501
7.140	3.501
7.141	3.502
7.141	3.502
7.142	3.502
7.142	3.502
7.143	3.502
7.143	3.503
7.144	3.503
7.144	3.503
7.145	3.503
7.145	3.504
7.145	3.504
7.146	3.504
7.146	3.504
7.147	3.504
7.147	3.505
7.148	3.505
7.148	3.505
7.149	3.505
7.149	3.506
7.150	3.506
7.150	3.506
7.150	3.506
7.151	3.506
7.151	3.507
7.152	3.507
7.152	3.507
7.153	3.507
7.153	3.508
7.154	3.508
7.154	3.508
7.154	3.508
7.155	3.508
7.155	3.509
7.156	3.509
7.156	3.509
7.157	3.509
7.157	3.510
7.158	3.510
7.158	3.510
7.159	3.510
7.159	3.510
7.159	3.511
7.160	3.511
7.160	3.511
7.161	3.511
7.161	3.512
7.162	3.512
7.162	3.512
7.163	3.512
7.163	3.512
7.164	3.513
7.164	3.513
7.164	3.513
7.165	3.513
7.165	3.514
7.166	3.514
7.166	3.514
7.167	3.514
7.167	3.514
7.168	3.515
7.168	3.515
7.169	3.515
7.169	3.515
7.169	3.516
7.170	3.516
7.170	3.516
7.171	3.516
7.171	3.516
7.172	3.517
7.172	3.517
7.173	3.517
7.173	3.517
7.173	3.518
7.174	3.518
7.174	3.518
7.175	3.518
7.175	3.519
7.176	3.519
7.176	3.519
7.177	3.519
7.177	3.519
7.178	3.520
7.178	3.520
7.178	3.520
7.179	3.520
7.179	3.521
7.180	3.521
7.180	3.521
7.181	3.521
7.181	3.521
7.182	3.522
7.182	3.522
7.183	3.522
7.183	3.522
7.183	3.523
7.184	3.523
7.184	3.523
7.185	3.523
7.185	3.523
7.186	3.524
7.186	3.524
7.187	3.524
7.187	3.524
7.188	3.525
7.188	3.525
7.188	3.525
7.189	3.525
7.189	3.525
7.190	3.526
7.190	3.526
7.191	3.526
7.191	3.526
7.192	3.527
7.192	3.527
7.192	3.527
7.193	3.527
7.193	3.527
7.194	3.528
7.194	3.528
7.195	3.528
7.195	3.528
7.196	3.529
7.196	3.529
7.197	3.529
7.197	3.529
7.197	3.529
7.198	3.530
7.198	3.530
7.199	3.530
7.199	3.530
7.200	3.531
7.200	3.531
7.201	3.531
7.201	3.531
7.202	3.531
7.202	3.532
7.202	3.532
7.203	3.532
7.203	3.532
7.204	3.533
7.204	3.533
7.205	3.533
7.205	3.533
7.206	3.533
7.206	3.534
7.206	3.534
7.207	3.534
7.207	3.534
7.208	3.535
7.208	3.535
7.209	3.535
7.209	3.535
7.210	3.536
7.210	3.536
7.211	3.536
7.211	3.536
7.211	3.536
7.212	3.537
7.212	3.537
7.213	3.537
7.213	3.537
7.214	3.538
7.214	3.538
7.215	3.538
7.215	3.538
7.216	3.538
7.216	3.539
7.216	3.539
7.217	3.539
7.217	3.539
7.218	3.540
7.218	3.540
7.219	3.540
7.219	3.540
7.220	3.540
7.220	3.541
7.221	3.541
7.221	3.541
7.221	3.541
7.222	3.542
7.222	3.542
7.223	3.542
7.223	3.542
7.224	3.542
7.224	3.542
7.224	3.543
7.225	3.543
7.225	3.543
7.225	3.544
7.226	3.544
7.226	3.544
7.227	3.544
7.227	3.545
7.228	3.545
7.228	3.545
7.228	3.545
7.229	3.546
7.229	3.546
7.230	3.546
7.230	3.546
7.231	3.547
7.231	3.547
7.231	3.547
7.232	3.547
7.232	3.548
7.233	3.548
7.233	3.548
7.234	3.549
7.234	3.549
7.234	3.549
7.235	3.549
7.235	3.550
7.236	3.550
7.236	3.550
7.237	3.550
7.237	3.551
7.237	3.551
7.238	3.551
7.238	3.551
7.239	3.552
7.239	3.552
7.240	3.552
7.240	3.553
7.240	3.553
7.241	3.553
7.241	3.553
7.242	3.554
7.242	3.554
7.243	3.554
7.243	3.554
7.243	3.555
7.244	3.555
7.244	3.555
7.245	3.555
7.245	3.556
7.246	3.556
7.246	3.556
7.247	3.557
7.247	3.557
7.247	3.557
7.248	3.557
7.248	3.558
7.249	3.558
7.249	3.558
7.250	3.558
7.250	3.559
7.250	3.559
7.251	3.559
7.251	3.559
7.252	3.560
7.252	3.560
7.253	3.560
7.253	3.560
7.253	3.561
7.254	3.561
7.254	3.561
7.255	3.562
7.255	3.562
7.256	3.562
7.256	3.562
7.256	3.563
7.257	3.563
7.257	3.563
7.258	3.563
7.258	3.564
7.259	3.564
7.259	3.564
7.259	3.564
7.260	3.565
7.260	3.565
7.261	3.565
7.261	3.566
7.262	3.566
7.262	3.566
7.262	3.566
7.263	3.567
7.263	3.567
7.264	3.567
7.264	3.567
7.265	3.568
7.265	3.568
7.265	3.568
7.266	3.568
7.266	3.569
7.267	3.569
7.267	3.569
7.267	3.569
7.268	3.570
7.268	3.570
7.268	3.570
7.269	3.571
7.269	3.571
7.270	3.571
7.270	3.572
7.270	3.572
7.271	3.572
7.271	3.572
7.272	3.573
7.272	3.573
7.272	3.573
7.273	3.574
7.273	3.574
7.273	3.574
7.274	3.575
7.274	3.575
7.275	3.575
7.275	3.576
7.275	3.576
7.276	3.576
7.276	3.577
7.277	3.577
7.277	3.577
7.277	3.578
7.278	3.578
7.278	3.578
7.279	3.579
7.279	3.579
7.279	3.579
7.280	3.580
7.280	3.580
7.281	3.580
7.281	3.581
7.281	3.581
7.282	3.581
7.282	3.581
7.282	3.582
7.283	3.582
7.283	3.582
7.284	3.583
7.284	3.583
7.284	3.583
7.284	3.583
7.285	3.584
7.285	3.584
7.286	3.584
7.286	3.585
7.286	3.585
7.287	3.586
7.287	3.586
7.287	3.586
7.288	3.587
7.288	3.587
7.288	3.587
7.289	3.588
7.289	3.588
7.290	3.588
7.290	3.589
7.290	3.589
7.291	3.589
7.291	3.590
7.291	3.590
7.292	3.591
7.292	3.591
7.292	3.591
7.293	3.592
7.293	3.592
7.294	3.592
7.294	3.593
7.294	3.593
7.295	3.593
7.295	3.594
7.295	3.594
7.296	3.594
7.296	3.595
7.297	3.595
7.297	3.596
7.297	3.596
7.298	3.596
7.298	3.597
7.298	3.597
7.299	3.597
7.299	3.598
7.299	3.598
7.300	3.598
7.300	3.599
7.301	3.599
7.301	3.600
7.301	3.600
7.302	3.600
7.302	3.601
7.302	3.601
7.303	3.601
7.303	3.602
7.303	3.602
7.303	3.602
7.304	3.602
7.304	3.603
7.304	3.603
7.305	3.604
7.305	3.604
7.305	3.604
7.306	3.605
7.306	3.605
7.306	3.605
7.307	3.606
7.307	3.606
7.307	3.607
7.308	3.607
7.308	3.607
7.308	3.608
7.309	3.608
7.309	3.608
7.309	3.609
7.310	3.609
7.310	3.610
7.310	3.610
7.311	3.610
7.311	3.611
7.311	3.611
7.312	3.611
7.312	3.612
7.312	3.612
7.313	3.613
7.313	3.613
7.313	3.613
7.314	3.614
7.314	3.614
7.314	3.615
7.315	3.615
7.315	3.615
7.315	3.616
7.316	3.616
7.316	3.616
7.316	3.617
7.317	3.617
7.317	3.618
7.317	3.618
7.318	3.618
7.318	3.619
7.319	3.619
7.319	3.619
7.319	3.620
7.320	3.620
7.320	3.621
7.320	3.621
7.320	3.621
7.320	3.621
7.321	3.622
7.321	3.622
7.321	3.623
7.322	3.623
7.322	3.623
7.322	3.624
7.323	3.624
7.323	3.625
7.323	3.625
7.323	3.625
7.324	3.626
7.324	3.626
7.324	3.627
7.325	3.627
7.325	3.627
7.325	3.628
7.326	3.628
7.326	3.629
7.326	3.629
7.326	3.630
7.327	3.630
7.327	3.630
7.327	3.631
7.328	3.631
7.328	3.632
7.328	3.632
7.329	3.632
7.329	3.633
7.329	3.633
7.329	3.634
7.330	3.634
7.330	3.634
7.330	3.635
7.331	3.635
7.331	3.636
7.331	3.636
7.332	3.637
7.332	3.637
7.332	3.637
7.332	3.638
7.333	3.638
7.333	3.638
7.333	3.639
7.333	3.639
7.334	3.639
7.334	3.640
7.334	3.640
7.334	3.641
7.335	3.641
7.335	3.642
7.335	3.642
7.335	3.643
7.336	3.643
7.336	3.643
7.336	3.644
7.336	3.644
7.337	3.645
7.337	3.645
7.337	3.646
7.337	3.646
7.338	3.646
7.338	3.647
7.338	3.647
7.338	3.648
7.339	3.648
7.339	3.649
7.339	3.649
7.339	3.650
7.340	3.650
7.340	3.650
7.340	3.651
7.340	3.651
7.341	3.652
7.341	3.652
7.341	3.653
7.342	3.653
7.342	3.653
7.342	3.654
7.342	3.654
7.343	3.655
7.343	3.655
7.343	3.656
7.343	3.656
7.344	3.657
7.344	3.657
7.344	3.657
7.344	3.658
7.345	3.658
7.345	3.659
7.345	3.659
7.345	3.660
7.346	3.660
7.346	3.660
7.346	3.660
7.346	3.661
7.346	3.661
7.346	3.662
7.347	3.662
7.347	3.663
7.347	3.663
7.347	3.664
7.347	3.664
7.348	3.665
7.348	3.665
7.348	3.666
7.348	3.666
7.348	3.667
7.349	3.667
7.349	3.668
7.349	3.668
7.349	3.668
7.349	3.669
7.350	3.669
7.350	3.670
7.350	3.670
7.350	3.671
7.350	3.671
7.350	3.672
7.351	3.672
7.351	3.673
7.351	3.673
7.351	3.674
7.351	3.674
7.352	3.675
7.352	3.675
7.352	3.676
7.352	3.676
7.352	3.677
7.352	3.677
7.352	3.677
7.353	3.678
7.353	3.678
7.353	3.679
7.353	3.679
7.353	3.680
7.353	3.680
7.353	3.681
7.353	3.681
7.353	3.682
7.353	3.682
7.353	3.683
7.353	3.683
7.353	3.684
7.353	3.684
7.353	3.685
7.354	3.685
7.354	3.686
7.354	3.686
7.354	3.687
7.354	3.687
7.354	3.688
7.354	3.688
7.354	3.689
7.354	3.689
7.354	3.690
7.354	3.690
7.354	3.691
7.354	3.691
7.354	3.692
7.354	3.692
7.354	3.692
7.354	3.693
7.354	3.693
7.354	3.694
7.354	3.694
7.354	3.695
7.354	3.695
7.354	3.696
7.354	3.696
7.354	3.697
7.354	3.697
7.354	3.698
7.354	3.699
7.354	3.699
7.354	3.700
7.354	3.700
7.354	3.701
7.354	3.701
7.354	3.702
7.354	3.702
7.354	3.703
7.354	3.703
7.353	3.704
7.353	3.704
7.353	3.705
7.353	3.705
7.353	3.706
7.353	3.706
7.353	3.707
7.353	3.707
7.353	3.708
7.353	3.708
7.353	3.709
7.353	3.709
7.353	3.710
7.353	3.710
7.353	3.711
7.353	3.711
7.353	3.711
7.353	3.712
7.353	3.712
7.352	3.713
7.352	3.713
7.352	3.714
7.352	3.714
7.352	3.715
7.352	3.715
7.351	3.715
7.351	3.716
7.351	3.716
7.351	3.717
7.351	3.717
7.351	3.718
7.350	3.718
7.350	3.719
7.350	3.719
7.350	3.720
7.350	3.720
7.350	3.721
7.349	3.721
7.349	3.722
7.349	3.722
7.349	3.723
7.349	3.723
7.349	3.724
7.349	3.724
7.348	3.725
7.348	3.725
7.348	3.726
7.348	3.726
7.348	3.727
7.348	3.727
7.347	3.727
7.347	3.728
7.347	3.728
7.347	3.729
7.347	3.729
7.347	3.730
7.346	3.730
7.346	3.731
7.346	3.731
7.346	3.732
7.346	3.732
7.346	3.733
7.345	3.733
7.345	3.734
7.345	3.734
7.345	3.735
7.345	3.735
7.345	3.736
7.344	3.736
7.344	3.737
7.344	3.737
7.344	3.738
7.344	3.738
7.344	3.739
7.343	3.739
7.343	3.739
7.343	3.740
7.343	3.740
7.343	3.741
7.343	3.741
7.343	3.742
7.342	3.742
7.342	3.743
7.342	3.743
7.342	3.744
7.342	3.744
7.342	3.745
7.341	3.745
7.341	3.746
7.341	3.746
7.341	3.747
7.341	3.747
7.341	3.748
7.340	3.748
7.340	3.749
7.340	3.749
7.340	3.750
7.340	3.750
7.340	3.751
7.339	3.751
7.339	3.751
7.339	3.752
7.339	3.752
7.339	3.753
7.339	3.753
7.338	3.754
7.338	3.754
7.338	3.755
7.338	3.755
7.338	3.756
7.338	3.756
7.338	3.757
7.337	3.757
7.337	3.758
7.337	3.758
7.337	3.759
7.337	3.759
7.337	3.760
7.336	3.760
7.336	3.761
7.336	3.761
7.336	3.762
7.336	3.762
7.336	3.763
7.335	3.763
7.335	3.764
7.335	3.764
7.335	3.764
7.335	3.764
7.334	3.765
7.334	3.765
7.334	3.766
7.334	3.766
7.333	3.766
7.333	3.767
7.333	3.767
7.332	3.768
7.332	3.768
7.332	3.768
7.331	3.769
7.331	3.769
7.331	3.770
7.330	3.770
7.330	3.770
7.330	3.771
7.329	3.771
7.329	3.772
7.329	3.772
7.328	3.772
7.328	3.773
7.328	3.773
7.328	3.774
7.327	3.774
7.327	3.774
7.327	3.775
7.326	3.775
7.326	3.775
7.326	3.776
7.325	3.776
7.325	3.777
7.325	3.777
7.324	3.777
7.324	3.778
7.324	3.778
7.323	3.779
7.323	3.779
7.323	3.779
7.323	3.780
7.322	3.780
7.322	3.781
7.322	3.781
7.321	3.781
7.321	3.782
7.321	3.782
7.320	3.783
7.320	3.783
7.320	3.783
7.319	3.784
7.319	3.784
7.319	3.785
7.318	3.785
7.318	3.785
7.318	3.786
7.318	3.786
7.317	3.787
7.317	3.787
7.317	3.787
7.316	3.788
7.316	3.788
7.316	3.789
7.315	3.789
7.315	3.789
7.315	3.790
7.314	3.790
7.314	3.791
7.314	3.791
7.313	3.791
7.313	3.792
7.313	3.792
7.312	3.793
7.312	3.793
7.312	3.793
7.312	3.794
7.311	3.794
7.311	3.795
7.311	3.795
7.310	3.795
7.310	3.796
7.310	3.796
7.309	3.797
7.309	3.797
7.309	3.797
7.308	3.798
7.308	3.798
7.308	3.799
7.307	3.799
7.307	3.799
7.307	3.800
7.307	3.800
7.306	3.800
7.306	3.801
7.306	3.801
7.305	3.802
7.305	3.802
7.305	3.802
7.304	3.803
7.304	3.803
7.304	3.804
7.303	3.804
7.303	3.804
7.303	3.805
7.302	3.805
7.302	3.806
7.302	3.806
7.302	3.806
7.301	3.807
7.301	3.807
7.301	3.808
7.301	3.808
7.300	3.808
7.300	3.808
7.299	3.808
7.299	3.809
7.298	3.809
7.298	3.809
7.298	3.810
7.297	3.810
7.297	3.810
7.296	3.810
7.296	3.811
7.295	3.811
7.295	3.811
7.295	3.812
7.294	3.812
7.294	3.812
7.293	3.812
7.293	3.813
7.293	3.813
7.292	3.813
7.292	3.814
7.291	3.814
7.291	3.814
7.290	3.814
7.290	3.815
7.290	3.815
7.289	3.815
7.289	3.815
7.288	3.816
7.288	3.816
7.287	3.816
7.287	3.817
7.287	3.817
7.286	3.817
7.286	3.817
7.285	3.818
7.285	3.818
7.285	3.818
7.284	3.819
7.284	3.819
7.283	3.819
7.283	3.819
7.282	3.820
7.282	3.820
7.282	3.820
7.281	3.821
7.281	3.821
7.280	3.821
7.280	3.821
7.279	3.822
7.279	3.822
7.279	3.822
7.278	3.822
7.278	3.823
7.277	3.823
7.277	3.823
7.277	3.824
7.276	3.824
7.276	3.824
7.275	3.824
7.275	3.825
7.274	3.825
7.274	3.825
7.274	3.826
7.273	3.826
7.273	3.826
7.272	3.826
7.272	3.827
7.271	3.827
7.271	3.827
7.271	3.828
7.270	3.828
7.270	3.828
7.269	3.828
7.269	3.829
7.268	3.829
7.268	3.829
7.268	3.829
7.267	3.830
7.267	3.830
7.266	3.830
7.266	3.831
7.266	3.831
7.265	3.831
7.265	3.831
7.264	3.832
7.264	3.832
7.263	3.832
7.263	3.833
7.263	3.833
7.262	3.833
7.262	3.833
7.261	3.834
7.261	3.834
7.260	3.834
7.260	3.835
7.260	3.835
7.259	3.835
7.259	3.835
7.258	3.836
7.258	3.836
7.258	3.836
7.257	3.836
7.257	3.837
7.256	3.837
7.256	3.837
7.255	3.838
7.255	3.838
7.255	3.838
7.254	3.838
7.254	3.839
7.253	3.839
7.253	3.839
7.252	3.840
7.252	3.840
7.252	3.840
7.251	3.840
7.251	3.841
7.250	3.841
7.250	3.841
7.249	3.842
7.249	3.842
7.249	3.842
7.248	3.842
7.248	3.843
7.247	3.843
7.247	3.843
7.247	3.843
7.246	3.843
7.246	3.843
7.246	3.844
7.245	3.844
7.245	3.844
7.244	3.844
7.244	3.844
7.243	3.845
7.243	3.845
7.242	3.845
7.242	3.845
7.241	3.845
7.241	3.845
7.240	3.846
7.240	3.846
7.239	3.846
7.239	3.846
7.238	3.846
7.238	3.846
7.237	3.847
7.237	3.847
7.237	3.847
7.236	3.847
7.236	3.847
7.235	3.848
7.235	3.848
7.234	3.848
7.234	3.848
7.233	3.848
7.233	3.848
7.232	3.849
7.232	3.849
7.231	3.849
7.231	3.849
7.230	3.849
7.230	3.850
7.229	3.850
7.229	3.850
7.229	3.850
7.228	3.850
7.228	3.850
7.227	3.851
7.227	3.851
7.226	3.851
7.226	3.851
7.225	3.851
7.225	3.852
7.224	3.852
7.224	3.852
7.223	3.852
7.223	3.852
7.222	3.852
7.222	3.853
7.221	3.853
7.221	3.853
7.221	3.853
7.220	3.853
7.220	3.854
7.219	3.854
7.219	3.854
7.218	3.854
7.218	3.854
7.217	3.854
7.217	3.855
7.216	3.855
7.216	3.855
7.215	3.855
7.215	3.855
7.214	3.855
7.214	3.856
7.213	3.856
7.213	3.856
7.213	3.856
7.212	3.856
7.212	3.857
7.211	3.857
7.211	3.857
7.210	3.857
7.210	3.857
7.209	3.857
7.209	3.858
7.208	3.858
7.208	3.858
7.207	3.858
7.207	3.858
7.206	3.859
7.206	3.859
7.205	3.859
7.205	3.859
7.205	3.859
7.204	3.859
7.204	3.860
7.203	3.860
7.203	3.860
7.202	3.860
7.202	3.860
7.201	3.861
7.201	3.861
7.200	3.861
7.200	3.861
7.199	3.861
7.199	3.861
7.198	3.862
7.198	3.862
7.197	3.862
7.197	3.862
7.197	3.862
7.196	3.862
7.196	3.863
7.195	3.863
7.195	3.863
7.194	3.863
7.194	3.863
7.193	3.864
7.193	3.864
7.192	3.864
7.192	3.864
7.191	3.864
7.191	3.864
7.190	3.865
7.190	3.865
7.189	3.865
7.189	3.865
7.189	3.865
7.188	3.866
7.188	3.866
7.187	3.866
7.187	3.866
7.186	3.866
7.186	3.866
7.185	3.867
7.185	3.867
7.184	3.867
7.184	3.867
7.183	3.867
7.183	3.868
7.182	3.868
7.182	3.868
7.181	3.868
7.181	3.868
7.181	3.868
7.180	3.869
7.180	3.869
7.179	3.869
7.179	3.869
7.178	3.869
7.178	3.869
7.177	3.870
7.177	3.870
7.176	3.870
7.176	3.870
7.175	3.870
7.175	3.871
7.174	3.871
7.174	3.871
7.174	3.871
7.173	3.871
7.173	3.871
7.172	3.871
7.172	3.872
7.172	3.872
7.171	3.872
7.171	3.872
7.170	3.872
7.170	3.872
7.169	3.872
7.169	3.873
7.168	3.873
7.168	3.873
7.167	3.873
7.167	3.873
7.166	3.873
7.166	3.873
7.165	3.874
7.165	3.874
7.164	3.874
7.164	3.874
7.163	3.874
7.163	3.874
7.162	3.874
7.162	3.875
7.161	3.875
7.161	3.875
7.160	3.875
7.160	3.875
7.159	3.875
7.159	3.875
7.158	3.876
7.158	3.876
7.157	3.876
7.157	3.876
7.156	3.876
7.156	3.876
7.156	3.876
7.155	3.877
7.155	3.877
7.154	3.877
7.154	3.877
7.153	3.877
7.153	3.877
7.152	3.878
7.152	3.878
7.151	3.878
7.151	3.878
7.150	3.878
7.150	3.878
7.149	3.878
7.149	3.879
7.148	3.879
7.148	3.879
7.147	3.879
7.147	3.879
7.146	3.879
7.146	3.879
7.145	3.880
7.145	3.880
7.144	3.880
7.144	3.880
7.143	3.880
7.143	3.880
7.142	3.880
7.142	3.881
7.141	3.881
7.141	3.881
7.141	3.881
7.140	3.881
7.140	3.881
7.140	3.881
7.139	3.881
7.139	3.882
7.138	3.882
7.138	3.882
7.137	3.882
7.137	3.882
7.136	3.882
7.136	3.883
7.135	3.883
7.135	3.883
7.134	3.883
7.134	3.883
7.133	3.883
7.133	3.883
7.132	3.884
7.132	3.884
7.131	3.884
7.131	3.884
7.130	3.884
7.130	3.884
7.129	3.884
7.129	3.885
7.128	3.885
7.128	3.885
7.128	3.885
7.127	3.885
7.127	3.885
7.126	3.886
7.126	3.886
7.125	3.886
7.125	3.886
7.124	3.886
7.124	3.886
7.123	3.886
7.123	3.887
7.122	3.887
7.122	3.887
7.121	3.887
7.121	3.887
7.120	3.887
7.120	3.887
7.119	3.888
7.119	3.888
7.118	3.888
7.118	3.888
7.117	3.888
7.117	3.888
7.116	3.889
7.116	3.889
7.115	3.889
7.115	3.889
7.115	3.889
7.114	3.889
7.114	3.889
7.113	3.890
7.113	3.890
7.112	3.890
7.112	3.890
7.111	3.890
7.111	3.890
7.110	3.891
7.110	3.891
7.109	3.891
7.109	3.891
7.108	3.891
7.108	3.891
7.107	3.891
7.107	3.892
7.106	3.892
7.106	3.892
7.105	3.892
7.105	3.892
7.104	3.892
7.104	3.892
7.104	3.892
7.103	3.893
7.103	3.893
7.103	3.893
7.102	3.893
7.102	3.893
7.101	3.893
7.101	3.894
7.100	3.894
7.100	3.894
7.099	3.894
7.099	3.894
7.098	3.894
7.098	3.894
7.097	3.895
7.097	3.895
7.096	3.895
7.096	3.895
7.095	3.895
7.095	3.895
7.094	3.896
7.094	3.896
7.093	3.896
7.093	3.896
7.092	3.896
7.092	3.896
7.091	3.896
7.091	3.897
7.090	3.897
7.090	3.897
7.090	3.897
7.089	3.897
7.089	3.897
7.088	3.898
7.088	3.898
7.087	3.898
7.087	3.898
7.086	3.898
7.086	3.898
7.085	3.898
7.085	3.899
7.084	3.899
7.084	3.899
7.083	3.899
7.083	3.899
7.082	3.899
7.082	3.900
7.081	3.900
7.081	3.900
7.080	3.900
7.080	3.900
7.079	3.900
7.079	3.900
7.078	3.901
7.078	3.901
7.078	3.901
7.077	3.901
7.077	3.901
7.076	3.901
7.076	3.902
7.075	3.902
7.075	3.902
7.074	3.902
7.074	3.902
7.073	3.902
7.073	3.902
7.072	3.903
7.072	3.903
7.071	3.903
7.071	3.903
7.070	3.903
7.070	3.903
7.069	3.904
7.069	3.904
7.068	3.904
7.068	3.904
7.067	3.904
7.067	3.904
7.067	3.904
7.066	3.905
7.066	3.905
7.065	3.905
7.065	3.905
7.065	3.905
7.064	3.905
7.064	3.905
7.063	3.906
7.063	3.906
7.062	3.906
7.062	3.906
7.061	3.906
7.061	3.906
7.060	3.907
7.060	3.907
7.059	3.907
7.059	3.907
7.058	3.907
7.058	3.907
7.057	3.908
7.057	3.908
7.056	3.908
7.056	3.908
7.055	3.908
7.055	3.908
7.054	3.909
7.054	3.909
7.053	3.909
7.053	3.909
7.053	3.909
7.052	3.909
7.052	3.909
7.051	3.910
7.051	3.910
7.050	3.910
7.050	3.910
7.049	3.910
7.049	3.910
7.048	3.911
7.048	3.911
7.047	3.911
7.047	3.911
7.046	3.911
7.046	3.911
7.045	3.912
7.045	3.912
7.044	3.912
7.044	3.912
7.043	3.912
7.043	3.912
7.042	3.913
7.042	3.913
7.041	3.913
7.041	3.913
7.040	3.913
7.040	3.913
7.040	3.914
7.039	3.914
7.039	3.914
7.038	3.914
7.038	3.914
7.038	3.914
7.037	3.914
7.037	3.915
7.036	3.915
7.036	3.915
7.035	3.915
7.035	3.915
7.034	3.916
7.034	3.916
7.033	3.916
7.033	3.916
7.033	3.916
7.032	3.917
7.032	3.917
7.031	3.917
7.031	3.917
7.030	3.917
7.030	3.918
7.029	3.918
7.029	3.918
7.028	3.918
7.028	3.918
7.027	3.919
7.027	3.919
7.026	3.919
7.026	3.919
7.026	3.919
7.025	3.920
7.025	3.920
7.024	3.920
7.024	3.920
7.023	3.920
7.023	3.921
7.022	3.921
7.022	3.921
7.021	3.921
7.021	3.921
7.020	3.922
7.020	3.922
7.020	3.922
7.019	3.922
7.019	3.922
7.018	3.923
7.018	3.923
7.017	3.923
7.017	3.923
7.016	3.923
7.016	3.924
7.015	3.924
7.015	3.924
7.014	3.924
7.014	3.924
7.013	3.925
7.013	3.925
7.013	3.925
7.012	3.925
7.012	3.925
7.011	3.926
7.011	3.926
7.010	3.926
7.010	3.926
7.009	3.926
7.009	3.927
7.008	3.927
7.008	3.927
7.007	3.927
7.007	3.927
7.007	3.928
7.006	3.928
7.006	3.928
7.005	3.928
7.005	3.928
7.004	3.929
7.004	3.929
7.003	3.929
7.003	3.929
7.002	3.929
7.002	3.930
7.001	3.930
7.001	3.930
7.000	3.930
7.000	3.930
7.000	3.931
6.999	3.931
6.999	3.931
6.998	3.931
6.998	3.931
6.997	3.932
6.997	3.932
6.996	3.932
6.996	3.932
6.995	3.932
6.995	3.933
6.994	3.933
6.994	3.933
6.994	3.933
6.993	3.933
6.993	3.934
6.992	3.934
6.992	3.934
6.991	3.934
6.991	3.934
6.990	3.935
6.990	3.935
6.989	3.935
6.989	3.935
6.988	3.935
6.988	3.936
6.987	3.936
6.987	3.936
6.987	3.936
6.986	3.936
6.986	3.937
6.985	3.937
6.985	3.937
6.984	3.937
6.984	3.937
6.983	3.938
6.983	3.938
6.982	3.938
6.982	3.938
6.981	3.938
6.981	3.939
6.981	3.939
6.980	3.939
6.980	3.939
6.979	3.939
6.979	3.940
6.978	3.940
6.978	3.940
6.977	3.940
6.977	3.940
6.976	3.940
6.976	3.941
6.975	3.941
6.975	3.941
6.975	3.941
6.974	3.941
6.974	3.942
6.973	3.942
6.973	3.942
6.972	3.942
6.972	3.942
6.971	3.943
6.971	3.943
6.970	3.943
6.970	3.943
6.969	3.943
6.969	3.944
6.968	3.944
6.968	3.944
6.968	3.944
6.967	3.944
6.967	3.944
6.967	3.945
6.966	3.945
6.966	3.945
6.965	3.946
6.965	3.946
6.964	3.946
6.964	3.946
6.964	3.947
6.963	3.947
6.963	3.947
6.962	3.947
6.962	3.948
6.961	3.948
6.961	3.948
6.961	3.948
6.960	3.949
6.960	3.949
6.959	3.949
6.959	3.949
6.958	3.950
6.958	3.950
6.958	3.950
6.957	3.950
6.957	3.951
6.956	3.951
6.956	3.951
6.955	3.952
6.955	3.952
6.955	3.952
6.954	3.952
6.954	3.953
6.953	3.953
6.953	3.953
6.952	3.953
6.952	3.954
6.952	3.954
6.951	3.954
6.951	3.954
6.950	3.955
6.950	3.955
6.949	3.955
6.949	3.955
6.949	3.956
6.948	3.956
6.948	3.956
6.947	3.956
6.947	3.957
6.946	3.957
6.946	3.957
6.946	3.958
6.945	3.958
6.945	3.958
6.944	3.958
6.944	3.959
6.943	3.959
6.943	3.959
6.942	3.959
6.942	3.960
6.942	3.960
6.941	3.960
6.941	3.960
6.940	3.961
6.940	3.961
6.939	3.961
6.939	3.961
6.939	3.962
6.938	3.962
6.938	3.962
6.937	3.962
6.937	3.963
6.936	3.963
6.936	3.963
6.936	3.963
6.935	3.964
6.935	3.964
6.934	3.964
6.934	3.965
6.933	3.965
6.933	3.965
6.933	3.965
6.932	3.966
6.932	3.966
6.931	3.966
6.931	3.966
6.930	3.967
6.930	3.967
6.930	3.967
6.929	3.967
6.929	3.968
6.928	3.968
6.928	3.968
6.927	3.968
6.927	3.969
6.927	3.969
6.926	3.969
6.926	3.969
6.925	3.970
6.925	3.970
6.924	3.970
6.924	3.971
6.924	3.971
6.923	3.971
6.923	3.971
6.922	3.972
6.922	3.972
6.921	3.972
6.921	3.972
6.920	3.973
6.920	3.973
6.920	3.973
6.919	3.973
6.919	3.974
6.918	3.974
6.918	3.974
6.917	3.974
6.917	3.975
6.917	3.975
6.916	3.975
6.916	3.975
6.915	3.976
6.915	3.976
6.914	3.976
6.914	3.977
6.914	3.977
6.913	3.977
6.913	3.977
6.912	3.978
6.912	3.978
6.911	3.978
6.911	3.978
6.911	3.979
6.910	3.979
6.910	3.979
6.909	3.979
6.909	3.980
6.908	3.980
6.908	3.980
6.908	3.980
6.907	3.981
6.907	3.981
6.906	3.981
6.906	3.981
6.905	3.982
6.905	3.982
6.905	3.982
6.904	3.982
6.904	3.983
6.903	3.983
6.903	3.983
6.902	3.984
6.902	3.984
6.902	3.984
6.901	3.984
6.901	3.985
6.900	3.985
6.900	3.985
6.899	3.985
6.899	3.986
6.898	3.986
6.898	3.986
6.898	3.986
6.897	3.987
6.897	3.987
6.896	3.987
6.896	3.987
6.896	3.987
6.896	3.988
6.895	3.988
6.895	3.988
6.894	3.989
6.894	3.989
6.894	3.989
6.893	3.990
6.893	3.990
6.892	3.990
6.892	3.991
6.892	3.991
6.891	3.991
6.891	3.992
6.890	3.992
6.890	3.992
6.890	3.992
6.889	3.993
6.889	3.993
6.888	3.993
6.888	3.994
6.888	3.994
6.887	3.994
6.887	3.995
6.886	3.995
6.886	3.995
6.886	3.996
6.885	3.996
6.885	3.996
6.884	3.996
6.884	3.997
6.884	3.997
6.883	3.997
6.883	3.998
6.882	3.998
6.882	3.998
6.882	3.999
6.881	3.999
6.881	3.999
6.880	4.000
6.880	4.000
6.880	4.000
6.879	4.000
6.879	4.001
6.878	4.001
6.878	4.001
6.878	4.002
6.877	4.002
6.877	4.002
6.876	4.003
6.876	4.003
6.876	4.003
6.875	4.004
6.875	4.004
6.874	4.004
6.874	4.005
6.874	4.005
6.873	4.005
6.873	4.005
6.872	4.006
6.872	4.006
6.872	4.006
6.871	4.007
6.871	4.007
6.870	4.007
6.870	4.008
6.870	4.008
6.869	4.008
6.869	4.009
6.868	4.009
6.868	4.009
6.868	4.009
6.867	4.010
6.867	4.010
6.866	4.010
6.866	4.011
6.866	4.011
6.865	4.011
6.865	4.012
6.864	4.012
6.864	4.012
6.864	4.013
6.863	4.013
6.863	4.013
6.862	4.013
6.862	4.014
6.862	4.014
6.861	4.014
6.861	4.015
6.860	4.015
6.860	4.015
6.860	4.016
6.859	4.016
6.859	4.016
6.858	4.017
6.858	4.017
6.858	4.017
6.857	4.018
6.857	4.018
6.856	4.018
6.856	4.018
6.856	4.019
6.855	4.019
6.855	4.019
6.854	4.020
6.854	4.020
6.854	4.020
6.853	4.021
6.853	4.021
6.852	4.021
6.852	4.022
6.852	4.022
6.851	4.022
6.851	4.022
6.850	4.023
6.850	4.023
6.850	4.023
6.849	4.024
6.849	4.024
6.848	4.024
6.848	4.025
6.848	4.025
6.847	4.025
6.847	4.026
6.846	4.026
6.846	4.026
6.846	4.026
6.845	4.027
6.845	4.027
6.844	4.027
6.844	4.028
6.844	4.028
6.843	4.028
6.843	4.029
6.842	4.029
6.842	4.029
6.842	4.030
6.842	4.030
6.842	4.030
6.842	4.031
6.842	4.031
6.842	4.032
6.842	4.032
6.842	4.033
6.842	4.033
6.842	4.034
6.842	4.034
6.842	4.035
6.842	4.035
6.842	4.036
6.842	4.036
6.842	4.037
6.842	4.037
6.842	4.038
6.842	4.038
6.842	4.039
6.842	4.039
6.842	4.040
6.842	4.040
6.842	4.041
6.842	4.041
6.842	4.042
6.842	4.042
6.842	4.043
6.842	4.043
6.842	4.044
6.842	4.044
6.842	4.045
6.842	4.045
6.842	4.046
6.842	4.046
6.842	4.047
6.842	4.047
6.842	4.048
6.842	4.048
6.842	4.049
6.841	4.049
6.841	4.050
6.841	4.050
6.842	4.050
6.842	4.050
6.843	4.051
6.843	4.051
6.844	4.051
6.844	4.052
6.845	4.052
6.845	4.052
6.846	4.052
6.846	4.053
6.846	4.053
6.847	4.053
6.847	4.054
6.847	4.054
6.848	4.054
6.848	4.054
6.849	4.054
6.849	4.054
6.850	4.055
6.850	4.055
6.851	4.055
6.851	4.055
6.852	4.055
6.852	4.056
6.853	4.056
6.853	4.056
6.853	4.056
6.854	4.056
6.854	4.057
6.855	4.057
6.855	4.057
6.856	4.057
6.856	4.057
6.857	4.058
6.857	4.058
6.858	4.058
6.858	4.058
6.859	4.058
6.859	4.058
6.860	4.059
6.860	4.059
6.861	4.059
6.861	4.059
6.862	4.059
6.862	4.060
6.862	4.060
6.863	4.060
6.863	4.060
6.864	4.060
6.864	4.061
6.865	4.061
6.865	4.061
6.866	4.061
6.866	4.061
6.867	4.062
6.867	4.062
6.867	4.062
6.868	4.062
6.868	4.062
6.869	4.062
6.869	4.063
6.870	4.063
6.870	4.063
6.871	4.063
6.871	4.063
6.871	4.063
6.872	4.064
6.872	4.064
6.873	4.064
6.873	4.064
6.874	4.064
6.874	4.065
6.875	4.065
6.875	4.065
6.876	4.065
6.876	4.065
6.877	4.066
6.877	4.066
6.878	4.066
6.878	4.066
6.879	4.066
6.879	4.066
6.880	4.067
6.880	4.067
6.881	4.067
6.881	4.067
6.882	4.067
6.882	4.068
6.882	4.068
6.883	4.068
6.883	4.068
6.884	4.068
6.884	4.068
6.885	4.069
6.885	4.069
6.886	4.069
6.886	4.069
6.887	4.069
6.887	4.070
6.888	4.070
6.888	4.070
6.889	4.070
6.889	4.070
6.890	4.070
6.890	4.071
6.890	4.071
6.891	4.071
6.891	4.071
6.892	4.071
6.892	4.071
6.893	4.072
6.893	4.072
6.893	4.072
6.894	4.072
6.894	4.072
6.895	4.072
6.895	4.073
6.896	4.073
6.896	4.073
6.897	4.073
6.897	4.073
6.898	4.073
6.898	4.074
6.899	4.074
6.899	4.074
6.900	4.074
6.900	4.074
6.901	4.074
6.901	4.075
6.902	4.075
6.902	4.075
6.903	4.075
6.903	4.075
6.904	4.075
6.904	4.076
6.904	4.076
6.905	4.076
6.905	4.076
6.906	4.076
6.906	4.076
6.907	4.077
6.907	4.077
6.908	4.077
6.908	4.077
6.909	4.077
6.909	4.078
6.910	4.078
6.910	4.078
6.911	4.078
6.911	4.078
6.912	4.078
6.912	4.079
6.913	4.079
6.913	4.079
6.914	4.079
6.914	4.079
6.914	4.079
6.915	4.080
6.915	4.080
6.916	4.080
6.916	4.080
6.916	4.080
6.917	4.080
6.917	4.080
6.918	4.081
6.918	4.081
6.919	4.081
6.919	4.081
6.920	4.081
6.920	4.082
6.921	4.082
6.921	4.082
6.922	4.082
6.922	4.082
6.922	4.083
6.923	4.083
6.923	4.083
6.924	4.083
6.924	4.083
6.925	4.083
6.925	4.084
6.926	4.084
6.926	4.084
6.927	4.084
6.927	4.084
6.928	4.085
6.928	4.085
6.929	4.085
6.929	4.085
6.929	4.085
6.930	4.086
6.930	4.086
6.931	4.086
6.931	4.086
6.932	4.086
6.932	4.087
6.933	4.087
6.933	4.087
6.934	4.087
6.934	4.087
6.935	4.087
6.935	4.088
6.936	4.088
6.936	4.088
6.937	4.088
6.937	4.088
6.937	4.089
6.938	4.089
6.938	4.089
6.939	4.089
6.939	4.089
6.940	4.090
6.940	4.090
6.941	4.090
6.941	4.090
6.942	4.090
6.942	4.090
6.943	4.091
6.943	4.091
6.944	4.091
6.944	4.091
6.944	4.091
6.945	4.092
6.945	4.092
6.946	4.092
6.946	4.092
6.947	4.092
6.947	4.093
6.948	4.093
6.948	4.093
6.949	4.093
6.949	4.093
6.950	4.093
6.950	4.094
6.951	4.094
6.951	4.094
6.951	4.094
6.952	4.094
6.952	4.095
6.953	4.095
6.953	4.095
6.954	4.095
6.954	4.095
6.955	4.096
6.955	4.096
6.956	4.096
6.956	4.096
6.957	4.096
6.957	4.097
6.958	4.097
6.958	4.097
6.958	4.097
6.959	4.097
6.959	4.097
6.960	4.098
6.960	4.098
6.961	4.098
6.961	4.098
6.962	4.098
6.962	4.099
6.963	4.099
6.963	4.099
6.964	4.099
6.964	4.099
6.965	4.100
6.965	4.100
6.965	4.100
6.966	4.100
6.966	4.100
6.967	4.100
6.967	4.101
6.968	4.101
6.968	4.101
6.969	4.101
6.969	4.101
6.970	4.102
6.970	4.102
6.971	4.102
6.971	4.102
6.972	4.102
6.972	4.103
6.973	4.103
6.973	4.103
6.973	4.103
6.974	4.103
6.974	4.103
6.975	4.104
6.975	4.104
6.976	4.104
6.976	4.104
6.977	4.104
6.977	4.105
6.978	4.105
6.978	4.105
6.979	4.105
6.979	4.105
6.980	4.106
6.980	4.106
6.980	4.106
6.981	4.106
6.981	4.106
6.982	4.106
6.982	4.107
6.983	4.107
6.983	4.107
6.984	4.107
6.984	4.107
6.985	4.108
6.985	4.108
6.986	4.108
6.986	4.108
6.987	4.108
6.987	4.109
6.987	4.109
6.988	4.109
6.988	4.109
6.989	4.109
6.989	4.110
6.990	4.110
6.990	4.110
6.991	4.110
6.991	4.110
6.992	4.110
6.992	4.111
6.993	4.111
6.993	4.111
6.994	4.111
6.994	4.111
6.994	4.112
6.995	4.112
6.995	4.112
6.996	4.112
6.996	4.112
6.997	4.113
6.997	4.113
6.998	4.113
6.998	4.113
6.999	4.113
6.999	4.113
7.000	4.114
7.000	4.114
7.001	4.114
7.001	4.114
7.002	4.114
7.002	4.115
7.002	4.115
7.003	4.115
7.003	4.115
7.004	4.115
7.004	4.116
7.005	4.116
7.005	4.116
7.006	4.116
7.006	4.116
7.007	4.116
7.007	4.117
7.008	4.117
7.008	4.117
7.009	4.117
7.009	4.117
7.009	4.118
7.010	4.118
7.010	4.118
7.011	4.118
7.011	4.118
7.012	4.119
7.012	4.119
7.013	4.119
7.013	4.119
7.014	4.119
7.014	4.120
7.015	4.120
7.015	4.120
7.016	4.120
7.016	4.120
7.016	4.120
7.017	4.121
7.017	4.121
7.018	4.121
7.018	4.121
7.019	4.121
7.019	4.122
7.020	4.122
7.020	4.122
7.021	4.122
7.021	4.122
7.022	4.123
7.022	4.123
7.023	4.123
7.023	4.123
7.023	4.123
7.024	4.123
7.024	4.124
7.025	4.124
7.025	4.124
7.026	4.124
7.026	4.124
7.027	4.125
7.027	4.125
7.028	4.125
7.028	4.125
7.029	4.125
7.029	4.126
7.030	4.126
7.030	4.126
7.030	4.126
7.031	4.126
7.031	4.126
7.032	4.127
7.032	4.127
7.033	4.127
7.033	4.127
7.034	4.127
7.034	4.128
7.035	4.128
7.035	4.128
7.036	4.128
7.036	4.128
7.037	4.129
7.037	4.129
7.038	4.129
7.038	4.129
7.038	4.129
7.039	4.130
7.039	4.130
7.040	4.130
7.040	4.130
7.041	4.130
7.041	4.130
7.042	4.131
7.042	4.131
7.043	4.131
7.043	4.131
7.044	4.131
7.044	4.132
7.045	4.132
7.045	4.132
7.045	4.132
7.046	4.132
7.046	4.133
7.047	4.133
7.047	4.133
7.048	4.133
7.048	4.133
7.049	4.133
7.049	4.134
7.050	4.134
7.050	4.134
7.051	4.134
7.051	4.134
7.052	4.135
7.052	4.135
7.052	4.135
7.053	4.135
7.053	4.135
7.054	4.136
7.054	4.136
7.055	4.136
7.055	4.136
7.056	4.136
7.056	4.136
7.057	4.137
7.057	4.137
7.058	4.137
7.058	4.137
7.059	4.137
7.059	4.138
7.059	4.138
7.060	4.138
7.060	4.138
7.061	4.138
7.061	4.139
7.062	4.139
7.062	4.139
7.063	4.139
7.063	4.139
7.064	4.139
7.064	4.140
7.065	4.140
7.065	4.140
7.066	4.140
7.066	4.140
7.066	4.141
7.067	4.141
7.067	4.141
7.068	4.141
7.068	4.141
7.069	4.142
7.069	4.142
7.070	4.142
7.070	4.142
7.071	4.142
7.071	4.143
7.072	4.143
7.072	4.143
7.072	4.143
7.073	4.143
7.073	4.143
7.073	4.144
7.074	4.144
7.074	4.144
7.075	4.144
7.075	4.145
7.076	4.145
7.076	4.145
7.077	4.145
7.077	4.145
7.077	4.146
7.078	4.146
7.078	4.146
7.079	4.146
7.079	4.147
7.080	4.147
7.080	4.147
7.081	4.147
7.081	4.147
7.082	4.148
7.082	4.148
7.082	4.148
7.083	4.148
7.083	4.149
7.084	4.149
7.084	4.149
7.085	4.149
7.085	4.149
7.086	4.150
7.086	4.150
7.086	4.150
7.087	4.150
7.087	4.151
7.088	4.151
7.088	4.151
7.089	4.151
7.089	4.152
7.090	4.152
7.090	4.152
7.091	4.152
7.091	4.152
7.091	4.153
7.092	4.153
7.092	4.153
7.093	4.153
7.093	4.154
7.094	4.154
7.094	4.154
7.095	4.154
7.095	4.154
7.095	4.155
7.096	4.155
7.096	4.155
7.097	4.155
7.097	4.156
7.098	4.156
7.098	4.156
7.099	4.156
7.099	4.157
7.100	4.157
7.100	4.157
7.100	4.157
7.101	4.157
7.101	4.158
7.102	4.158
7.102	4.158
7.103	4.158
7.103	4.159
7.104	4.159
7.104	4.159
7.104	4.159
7.105	4.159
7.105	4.160
7.106	4.160
7.106	4.160
7.107	4.160
7.107	4.161
7.108	4.161
7.108	4.161
7.109	4.161
7.109	4.162
7.109	4.162
7.110	4.162
7.110	4.162
7.111	4.162
7.111	4.163
7.112	4.163
7.112	4.163
7.113	4.163
7.113	4.164
7.113	4.164
7.114	4.164
7.114	4.164
7.115	4.164
7.115	4.165
7.116	4.165
7.116	4.165
7.117	4.165
7.117	4.166
7.118	4.166
7.118	4.166
7.118	4.166
7.119	4.166
7.119	4.167
7.120	4.167
7.120	4.167
7.121	4.167
7.121	4.168
7.122	4.168
7.122	4.168
7.122	4.168
7.123	4.169
7.123	4.169
7.124	4.169
7.124	4.169
7.125	4.169
7.125	4.170
7.126	4.170
7.126	4.170
7.127	4.170
7.127	4.171
7.127	4.171
7.128	4.171
7.128	4.171
7.129	4.171
7.129	4.172
7.130	4.172
7.130	4.172
7.131	4.172
7.131	4.173
7.131	4.173
7.132	4.173
7.132	4.173
7.133	4.174
7.133	4.174
7.134	4.174
7.134	4.174
7.135	4.174
7.135	4.175
7.136	4.175
7.136	4.175
7.136	4.175
7.137	4.176
7.137	4.176
7.138	4.176
7.138	4.176
7.139	4.176
7.139	4.177
7.140	4.177
7.140	4.177
7.140	4.177
7.141	4.178
7.141	4.178
7.142	4.178
7.142	4.178
7.143	4.178
7.143	4.179
7.144	4.179
7.144	4.179
7.145	4.179
7.145	4.180
7.145	4.180
7.146	4.180
7.146	4.180
7.147	4.181
7.147	4.181
7.148	4.181
7.148	4.181
7.149	4.181
7.149	4.182
7.149	4.182
7.150	4.182
7.150	4.182
7.151	4.183
7.151	4.183
7.152	4.183
7.152	4.183
7.153	4.183
7.153	4.184
7.153	4.184
7.154	4.184
7.154	4.184
7.155	4.185
7.155	4.185
7.156	4.185
7.156	4.185
7.157	4.186
7.157	4.186
7.158	4.186
7.158	4.186
7.158	4.186
7.159	4.187
7.159	4.187
7.160	4.187
7.160	4.187
7.161	4.188
7.161	4.188
7.162	4.188
7.162	4.188
7.162	4.188
7.163	4.189
7.163	4.189
7.164	4.189
7.164	4.189
7.165	4.190
7.165	4.190
7.166	4.190
7.166	4.190
7.167	4.191
7.167	4.191
7.167	4.191
7.168	4.191
7.168	4.191
7.169	4.192
7.169	4.192
7.170	4.192
7.170	4.192
7.171	4.193
7.171	4.193
7.171	4.193
7.172	4.193
7.172	4.193
7.173	4.194
7.173	4.194
7.174	4.194
7.174	4.194
7.175	4.195
7.175	4.195
7.176	4.195
7.176	4.195
7.176	4.195
7.177	4.196
7.177	4.196
7.178	4.196
7.178	4.196
7.179	4.197
7.179	4.197
7.180	4.197
7.180	4.197
7.180	4.198
7.181	4.198
7.181	4.198
7.182	4.198
7.182	4.198
7.183	4.199
7.183	4.199
7.184	4.199
7.184	4.199
7.185	4.200
7.185	4.200
7.185	4.200
7.186	4.200
7.186	4.200
7.187	4.201
7.187	4.201
7.188	4.201
7.188	4.201
7.189	4.202
7.189	4.202
7.189	4.202
7.190	4.202
7.190	4.203
7.191	4.203
7.191	4.203
7.192	4.203
7.192	4.203
7.193	4.204
7.193	4.204
7.194	4.204
7.194	4.204
7.194	4.205
7.195	4.205
7.195	4.205
7.196	4.205
7.196	4.205
7.197	4.206
7.197	4.206
7.198	4.206
7.198	4.206
7.198	4.207
7.199	4.207
7.199	4.207
7.200	4.207
7.200	4.207
7.201	4.208
7.201	4.208
7.202	4.208
7.202	4.208
7.203	4.209
7.203	4.209
7.203	4.209
7.204	4.209
7.204	4.210
7.205	4.210
7.205	4.210
7.206	4.210
7.206	4.210
7.207	4.211
7.207	4.211
7.207	4.211
7.208	4.211
7.208	4.212
7.209	4.212
7.209	4.212
7.210	4.212
7.210	4.212
7.211	4.213
7.211	4.213
7.212	4.213
7.212	4.213
7.212	4.214
7.213	4.214
7.213	4.214
7.214	4.214
7.214	4.215
7.215	4.215
7.215	4.215
7.216	4.215
7.216	4.215
7.216	4.216
7.217	4.216
7.217	4.216
7.218	4.216
7.218	4.217
7.219	4.217
7.219	4.217
7.220	4.217
7.220	4.217
7.221	4.218
7.221	4.218
7.221	4.218
7.222	4.218
7.222	4.219
7.223	4.219
7.223	4.219
7.224	4.219
7.224	4.219
7.225	4.220
7.225	4.220
7.225	4.220
7.226	4.220
7.226	4.221
7.227	4.221
7.227	4.221
7.228	4.221
7.228	4.222
7.229	4.222
7.229	4.222
7.230	4.222
7.230	4.222
7.230	4.223
7.231	4.223
7.231	4.223
7.232	4.223
7.232	4.224
7.233	4.224
7.233	4.224
7.234	4.224
7.234	4.224
7.234	4.225
7.235	4.225
7.235	4.225
7.236	4.225
7.236	4.226
7.237	4.226
7.237	4.226
7.238	4.226
7.238	4.227
7.239	4.227
7.239	4.227
7.239	4.227
7.240	4.227
7.240	4.228
7.241	4.228
7.241	4.228
7.241	4.228
7.242	4.228
7.242	4.229
7.243	4.229
7.243	4.229
7.243	4.229
7.244	4.230
7.244	4.230
7.245	4.230
7.245	4.230
7.246	4.231
7.246	4.231
7.246	4.231
7.247	4.231
7.247	4.232
7.248	4.232
7.248	4.232
7.249	4.232
7.249	4.233
7.249	4.233
7.250	4.233
7.250	4.233
7.251	4.234
7.251	4.234
7.252	4.234
7.252	4.234
7.252	4.235
7.253	4.235
7.253	4.235
7.254	4.236
7.254	4.236
7.255	4.236
7.255	4.236
7.256	4.237
7.256	4.237
7.256	4.237
7.257	4.237
7.257	4.238
7.258	4.238
7.258	4.238
7.259	4.238
7.259	4.239
7.259	4.239
7.260	4.239
7.260	4.239
7.261	4.240
7.261	4.240
7.262	4.240
7.262	4.240
7.262	4.241
7.263	4.241
7.263	4.241
7.264	4.241
7.264	4.242
7.265	4.242
7.265	4.242
7.266	4.242
7.266	4.243
7.266	4.243
7.267	4.243
7.267	4.243
7.268	4.244
7.268	4.244
7.269	4.244
7.269	4.244
7.269	4.245
7.270	4.245
7.270	4.245
7.271	4.245
7.271	4.246
7.272	4.246
7.272	4.246
7.272	4.246
7.273	4.247
7.273	4.247
7.274	4.247
7.274	4.248
7.275	4.248
7.275	4.248
7.275	4.248
7.276	4.249
7.276	4.249
7.277	4.249
7.277	4.249
7.278	4.250
7.278	4.250
7.279	4.250
7.279	4.250
7.279	4.251
7.280	4.251
7.280	4.251
7.281	4.251
7.281	4.252
7.282	4.252
7.282	4.252
7.282	4.252
7.283	4.253
7.283	4.253
7.284	4.253
7.284	4.253
7.285	4.254
7.285	4.254
7.285	4.254
7.286	4.254
7.286	4.255
7.287	4.255
7.287	4.255
7.288	4.255
7.288	4.256
7.289	4.256
7.289	4.256
7.289	4.256
7.290	4.257
7.290	4.257
7.291	4.257
7.291	4.257
7.292	4.258
7.292	4.258
7.292	4.258
7.293	4.258
7.293	4.259
7.294	4.259
7.294	4.259
7.295	4.259
7.295	4.260
7.295	4.260
7.296	4.260
7.296	4.261
7.297	4.261
7.297	4.261
7.298	4.261
7.298	4.262
7.299	4.262
7.299	4.262
7.299	4.262
7.300	4.263
7.300	4.263
7.301	4.263
7.301	4.263
7.302	4.264
7.302	4.264
7.302	4.264
7.303	4.264
7.303	4.265
7.304	4.265
7.304	4.265
7.305	4.265
7.305	4.266
7.305	4.266
7.306	4.266
7.306	4.266
7.307	4.267
7.307	4.267
7.308	4.267
7.308	4.267
7.308	4.268
7.309	4.268
7.309	4.268
7.310	4.268
7.310	4.269
7.311	4.269
7.311	4.269
7.312	4.269
7.312	4.270
7.312	4.270
7.313	4.270
7.313	4.270
7.314	4.271
7.314	4.271
7.315	4.271
7.315	4.271
7.315	4.272
7.316	4.272
7.316	4.272
7.317	4.273
7.317	4.273
7.318	4.273
7.318	4.273
7.318	4.274
7.319	4.274
7.319	4.274
7.320	4.274
7.320	4.275
7.321	4.275
7.321	4.275
7.322	4.275
7.322	4.276
7.322	4.276
7.323	4.276
7.323	4.276
7.324	4.277
7.324	4.277
7.325	4.277
7.325	4.277
7.325	4.278
7.326	4.278
7.326	4.278
7.327	4.278
7.327	4.279
7.328	4.279
7.328	4.279
7.328	4.279
7.329	4.280
7.329	4.280
7.330	4.280
7.330	4.280
7.331	4.281
7.331	4.281
7.331	4.281
7.332	4.281
7.332	4.282
7.333	4.282
7.333	4.282
7.334	4.282
7.334	4.283
7.335	4.283
7.335	4.283
7.335	4.283
7.336	4.284
7.336	4.284
7.337	4.284
7.337	4.285
7.338	4.285
7.338	4.285
7.338	4.285
7.339	4.286
7.339	4.286
7.340	4.286
7.340	4.286
7.341	4.287
7.341	4.287
7.341	4.287
7.342	4.287
7.342	4.288
7.343	4.288
7.343	4.288
7.344	4.288
7.344	4.289
7.345	4.289
7.345	4.289
7.345	4.289
7.346	4.290
7.346	4.290
7.347	4.290
7.347	4.290
7.348	4.291
7.348	4.291
7.348	4.291
7.349	4.291
7.349	4.292
7.350	4.292
7.350	4.292
7.351	4.292
7.351	4.293
7.351	4.293
7.352	4.293
7.352	4.293
7.353	4.294
7.353	4.294
7.354	4.294
7.354	4.294
7.355	4.295
7.355	4.295
7.355	4.295
7.356	4.295
7.356	4.296
7.357	4.296
7.357	4.296
7.358	4.296
7.358	4.297
7.358	4.297
7.359	4.297
7.359	4.298
7.360	4.298
7.360	4.298
7.361	4.298
7.361	4.299
7.361	4.299
7.362	4.299
7.362	4.299
7.363	4.300
7.363	4.300
7.364	4.300
7.364	4.300
7.364	4.301
7.365	4.301
7.365	4.301
7.366	4.301
7.366	4.302
7.367	4.302
7.367	4.302
7.368	4.302
7.368	4.303
7.368	4.303
7.369	4.303
7.369	4.303
7.370	4.304
7.370	4.304
7.371	4.304
7.371	4.304
7.371	4.305
7.372	4.305
7.372	4.305
7.373	4.305
7.373	4.306
7.374	4.306
7.374	4.306
7.374	4.306
7.375	4.307
7.375	4.307
7.376	4.307
7.376	4.307
7.377	4.308
7.377	4.308
7.378	4.308
7.378	4.308
7.378	4.309
7.379	4.309
7.379	4.309
7.380	4.310
7.380	4.310
7.381	4.310
7.381	4.310
7.381	4.311
7.382	4.311
7.382	4.311
7.383	4.311
7.383	4.312
7.384	4.312
7.384	4.312
7.384	4.312
7.385	4.313
7.385	4.313
7.386	4.313
7.386	4.313
7.387	4.314
7.387	4.314
7.387	4.314
7.388	4.314
7.388	4.315
7.389	4.315
7.389	4.315
7.390	4.315
7.390	4.316
7.391	4.316
7.391	4.316
7.391	4.316
7.392	4.317
7.392	4.317
7.393	4.317
7.393	4.317
7.394	4.318
7.394	4.318
7.394	4.318
7.395	4.318
7.395	4.319
7.396	4.319
7.396	4.319
7.397	4.319
7.397	4.320
7.397	4.320
7.398	4.320
7.398	4.320
7.399	4.321
7.399	4.321
7.400	4.321
7.400	4.322
7.401	4.322
7.401	4.322
7.401	4.322
7.402	4.323
7.402	4.323
7.403	4.323
7.403	4.323
7.404	4.324
7.404	4.324
7.404	4.324
7.405	4.324
7.405	4.325
7.406	4.325
7.406	4.325
7.407	4.325
7.407	4.326
7.407	4.326
7.408	4.326
7.408	4.326
7.409	4.327
7.409	4.327
7.410	4.327
7.410	4.327
7.411	4.328
7.411	4.328
7.411	4.328
7.412	4.328
7.412	4.329
7.413	4.329
7.413	4.329
7.414	4.329
7.414	4.330
7.414	4.330
7.415	4.330
7.415	4.330
7.416	4.331
7.416	4.331
7.417	4.331
7.417	4.331
7.417	4.332
7.418	4.332
7.418	4.332
7.419	4.332
7.419	4.333
7.420	4.333
7.420	4.333
7.420	4.334
7.421	4.334
7.421	4.334
7.421	4.334
7.422	4.334
7.422	4.335
7.423	4.335
7.423	4.335
7.423	4.335
7.424	4.336
7.424	4.336
7.425	4.336
7.425	4.337
7.426	4.337
7.426	4.337
7.426	4.337
7.427	4.338
7.427	4.338
7.428	4.338
7.428	4.338
7.428	4.339
7.429	4.339
7.429	4.339
7.430	4.340
7.430	4.340
7.431	4.340
7.431	4.340
7.431	4.341
7.432	4.341
7.432	4.341
7.433	4.342
7.433	4.342
7.434	4.342
7.434	4.342
7.434	4.343
7.435	4.343
7.435	4.343
7.436	4.344
7.436	4.344
7.436	4.344
7.437	4.344
7.437	4.345
7.438	4.345
7.438	4.345
7.439	4.345
7.439	4.346
7.439	4.346
7.440	4.346
7.440	4.347
7.441	4.347
7.441	4.347
7.442	4.347
7.442	4.348
7.442	4.348
7.443	4.348
7.443	4.349
7.444	4.349
7.444	4.349
7.444	4.349
7.445	4.350
7.445	4.350
7.446	4.350
7.446	4.351
7.447	4.351
7.447	4.351
7.447	4.351
7.448	4.352
7.448	4.352
7.449	4.352
7.449	4.352
7.450	4.353
7.450	4.353
7.450	4.353
7.451	4.354
7.451	4.354
7.452	4.354
7.452	4.354
7.452	4.355
7.453	4.355
7.453	4.355
7.454	4.356
7.454	4.356
7.455	4.356
7.455	4.356
7.455	4.357
7.456	4.357
7.456	4.357
7.457	4.357
7.457	4.358
7.457	4.358
7.458	4.358
7.458	4.359
7.459	4.359
7.459	4.359
7.460	4.359
7.460	4.360
7.460	4.360
7.461	4.360
7.461	4.361
7.462	4.361
7.462	4.361
7.463	4.361
7.463	4.362
7.463	4.362
7.464	4.362
7.464	4.363
7.465	4.363
7.465	4.363
7.465	4.363
7.466	4.364
7.466	4.364
7.467	4.364
7.467	4.364
7.468	4.365
7.468	4.365
7.468	4.365
7.469	4.366
7.469	4.366
7.470	4.366
7.470	4.366
7.471	4.367
7.471	4.367
7.471	4.367
7.472	4.368
7.472	4.368
7.473	4.368
7.473	4.368
7.473	4.369
7.474	4.369
7.474	4.369
7.475	4.370
7.475	4.370
7.476	4.370
7.476	4.370
7.476	4.371
7.477	4.371
7.477	4.371
7.478	4.371
7.478	4.372
7.478	4.372
7.479	4.372
7.479	4.373
7.480	4.373
7.480	4.373
7.481	4.373
7.481	4.374
7.481	4.374
7.482	4.374
7.482	4.375
7.483	4.375
7.483	4.375
7.484	4.375
7.484	4.376
7.484	4.376
7.485	4.376
7.485	4.377
7.486	4.377
7.486	4.377
7.486	4.377
7.487	4.378
7.487	4.378
7.488	4.378
7.488	4.378
7.489	4.379
7.489	4.379
7.489	4.379
7.490	4.380
7.490	4.380
7.491	4.380
7.491	4.380
7.492	4.381
7.492	4.381
7.492	4.381
7.493	4.382
7.493	4.382
7.494	4.382
7.494	4.382
7.494	4.383
7.495	4.383
7.495	4.383
7.496	4.384
7.496	4.384
7.497	4.384
7.497	4.384
7.497	4.385
7.498	4.385
7.498	4.385
7.499	4.385
7.499	4.386
7.499	4.386
7.500	4.386
7.500	4.387
7.501	4.387
7.501	4.387
7.502	4.387
7.502	4.388
7.502	4.388
7.503	4.388
7.503	4.389
7.504	4.389
7.504	4.389
7.505	4.389
7.505	4.390
7.505	4.390
7.506	4.390
7.506	4.390
7.507	4.391
7.507	4.391
7.507	4.391
7.508	4.392
7.508	4.392
7.509	4.392
7.509	4.392
7.510	4.393
7.510	4.393
7.510	4.393
7.511	4.394
7.511	4.394
7.512	4.394
7.512	4.394
7.513	4.395
7.513	4.395
7.513	4.395
7.514	4.396
7.514	4.396
7.515	4.396
7.515	4.396
7.515	4.397
7.516	4.397
7.516	4.397
7.517	4.397
7.517	4.398
7.518	4.398
7.518	4.398
7.518	4.399
7.519	4.399
7.519	4.399
7.520	4.399
7.520	4.400
7.520	4.400
7.521	4.400
7.521	4.401
7.522	4.401
7.522	4.401
7.523	4.401
7.523	4.402
7.523	4.402
7.524	4.402
7.524	4.403
7.525	4.403
7.525	4.403
7.526	4.403
7.526	4.404
7.526	4.404
7.527	4.404
7.527	4.404
7.528	4.405
7.528	4.405
7.528	4.405
7.529	4.406
7.529	4.406
7.530	4.406
7.530	4.406
7.531	4.407
7.531	4.407
7.531	4.407
7.532	4.408
7.532	4.408
7.533	4.408
7.533	4.408
7.534	4.409
7.534	4.409
7.534	4.409
7.535	4.410
7.535	4.410
7.536	4.410
7.536	4.410
7.536	4.411
7.537	4.411
7.537	4.411
7.538	4.411
7.538	4.412
7.539	4.412
7.539	4.412
7.539	4.413
7.540	4.413
7.540	4.413
7.541	4.413
7.541	4.414
7.541	4.414
7.542	4.414
7.542	4.415
7.543	4.415
7.543	4.415
7.544	4.415
7.544	4.416
7.544	4.416
7.545	4.416
7.545	4.416
7.546	4.417
7.546	4.417
7.547	4.417
7.547	4.418
7.547	4.418
7.548	4.418
7.548	4.418
7.549	4.419
7.549	4.419
7.549	4.419
7.550	4.420
7.550	4.420
7.551	4.420
7.551	4.420
7.552	4.421
7.552	4.421
7.552	4.421
7.553	4.422
7.553	4.422
7.554	4.422
7.554	4.422
7.555	4.423
7.555	4.423
7.555	4.423
7.556	4.423
7.556	4.424
7.557	4.424
7.557	4.424
7.557	4.425
7.558	4.425
7.558	4.425
7.559	4.425
7.559	4.426
7.560	4.426
7.560	4.426
7.560	4.427
7.561	4.427
7.561	4.427
7.562	4.427
7.562	4.428
7.562	4.428
7.563	4.428
7.563	4.429
7.564	4.429
7.564	4.429
7.565	4.429
7.565	4.430
7.565	4.430
7.566	4.430
7.566	4.430
7.567	4.431
7.567	4.431
7.568	4.431
7.568	4.432
7.568	4.432
7.569	4.432
7.569	4.432
7.570	4.433
7.570	4.433
7.570	4.433
7.571	4.434
7.571	4.434
7.572	4.434
7.572	4.434
7.573	4.435
7.573	4.435
7.573	4.435
7.574	4.436
7.574	4.436
7.575	4.436
7.575	4.436
7.576	4.437
7.576	4.437
7.576	4.437
7.577	4.437
7.577	4.438
7.578	4.438
7.578	4.438
7.578	4.439
7.579	4.439
7.579	4.439
7.580	4.439
7.580	4.440
7.581	4.440
7.581	4.440
7.581	4.441
7.582	4.441
7.582	4.441
7.583	4.441
7.583	4.442
7.583	4.442
7.584	4.442
7.584	4.442
7.585	4.443
7.585	4.443
7.586	4.443
7.586	4.444
7.586	4.444
7.587	4.444
7.587	4.444
7.588	4.445
7.588	4.445
7.589	4.445
7.589	4.446
7.589	4.446
7.590	4.446
7.590	4.446
7.591	4.447
7.591	4.447
7.591	4.447
7.592	4.448
7.592	4.448
7.593	4.448
7.593	4.448
7.594	4.449
7.594	4.449
7.594	4.449
7.595	4.449
7.595	4.450
7.596	4.450
7.596	4.450
7.597	4.451
7.597	4.451
7.597	4.451
7.598	4.451
7.598	4.452
7.599	4.452
7.599	4.452
7.599	4.453
7.600	4.453
7.600	4.453
7.601	4.453
7.601	4.454
7.602	4.454
7.602	4.454
7.602	4.455
7.603	4.455
7.603	4.455
7.604	4.455
7.604	4.456
7.605	4.456
7.605	4.456
7.605	4.456
7.606	4.457
7.606	4.457
7.607	4.457
7.607	4.458
7.607	4.458
7.608	4.458
7.608	4.458
7.609	4.459
7.609	4.459
7.609	4.459
7.610	4.459
7.610	4.460
7.610	4.460
7.611	4.460
7.611	4.460
7.612	4.461
7.612	4.461
7.612	4.461
7.613	4.462
7.613	4.462
7.614	4.462
7.614	4.463
7.614	4.463
7.615	4.463
7.615	4.463
7.616	4.464
7.616	4.464
7.617	4.464
7.617	4.465
7.617	4.465
7.618	4.465
7.618	4.465
7.619	4.466
7.619	4.466
7.619	4.466
7.620	4.467
7.620	4.467
7.621	4.467
7.621	4.468
7.621	4.468
7.622	4.468
7.622	4.468
7.623	4.469
7.623	4.469
7.623	4.469
7.624	4.470
7.624	4.470
7.625	4.470
7.625	4.470
7.626	4.471
7.626	4.471
7.626	4.471
7.627	4.472
7.627	4.472
7.628	4.472
7.628	4.473
7.628	4.473
7.629	4.473
7.629	4.473
7.630	4.474
7.630	4.474
7.630	4.474
7.631	4.475
7.631	4.475
7.632	4.475
7.632	4.475
7.633	4.476
7.633	4.476
7.633	4.476
7.634	4.477
7.634	4.477
7.635	4.477
7.635	4.478
7.635	4.478
7.636	4.478
7.636	4.478
7.637	4.479
7.637	4.479
7.637	4.479
7.638	4.480
7.638	4.480
7.639	4.480
7.639	4.481
7.640	4.481
7.640	4.481
7.640	4.481
7.641	4.482
7.641	4.482
7.642	4.482
7.642	4.483
7.642	4.483
7.643	4.483
7.643	4.483
7.644	4.484
7.644	4.484
7.644	4.484
7.645	4.485
7.645	4.485
7.646	4.485
7.646	4.486
7.647	4.486
7.647	4.486
7.647	4.486
7.648	4.487
7.648	4.487
7.649	4.487
7.649	4.488
7.649	4.488
7.650	4.488
7.650	4.488
7.651	4.489
7.651	4.489
7.651	4.489
7.652	4.490
7.652	4.490
7.653	4.490
7.653	4.491
7.654	4.491
7.654	4.491
7.654	4.491
7.655	4.492
7.655	4.492
7.656	4.492
7.656	4.493
7.656	4.493
7.657	4.493
7.657	4.493
7.658	4.494
7.658	4.494
7.658	4.494
7.659	4.495
7.659	4.495
7.660	4.495
7.660	4.496
7.660	4.496
7.661	4.496
7.661	4.496
7.662	4.497
7.662	4.497
7.663	4.497
7.663	4.498
7.663	4.498
7.664	4.498
7.664	4.498
7.665	4.499
7.665	4.499
7.665	4.499
7.666	4.500
7.666	4.500
7.667	4.500
7.667	4.500
7.667	4.501
7.667	4.501
7.668	4.501
7.668	4.501
7.669	4.502
7.669	4.502
7.670	4.502
7.670	4.503
7.670	4.503
7.671	4.503
7.671	4.504
7.672	4.504
7.672	4.504
7.672	4.504
7.673	4.505
7.673	4.505
7.674	4.505
7.674	4.506
7.674	4.506
7.675	4.506
7.675	4.507
7.676	4.507
7.676	4.507
7.676	4.507
7.677	4.508
7.677	4.508
7.678	4.508
7.678	4.509
7.678	4.509
7.679	4.509
7.679	4.510
7.680	4.510
7.680	4.510
7.680	4.510
7.681	4.511
7.681	4.511
7.682	4.511
7.682	4.512
7.683	4.512
7.683	4.512
7.683	4.512
7.684	4.513
7.684	4.513
7.685	4.513
7.685	4.514
7.685	4.514
7.686	4.514
7.686	4.515
7.687	4.515
7.687	4.515
7.687	4.515
7.688	4.516
7.688	4.516
7.689	4.516
7.689	4.517
7.689	4.517
7.690	4.517
7.690	4.518
7.691	4.518
7.691	4.518
7.691	4.518
7.692	4.519
7.692	4.519
7.693	4.519
7.693	4.520
7.694	4.520
7.694	4.520
7.694	4.521
7.695	4.521
7.695	4.521
7.696	4.521
7.696	4.522
7.696	4.522
7.697	4.522
7.697	4.523
7.698	4.523
7.698	4.523
7.698	4.524
7.699	4.524
7.699	4.524
7.700	4.524
7.700	4.525
7.700	4.525
7.701	4.525
7.701	4.526
7.702	4.526
7.702	4.526
7.702	4.527
7.703	4.527
7.703	4.527
7.704	4.527
7.704	4.528
7.705	4.528
7.705	4.528
7.705	4.529
7.706	4.529
7.706	4.529
7.707	4.530
7.707	4.530
7.707	4.530
7.708	4.530
7.708	4.531
7.709	4.531
7.709	4.531
7.709	4.532
7.710	4.532
7.710	4.532
7.711	4.533
7.711	4.533
7.711	4.533
7.712	4.533
7.712	4.534
7.713	4.534
7.713	4.534
7.713	4.535
7.714	4.535
7.714	4.535
7.715	4.535
7.715	4.536
7.715	4.536
7.716	4.536
7.716	4.537
7.717	4.537
7.717	4.537
7.718	4.538
7.718	4.538
7.718	4.538
7.719	4.538
7.719	4.539
7.720	4.539
7.720	4.539
7.720	4.540
7.721	4.540
7.721	4.540
7.722	4.541
7.722	4.541
7.722	4.541
7.723	4.541
7.723	4.542
7.724	4.542
7.724	4.542
7.724	4.543
7.725	4.543
7.725	4.543
7.726	4.544
7.726	4.544
7.726	4.544
7.727	4.544
7.727	4.545
7.728	4.545
7.728	4.545
7.729	4.546
7.729	4.546
7.729	4.546
7.730	4.547
7.730	4.547
7.731	4.547
7.731	4.547
7.731	4.548
7.732	4.548
7.732	4.548
7.733	4.549
7.733	4.549
7.733	4.549
7.734	4.550
7.734	4.550
7.735	4.550
7.735	4.550
7.735	4.551
7.736	4.551
7.736	4.551
7.737	4.552
7.737	4.552
7.737	4.552
7.738	4.553
7.738	4.553
7.739	4.553
7.739	4.553
7.739	4.554
7.740	4.554
7.740	4.554
7.741	4.555
7.741	4.555
7.742	4.555
7.742	4.556
7.742	4.556
7.743	4.556
7.743	4.556
7.744	4.557
7.744	4.557
7.744	4.557
7.745	4.558
7.745	4.558
7.746	4.558
7.746	4.559
7.746	4.559
7.747	4.559
7.747	4.559
7.748	4.560
7.748	4.560
7.748	4.560
7.749	4.561
7.749	4.561
7.750	4.561
7.750	4.561
7.750	4.562
7.751	4.562
7.751	4.562
7.752	4.563
7.752	4.563
7.753	4.563
7.753	4.564
7.753	4.564
7.754	4.564
7.754	4.564
7.755	4.565
7.755	4.565
7.755	4.565
7.756	4.566
7.756	4.566
7.757	4.566
7.757	4.567
7.757	4.567
7.758	4.567
7.758	4.567
7.759	4.568
7.759	4.568
7.759	4.568
7.760	4.569
7.760	4.569
7.761	4.569
7.761	4.570
7.761	4.570
7.762	4.570
7.762	4.570
7.763	4.571
7.763	4.571
7.764	4.571
7.764	4.572
7.764	4.572
7.765	4.572
7.765	4.573
7.766	4.573
7.766	4.573
7.766	4.573
7.766	4.573
7.767	4.574
7.767	4.574
7.768	4.574
7.768	4.575
7.768	4.575
7.769	4.575
7.769	4.576
7.770	4.576
7.770	4.576
7.770	4.576
7.771	4.577
7.771	4.577
7.772	4.577
7.772	4.578
7.772	4.578
7.773	4.578
7.773	4.579
7.774	4.579
7.774	4.579
7.774	4.579
7.775	4.580
7.775	4.580
7.776	4.580
7.776	4.581
7.776	4.581
7.777	4.581
7.777	4.582
7.778	4.582
7.778	4.582
7.779	4.582
7.779	4.583
7.779	4.583
7.780	4.583
7.780	4.584
7.781	4.584
7.781	4.584
7.781	4.585
7.782	4.585
7.782	4.585
7.783	4.585
7.783	4.586
7.783	4.586
7.784	4.586
7.784	4.587
7.785	4.587
7.785	4.587
7.785	4.588
7.786	4.588
7.786	4.588
7.787	4.588
7.787	4.589
7.787	4.589
7.788	4.589
7.788	4.590
7.789	4.590
7.789	4.590
7.789	4.591
7.790	4.591
7.790	4.591
7.791	4.591
7.791	4.592
7.791	4.592
7.792	4.592
7.792	4.593
7.793	4.593
7.793	4.593
7.794	4.594
7.794	4.594
7.794	4.594
7.795	4.594
7.795	4.595
7.796	4.595
7.796	4.595
7.796	4.596
7.797	4.596
7.797	4.596
7.798	4.597
7.798	4.597
7.798	4.597
7.799	4.597
7.799	4.598
7.800	4.598
7.800	4.598
7.800	4.599
7.801	4.599
7.801	4.599
7.802	4.600
7.802	4.600
7.802	4.600
7.803	4.600
7.803	4.601
7.804	4.601
7.804	4.601
7.804	4.602
7.805	4.602
7.805	4.602
7.806	4.603
7.806	4.603
7.806	4.603
7.807	4.603
7.807	4.604
7.808	4.604
7.808	4.604
7.809	4.605
7.809	4.605
7.809	4.605
7.810	4.606
7.810	4.606
7.811	4.606
7.811	4.606
7.811	4.607
7.812	4.607
7.812	4.607
7.813	4.608
7.813	4.608
7.813	4.608
7.814	4.609
7.814	4.609
7.815	4.609
7.815	4.609
7.815	4.610
7.816	4.610
7.816	4.610
7.817	4.611
7.817	4.611
7.817	4.611
7.818	4.612
7.818	4.612
7.819	4.612
7.819	4.612
7.819	4.613
7.820	4.613
7.820	4.613
7.821	4.614
7.821	4.614
7.821	4.614
7.822	4.615
7.822	4.615
7.823	4.615
7.823	4.615
7.824	4.616
7.824	4.616
7.824	4.616
7.825	4.617
7.825	4.617
7.826	4.617
7.826	4.618
7.826	4.618
7.827	4.618
7.827	4.618
7.828	4.619
7.828	4.619
7.828	4.619
7.829	4.620
7.829	4.620
7.830	4.620
7.830	4.621
7.830	4.621
7.831	4.621
7.831	4.621
7.832	4.622
7.832	4.622
7.832	4.622
7.833	4.623
7.833	4.623
7.834	4.623
7.834	4.624
7.834	4.624
7.835	4.624
7.835	4.625
7.836	4.625
7.836	4.625
7.836	4.625
7.837	4.626
7.837	4.626
7.838	4.626
7.838	4.627
7.839	4.627
7.839	4.627
7.839	4.628
7.840	4.628
7.840	4.628
7.841	4.628
7.841	4.629
7.841	4.629
7.842	4.629
7.842	4.630
7.843	4.630
7.843	4.630
7.843	4.631
7.844	4.631
7.844	4.631
7.845	4.631
7.845	4.632
7.845	4.632
7.846	4.632
7.846	4.633
7.847	4.633
7.847	4.633
7.847	4.634
7.848	4.634
7.848	4.634
7.849	4.634
7.849	4.635
7.849	4.635
7.850	4.635
7.850	4.636
7.851	4.636
7.851	4.636
7.851	4.637
7.852	4.637
7.852	4.637
7.853	4.637
7.853	4.638
7.854	4.638
7.854	4.638
7.854	4.639
7.855	4.639
7.855	4.639
7.856	4.640
7.856	4.640
7.856	4.640
7.857	4.640
7.857	4.641
7.858	4.641
7.858	4.641
7.858	4.642
7.859	4.642
7.859	4.642
7.860	4.643
7.860	4.643
7.860	4.643
7.861	4.643
7.861	4.644
7.862	4.644
7.862	4.644
7.862	4.645
7.863	4.645
7.863	4.645
7.864	4.646
7.864	4.646
7.864	4.646
7.865	4.646
7.865	4.647
7.866	4.647
7.866	4.647
7.866	4.648
7.867	4.648
7.867	4.648
7.868	4.649
7.868	4.649
7.869	4.649
7.869	4.649
7.869	4.650
7.870	4.650
7.870	4.650
7.871	4.651
7.871	4.651
7.871	4.651
7.872	4.652
7.872	4.652
7.873	4.652
7.873	4.652
7.873	4.653
7.874	4.653
7.874	4.653
7.875	4.654
7.875	4.654
7.875	4.654
7.876	4.655
7.876	4.655
7.877	4.655
7.877	4.655
7.877	4.656
7.878	4.656
7.878	4.656
7.879	4.657
7.879	4.657
7.879	4.657
7.880	4.658
7.880	4.658
7.881	4.658
7.881	4.658
7.881	4.659
7.881	4.659
7.882	4.659
7.882	4.659
7.883	4.660
7.883	4.660
7.883	4.660
7.884	4.661
7.884	4.661
7.885	4.661
7.885	4.661
7.886	4.662
7.886	4.662
7.886	4.662
7.887	4.663
7.887	4.663
7.888	4.663
7.888	4.664
7.888	4.664
7.889	4.664
7.889	4.664
7.890	4.665
7.890	4.665
7.890	4.665
7.891	4.666
7.891	4.666
7.892	4.666
7.892	4.667
7.892	4.667
7.893	4.667
7.893	4.667
7.894	4.668
7.894	4.668
7.894	4.668
7.895	4.669
7.895	4.669
7.896	4.669
7.896	4.670
7.896	4.670
7.897	4.670
7.897	4.671
7.898	4.671
7.898	4.671
7.898	4.671
7.899	4.672
7.899	4.672
7.900	4.672
7.900	4.673
7.900	4.673
7.901	4.673
7.901	4.674
7.902	4.674
7.902	4.674
7.902	4.674
7.903	4.675
7.903	4.675
7.904	4.675
7.904	4.676
7.904	4.676
7.905	4.676
7.905	4.677
7.906	4.677
7.906	4.677
7.906	4.677
7.907	4.678
7.907	4.678
7.908	4.678
7.908	4.679
7.909	4.679
7.909	4.679
7.909	4.680
7.910	4.680
7.910	4.680
7.911	4.680
7.911	4.681
7.911	4.681
7.912	4.681
7.912	4.682
7.913	4.682
7.913	4.682
7.913	4.683
7.914	4.683
7.914	4.683
7.915	4.683
7.915	4.684
7.915	4.684
7.916	4.684
7.916	4.685
7.917	4.685
7.917	4.685
7.917	4.686
7.918	4.686
7.918	4.686
7.919	4.686
7.919	4.687
7.919	4.687
7.920	4.687
7.920	4.688
7.921	4.688
7.921	4.688
7.921	4.689
7.922	4.689
7.922	4.689
7.923	4.690
7.923	4.690
7.923	4.690
7.924	4.690
7.924	4.691
7.925	4.691
7.925	4.691
7.925	4.692
7.926	4.692
7.926	4.692
7.927	4.693
7.927	4.693
7.927	4.693
7.928	4.693
7.928	4.694
7.929	4.694
7.929	4.694
7.929	4.695
7.930	4.695
7.930	4.695
7.931	4.696
7.931	4.696
7.932	4.696
7.932	4.696
7.932	4.697
7.933	4.697
7.933	4.697
7.934	4.698
7.934	4.698
7.934	4.698
7.935	4.699
7.935	4.699
7.936	4.699
7.936	4.699
7.936	4.700
7.937	4.700
7.937	4.700
7.938	4.701
7.938	4.701
7.938	4.701
7.939	4.702
7.939	4.702
7.940	4.702
7.940	4.702
7.940	4.703
7.941	4.703
7.941	4.703
7.942	4.704
7.942	4.704
7.942	4.704
7.943	4.705
7.943	4.705
7.944	4.705
7.944	4.705
7.944	4.706
7.945	4.706
7.945	4.706
7.946	4.707
7.946	4.707
7.946	4.707
7.947	4.708
7.947	4.708
7.948	4.708
7.948	4.708
7.948	4.709
7.949	4.709
7.949	4.709
7.950	4.710
7.950	4.710
7.950	4.710
7.951	4.711
7.951	4.711
7.952	4.711
7.952	4.712
7.952	4.712
7.953	4.712
7.953	4.712
7.954	4.713
7.954	4.713
7.955	4.713
7.955	4.714
7.955	4.714
7.956	4.714
7.956	4.715
7.957	4.715
7.957	4.715
7.957	4.715
7.958	4.716
7.958	4.716
7.959	4.716
7.959	4.717
7.959	4.717
7.960	4.717
7.960	4.718
7.961	4.718
7.961	4.718
7.961	4.718
7.962	4.719
7.962	4.719
7.963	4.719
7.963	4.720
7.963	4.720
7.964	4.720
7.964	4.721
7.965	4.721
7.965	4.721
7.965	4.721
7.966	4.722
7.966	4.722
7.967	4.722
7.967	4.723
7.967	4.723
7.968	4.723
7.968	4.724
7.969	4.724
7.969	4.724
7.969	4.724
7.970	4.725
7.970	4.725
7.971	4.725
7.971	4.726
7.971	4.726
7.972	4.726
7.972	4.727
7.973	4.727
7.973	4.727
7.973	4.727
7.974	4.728
7.974	4.728
7.975	4.728
7.975	4.729
7.975	4.729
7.976	4.729
7.976	4.730
7.977	4.730
7.977	4.730
7.978	4.731
7.978	4.731
7.978	4.731
7.979	4.731
7.979	4.732
7.980	4.732
7.980	4.732
7.980	4.733
7.981	4.733
7.981	4.733
7.982	4.734
7.982	4.734
7.982	4.734
7.983	4.734
7.983	4.735
7.984	4.735
7.984	4.735
7.984	4.736
7.985	4.736
7.985	4.736
7.986	4.737
7.986	4.737
7.986	4.737
7.987	4.737
7.987	4.738
7.988	4.738
7.988	4.738
7.988	4.739
7.989	4.739
7.989	4.739
7.990	4.740
7.990	4.740
7.990	4.740
7.991	4.740
7.991	4.741
7.992	4.741
7.992	4.741
7.992	4.742
7.993	4.742
7.993	4.742
7.994	4.743
7.994	4.743
7.994	4.743
7.995	4.743
7.995	4.744
7.996	4.744
7.996	4.744
7.996	4.745
7.997	4.745
7.997	4.745
7.998	4.746
7.998	4.746
7.998	4.746
7.998	4.746
7.999	4.746
7.999	4.747
8.000	4.747
8.000	4.747
8.001	4.748
8.001	4.748
8.001	4.748
8.002	4.749
8.002	4.749
8.003	4.749
8.003	4.749
8.003	4.750
8.004	4.750
8.004	4.750
8.005	4.751
8.005	4.751
8.005	4.751
8.006	4.752
8.006	4.752
8.007	4.752
8.007	4.752
8.007	4.753
8.008	4.753
8.008	4.753
8.009	4.754
8.009	4.754
8.009	4.754
8.010	4.755
8.010	4.755
8.011	4.755
8.011	4.755
8.011	4.756
8.012	4.756
8.012	4.756
8.013	4.757
8.013	4.757
8.013	4.757
8.014	4.758
8.014	4.758
8.015	4.758
8.015	4.758
8.016	4.759
8.016	4.759
8.016	4.759
8.017	4.760
8.017	4.760
8.018	4.760
8.018	4.761
8.018	4.761
8.019	4.761
8.019	4.761
8.020	4.762
8.020	4.762
8.020	4.762
8.021	4.763
8.021	4.763
8.022	4.763
8.022	4.764
8.022	4.764
8.023	4.764
8.023	4.764
8.024	4.765
8.024	4.765
8.024	4.765
8.025	4.766
8.025	4.766
8.026	4.766
8.026	4.767
8.026	4.767
8.027	4.767
8.027	4.767
8.028	4.768
8.028	4.768
8.028	4.768
8.029	4.769
8.029	4.769
8.030	4.769
8.030	4.770
8.030	4.770
8.031	4.770
8.031	4.770
8.032	4.771
8.032	4.771
8.033	4.771
8.033	4.772
8.033	4.772
8.034	4.772
8.034	4.773
8.035	4.773
8.035	4.773
8.035	4.773
8.036	4.774
8.036	4.774
8.037	4.774
8.037	4.775
8.037	4.775
8.038	4.775
8.038	4.775
8.039	4.776
8.039	4.776
8.039	4.776
8.040	4.777
8.040	4.777
8.041	4.777
8.041	4.778
8.041	4.778
8.042	4.778
8.042	4.778
8.043	4.779
8.043	4.779
8.043	4.779
8.044	4.780
8.044	4.780
8.045	4.780
8.045	4.781
8.045	4.781
8.046	4.781
8.046	4.781
8.047	4.782
8.047	4.782
8.048	4.782
8.048	4.783
8.048	4.783
8.049	4.783
8.049	4.784
8.050	4.784
8.050	4.784
8.050	4.784
8.051	4.785
8.051	4.785
8.052	4.785
8.052	4.786
8.052	4.786
8.053	4.786
8.053	4.787
8.054	4.787
8.054	4.787
8.054	4.787
8.055	4.788
8.055	4.788
8.056	4.788
8.056	4.789
8.056	4.789
8.057	4.789
8.057	4.790
8.058	4.790
8.058	4.790
8.058	4.790
8.059	4.791
8.059	4.791
8.060	4.791
8.060	4.792
8.060	4.792
8.061	4.792
8.061	4.793
8.062	4.793
8.062	4.793
8.062	4.793
8.063	4.794
8.063	4.794
8.064	4.794
8.064	4.795
8.065	4.795
8.065	4.795
8.065	4.796
8.066	4.796
8.066	4.796
8.067	4.796
8.067	4.797
8.067	4.797
8.068	4.797
8.068	4.798
8.069	4.798
8.069	4.798
8.069	4.799
8.070	4.799
8.070	4.799
8.071	4.799
8.071	4.800
8.071	4.800
8.072	4.800
8.072	4.801
8.073	4.801
8.073	4.801
8.073	4.802
8.074	4.802
8.074	4.802
8.075	4.802
8.075	4.803
8.075	4.803
8.076	4.803
8.076	4.804
8.077	4.804
8.077	4.804
8.077	4.805
8.078	4.805
8.078	4.805
8.079	4.805
8.079	4.806
8.080	4.806
8.080	4.806
8.080	4.807
8.081	4.807
8.081	4.807
8.082	4.807
8.082	4.808
8.082	4.808
8.083	4.808
8.083	4.809
8.084	4.809
8.084	4.809
8.084	4.810
8.085	4.810
8.085	4.810
8.086	4.810
8.086	4.811
8.086	4.811
8.087	4.811
8.087	4.812
8.088	4.812
8.088	4.812
8.088	4.813
8.089	4.813
8.089	4.813
8.090	4.813
8.090	4.814
8.090	4.814
8.091	4.814
8.091	4.815
8.092	4.815
8.092	4.815
8.092	4.816
8.093	4.816
8.093	4.816
8.094	4.816
8.094	4.817
8.094	4.817
8.095	4.817
8.095	4.818
8.096	4.818
8.096	4.818
8.097	4.819
8.097	4.819
8.097	4.819
8.098	4.819
8.098	4.820
8.099	4.820
8.099	4.820
8.099	4.821
8.100	4.821
8.100	4.821
8.101	4.822
8.101	4.822
8.101	4.822
8.102	4.822
8.102	4.823
8.103	4.823
8.103	4.823
8.103	4.824
8.104	4.824
8.104	4.824
8.105	4.825
8.105	4.825
8.105	4.825
8.106	4.825
8.106	4.826
8.107	4.826
8.107	4.826
8.107	4.827
8.108	4.827
8.108	4.827
8.109	4.828
8.109	4.828
8.109	4.828
8.110	4.828
8.110	4.829
8.111	4.829
8.111	4.829
8.112	4.830
8.112	4.830
8.112	4.830
8.113	4.831
8.113	4.831
8.114	4.831
8.114	4.831
8.114	4.832
8.115	4.832
8.115	4.832
8.116	4.833
8.116	4.833
8.116	4.833
8.117	4.834
8.117	4.834
8.118	4.834
8.118	4.834
8.118	4.835
8.119	4.835
8.119	4.835
8.120	4.836
8.120	4.836
8.120	4.836
8.121	4.836
8.121	4.837
8.122	4.837
8.122	4.837
8.122	4.838
8.123	4.838
8.123	4.838
8.124	4.839
8.124	4.839
8.124	4.839
8.125	4.839
8.125	4.840
8.126	4.840
8.126	4.840
8.126	4.841
8.127	4.841
8.127	4.841
8.128	4.842
8.128	4.842
8.129	4.842
8.129	4.842
8.129	4.843
8.130	4.843
8.130	4.843
8.131	4.844
8.131	4.844
8.131	4.844
8.132	4.845
8.132	4.845
8.133	4.845
8.133	4.845
8.133	4.846
8.134	4.846
8.134	4.846
8.135	4.847
8.135	4.847
8.135	4.847
8.136	4.848
8.136	4.848
8.137	4.848
8.137	4.848
8.137	4.849
8.138	4.849
8.138	4.849
8.139	4.850
8.139	4.850
8.139	4.850
8.140	4.851
8.140	4.851
8.141	4.851
8.141	4.851
8.141	4.852
8.142	4.852
8.142	4.852
8.143	4.853
8.143	4.853
8.144	4.853
8.144	4.854
8.144	4.854
8.145	4.854
8.145	4.854
8.146	4.855
8.146	4.855
8.146	4.855
8.147	4.856
8.147	4.856
8.148	4.856
8.148	4.857
8.148	4.857
8.149	4.857
8.149	4.857
8.150	4.858
8.150	4.858
8.150	4.858
8.151	4.859
8.151	4.859
8.152	4.859
8.152	4.860
8.152	4.860
8.153	4.860
8.153	4.860
8.154	4.861
8.154	4.861
8.154	4.861
8.155	4.862
8.155	4.862
8.156	4.862
8.156	4.863
8.156	4.863
8.157	4.863
8.157	4.863
8.158	4.864
8.158	4.864
8.158	4.864
8.159	4.865
8.159	4.865
8.160	4.865
8.160	4.866
8.161	4.866
8.161	4.866
8.161	4.866
8.162	4.867
8.162	4.867
8.163	4.867
8.163	4.868
8.163	4.868
8.164	4.868
8.164	4.868
8.165	4.869
8.165	4.869
8.165	4.869
8.166	4.870
8.166	4.870
8.167	4.870
8.167	4.871
8.167	4.871
8.168	4.871
8.168	4.871
8.169	4.872
8.169	4.872
8.169	4.872
8.170	4.873
8.170	4.873
8.171	4.873
8.171	4.874
8.171	4.874
8.172	4.874
8.172	4.874
8.173	4.875
8.173	4.875
8.173	4.875
8.174	4.876
8.174	4.876
8.175	4.876
8.175	4.877
8.176	4.877
8.176	4.877
8.176	4.877
8.177	4.878
8.177	4.878
8.178	4.878
8.178	4.879
8.178	4.879
8.179	4.879
8.179	4.880
8.180	4.880
8.180	4.880
8.180	4.880
8.181	4.881
8.181	4.881
8.182	4.881
8.182	4.882
8.182	4.882
8.183	4.882
8.183	4.883
8.184	4.883
8.184	4.883
8.184	4.883
8.185	4.884
8.185	4.884
8.186	4.884
8.186	4.885
8.186	4.885
8.187	4.885
8.187	4.886
8.188	4.886
8.188	4.886
8.188	4.886
8.189	4.887
8.189	4.887
8.190	4.887
8.190	4.888
8.191	4.888
8.191	4.888
8.191	4.889
8.192	4.889
8.192	4.889
8.193	4.889
8.193	4.890
8.193	4.890
8.194	4.890
8.194	4.891
8.195	4.891
8.195	4.891
8.195	4.892
8.196	4.892
8.196	4.892
8.197	4.892
8.197	4.893
8.197	4.893
8.198	4.893
8.198	4.894
8.199	4.894
8.199	4.894
8.199	4.895
8.200	4.895
8.200	4.895
8.201	4.895
8.201	4.896
8.201	4.896
8.202	4.896
8.202	4.897
8.203	4.897
8.203	4.897
8.203	4.898
8.204	4.898
8.204	4.898
8.205	4.898
8.205	4.899
8.205	4.899
8.206	4.899
8.206	4.900
8.207	4.900
8.207	4.900
8.208	4.900
8.208	4.901
8.208	4.901
8.209	4.901
8.209	4.902
8.210	4.902
8.210	4.902
8.210	4.903
8.211	4.903
8.211	4.903
8.212	4.903
8.212	4.904
8.212	4.904
8.213	4.904
8.213	4.905
8.214	4.905
8.214	4.905
8.214	4.906
8.215	4.906
8.215	4.906
8.216	4.906
8.216	4.907
8.216	4.907
8.217	4.907
8.217	4.908
8.218	4.908
8.218	4.908
8.218	4.909
8.219	4.909
8.219	4.909
8.220	4.909
8.220	4.910
8.220	4.910
8.221	4.910
8.221	4.911
8.222	4.911
8.222	4.911
8.223	4.912
8.223	4.912
8.223	4.912
8.224	4.912
8.224	4.913
8.225	4.913
8.225	4.913
8.225	4.914
8.226	4.914
8.226	4.914
8.227	4.915
8.227	4.915
8.227	4.915
8.228	4.915
8.228	4.916
8.229	4.916
8.229	4.916
8.229	4.917
8.230	4.917
8.230	4.917
8.231	4.918
8.231	4.918
8.231	4.918
8.232	4.918
8.232	4.919
8.233	4.919
8.233	4.919
8.233	4.920
8.234	4.920
8.234	4.920
8.235	4.921
8.235	4.921
8.235	4.921
8.236	4.921
8.236	4.922
8.237	4.922
8.237	4.922
8.237	4.923
8.238	4.923
8.238	4.923
8.239	4.924
8.239	4.924
8.240	4.924
8.240	4.924
8.240	4.925
8.241	4.925
8.241	4.925
8.242	4.926
8.242	4.926
8.242	4.926
8.243	4.927
8.243	4.927
8.244	4.927
8.244	4.927
8.244	4.928
8.245	4.928
8.245	4.928
8.246	4.929
8.246	4.929
8.246	4.929
8.247	4.929
8.247	4.930
8.248	4.930
8.248	4.930
8.248	4.931
8.249	4.931
8.249	4.931
8.250	4.932
8.250	4.932
8.250	4.932
8.251	4.932
8.251	4.933
8.252	4.933
8.252	4.933
8.252	4.934
8.253	4.934
8.253	4.934
8.254	4.935
8.254	4.935
8.255	4.935
8.255	4.935
8.255	4.936
8.256	4.936
8.256	4.936
8.257	4.937
8.257	4.937
8.257	4.937
8.258	4.938
8.258	4.938
8.259	4.938
8.259	4.938
8.259	4.939
8.260	4.939
8.260	4.939
8.261	4.940
8.261	4.940
8.261	4.940
8.262	4.941
8.262	4.941
8.263	4.941
8.263	4.941
8.263	4.942
8.264	4.942
8.264	4.942
8.265	4.943
8.265	4.943
8.265	4.943
8.266	4.944
8.266	4.944
8.267	4.944
8.267	4.944
8.267	4.945
8.268	4.945
8.268	4.945
8.269	4.946
8.269	4.946
8.269	4.946
8.270	4.947
8.270	4.947
8.271	4.947
8.271	4.947
8.272	4.948
8.272	4.948
8.272	4.948
8.273	4.949
8.273	4.949
8.274	4.949
8.274	4.950
8.274	4.950
8.275	4.950
8.275	4.950
8.276	4.951
8.276	4.951
8.276	4.951
8.276	4.951
8.277	4.952
8.277	4.952
8.278	4.952
8.278	4.952
8.278	4.953
8.279	4.953
8.279	4.953
8.280	4.954
8.280	4.954
8.281	4.954
8.281	4.954
8.281	4.955
8.282	4.955
8.282	4.955
8.283	4.956
8.283	4.956
8.283	4.956
8.284	4.956
8.284	4.957
8.285	4.957
8.285	4.957
8.286	4.958
8.286	4.958
8.286	4.958
8.287	4.958
8.287	4.959
8.288	4.959
8.288	4.959
8.288	4.960
8.289	4.960
8.289	4.960
8.290	4.960
8.290	4.961
8.290	4.961
8.291	4.961
8.291	4.962
8.292	4.962
8.292	4.962
8.293	4.963
8.293	4.963
8.293	4.963
8.294	4.963
8.294	4.964
8.295	4.964
8.295	4.964
8.295	4.965
8.296	4.965
8.296	4.965
8.297	4.965
8.297	4.966
8.298	4.966
8.298	4.966
8.298	4.967
8.299	4.967
8.299	4.967
8.300	4.967
8.300	4.968
8.300	4.968
8.301	4.968
8.301	4.969
8.302	4.969
8.302	4.969
8.302	4.969
8.303	4.970
8.303	4.970
8.304	4.970
8.304	4.971
8.305	4.971
8.305	4.971
8.305	4.971
8.306	4.972
8.306	4.972
8.307	4.972
8.307	4.973
8.307	4.973
8.308	4.973
8.308	4.973
8.309	4.974
8.309	4.974
8.310	4.974
8.310	4.975
8.310	4.975
8.311	4.975
8.311	4.975
8.312	4.976
8.312	4.976
8.312	4.976
8.313	4.977
8.313	4.977
8.314	4.977
8.314	4.977
8.314	4.978
8.315	4.978
8.315	4.978
8.316	4.979
8.316	4.979
8.317	4.979
8.317	4.979
8.317	4.980
8.318	4.980
8.318	4.980
8.319	4.981
8.319	4.981
8.319	4.981
8.320	4.981
8.320	4.982
8.321	4.982
8.321	4.982
8.322	4.983
8.322	4.983
8.322	4.983
8.323	4.983
8.323	4.984
8.324	4.984
8.324	4.984
8.324	4.985
8.325	4.985
8.325	4.985
8.326	4.985
8.326	4.986
8.326	4.986
8.327	4.986
8.327	4.987
8.328	4.987
8.328	4.987
8.329	4.987
8.329	4.988
8.329	4.988
8.330	4.988
8.330	4.989
8.331	4.989
8.331	4.989
8.331	4.989
8.332	4.990
8.332	4.990
8.333	4.990
8.333	4.991
8.334	4.991
8.334	4.991
8.334	4.992
8.335	4.992
8.335	4.992
8.336	4.992
8.336	4.993
8.336	4.993
8.337	4.993
8.337	4.994
8.338	4.994
8.338	4.994
8.338	4.994
8.339	4.995
8.339	4.995
8.340	4.995
8.340	4.996
8.341	4.996
8.341	4.996
8.341	4.996
8.342	4.997
8.342	4.997
8.343	4.997
8.343	4.998
8.343	4.998
8.344	4.998
8.344	4.998
8.345	4.999
8.345	4.999
8.346	4.999
8.346	5.000
8.346	5.000
8.347	5.000
8.347	5.000
8.348	5.001
8.348	5.001
8.348	5.001
8.349	5.002
8.349	5.002
8.350	5.002
8.350	5.002
8.350	5.003
8.351	5.003
8.351	5.003
8.352	5.004
8.352	5.004
8.353	5.004
8.353	5.004
8.353	5.005
8.354	5.005
8.354	5.005
8.355	5.006
8.355	5.006
8.355	5.006
8.356	5.006
8.356	5.007
8.357	5.007
8.357	5.007
8.358	5.008
8.358	5.008
8.358	5.008
8.359	5.008
8.359	5.009
8.360	5.009
8.360	5.009
8.360	5.010
8.361	5.010
8.361	5.010
8.362	5.010
8.362	5.011
8.362	5.011
8.363	5.011
8.363	5.012
8.364	5.012
8.364	5.012
8.365	5.012
8.365	5.013
8.365	5.013
8.366	5.013
8.366	5.014
8.367	5.014
8.367	5.014
8.367	5.014
8.368	5.015
8.368	5.015
8.369	5.015
8.369	5.016
8.370	5.016
8.370	5.016
8.370	5.016
8.371	5.017
8.371	5.017
8.372	5.017
8.372	5.018
8.372	5.018
8.373	5.018
8.373	5.019
8.374	5.019
8.374	5.019
8.374	5.019
8.375	5.020
8.375	5.020
8.376	5.020
8.376	5.021
8.377	5.021
8.377	5.021
8.377	5.021
8.378	5.022
8.378	5.022
8.379	5.022
8.379	5.023
8.379	5.023
8.380	5.023
8.380	5.023
8.381	5.024
8.381	5.024
8.382	5.024
8.382	5.025
8.382	5.025
8.383	5.025
8.383	5.025
8.384	5.026
8.384	5.026
8.384	5.026
8.385	5.027
8.385	5.027
8.386	5.027
8.386	5.027
8.386	5.028
8.387	5.028
8.387	5.028
8.388	5.029
8.388	5.029
8.389	5.029
8.389	5.029
8.389	5.030
8.390	5.030
8.390	5.030
8.391	5.031
8.391	5.031
8.391	5.031
8.392	5.031
8.392	5.032
8.393	5.032
8.393	5.032
8.394	5.033
8.394	5.033
8.394	5.033
8.395	5.033
8.395	5.034
8.396	5.034
8.396	5.034
8.396	5.035
8.397	5.035
8.397	5.035
8.398	5.035
8.398	5.036
8.398	5.036
8.399	5.036
8.399	5.037
8.400	5.037
8.400	5.037
8.401	5.037
8.401	5.038
8.401	5.038
8.402	5.038
8.402	5.039
8.403	5.039
8.403	5.039
8.403	5.039
8.404	5.040
8.404	5.040
8.405	5.040
8.405	5.041
8.406	5.041
8.406	5.041
8.406	5.041
8.407	5.042
8.407	5.042
8.408	5.042
8.408	5.043
8.408	5.043
8.409	5.043
8.409	5.043
8.410	5.044
8.410	5.044
8.410	5.044
8.411	5.045
8.411	5.045
8.412	5.045
8.412	5.045
8.413	5.046
8.413	5.046
8.413	5.046
8.414	5.047
8.414	5.047
8.415	5.047
8.415	5.048
8.415	5.048
8.416	5.048
8.416	5.048
8.417	5.049
8.417	5.049
8.418	5.049
8.418	5.050
8.418	5.050
8.419	5.050
8.419	5.050
8.420	5.051
8.420	5.051
8.420	5.051
8.421	5.052
8.421	5.052
8.422	5.052
8.422	5.052
8.422	5.053
8.423	5.053
8.423	5.053
8.424	5.054
8.424	5.054
8.425	5.054
8.425	5.054
8.425	5.055
8.426	5.055
8.426	5.055
8.427	5.056
8.427	5.056
8.427	5.056
8.428	5.056
8.428	5.057
8.429	5.057
8.429	5.057
8.430	5.058
8.430	5.058
8.430	5.058
8.431	5.058
8.431	5.059
8.432	5.059
8.432	5.059
8.432	5.060
8.433	5.060
8.433	5.060
8.434	5.060
8.434	5.061
8.434	5.061
8.435	5.061
8.435	5.062
8.436	5.062
8.436	5.062
8.437	5.062
8.437	5.063
8.437	5.063
8.438	5.063
8.438	5.064
8.439	5.064
8.439	5.064
8.439	5.064
8.440	5.065
8.440	5.065
8.441	5.065
8.441	5.066
8.442	5.066
8.442	5.066
8.442	5.066
8.443	5.067
8.443	5.067
8.444	5.067
8.444	5.068
8.444	5.068
8.445	5.068
8.445	5.068
8.446	5.069
8.446	5.069
8.446	5.069
8.447	5.070
8.447	5.070
8.448	5.070
8.448	5.070
8.449	5.071
8.449	5.071
8.449	5.071
8.450	5.072
8.450	5.072
8.451	5.072
8.451	5.072
8.451	5.073
8.452	5.073
8.452	5.073
8.453	5.074
8.453	5.074
8.454	5.074
8.454	5.075
8.454	5.075
8.455	5.075
8.455	5.075
8.456	5.076
8.456	5.076
8.456	5.076
8.457	5.077
8.457	5.077
8.458	5.077
8.458	5.077
8.458	5.078
8.459	5.078
8.459	5.078
8.460	5.079
8.460	5.079
8.461	5.079
8.461	5.079
8.461	5.080
8.462	5.080
8.462	5.080
8.463	5.081
8.463	5.081
8.463	5.081
8.464	5.081
8.464	5.082
8.465	5.082
8.465	5.082
8.466	5.083
8.466	5.083
8.466	5.083
8.467	5.083
8.467	5.084
8.468	5.084
8.468	5.084
8.468	5.085
8.469	5.085
8.469	5.085
8.470	5.085
8.470	5.086
8.471	5.086
8.471	5.086
8.471	5.087
8.472	5.087
8.472	5.087
8.473	5.087
8.473	5.088
8.473	5.088
8.474	5.088
8.474	5.089
8.475	5.089
8.475	5.089
8.475	5.089
8.476	5.090
8.476	5.090
8.477	5.090
8.477	5.091
8.478	5.091
8.478	5.091
8.478	5.091
8.478	5.091
8.479	5.092
8.479	5.092
8.480	5.092
8.480	5.093
8.481	5.093
8.481	5.093
8.481	5.093
8.482	5.094
8.482	5.094
8.483	5.094
8.483	5.094
8.483	5.095
8.484	5.095
8.484	5.095
8.485	5.095
8.485	5.096
8.486	5.096
8.486	5.096
8.486	5.097
8.487	5.097
8.487	5.097
8.488	5.097
8.488	5.098
8.489	5.098
8.489	5.098
8.489	5.098
8.490	5.099
8.490	5.099
8.491	5.099
8.491	5.099
8.492	5.100
8.492	5.100
8.492	5.100
8.493	5.101
8.493	5.101
8.494	5.101
8.494	5.101
8.495	5.102
8.495	5.102
8.495	5.102
8.496	5.102
8.496	5.103
8.497	5.103
8.497	5.103
8.498	5.103
8.498	5.104
8.498	5.104
8.499	5.104
8.499	5.105
8.500	5.105
8.500	5.105
8.501	5.105
8.501	5.106
8.501	5.106
8.502	5.106
8.502	5.106
8.503	5.107
8.503	5.107
8.504	5.107
8.504	5.107
8.504	5.108
8.505	5.108
8.505	5.108
8.506	5.109
8.506	5.109
8.507	5.109
8.507	5.109
8.507	5.110
8.508	5.110
8.508	5.110
8.509	5.110
8.509	5.111
8.510	5.111
8.510	5.111
8.510	5.111
8.511	5.112
8.511	5.112
8.512	5.112
8.512	5.113
8.513	5.113
8.513	5.113
8.513	5.113
8.514	5.114
8.514	5.114
8.515	5.114
8.515	5.114
8.516	5.115
8.516	5.115
8.516	5.115
8.517	5.115
8.517	5.116
8.518	5.116
8.518	5.116
8.519	5.116
8.519	5.117
8.519	5.117
8.520	5.117
8.520	5.118
8.521	5.118
8.521	5.118
8.522	5.118
8.522	5.119
8.522	5.119
8.523	5.119
8.523	5.119
8.524	5.120
8.524	5.120
8.525	5.120
8.525	5.120
8.525	5.121
8.526	5.121
8.526	5.121
8.527	5.122
8.527	5.122
8.528	5.122
8.528	5.122
8.528	5.123
8.529	5.123
8.529	5.123
8.530	5.123
8.530	5.124
8.531	5.124
8.531	5.124
8.531	5.124
8.532	5.125
8.532	5.125
8.533	5.125
8.533	5.126
8.534	5.126
8.534	5.126
8.534	5.126
8.535	5.127
8.535	5.127
8.536	5.127
8.536	5.127
8.537	5.128
8.537	5.128
8.537	5.128
8.538	5.128
8.538	5.129
8.539	5.129
8.539	5.129
8.540	5.130
8.540	5.130
8.540	5.130
8.541	5.130
8.541	5.131
8.542	5.131
8.542	5.131
8.543	5.131
8.543	5.132
8.543	5.132
8.544	5.132
8.544	5.132
8.545	5.133
8.545	5.133
8.546	5.133
8.546	5.134
8.546	5.134
8.547	5.134
8.547	5.134
8.548	5.135
8.548	5.135
8.549	5.135
8.549	5.135
8.549	5.136
8.550	5.136
8.550	5.136
8.551	5.136
8.551	5.137
8.552	5.137
8.552	5.137
8.552	5.138
8.553	5.138
8.553	5.138
8.554	5.138
8.554	5.139
8.554	5.139
8.555	5.139
8.555	5.139
8.556	5.140
8.556	5.140
8.557	5.140
8.557	5.140
8.557	5.141
8.558	5.141
8.558	5.141
8.559	5.142
8.559	5.142
8.560	5.142
8.560	5.142
8.560	5.143
8.561	5.143
8.561	5.143
8.562	5.143
8.562	5.144
8.563	5.144
8.563	5.144
8.563	5.144
8.564	5.145
8.564	5.145
8.565	5.145
8.565	5.146
8.566	5.146
8.566	5.146
8.566	5.146
8.567	5.147
8.567	5.147
8.568	5.147
8.568	5.147
8.569	5.148
8.569	5.148
8.569	5.148
8.570	5.148
8.570	5.149
8.571	5.149
8.571	5.149
8.572	5.150
8.572	5.150
8.572	5.150
8.573	5.150
8.573	5.151
8.574	5.151
8.574	5.151
8.575	5.151
8.575	5.152
8.575	5.152
8.576	5.152
8.576	5.152
8.577	5.153
8.577	5.153
8.578	5.153
8.578	5.154
8.578	5.154
8.579	5.154
8.579	5.154
8.580	5.155
8.580	5.155
8.581	5.155
8.581	5.155
8.581	5.156
8.582	5.156
8.582	5.156
8.583	5.156
8.583	5.157
8.584	5.157
8.584	5.157
8.584	5.158
8.585	5.158
8.585	5.158
8.586	5.158
8.586	5.159
8.587	5.159
8.587	5.159
8.587	5.159
8.588	5.160
8.588	5.160
8.589	5.160
8.589	5.160
8.590	5.161
8.590	5.161
8.590	5.161
8.591	5.162
8.591	5.162
8.592	5.162
8.592	5.162
8.593	5.163
8.593	5.163
8.593	5.163
8.594	5.163
8.594	5.164
8.595	5.164
8.595	5.164
8.596	5.164
8.596	5.165
8.596	5.165
8.597	5.165
8.597	5.166
8.598	5.166
8.598	5.166
8.599	5.166
8.599	5.167
8.599	5.167
8.600	5.167
8.600	5.167
8.601	5.168
8.601	5.168
8.602	5.168
8.602	5.168
8.602	5.169
8.603	5.169
8.603	5.169
8.604	5.170
8.604	5.170
8.605	5.170
8.605	5.170
8.605	5.171
8.606	5.171
8.606	5.171
8.607	5.171
8.607	5.172
8.608	5.172
8.608	5.172
8.608	5.172
8.609	5.173
8.609	5.173
8.610	5.173
8.610	5.174
8.611	5.174
8.611	5.174
8.611	5.174
8.612	5.175
8.612	5.175
8.613	5.175
8.613	5.175
8.614	5.176
8.614	5.176
8.614	5.176
8.615	5.176
8.615	5.177
8.616	5.177
8.616	5.177
8.617	5.178
8.617	5.178
8.617	5.178
8.618	5.178
8.618	5.179
8.619	5.179
8.619	5.179
8.620	5.179
8.620	5.180
8.620	5.180
8.621	5.180
8.621	5.180
8.622	5.181
8.622	5.181
8.623	5.181
8.623	5.182
8.623	5.182
8.624	5.182
8.624	5.182
8.625	5.183
8.625	5.183
8.625	5.183
8.626	5.183
8.626	5.184
8.627	5.184
8.627	5.184
8.628	5.184
8.628	5.185
8.628	5.185
8.629	5.185
8.629	5.186
8.630	5.186
8.630	5.186
8.631	5.186
8.631	5.187
8.631	5.187
8.632	5.187
8.632	5.187
8.633	5.188
8.633	5.188
8.634	5.188
8.634	5.188
8.634	5.189
8.635	5.189
8.635	5.189
8.636	5.190
8.636	5.190
8.637	5.190
8.637	5.190
8.637	5.191
8.638	5.191
8.638	5.191
8.639	5.191
8.639	5.192
8.640	5.192
8.640	5.192
8.640	5.192
8.641	5.193
8.641	5.193
8.642	5.193
8.642	5.194
8.643	5.194
8.643	5.194
8.643	5.194
8.644	5.195
8.644	5.195
8.645	5.195
8.645	5.195
8.646	5.196
8.646	5.196
8.646	5.196
8.647	5.196
8.647	5.197
8.648	5.197
8.648	5.197
8.648	5.197
8.649	5.197
8.649	5.198
8.649	5.198
8.650	5.198
8.650	5.198
8.651	5.199
8.651	5.199
8.652	5.199
8.652	5.199
8.653	5.200
8.653	5.200
8.653	5.200
8.654	5.200
8.654	5.201
8.655	5.201
8.655	5.201
8.656	5.201
8.656	5.202
8.657	5.202
8.657	5.202
8.657	5.202
8.658	5.203
8.658	5.203
8.659	5.203
8.659	5.203
8.660	5.203
8.660	5.204
8.661	5.204
8.661	5.204
8.661	5.204
8.662	5.205
8.662	5.205
8.663	5.205
8.663	5.205
8.664	5.206
8.664	5.206
8.665	5.206
8.665	5.206
8.665	5.207
8.666	5.207
8.666	5.207
8.667	5.207
8.667	5.208
8.668	5.208
8.668	5.208
8.669	5.208
8.669	5.209
8.669	5.209
8.670	5.209
8.670	5.209
8.671	5.209
8.671	5.210
8.672	5.210
8.672	5.210
8.673	5.210
8.673	5.211
8.673	5.211
8.674	5.211
8.674	5.211
8.675	5.212
8.675	5.212
8.676	5.212
8.676	5.212
8.677	5.213
8.677	5.213
8.677	5.213
8.678	5.213
8.678	5.214
8.679	5.214
8.679	5.214
8.680	5.214
8.680	5.215
8.681	5.215
8.681	5.215
8.681	5.215
8.682	5.216
8.682	5.216
8.683	5.216
8.683	5.216
8.684	5.216
8.684	5.217
8.685	5.217
8.685	5.217
8.685	5.217
8.686	5.218
8.686	5.218
8.687	5.218
8.687	5.218
8.688	5.219
8.688	5.219
8.689	5.219
8.689	5.219
8.689	5.220
8.690	5.220
8.690	5.220
8.691	5.220
8.691	5.221
8.692	5.221
8.692	5.221
8.693	5.221
8.693	5.222
8.693	5.222
8.694	5.222
8.694	5.222
8.695	5.222
8.695	5.223
8.696	5.223
8.696	5.223
8.697	5.223
8.697	5.224
8.697	5.224
8.698	5.224
8.698	5.224
8.699	5.225
8.699	5.225
8.700	5.225
8.700	5.225
8.701	5.226
8.701	5.226
8.701	5.226
8.702	5.226
8.702	5.227
8.703	5.227
8.703	5.227
8.704	5.227
8.704	5.228
8.705	5.228
8.705	5.228
8.705	5.228
8.706	5.228
8.706	5.229
8.707	5.229
8.707	5.229
8.708	5.229
8.708	5.230
8.709	5.230
8.709	5.230
8.709	5.230
8.710	5.231
8.710	5.231
8.711	5.231
8.711	5.231
8.712	5.232
8.712	5.232
8.712	5.232
8.713	5.232
8.713	5.233
8.714	5.233
8.714	5.233
8.715	5.233
8.715	5.234
8.716	5.234
8.716	5.234
8.716	5.234
8.717	5.234
8.717	5.235
8.718	5.235
8.718	5.235
8.719	5.235
8.719	5.236
8.720	5.236
8.720	5.236
8.720	5.236
8.721	5.237
8.721	5.237
8.722	5.237
8.722	5.237
8.723	5.238
8.723	5.238
8.724	5.238
8.724	5.238
8.724	5.239
8.725	5.239
8.725	5.239
8.726	5.239
8.726	5.240
8.727	5.240
8.727	5.240
8.728	5.240
8.728	5.241
8.728	5.241
8.729	5.241
8.729	5.241
8.730	5.241
8.730	5.242
8.731	5.242
8.731	5.242
8.732	5.242
8.732	5.243
8.732	5.243
8.733	5.243
8.733	5.243
8.734	5.244
8.734	5.244
8.735	5.244
8.735	5.244
8.736	5.245
8.736	5.245
8.736	5.245
8.737	5.245
8.737	5.246
8.738	5.246
8.738	5.246
8.739	5.246
8.739	5.247
8.740	5.247
8.740	5.247
8.740	5.247
8.741	5.247
8.741	5.248
8.742	5.248
8.742	5.248
8.743	5.248
8.743	5.249
8.744	5.249
8.744	5.249
8.744	5.249
8.745	5.250
8.745	5.250
8.746	5.250
8.746	5.250
8.747	5.251
8.747	5.251
8.748	5.251
8.748	5.251
8.748	5.252
8.749	5.252
8.749	5.252
8.750	5.252
8.750	5.253
8.751	5.253
8.751	5.253
8.752	5.253
8.752	5.253
8.752	5.254
8.753	5.254
8.753	5.254
8.754	5.254
8.754	5.255
8.755	5.255
8.755	5.255
8.756	5.255
8.756	5.256
8.756	5.256
8.757	5.256
8.757	5.256
8.758	5.257
8.758	5.257
8.759	5.257
8.759	5.257
8.760	5.258
8.760	5.258
8.760	5.258
8.761	5.258
8.761	5.259
8.762	5.259
8.762	5.259
8.763	5.259
8.763	5.259
8.764	5.260
8.764	5.260
8.764	5.260
8.765	5.260
8.765	5.261
8.766	5.261
8.766	5.261
8.767	5.261
8.767	5.262
8.768	5.262
8.768	5.262
8.768	5.262
8.769	5.263
8.769	5.263
8.770	5.263
8.770	5.263
8.771	5.264
8.771	5.264
8.772	5.264
8.772	5.264
8.772	5.265
8.773	5.265
8.773	5.265
8.774	5.265
8.774	5.266
8.775	5.266
8.775	5.266
8.775	5.266
8.776	5.266
8.776	5.267
8.777	5.267
8.777	5.267
8.778	5.267
8.778	5.268
8.779	5.268
8.779	5.268
8.779	5.268
8.780	5.269
8.780	5.269
8.781	5.269
8.781	5.269
8.782	5.270
8.782	5.270
8.783	5.270
8.783	5.270
8.783	5.271
8.784	5.271
8.784	5.271
8.785	5.271
8.785	5.272
8.786	5.272
8.786	5.272
8.787	5.272
8.787	5.272
8.787	5.273
8.788	5.273
8.788	5.273
8.789	5.273
8.789	5.274
8.790	5.274
8.790	5.274
8.791	5.274
8.791	5.275
8.791	5.275
8.792	5.275
8.792	5.275
8.793	5.276
8.793	5.276
8.794	5.276
8.794	5.276
8.795	5.277
8.795	5.277
8.795	5.277
8.796	5.277
8.796	5.278
8.797	5.278
8.797	5.278
8.798	5.278
8.798	5.278
8.799	5.279
8.799	5.279
8.799	5.279
8.800	5.279
8.800	5.280
8.801	5.280
8.801	5.280
8.802	5.280
8.802	5.281
8.803	5.281
8.803	5.281
8.803	5.281
8.804	5.282
8.804	5.282
8.805	5.282
8.805	5.282
8.806	5.283
8.806	5.283
8.807	5.283
8.807	5.283
8.807	5.284
8.808	5.284
8.808	5.284
8.809	5.284
8.809	5.285
8.810	5.285
8.810	5.285
8.811	5.285
8.811	5.285
8.811	5.286
8.812	5.286
8.812	5.286
8.813	5.286
8.813	5.287
8.814	5.287
8.814	5.287
8.815	5.287
8.815	5.288
8.815	5.288
8.816	5.288
8.816	5.288
8.816	5.288
8.817	5.289
8.817	5.289
8.818	5.289
8.818	5.289
8.819	5.289
8.819	5.290
8.820	5.290
8.820	5.290
8.820	5.290
8.821	5.290
8.821	5.291
8.822	5.291
8.822	5.291
8.823	5.291
8.823	5.291
8.824	5.291
8.824	5.292
8.825	5.292
8.825	5.292
8.826	5.292
8.826	5.292
8.827	5.293
8.827	5.293
8.827	5.293
8.828	5.293
8.828	5.293
8.829	5.294
8.829	5.294
8.830	5.294
8.830	5.294
8.831	5.294
8.831	5.295
8.832	5.295
8.832	5.295
8.833	5.295
8.833	5.295
8.833	5.296
8.834	5.296
8.834	5.296
8.835	5.296
8.835	5.296
8.836	5.297
8.836	5.297
8.837	5.297
8.837	5.297
8.838	5.297
8.838	5.298
8.839	5.298
8.839	5.298
8.840	5.298
8.840	5.298
8.840	5.299
8.841	5.299
8.841	5.299
8.842	5.299
8.842	5.299
8.843	5.300
8.843	5.300
8.844	5.300
8.844	5.300
8.845	5.300
8.845	5.301
8.846	5.301
8.846	5.301
8.846	5.301
8.847	5.301
8.847	5.301
8.848	5.302
8.848	5.302
8.849	5.302
8.849	5.302
8.850	5.302
8.850	5.303
8.851	5.303
8.851	5.303
8.852	5.303
8.852	5.303
8.853	5.304
8.853	5.304
8.853	5.304
8.854	5.304
8.854	5.304
8.855	5.305
8.855	5.305
8.856	5.305
8.856	5.305
8.857	5.305
8.857	5.306
8.858	5.306
8.858	5.306
8.859	5.306
8.859	5.306
8.859	5.307
8.860	5.307
8.860	5.307
8.861	5.307
8.861	5.307
8.862	5.308
8.862	5.308
8.863	5.308
8.863	5.308
8.864	5.308
8.864	5.309
8.865	5.309
8.865	5.309
8.865	5.309
8.866	5.309
8.866	5.310
8.867	5.310
8.867	5.310
8.868	5.310
8.868	5.310
8.869	5.311
8.869	5.311
8.870	5.311
8.870	5.311
8.871	5.311
8.871	5.312
8.872	5.312
8.872	5.312
8.872	5.312
8.873	5.312
8.873	5.312
8.874	5.313
8.874	5.313
8.875	5.313
8.875	5.313
8.876	5.313
8.876	5.314
8.877	5.314
8.877	5.314
8.878	5.314
8.878	5.314
8.878	5.315
8.879	5.315
8.879	5.315
8.880	5.315
8.880	5.315
8.881	5.316
8.881	5.316
8.882	5.316
8.882	5.316
8.883	5.316
8.883	5.317
8.884	5.317
8.884	5.317
8.885	5.317
8.885	5.317
8.885	5.318
8.886	5.318
8.886	5.318
8.887	5.318
8.887	5.318
8.888	5.319
8.888	5.319
8.889	5.319
8.889	5.319
8.890	5.319
8.890	5.320
8.891	5.320
8.891	5.320
8.891	5.320
8.892	5.320
8.892	5.321
8.893	5.321
8.893	5.321
8.894	5.321
8.894	5.321
8.895	5.322
8.895	5.322
8.896	5.322
8.896	5.322
8.897	5.322
8.897	5.322
8.898	5.323
8.898	5.323
8.898	5.323
8.899	5.323
8.899	5.323
8.900	5.324
8.900	5.324
8.901	5.324
8.901	5.324
8.902	5.324
8.902	5.325
8.903	5.325
8.903	5.325
8.904	5.325
8.904	5.325
8.904	5.326
8.905	5.326
8.905	5.326
8.906	5.326
8.906	5.326
8.907	5.327
8.907	5.327
8.908	5.327
8.908	5.327
8.909	5.327
8.909	5.328
8.910	5.328
8.910	5.328
8.911	5.328
8.911	5.328
8.911	5.329
8.912	5.329
8.912	5.329
8.913	5.329
8.913	5.329
8.914	5.330
8.914	5.330
8.915	5.330
8.915	5.330
8.916	5.330
8.916	5.331
8.917	5.331
8.917	5.331
8.917	5.331
8.918	5.331
8.918	5.332
8.919	5.332
8.919	5.332
8.920	5.332
8.920	5.332
8.921	5.333
8.921	5.333
8.922	5.333
8.922	5.333
8.923	5.333
8.923	5.333
8.923	5.334
8.924	5.334
8.924	5.334
8.925	5.334
8.925	5.334
8.926	5.335
8.926	5.335
8.927	5.335
8.927	5.335
8.928	5.335
8.928	5.336
8.929	5.336
8.929	5.336
8.930	5.336
8.930	5.336
8.930	5.337
8.931	5.337
8.931	5.337
8.932	5.337
8.932	5.337
8.933	5.338
8.933	5.338
8.934	5.338
8.934	5.338
8.935	5.338
8.935	5.339
8.936	5.339
8.936	5.339
8.936	5.339
8.937	5.339
8.937	5.340
8.938	5.340
8.938	5.340
8.939	5.340
8.939	5.340
8.940	5.341
8.940	5.341
8.941	5.341
8.941	5.341
8.942	5.341
8.942	5.342
8.943	5.342
8.943	5.342
8.943	5.342
8.944	5.342
8.944	5.343
8.945	5.343
8.945	5.343
8.946	5.343
8.946	5.343
8.947	5.343
8.947	5.344
8.948	5.344
8.948	5.344
8.949	5.344
8.949	5.344
8.949	5.345
8.950	5.345
8.950	5.345
8.951	5.345
8.951	5.345
8.952	5.346
8.952	5.346
8.953	5.346
8.953	5.346
8.954	5.346
8.954	5.347
8.955	5.347
8.955	5.347
8.956	5.347
8.956	5.347
8.956	5.348
8.957	5.348
8.957	5.348
8.958	5.348
8.958	5.348
8.959	5.349
8.959	5.349
8.960	5.349
8.960	5.349
8.961	5.349
8.961	5.350
8.962	5.350
8.962	5.350
8.962	5.350
8.963	5.350
8.963	5.351
8.964	5.351
8.964	5.351
8.965	5.351
8.965	5.351
8.966	5.352
8.966	5.352
8.967	5.352
8.967	5.352
8.968	5.352
8.968	5.353
8.969	5.353
8.969	5.353
8.969	5.353
8.970	5.353
8.970	5.353
8.971	5.354
8.971	5.354
8.972	5.354
8.972	5.354
8.973	5.354
8.973	5.355
8.974	5.355
8.974	5.355
8.975	5.355
8.975	5.355
8.975	5.356
8.976	5.356
8.976	5.356
8.977	5.356
8.977	5.356
8.978	5.357
8.978	5.357
8.979	5.357
8.979	5.357
8.980	5.357
8.980	5.358
8.981	5.358
8.981	5.358
8.981	5.358
8.982	5.358
8.982	5.359
8.983	5.359
8.983	5.359
8.984	5.359
8.984	5.359
8.985	5.360
8.985	5.360
8.986	5.360
8.986	5.360
8.987	5.360
8.987	5.361
8.988	5.361
8.988	5.361
8.988	5.361
8.989	5.361
8.989	5.362
8.990	5.362
8.990	5.362
8.991	5.362
8.991	5.362
8.992	5.363
8.992	5.363
8.993	5.363
8.993	5.363
8.994	5.363
8.994	5.364
8.994	5.364
8.995	5.364
8.995	5.364
8.996	5.364
8.996	5.364
8.997	5.365
8.997	5.365
8.998	5.365
8.998	5.365
8.999	5.365
8.999	5.366
9.000	5.366
9.000	5.366
9.001	5.366
9.001	5.366
9.001	5.367
9.002	5.367
9.002	5.367
9.003	5.367
9.003	5.367
9.004	5.368
9.004	5.368
9.005	5.368
9.005	5.368
9.006	5.368
9.006	5.369
9.007	5.369
9.007	5.369
9.007	5.369
9.008	5.369
9.008	5.370
9.009	5.370
9.009	5.370
9.010	5.370
9.010	5.370
9.011	5.371
9.011	5.371
9.012	5.371
9.012	5.371
9.013	5.371
9.013	5.372
9.014	5.372
9.014	5.372
9.014	5.372
9.015	5.372
9.015	5.373
9.016	5.373
9.016	5.373
9.017	5.373
9.017	5.373
9.018	5.374
9.018	5.374
9.019	5.374
9.019	5.374
9.020	5.374
9.020	5.374
9.020	5.375
9.021	5.375
9.021	5.375
9.022	5.375
9.022	5.375
9.023	5.376
9.023	5.376
9.024	5.376
9.024	5.376
9.025	5.376
9.025	5.377
9.026	5.377
9.026	5.377
9.027	5.377
9.027	5.377
9.027	5.378
9.028	5.378
9.028	5.378
9.029	5.378
9.029	5.378
9.030	5.379
9.030	5.379
9.031	5.379
9.031	5.379
9.032	5.379
9.032	5.380
9.033	5.380
9.033	5.380
9.033	5.380
9.034	5.380
9.034	5.381
9.035	5.381
9.035	5.381
9.036	5.381
9.036	5.381
9.037	5.382
9.037	5.382
9.038	5.382
9.038	5.382
9.039	5.382
9.039	5.383
9.039	5.383
9.040	5.383
9.040	5.383
9.041	5.383
9.041	5.384
9.042	5.384
9.042	5.384
9.043	5.384
9.043	5.384
9.044	5.385
9.044	5.385
9.045	5.385
9.045	5.385
9.046	5.385
9.046	5.385
9.046	5.386
9.047	5.386
9.047	5.386
9.048	5.386
9.048	5.386
9.049	5.387
9.049	5.387
9.050	5.387
9.050	5.387
9.051	5.387
9.051	5.388
9.052	5.388
9.052	5.388
9.052	5.388
9.053	5.388
9.053	5.389
9.054	5.389
9.054	5.389
9.055	5.389
9.055	5.389
9.056	5.390
9.056	5.390
9.057	5.390
9.057	5.390
9.058	5.390
9.058	5.391
9.059	5.391
9.059	5.391
9.059	5.391
9.060	5.391
9.060	5.392
9.061	5.392
9.061	5.392
9.062	5.392
9.062	5.392
9.063	5.393
9.063	5.393
9.064	5.393
9.064	5.393
9.065	5.393
9.065	5.394
9.065	5.394
9.066	5.394
9.066	5.394
9.067	5.394
9.067	5.394
9.067	5.394
9.068	5.395
9.068	5.395
9.069	5.395
9.069	5.395
9.070	5.395
9.070	5.395
9.071	5.395
9.071	5.396
9.072	5.396
9.072	5.396
9.073	5.396
9.073	5.396
9.074	5.396
9.074	5.396
9.075	5.396
9.075	5.397
9.076	5.397
9.076	5.397
9.077	5.397
9.077	5.397
9.078	5.397
9.078	5.397
9.079	5.397
9.079	5.398
9.080	5.398
9.080	5.398
9.080	5.398
9.081	5.398
9.081	5.398
9.082	5.398
9.082	5.399
9.083	5.399
9.083	5.399
9.084	5.399
9.084	5.399
9.085	5.399
9.085	5.399
9.086	5.399
9.086	5.400
9.087	5.400
9.087	5.400
9.088	5.400
9.088	5.400
9.089	5.400
9.089	5.400
9.090	5.401
9.090	5.401
9.091	5.401
9.091	5.401
9.092	5.401
9.092	5.401
9.093	5.401
9.093	5.401
9.094	5.402
9.094	5.402
9.095	5.402
9.095	5.402
9.096	5.402
9.096	5.402
9.097	5.402
9.097	5.402
9.098	5.403
9.098	5.403
9.098	5.403
9.099	5.403
9.099	5.403
9.100	5.403
9.100	5.403
9.101	5.404
9.101	5.404
9.102	5.404
9.102	5.404
9.103	5.404
9.103	5.404
9.104	5.404
9.104	5.404
9.105	5.405
9.105	5.405
9.106	5.405
9.106	5.405
9.107	5.405
9.107	5.405
9.108	5.405
9.108	5.406
9.109	5.406
9.109	5.406
9.110	5.406
9.110	5.406
9.111	5.406
9.111	5.406
9.112	5.406
9.112	5.407
9.113	5.407
9.113	5.407
9.114	5.407
9.114	5.407
9.115	5.407
9.115	5.407
9.116	5.407
9.116	5.408
9.116	5.408
9.117	5.408
9.117	5.408
9.118	5.408
9.118	5.408
9.119	5.408
9.119	5.409
9.120	5.409
9.120	5.409
9.121	5.409
9.121	5.409
9.122	5.409
9.122	5.409
9.123	5.409
9.123	5.410
9.124	5.410
9.124	5.410
9.125	5.410
9.125	5.410
9.126	5.410
9.126	5.410
9.127	5.411
9.127	5.411
9.128	5.411
9.128	5.411
9.129	5.411
9.129	5.411
9.130	5.411
9.130	5.411
9.131	5.412
9.131	5.412
9.132	5.412
9.132	5.412
9.133	5.412
9.133	5.412
9.134	5.412
9.134	5.412
9.134	5.413
9.135	5.413
9.135	5.413
9.136	5.413
9.136	5.413
9.137	5.413
9.137	5.413
9.138	5.414
9.138	5.414
9.139	5.414
9.139	5.414
9.140	5.414
9.140	5.414
9.141	5.414
9.141	5.414
9.142	5.415
9.142	5.415
9.143	5.415
9.143	5.415
9.144	5.415
9.144	5.415
9.145	5.415
9.145	5.416
9.146	5.416
9.146	5.416
9.147	5.416
9.147	5.416
9.148	5.416
9.148	5.416
9.149	5.416
9.149	5.417
9.150	5.417
9.150	5.417
9.151	5.417
9.151	5.417
9.152	5.417
9.152	5.417
9.152	5.417
9.153	5.418
9.153	5.418
9.154	5.418
9.154	5.418
9.155	5.418
9.155	5.418
9.156	5.418
9.156	5.419
9.157	5.419
9.157	5.419
9.158	5.419
9.158	5.419
9.159	5.419
9.159	5.419
9.160	5.419
9.160	5.420
9.161	5.420
9.161	5.420
9.162	5.420
9.162	5.420
9.163	5.420
9.163	5.420
9.164	5.421
9.164	5.421
9.165	5.421
9.165	5.421
9.166	5.421
9.166	5.421
9.167	5.421
9.167	5.421
9.168	5.422
9.168	5.422
9.169	5.422
9.169	5.422
9.170	5.422
9.170	5.422
9.170	5.422
9.171	5.422
9.171	5.423
9.172	5.423
9.172	5.423
9.173	5.423
9.173	5.423
9.174	5.423
9.174	5.423
9.175	5.424
9.175	5.424
9.176	5.424
9.176	5.424
9.177	5.424
9.177	5.424
9.178	5.424
9.178	5.424
9.179	5.425
9.179	5.425
9.180	5.425
9.180	5.425
9.181	5.425
9.181	5.425
9.182	5.425
9.182	5.426
9.183	5.426
9.183	5.426
9.184	5.426
9.184	5.426
9.185	5.426
9.185	5.426
9.186	5.426
9.186	5.427
9.187	5.427
9.187	5.427
9.188	5.427
9.188	5.427
9.188	5.427
9.189	5.427
9.189	5.428
9.190	5.428
9.190	5.428
9.191	5.428
9.191	5.428
9.192	5.428
9.192	5.428
9.193	5.428
9.193	5.429
9.194	5.429
9.194	5.429
9.195	5.429
9.195	5.429
9.196	5.429
9.196	5.429
9.197	5.429
9.197	5.430
9.198	5.430
9.198	5.430
9.199	5.430
9.199	5.430
9.200	5.430
9.200	5.430
9.201	5.431
9.201	5.431
9.202	5.431
9.202	5.431
9.203	5.431
9.203	5.431
9.204	5.431
9.204	5.431
9.205	5.432
9.205	5.432
9.206	5.432
9.206	5.432
9.206	5.432
9.207	5.432
9.207	5.432
9.208	5.433
9.208	5.433
9.209	5.433
9.209	5.433
9.210	5.433
9.210	5.433
9.211	5.433
9.211	5.433
9.212	5.434
9.212	5.434
9.213	5.434
9.213	5.434
9.214	5.434
9.214	5.434
9.215	5.434
9.215	5.434
9.216	5.435
9.216	5.435
9.217	5.435
9.217	5.435
9.218	5.435
9.218	5.435
9.219	5.435
9.219	5.436
9.220	5.436
9.220	5.436
9.221	5.436
9.221	5.436
9.222	5.436
9.222	5.436
9.223	5.436
9.223	5.437
9.224	5.437
9.224	5.437
9.224	5.437
9.225	5.437
9.225	5.437
9.226	5.437
9.226	5.438
9.227	5.438
9.227	5.438
9.228	5.438
9.228	5.438
9.229	5.438
9.229	5.438
9.230	5.438
9.230	5.439
9.231	5.439
9.231	5.439
9.232	5.439
9.232	5.439
9.233	5.439
9.233	5.439
9.234	5.439
9.234	5.440
9.235	5.440
9.235	5.440
9.236	5.440
9.236	5.440
9.237	5.440
9.237	5.440
9.238	5.441
9.238	5.441
9.239	5.441
9.239	5.441
9.240	5.441
9.240	5.441
9.241	5.441
9.241	5.441
9.242	5.442
9.242	5.442
9.242	5.442
9.243	5.442
9.243	5.442
9.244	5.442
9.244	5.442
9.245	5.443
9.245	5.443
9.246	5.443
9.246	5.443
9.247	5.443
9.247	5.443
9.248	5.443
9.248	5.443
9.249	5.444
9.249	5.444
9.250	5.444
9.250	5.444
9.251	5.444
9.251	5.444
9.252	5.444
9.252	5.444
9.253	5.445
9.253	5.445
9.254	5.445
9.254	5.445
9.255	5.445
9.255	5.445
9.256	5.445
9.256	5.446
9.257	5.446
9.257	5.446
9.258	5.446
9.258	5.446
9.259	5.446
9.259	5.446
9.260	5.446
9.260	5.447
9.260	5.447
9.261	5.447
9.261	5.447
9.262	5.447
9.262	5.447
9.263	5.447
9.263	5.448
9.264	5.448
9.264	5.448
9.265	5.448
9.265	5.448
9.266	5.448
9.266	5.448
9.267	5.448
9.267	5.449
9.268	5.449
9.268	5.449
9.269	5.449
9.269	5.449
9.270	5.449
9.270	5.449
9.271	5.449
9.271	5.450
9.272	5.450
9.272	5.450
9.273	5.450
9.273	5.450
9.274	5.450
9.274	5.450
9.275	5.451
9.275	5.451
9.276	5.451
9.276	5.451
9.277	5.451
9.277	5.451
9.278	5.451
9.278	5.451
9.278	5.452
9.279	5.452
9.279	5.452
9.280	5.452
9.280	5.452
9.281	5.452
9.281	5.452
9.282	5.453
9.282	5.453
9.283	5.453
9.283	5.453
9.284	5.453
9.284	5.453
9.285	5.453
9.285	5.453
9.286	5.454
9.286	5.454
9.287	5.454
9.287	5.454
9.288	5.454
9.288	5.454
9.289	5.454
9.289	5.454
9.290	5.455
9.290	5.455
9.291	5.455
9.291	5.455
9.292	5.455
9.292	5.455
9.293	5.455
9.293	5.456
9.294	5.456
9.294	5.456
9.295	5.456
9.295	5.456
9.296	5.456
9.296	5.456
9.296	5.456
9.297	5.457
9.297	5.457
9.298	5.457
9.298	5.457
9.299	5.457
9.299	5.457
9.300	5.457
9.300	5.458
9.301	5.458
9.301	5.458
9.302	5.458
9.302	5.458
9.303	5.458
9.303	5.458
9.304	5.458
9.304	5.459
9.305	5.459
9.305	5.459
9.306	5.459
9.306	5.459
9.307	5.459
9.307	5.459
9.308	5.460
9.308	5.460
9.309	5.460
9.309	5.460
9.310	5.460
9.310	5.460
9.311	5.460
9.311	5.460
9.312	5.461
9.312	5.461
9.313	5.461
9.313	5.461
9.314	5.461
9.314	5.461
9.314	5.461
9.315	5.461
9.315	5.462
9.316	5.462
9.316	5.462
9.317	5.462
9.317	5.462
9.318	5.462
9.318	5.462
9.319	5.463
9.319	5.463
9.320	5.463
9.320	5.463
9.320	5.463
9.321	5.463
9.321	5.463
9.322	5.463
9.322	5.463
9.323	5.463
9.323	5.463
9.324	5.463
9.324	5.463
9.325	5.463
9.325	5.463
9.326	5.464
9.326	5.464
9.327	5.464
9.327	5.464
9.328	5.464
9.328	5.464
9.329	5.464
9.329	5.464
9.330	5.464
9.330	5.464
9.331	5.464
9.331	5.464
9.332	5.464
9.332	5.464
9.333	5.464
9.333	5.464
9.334	5.464
9.334	5.465
9.335	5.465
9.335	5.465
9.336	5.465
9.336	5.465
9.337	5.465
9.337	5.465
9.338	5.465
9.338	5.465
9.339	5.465
9.339	5.465
9.340	5.465
9.340	5.465
9.341	5.465
9.341	5.465
9.342	5.465
9.342	5.465
9.343	5.466
9.343	5.466
9.344	5.466
9.344	5.466
9.345	5.466
9.345	5.466
9.346	5.466
9.346	5.466
9.347	5.466
9.347	5.466
9.348	5.466
9.348	5.466
9.349	5.466
9.349	5.466
9.350	5.466
9.350	5.466
9.351	5.467
9.351	5.467
9.352	5.467
9.352	5.467
9.353	5.467
9.353	5.467
9.354	5.467
9.354	5.467
9.355	5.467
9.355	5.467
9.356	5.467
9.356	5.467
9.357	5.467
9.357	5.467
9.358	5.467
9.358	5.467
9.359	5.467
9.359	5.468
9.360	5.468
9.360	5.468
9.361	5.468
9.361	5.468
9.362	5.468
9.362	5.468
9.363	5.468
9.363	5.468
9.364	5.468
9.364	5.468
9.365	5.468
9.365	5.468
9.366	5.468
9.366	5.468
9.367	5.468
9.367	5.468
9.368	5.469
9.368	5.469
9.369	5.469
9.369	5.469
9.370	5.469
9.370	5.469
9.371	5.469
9.371	5.469
9.372	5.469
9.372	5.469
9.373	5.469
9.373	5.469
9.374	5.469
9.374	5.469
9.375	5.469
9.375	5.469
9.376	5.469
9.376	5.470
9.377	5.470
9.377	5.470
9.378	5.470
9.378	5.470
9.379	5.470
9.379	5.470
9.380	5.470
9.380	5.470
9.381	5.470
9.381	5.470
9.382	5.470
9.382	5.470
9.383	5.470
9.383	5.470
9.384	5.470
9.384	5.471
9.385	5.471
9.385	5.471
9.386	5.471
9.386	5.471
9.387	5.471
9.387	5.471
9.388	5.471
9.388	5.471
9.389	5.471
9.389	5.471
9.390	5.471
9.390	5.471
9.391	5.471
9.391	5.471
9.392	5.471
9.392	5.471
9.393	5.472
9.393	5.472
9.394	5.472
9.394	5.472
9.395	5.472
9.395	5.472
9.396	5.472
9.396	5.472
9.397	5.472
9.397	5.472
9.398	5.472
9.398	5.472
9.399	5.472
9.399	5.472
9.400	5.472
9.400	5.472
9.401	5.472
9.401	5.473
9.402	5.473
9.402	5.473
9.403	5.473
9.403	5.473
9.404	5.473
9.404	5.473
9.405	5.473
9.405	5.473
9.406	5.473
9.406	5.473
9.407	5.473
9.407	5.473
9.408	5.473
9.408	5.473
9.409	5.473
9.409	5.474
9.410	5.474
9.410	5.474
9.411	5.474
9.411	5.474
9.412	5.474
9.412	5.474
9.413	5.474
9.413	5.474
9.414	5.474
9.414	5.474
9.415	5.474
9.415	5.474
9.416	5.474
9.416	5.474
9.417	5.474
9.417	5.474
9.418	5.475
9.418	5.475
9.419	5.475
9.419	5.475
9.420	5.475
9.420	5.475
9.421	5.475
9.421	5.475
9.422	5.475
9.422	5.475
9.423	5.475
9.423	5.475
9.424	5.475
9.424	5.475
9.425	5.475
9.425	5.475
9.426	5.475
9.426	5.476
9.427	5.476
9.427	5.476
9.428	5.476
9.428	5.476
9.429	5.476
9.429	5.476
9.430	5.476
9.430	5.476
9.431	5.476
9.431	5.476
9.432	5.476
9.432	5.476
9.433	5.476
9.433	5.476
9.434	5.476
9.434	5.476
9.435	5.477
9.435	5.477
9.436	5.477
9.436	5.477
9.437	5.477
9.437	5.477
9.438	5.477
9.438	5.477
9.439	5.477
9.439	5.477
9.440	5.477
9.440	5.477
9.441	5.477
9.441	5.477
9.442	5.477
9.442	5.477
9.443	5.478
9.443	5.478
9.444	5.478
9.445	5.478
9.445	5.478
9.446	5.478
9.446	5.478
9.447	5.478
9.447	5.478
9.448	5.478
9.448	5.478
9.449	5.478
9.449	5.478
9.450	5.478
9.450	5.478
9.451	5.478
9.451	5.478
9.452	5.479
9.452	5.479
9.453	5.479
9.453	5.479
9.454	5.479
9.454	5.479
9.455	5.479
9.455	5.479
9.456	5.479
9.456	5.479
9.457	5.479
9.457	5.479
9.458	5.479
9.458	5.479
9.459	5.479
9.459	5.479
9.460	5.479
9.460	5.480
9.461	5.480
9.461	5.480
9.462	5.480
9.462	5.480
9.463	5.480
9.463	5.480
9.464	5.480
9.464	5.480
9.465	5.480
9.465	5.480
9.466	5.480
9.466	5.480
9.467	5.480
9.467	5.480
9.468	5.480
9.468	5.481
9.469	5.481
9.469	5.481
9.470	5.481
9.470	5.481
9.471	5.481
9.471	5.481
9.472	5.481
9.472	5.481
9.473	5.481
9.473	5.481
9.474	5.481
9.474	5.481
9.475	5.481
9.475	5.481
9.476	5.481
9.476	5.481
9.477	5.482
9.477	5.482
9.478	5.482
9.478	5.482
9.479	5.482
9.479	5.482
9.480	5.482
9.480	5.482
9.481	5.482
9.481	5.482
9.482	5.482
9.482	5.482
9.483	5.482
9.483	5.482
9.484	5.482
9.484	5.482
9.485	5.482
9.485	5.483
9.486	5.483
9.486	5.483
9.487	5.483
9.487	5.483
9.488	5.483
9.488	5.483
9.489	5.483
9.489	5.483
9.490	5.483
9.490	5.483
9.491	5.483
9.491	5.483
9.492	5.483
9.492	5.483
9.493	5.483
9.493	5.483
9.494	5.484
9.494	5.484
9.495	5.484
9.495	5.484
9.496	5.484
9.496	5.484
9.497	5.484
9.497	5.484
9.498	5.484
9.498	5.484
9.499	5.484
9.499	5.484
9.500	5.484
9.500	5.484
9.501	5.484
9.501	5.484
9.502	5.485
9.502	5.485
9.503	5.485
9.503	5.485
9.504	5.485
9.504	5.485
9.505	5.485
9.505	5.485
9.506	5.485
9.506	5.485
9.507	5.485
9.507	5.485
9.508	5.485
9.508	5.485
9.509	5.485
9.509	5.485
9.510	5.485
9.510	5.486
9.511	5.486
9.511	5.486
9.512	5.486
9.512	5.486
9.513	5.486
9.513	5.486
9.514	5.486
9.514	5.486
9.515	5.486
9.515	5.486
9.516	5.486
9.516	5.486
9.517	5.486
9.517	5.486
9.518	5.486
9.518	5.486
9.519	5.487
9.519	5.487
9.520	5.487
9.520	5.487
9.521	5.487
9.521	5.487
9.522	5.487
9.522	5.487
9.523	5.487
9.523	5.487
9.524	5.487
9.524	5.487
9.525	5.487
9.525	5.487
9.526	5.487
9.526	5.487
9.527	5.488
9.527	5.488
9.528	5.488
9.528	5.488
9.529	5.488
9.529	5.488
9.530	5.488
9.530	5.488
9.531	5.488
9.531	5.488
9.532	5.488
9.532	5.488
9.533	5.488
9.533	5.488
9.534	5.488
9.534	5.488
9.535	5.488
9.535	5.489
9.536	5.489
9.536	5.489
9.537	5.489
9.537	5.489
9.538	5.489
9.538	5.489
9.539	5.489
9.539	5.489
9.540	5.489
9.540	5.489
9.541	5.489
9.541	5.489
9.542	5.489
9.542	5.489
9.543	5.489
9.543	5.489
9.544	5.490
9.544	5.490
9.545	5.490
9.545	5.490
9.546	5.490
9.546	5.490
9.547	5.490
9.547	5.490
9.548	5.490
9.548	5.490
9.549	5.490
9.549	5.490
9.550	5.490
9.550	5.490
9.551	5.490
9.551	5.490
9.552	5.490
9.552	5.491
9.553	5.491
9.553	5.491
9.554	5.491
9.554	5.491
9.555	5.491
9.555	5.491
9.556	5.491
9.556	5.491
9.557	5.491
9.557	5.491
9.558	5.491
9.558	5.491
9.559	5.491
9.559	5.491
9.560	5.491
9.560	5.492
9.561	5.492
9.561	5.492
9.562	5.492
9.562	5.492
9.563	5.492
9.563	5.492
9.564	5.492
9.564	5.492
9.565	5.492
9.565	5.492
9.566	5.492
9.566	5.492
9.567	5.492
9.567	5.492
9.568	5.492
9.568	5.492
9.569	5.493
9.569	5.493
9.570	5.493
9.570	5.493
9.571	5.493
9.571	5.493
9.572	5.493
9.572	5.493
9.573	5.493
9.573	5.493
9.573	5.493
9.574	5.493
9.574	5.493
9.575	5.493
9.575	5.493
9.576	5.493
9.576	5.493
9.577	5.493
9.577	5.493
9.578	5.493
9.578	5.493
9.579	5.493
9.579	5.493
9.580	5.493
9.580	5.493
9.581	5.493
9.581	5.493
9.582	5.493
9.582	5.493
9.583	5.493
9.583	5.493
9.584	5.493
9.584	5.493
9.585	5.493
9.585	5.493
9.586	5.493
9.586	5.493
9.587	5.493
9.587	5.493
9.588	5.493
9.588	5.493
9.589	5.493
9.589	5.493
9.590	5.493
9.590	5.493
9.591	5.493
9.591	5.492
9.592	5.492
9.592	5.492
9.593	5.492
9.593	5.492
9.594	5.492
9.594	5.492
9.595	5.492
9.595	5.492
9.596	5.492
9.596	5.492
9.597	5.492
9.597	5.492
9.598	5.492
9.598	5.492
9.599	5.492
9.599	5.492
9.600	5.492
9.600	5.492
9.601	5.492
9.601	5.492
9.602	5.492
9.602	5.492
9.603	5.492
9.603	5.492
9.604	5.492
9.604	5.492
9.605	5.492
9.605	5.492
9.606	5.492
9.606	5.492
9.607	5.492
9.607	5.492
9.608	5.492
9.608	5.492
9.609	5.492
9.609	5.492
9.610	5.492
9.610	5.492
9.611	5.492
9.611	5.492
9.612	5.492
9.612	5.492
9.613	5.492
9.613	5.492
9.614	5.492
9.615	5.492
9.615	5.492
9.616	5.492
9.616	5.492
9.617	5.492
9.617	5.492
9.618	5.492
9.618	5.492
9.619	5.492
9.619	5.492
9.620	5.492
9.620	5.492
9.621	5.492
9.621	5.492
9.622	5.492
9.622	5.492
9.623	5.492
9.623	5.491
9.624	5.491
9.624	5.491
9.625	5.491
9.625	5.491
9.626	5.491
9.626	5.491
9.627	5.491
9.627	5.491
9.628	5.491
9.628	5.491
9.629	5.491
9.629	5.491
9.630	5.491
9.630	5.491
9.631	5.491
9.631	5.491
9.632	5.491
9.632	5.491
9.633	5.491
9.633	5.491
9.634	5.491
9.634	5.491
9.635	5.491
9.635	5.491
9.636	5.491
9.636	5.491
9.637	5.491
9.637	5.491
9.638	5.491
9.638	5.491
9.639	5.491
9.639	5.491
9.640	5.491
9.640	5.491
9.641	5.491
9.641	5.491
9.642	5.491
9.642	5.491
9.643	5.491
9.643	5.491
9.644	5.491
9.644	5.491
9.645	5.491
9.645	5.491
9.646	5.491
9.646	5.491
9.647	5.491
9.647	5.491
9.648	5.491
9.648	5.491
9.649	5.491
9.649	5.491
9.650	5.491
9.650	5.491
9.651	5.491
9.651	5.491
9.652	5.491
9.652	5.491
9.653	5.491
9.653	5.491
9.654	5.491
9.654	5.491
9.655	5.490
9.655	5.490
9.656	5.490
9.656	5.490
9.657	5.490
9.657	5.490
9.658	5.490
9.658	5.490
9.659	5.490
9.659	5.490
9.660	5.490
9.660	5.490
9.661	5.490
9.661	5.490
9.662	5.490
9.662	5.490
9.663	5.490
9.663	5.490
9.664	5.490
9.664	5.490
9.665	5.490
9.665	5.490
9.666	5.490
9.666	5.490
9.667	5.490
9.667	5.490
9.668	5.490
9.668	5.490
9.669	5.490
9.669	5.490
9.670	5.490
9.670	5.490
9.671	5.490
9.671	5.490
9.672	5.490
9.672	5.490
9.673	5.490
9.673	5.490
9.674	5.490
9.674	5.490
9.675	5.490
9.676	5.490
9.676	5.490
9.677	5.490
9.677	5.490
9.678	5.490
9.678	5.490
9.679	5.490
9.679	5.490
9.680	5.490
9.680	5.490
9.681	5.490
9.681	5.490
9.682	5.490
9.682	5.490
9.683	5.490
9.683	5.490
9.684	5.490
9.684	5.490
9.685	5.490
9.685	5.490
9.686	5.490
9.686	5.489
9.687	5.489
9.687	5.489
9.688	5.489
9.688	5.489
9.689	5.489
9.689	5.489
9.690	5.489
9.690	5.489
9.691	5.489
9.691	5.489
9.692	5.489
9.692	5.489
9.693	5.489
9.693	5.489
9.694	5.489
9.694	5.489
9.695	5.489
9.695	5.489
9.696	5.489
9.696	5.489
9.697	5.489
9.697	5.489
9.698	5.489
9.698	5.489
9.699	5.489
9.699	5.489
9.700	5.489
9.700	5.489
9.701	5.489
9.701	5.489
9.702	5.489
9.702	5.489
9.703	5.489
9.703	5.489
9.704	5.489
9.704	5.489
9.705	5.489
9.705	5.489
9.706	5.489
9.706	5.489
9.707	5.489
9.707	5.489
9.708	5.489
9.708	5.489
9.709	5.489
9.709	5.489
9.710	5.489
9.710	5.489
9.711	5.489
9.711	5.489
9.712	5.489
9.712	5.489
9.713	5.489
9.713	5.489
9.714	5.489
9.714	5.489
9.715	5.489
9.715	5.489
9.716	5.489
9.716	5.489
9.717	5.489
9.717	5.489
9.718	5.488
9.718	5.488
9.719	5.488
9.719	5.488
9.720	5.488
9.720	5.488
9.721	5.488
9.721	5.488
9.722	5.488
9.722	5.488
9.723	5.488
9.723	5.488
9.724	5.488
9.724	5.488
9.725	5.488
9.725	5.488
9.726	5.488
9.726	5.488
9.727	5.488
9.727	5.488
9.728	5.488
9.728	5.488
9.729	5.488
9.729	5.488
9.730	5.488
9.730	5.488
9.731	5.488
9.731	5.488
9.732	5.488
9.732	5.488
9.733	5.488
9.733	5.488
9.734	5.488
9.734	5.488
9.735	5.488
9.736	5.488
9.736	5.488
9.737	5.488
9.737	5.488
9.738	5.488
9.738	5.488
9.739	5.488
9.739	5.488
9.740	5.488
9.740	5.488
9.741	5.488
9.741	5.488
9.742	5.488
9.742	5.488
9.743	5.488
9.743	5.488
9.744	5.488
9.744	5.488
9.745	5.488
9.745	5.488
9.746	5.488
9.746	5.488
9.747	5.488
9.747	5.488
9.748	5.488
9.748	5.488
9.749	5.488
9.749	5.488
9.750	5.487
9.750	5.487
9.751	5.487
9.751	5.487
9.752	5.487
9.752	5.487
9.753	5.487
9.753	5.487
9.754	5.487
9.754	5.487
9.755	5.487
9.755	5.487
9.756	5.487
9.756	5.487
9.757	5.487
9.757	5.487
9.758	5.487
9.758	5.487
9.759	5.487
9.759	5.487
9.760	5.487
9.760	5.487
9.761	5.487
9.761	5.487
9.762	5.487
9.762	5.487
9.763	5.487
9.763	5.487
9.764	5.487
9.764	5.487
9.765	5.487
9.765	5.487
9.766	5.487
9.766	5.487
9.767	5.487
9.767	5.487
9.768	5.487
9.768	5.487
9.769	5.487
9.769	5.487
9.770	5.487
9.770	5.487
9.771	5.487
9.771	5.487
9.772	5.487
9.772	5.487
9.773	5.487
9.773	5.487
9.774	5.487
9.774	5.487
9.775	5.487
9.775	5.487
9.776	5.487
9.776	5.487
9.777	5.487
9.777	5.487
9.778	5.487
9.778	5.487
9.779	5.487
9.779	5.487
9.780	5.487
9.780	5.487
9.781	5.487
9.781	5.486
9.782	5.486
9.782	5.486
9.783	5.486
9.783	5.486
9.784	5.486
9.784	5.486
9.785	5.486
9.785	5.486
9.786	5.486
9.786	5.486
9.787	5.486
9.787	5.486
9.788	5.486
9.788	5.486
9.789	5.486
9.789	5.486
9.790	5.486
9.790	5.486
9.791	5.486
9.791	5.486
9.792	5.486
9.792	5.486
9.793	5.486
9.793	5.486
9.794	5.486
9.794	5.486
9.795	5.486
9.795	5.486
9.796	5.486
9.797	5.486
9.797	5.486
9.798	5.486
9.798	5.486
9.799	5.486
9.799	5.486
9.800	5.486
9.800	5.486
9.801	5.486
9.801	5.486
9.802	5.486
9.802	5.486
9.803	5.486
9.803	5.486
9.804	5.486
9.804	5.486
9.805	5.486
9.805	5.486
9.806	5.486
9.806	5.486
9.807	5.486
9.807	5.486
9.808	5.486
9.808	5.486
9.809	5.486
9.809	5.486
9.810	5.486
9.810	5.486
9.811	5.486
9.811	5.486
9.812	5.486
9.812	5.486
9.813	5.486
9.813	5.485
9.814	5.485
9.814	5.485
9.815	5.485
9.815	5.485
9.816	5.485
9.816	5.485
9.817	5.485
9.817	5.485
9.818	5.485
9.818	5.485
9.819	5.485
9.819	5.485
9.820	5.485
9.820	5.485
9.821	5.485
9.821	5.485
9.822	5.485
9.822	5.485
9.823	5.485
9.823	5.485
9.824	5.485
9.824	5.485
9.825	5.485
9.825	5.485
9.825	5.485
9.826	5.485
9.826	5.485
9.827	5.485
9.827	5.485
9.828	5.485
9.828	5.485
9.829	5.485
9.829	5.485
9.830	5.485
9.830	5.485
9.831	5.485
9.831	5.484
9.832	5.484
9.832	5.484
9.833	5.484
9.833	5.484
9.834	5.484
9.834	5.484
9.835	5.484
9.835	5.484
9.836	5.484
9.836	5.484
9.837	5.484
9.837	5.484
9.838	5.484
9.838	5.484
9.839	5.484
9.839	5.484
9.840	5.484
9.840	5.484
9.841	5.484
9.841	5.483
9.842	5.483
9.842	5.483
9.843	5.483
9.843	5.483
9.844	5.483
9.844	5.483
9.845	5.483
9.845	5.483
9.846	5.483
9.846	5.483
9.847	5.483
9.847	5.483
9.848	5.483
9.848	5.483
9.849	5.483
9.849	5.483
9.850	5.483
9.850	5.483
9.851	5.483
9.851	5.482
9.852	5.482
9.852	5.482
9.853	5.482
9.853	5.482
9.854	5.482
9.854	5.482
9.855	5.482
9.856	5.482
9.856	5.482
9.857	5.482
9.857	5.482
9.858	5.482
9.858	5.482
9.859	5.482
9.859	5.482
9.860	5.482
9.860	5.482
9.861	5.482
9.861	5.482
9.862	5.481
9.862	5.481
9.863	5.481
9.863	5.481
9.864	5.481
9.864	5.481
9.865	5.481
9.865	5.481
9.866	5.481
9.866	5.481
9.867	5.481
9.867	5.481
9.868	5.481
9.868	5.481
9.869	5.481
9.869	5.481
9.870	5.481
9.870	5.481
9.871	5.481
9.871	5.481
9.872	5.480
9.872	5.480
9.873	5.480
9.873	5.480
9.874	5.480
9.874	5.480
9.875	5.480
9.875	5.480
9.876	5.480
9.876	5.480
9.877	5.480
9.877	5.480
9.877	5.480
9.878	5.480
9.878	5.480
9.879	5.480
9.879	5.480
9.880	5.480
9.880	5.480
9.881	5.480
9.881	5.480
9.882	5.480
9.882	5.480
9.883	5.480
9.883	5.480
9.884	5.480
9.884	5.480
9.885	5.480
9.885	5.480
9.886	5.480
9.886	5.480
9.887	5.480
9.887	5.480
9.888	5.480
9.888	5.480
9.889	5.480
9.889	5.480
9.890	5.480
9.890	5.480
9.891	5.480
9.891	5.480
9.892	5.480
9.892	5.480
9.893	5.480
9.893	5.480
9.894	5.480
9.894	5.480
9.895	5.480
9.895	5.480
9.896	5.480
9.896	5.480
9.897	5.480
9.897	5.480
9.898	5.480
9.898	5.480
9.899	5.480
9.900	5.480
9.900	5.480
9.901	5.480
9.901	5.480
9.901	5.480
9.902	5.480
9.902	5.480
9.903	5.480
9.903	5.480
9.904	5.480
9.904	5.480
9.905	5.481
9.905	5.481
9.905	5.481
9.906	5.481
9.906	5.481
9.907	5.481
9.907	5.481
9.908	5.481
9.908	5.482
9.909	5.482
9.909	5.482
9.910	5.482
9.910	5.482
9.911	5.482
9.911	5.482
9.912	5.482
9.912	5.482
9.913	5.483
9.913	5.483
9.914	5.483
9.914	5.483
9.915	5.483
9.915	5.483
9.916	5.483
9.916	5.483
9.916	5.483
9.917	5.484
9.917	5.484
9.918	5.484
9.918	5.484
9.919	5.485
9.919	5.485
9.920	5.485
9.920	5.485
9.920	5.486
9.921	5.486
9.921	5.486
9.922	5.486
9.922	5.487
9.923	5.487
9.923	5.487
9.924	5.487
9.924	5.488
9.924	5.488
9.925	5.488
9.925	5.488
9.926	5.489
9.926	5.489
9.927	5.489
9.927	5.489
9.928	5.490
9.928	5.490
9.928	5.490
9.929	5.490
9.929	5.491
9.930	5.491
9.930	5.491
9.931	5.491
9.931	5.492
9.932	5.492
9.932	5.492
9.932	5.492
9.932	5.493
9.933	5.493
9.933	5.493
9.934	5.494
9.934	5.494
9.934	5.494
9.935	5.495
9.935	5.495
9.935	5.495
9.936	5.496
9.936	5.496
9.937	5.496
9.937	5.497
9.937	5.497
9.938	5.497
9.938	5.498
9.938	5.498
9.939	5.498
9.939	5.499
9.940	5.499
9.940	5.499
9.940	5.500
9.941	5.500
9.941	5.501
9.941	5.501
9.942	5.501
9.942	5.502
9.943	5.502
9.943	5.502
9.943	5.503
9.944	5.503
9.944	5.503
9.944	5.504
9.945	5.504
9.945	5.504
9.946	5.505
9.946	5.505
9.946	5.505
9.947	5.506
9.947	5.506
9.947	5.506
9.948	5.507
9.948	5.507
9.949	5.507
9.949	5.508
9.949	5.508
9.950	5.509
9.950	5.509
9.950	5.509
9.951	5.510
9.951	5.510
9.952	5.510
9.952	5.511
9.952	5.511
9.953	5.511
9.953	5.512
9.953	5.512
9.954	5.512
9.954	5.513
9.955	5.513
9.955	5.513
9.955	5.514
9.956	5.514
9.956	5.514
9.956	5.515
9.957	5.515
9.957	5.515
9.958	5.516
9.958	5.516
9.958	5.516
9.958	5.517
9.958	5.517
9.959	5.517
9.959	5.518
9.959	5.518
9.960	5.519
9.960	5.519
9.960	5.519
9.961	5.520
9.961	5.520
9.961	5.521
9.961	5.521
9.962	5.521
9.962	5.522
9.962	5.522
9.963	5.523
9.963	5.523
9.963	5.524
9.964	5.524
9.964	5.524
9.964	5.525
9.964	5.525
9.965	5.526
9.965	5.526
9.965	5.526
9.966	5.527
9.966	5.527
9.966	5.528
9.966	5.528
9.967	5.528
9.967	5.529
9.967	5.529
9.968	5.530
9.968	5.530
9.968	5.530
9.969	5.531
9.969	5.531
9.969	5.532
9.969	5.532
9.970	5.532
9.970	5.533
9.970	5.533
9.971	5.534
9.971	5.534
9.971	5.535
9.972	5.535
9.972	5.535
9.972	5.536
9.972	5.536
9.973	5.537
9.973	5.537
9.973	5.537
9.974	5.538
9.974	5.538
9.974	5.539
9.975	5.539
9.975	5.539
9.975	5.540
9.975	5.540
9.976	5.541
9.976	5.541
9.976	5.541
9.977	5.542
9.977	5.542
9.977	5.543
9.977	5.543
9.978	5.543
9.978	5.544
9.978	5.544
9.979	5.545
9.979	5.545
9.979	5.545
9.980	5.546
9.980	5.546
9.980	5.546
9.980	5.547
9.980	5.547
9.980	5.548
9.981	5.548
9.981	5.549
9.981	5.549
9.981	5.550
9.982	5.550
9.982	5.550
9.982	5.551
9.982	5.551
9.982	5.552
9.983	5.552
9.983	5.553
9.983	5.553
9.983	5.554
9.984	5.554
9.984	5.555
9.984	5.555
9.984	5.555
9.984	5.556
9.985	5.556
9.985	5.557
9.985	5.557
9.985	5.558
9.986	5.558
9.986	5.559
9.986	5.559
9.986	5.560
9.986	5.560
9.987	5.560
9.987	5.561
9.987	5.561
9.987	5.562
9.988	5.562
9.988	5.563
9.988	5.563
9.988	5.564
9.988	5.564
9.989	5.565
9.989	5.565
9.989	5.565
9.989	5.566
9.990	5.566
9.990	5.567
9.990	5.567
9.990	5.568
9.990	5.568
9.991	5.569
9.991	5.569
9.991	5.570
9.991	5.570
9.992	5.571
9.992	5.571
9.992	5.571
9.992	5.572
9.992	5.572
9.993	5.573
9.993	5.573
9.993	5.574
9.993	5.574
9.994	5.575
9.994	5.575
9.994	5.576
9.994	5.576
9.994	5.576
9.995	5.577
9.995	5.577
9.995	5.577
9.995	5.578
9.995	5.578
9.995	5.579
9.995	5.579
9.995	5.580
9.995	5.580
9.996	5.581
9.996	5.581
9.996	5.582
9.996	5.582
9.996	5.583
9.996	5.583
9.996	5.584
9.996	5.584
9.996	5.585
9.996	5.585
9.996	5.586
9.997	5.586
9.997	5.587
9.997	5.587
9.997	5.588
9.997	5.588
9.997	5.589
9.997	5.589
9.997	5.590
9.997	5.590
9.997	5.591
9.997	5.591
9.998	5.592
9.998	5.592
9.998	5.593
9.998	5.593
9.998	5.594
9.998	5.594
9.998	5.595
9.998	5.595
9.998	5.596
9.998	5.596
9.999	5.597
9.999	5.597
9.999	5.598
9.999	5.598
9.999	5.599
9.999	5.599
9.999	5.600
9.999	5.600
9.999	5.601
9.999	5.601
9.999	5.602
10.000	5.602
10.000	5.603
10.000	5.603
10.000	5.604
10.000	5.604
10.000	5.605
10.000	5.605
10.000	5.605
10.000	5.606
10.000	5.606
10.000	5.607
10.000	5.607
9.999	5.608
9.999	5.608
9.999	5.609
9.999	5.609
9.999	5.610
9.999	5.610
9.999	5.611
9.999	5.611
9.999	5.612
9.999	5.612
9.998	5.613
9.998	5.613
9.998	5.614
9.998	5.614
9.998	5.615
9.998	5.615
9.998	5.616
9.998	5.616
9.998	5.617
9.998	5.617
9.997	5.618
9.997	5.618
9.997	5.619
9.997	5.619
9.997	5.620
9.997	5.620
9.997	5.621
9.997	5.621
9.997	5.622
9.997	5.622
9.996	5.622
9.996	5.623
9.996	5.623
9.996	5.624
9.996	5.624
9.996	5.625
9.996	5.625
9.996	5.626
9.996	5.626
9.996	5.627
9.996	5.627
9.995	5.628
9.995	5.628
9.995	5.629
9.995	5.629
9.995	5.630
9.995	5.630
9.995	5.631
9.995	5.631
9.995	5.632
9.995	5.632
9.994	5.633
9.994	5.633
9.994	5.634
9.994	5.634
9.994	5.635
9.994	5.635
9.994	5.636
9.994	5.636
9.994	5.637
9.994	5.637
9.993	5.637
9.993	5.638
9.993	5.638
9.993	5.639
9.992	5.639
9.992	5.640
9.992	5.640
9.992	5.640
9.991	5.641
9.991	5.641
9.991	5.642
9.991	5.642
9.991	5.643
9.990	5.643
9.990	5.644
9.990	5.644
9.990	5.644
9.989	5.645
9.989	5.645
9.989	5.646
9.989	5.646
9.988	5.647
9.988	5.647
9.988	5.648
9.988	5.648
9.987	5.648
9.987	5.649
9.987	5.649
9.987	5.650
9.986	5.650
9.986	5.651
9.986	5.651
9.986	5.652
9.986	5.652
9.985	5.652
9.985	5.653
9.985	5.653
9.985	5.654
9.984	5.654
9.984	5.655
9.984	5.655
9.984	5.656
9.983	5.656
9.983	5.656
9.983	5.657
9.983	5.657
9.982	5.658
9.982	5.658
9.982	5.659
9.982	5.659
9.981	5.660
9.981	5.660
9.981	5.661
9.981	5.661
9.980	5.661
9.980	5.662
9.980	5.662
9.980	5.663
9.980	5.663
9.979	5.664
9.979	5.664
9.979	5.665
9.979	5.665
9.978	5.665
9.978	5.666
9.978	5.666
9.978	5.667
9.977	5.667
9.977	5.668
9.977	5.668
9.977	5.669
9.976	5.669
9.976	5.669
9.976	5.670
9.976	5.670
9.975	5.671
9.975	5.671
9.975	5.672
9.975	5.672
9.975	5.673
9.974	5.673
9.974	5.673
9.974	5.674
9.974	5.674
9.973	5.675
9.973	5.675
9.973	5.675
9.973	5.676
9.972	5.676
9.972	5.676
9.972	5.677
9.971	5.677
9.971	5.678
9.971	5.678
9.970	5.678
9.970	5.679
9.970	5.679
9.969	5.679
9.969	5.680
9.969	5.680
9.969	5.681
9.968	5.681
9.968	5.681
9.968	5.682
9.967	5.682
9.967	5.683
9.967	5.683
9.966	5.683
9.966	5.684
9.966	5.684
9.965	5.685
9.965	5.685
9.965	5.685
9.964	5.686
9.964	5.686
9.964	5.687
9.963	5.687
9.963	5.687
9.963	5.688
9.962	5.688
9.962	5.689
9.962	5.689
9.962	5.689
9.961	5.690
9.961	5.690
9.961	5.690
9.960	5.691
9.960	5.691
9.960	5.692
9.959	5.692
9.959	5.692
9.959	5.693
9.958	5.693
9.958	5.694
9.958	5.694
9.957	5.694
9.957	5.695
9.957	5.695
9.956	5.696
9.956	5.696
9.956	5.696
9.955	5.697
9.955	5.697
9.955	5.698
9.955	5.698
9.954	5.698
9.954	5.699
9.954	5.699
9.953	5.700
9.953	5.700
9.953	5.700
9.952	5.701
9.952	5.701
9.952	5.702
9.951	5.702
9.951	5.702
9.951	5.703
9.950	5.703
9.950	5.703
9.950	5.704
9.949	5.704
9.949	5.705
9.949	5.705
9.948	5.705
9.948	5.706
9.948	5.706
9.948	5.707
9.947	5.707
9.947	5.707
9.947	5.708
9.946	5.708
9.946	5.709
9.946	5.709
9.946	5.709
9.945	5.709
9.945	5.710
9.944	5.710
9.944	5.710
9.944	5.710
9.943	5.711
9.943	5.711
9.942	5.711
9.942	5.712
9.941	5.712
9.941	5.712
9.941	5.713
9.940	5.713
9.940	5.713
9.939	5.714
9.939	5.714
9.939	5.714
9.938	5.714
9.938	5.715
9.937	5.715
9.937	5.715
9.937	5.716
9.936	5.716
9.936	5.716
9.935	5.717
9.935	5.717
9.934	5.717
9.934	5.717
9.934	5.718
9.933	5.718
9.933	5.718
9.932	5.719
9.932	5.719
9.932	5.719
9.931	5.720
9.931	5.720
9.930	5.720
9.930	5.720
9.930	5.721
9.929	5.721
9.929	5.721
9.928	5.722
9.928	5.722
9.927	5.722
9.927	5.723
9.927	5.723
9.926	5.723
9.926	5.723
9.925	5.724
9.925	5.724
9.925	5.724
9.924	5.725
9.924	5.725
9.923	5.725
9.923	5.726
9.923	5.726
9.922	5.726
9.922	5.726
9.921	5.727
9.921	5.727
9.920	5.727
9.920	5.728
9.920	5.728
9.919	5.728
9.919	5.729
9.918	5.729
9.918	5.729
9.918	5.729
9.917	5.730
9.917	5.730
9.916	5.730
9.916	5.730
9.916	5.731
9.915	5.731
9.915	5.731
9.914	5.731
9.914	5.731
9.913	5.731
9.913	5.731
9.912	5.732
9.912	5.732
9.912	5.732
9.911	5.732
9.911	5.732
9.910	5.732
9.910	5.732
9.909	5.733
9.909	5.733
9.908	5.733
9.908	5.733
9.907	5.733
9.907	5.733
9.906	5.734
9.906	5.734
9.905	5.734
9.905	5.734
9.904	5.734
9.904	5.734
9.903	5.734
9.903	5.735
9.902	5.735
9.902	5.735
9.901	5.735
9.901	5.735
9.900	5.735
9.900	5.735
9.899	5.736
9.899	5.736
9.898	5.736
9.898	5.736
9.898	5.736
9.897	5.736
9.897	5.737
9.896	5.737
9.896	5.737
9.895	5.737
9.895	5.737
9.894	5.737
9.894	5.737
9.893	5.738
9.893	5.738
9.892	5.738
9.892	5.738
9.891	5.738
9.891	5.738
9.890	5.738
9.890	5.739
9.889	5.739
9.889	5.739
9.888	5.739
9.888	5.739
9.887	5.739
9.887	5.739
9.886	5.740
9.886	5.740
9.885	5.740
9.885	5.740
9.884	5.740
9.884	5.740
9.884	5.741
9.883	5.741
9.883	5.741
9.882	5.741
9.882	5.741
9.881	5.741
9.881	5.741
9.880	5.742
9.880	5.742
9.879	5.742
9.879	5.742
9.878	5.742
9.878	5.742
9.877	5.742
9.877	5.743
9.876	5.743
9.876	5.743
9.875	5.743
9.875	5.743
9.874	5.743
9.874	5.744
9.873	5.744
9.873	5.744
9.872	5.744
9.872	5.744
9.871	5.744
9.871	5.744
9.870	5.745
9.870	5.745
9.869	5.745
9.869	5.745
9.869	5.745
9.868	5.745
9.868	5.745
9.867	5.746
9.867	5.746
9.866	5.746
9.866	5.746
9.865	5.746
9.865	5.746
9.864	5.747
9.864	5.747
9.863	5.747
9.863	5.747
9.862	5.747
9.862	5.747
9.861	5.747
9.861	5.748
9.860	5.748
9.860	5.748
9.859	5.748
9.859	5.748
9.858	5.748
9.858	5.748
9.857	5.749
9.857	5.749
9.856	5.749
9.856	5.749
9.855	5.749
9.855	5.749
9.855	5.749
9.854	5.750
9.854	5.750
9.853	5.750
9.853	5.750
9.852	5.750
9.852	5.750
9.851	5.751
9.851	5.751
9.850	5.751
9.850	5.751
9.849	5.751
9.849	5.751
9.848	5.751
9.848	5.752
9.847	5.752
9.847	5.752
9.846	5.752
9.846	5.752
9.845	5.752
9.845	5.752
9.844	5.753
9.844	5.753
9.843	5.753
9.843	5.753
9.842	5.753
9.842	5.753
9.841	5.754
9.841	5.754
9.840	5.754
9.840	5.754
9.840	5.754
9.839	5.754
9.839	5.754
9.838	5.755
9.838	5.755
9.837	5.755
9.837	5.755
9.836	5.755
9.836	5.755
9.835	5.755
9.835	5.756
9.834	5.756
9.834	5.756
9.833	5.756
9.833	5.756
9.832	5.756
9.832	5.756
9.831	5.757
9.831	5.757
9.830	5.757
9.830	5.757
9.829	5.757
9.829	5.757
9.828	5.758
9.828	5.758
9.827	5.758
9.827	5.758
9.826	5.758
9.826	5.758
9.826	5.758
9.825	5.758
9.825	5.758
9.824	5.758
9.824	5.758
9.823	5.758
9.823	5.758
9.822	5.759
9.822	5.759
9.821	5.759
9.821	5.759
9.820	5.759
9.820	5.759
9.819	5.759
9.819	5.759
9.818	5.759
9.818	5.759
9.817	5.759
9.817	5.759
9.816	5.759
9.816	5.759
9.815	5.759
9.815	5.759
9.814	5.759
9.814	5.759
9.813	5.759
9.813	5.759
9.812	5.760
9.812	5.760
9.811	5.760
9.811	5.760
9.810	5.760
9.810	5.760
9.809	5.760
9.809	5.760
9.808	5.760
9.808	5.760
9.807	5.760
9.807	5.760
9.806	5.760
9.806	5.760
9.805	5.760
9.805	5.760
9.804	5.760
9.804	5.760
9.803	5.760
9.803	5.760
9.802	5.760
9.802	5.761
9.801	5.761
9.801	5.761
9.800	5.761
9.800	5.761
9.799	5.761
9.799	5.761
9.798	5.761
9.798	5.761
9.797	5.761
9.797	5.761
9.796	5.761
9.796	5.761
9.795	5.761
9.795	5.761
9.794	5.761
9.794	5.761
9.793	5.761
9.793	5.761
9.792	5.761
9.792	5.762
9.791	5.762
9.791	5.762
9.790	5.762
9.790	5.762
9.789	5.762
9.789	5.762
9.788	5.762
9.788	5.762
9.787	5.762
9.787	5.762
9.786	5.762
9.786	5.762
9.785	5.762
9.785	5.762
9.784	5.762
9.784	5.762
9.783	5.762
9.783	5.762
9.782	5.762
9.782	5.762
9.781	5.763
9.781	5.763
9.780	5.763
9.780	5.763
9.779	5.763
9.779	5.763
9.778	5.763
9.778	5.763
9.777	5.763
9.777	5.763
9.776	5.763
9.776	5.763
9.775	5.763
9.775	5.763
9.774	5.763
9.774	5.763
9.773	5.763
9.773	5.763
9.772	5.763
9.772	5.763
9.771	5.764
9.771	5.764
9.770	5.764
9.770	5.764
9.769	5.764
9.769	5.764
9.768	5.764
9.768	5.764
9.767	5.764
9.767	5.764
9.766	5.764
9.766	5.764
9.765	5.764
9.765	5.764
9.764	5.764
9.764	5.764
9.763	5.764
9.763	5.764
9.762	5.764
9.762	5.764
9.761	5.764
9.761	5.765
9.760	5.765
9.760	5.765
9.759	5.765
9.759	5.765
9.758	5.765
9.758	5.765
9.757	5.765
9.757	5.765
9.756	5.765
9.756	5.765
9.755	5.765
9.755	5.765
9.754	5.765
9.754	5.765
9.753	5.765
9.753	5.765
9.752	5.765
9.752	5.765
9.751	5.765
9.751	5.766
9.750	5.766
9.750	5.766
9.749	5.766
9.749	5.766
9.748	5.766
9.748	5.766
9.747	5.766
9.747	5.766
9.746	5.766
9.746	5.766
9.745	5.766
9.745	5.766
9.744	5.766
9.744	5.766
9.743	5.766
9.743	5.766
9.742	5.766
9.742	5.766
9.741	5.766
9.741	5.766
9.740	5.767
9.740	5.767
9.739	5.767
9.739	5.767
9.738	5.767
9.738	5.767
9.737	5.767
9.737	5.767
9.736	5.767
9.736	5.767
9.735	5.767
9.735	5.767
9.734	5.767
9.734	5.767
9.733	5.767
9.733	5.767
9.732	5.767
9.732	5.767
9.731	5.767
9.731	5.767
9.730	5.768
9.730	5.768
9.729	5.768
9.729	5.768
9.728	5.768
9.728	5.768
9.727	5.768
9.727	5.768
9.726	5.768
9.726	5.768
9.725	5.768
9.725	5.768
9.724	5.768
9.724	5.768
9.723	5.768
9.722	5.768
9.722	5.768
9.721	5.768
9.721	5.768
9.720	5.768
9.720	5.768
9.719	5.769
9.719	5.769
9.718	5.769
9.718	5.769
9.717	5.769
9.717	5.769
9.716	5.769
9.716	5.769
9.715	5.769
9.715	5.769
9.714	5.769
9.714	5.769
9.713	5.769
9.713	5.769
9.712	5.769
9.712	5.769
9.711	5.769
9.711	5.769
9.710	5.769
9.710	5.769
9.709	5.770
9.709	5.770
9.708	5.770
9.708	5.770
9.707	5.770
9.707	5.770
9.706	5.770
9.706	5.770
9.705	5.770
9.705	5.770
9.704	5.770
9.704	5.770
9.703	5.770
9.703	5.770
9.702	5.770
9.702	5.770
9.701	5.770
9.701	5.770
9.700	5.770
9.700	5.770
9.699	5.770
9.699	5.771
9.698	5.771
9.698	5.771
9.697	5.771
9.697	5.771
9.696	5.771
9.696	5.771
9.695	5.771
9.695	5.771
9.694	5.771
9.694	5.771
9.693	5.771
9.693	5.771
9.692	5.771
9.692	5.771
9.691	5.771
9.691	5.771
9.690	5.771
9.690	5.771
9.689	5.771
9.689	5.772
9.688	5.772
9.688	5.772
9.687	5.772
9.687	5.772
9.686	5.772
9.686	5.772
9.685	5.772
9.685	5.772
9.684	5.772
9.684	5.772
9.683	5.772
9.683	5.772
9.682	5.772
9.682	5.772
9.681	5.772
9.681	5.772
9.680	5.772
9.680	5.772
9.679	5.772
9.679	5.772
9.678	5.773
9.678	5.773
9.677	5.773
9.677	5.773
9.676	5.773
9.676	5.773
9.675	5.773
9.675	5.773
9.674	5.773
9.674	5.773
9.673	5.773
9.673	5.773
9.672	5.773
9.672	5.773
9.671	5.773
9.671	5.773
9.670	5.773
9.670	5.773
9.669	5.773
9.669	5.773
9.668	5.774
9.668	5.774
9.667	5.774
9.667	5.774
9.666	5.774
9.666	5.774
9.665	5.774
9.665	5.774
9.664	5.774
9.664	5.774
9.663	5.774
9.663	5.774
9.662	5.774
9.662	5.774
9.662	5.774
9.661	5.774
9.661	5.774
9.660	5.774
9.660	5.774
9.659	5.774
9.659	5.774
9.658	5.774
9.658	5.774
9.657	5.774
9.657	5.774
9.656	5.774
9.656	5.774
9.655	5.774
9.655	5.774
9.654	5.774
9.654	5.774
9.653	5.774
9.653	5.774
9.652	5.774
9.652	5.774
9.651	5.774
9.651	5.774
9.650	5.774
9.650	5.774
9.649	5.774
9.649	5.774
9.648	5.774
9.648	5.774
9.647	5.774
9.647	5.774
9.646	5.774
9.646	5.775
9.645	5.775
9.645	5.775
9.644	5.775
9.644	5.775
9.643	5.775
9.643	5.775
9.642	5.775
9.642	5.775
9.641	5.775
9.641	5.775
9.640	5.775
9.640	5.775
9.639	5.775
9.639	5.775
9.638	5.775
9.638	5.775
9.637	5.775
9.637	5.775
9.636	5.775
9.636	5.775
9.635	5.775
9.635	5.775
9.634	5.775
9.633	5.775
9.633	5.775
9.632	5.775
9.632	5.775
9.631	5.775
9.631	5.775
9.630	5.775
9.630	5.775
9.629	5.775
9.629	5.775
9.628	5.775
9.628	5.775
9.627	5.775
9.627	5.775
9.626	5.775
9.626	5.775
9.625	5.775
9.625	5.775
9.624	5.775
9.624	5.775
9.623	5.775
9.623	5.775
9.622	5.775
9.622	5.775
9.621	5.775
9.621	5.775
9.620	5.775
9.620	5.775
9.619	5.775
9.619	5.775
9.618	5.775
9.618	5.775
9.617	5.775
9.617	5.775
9.616	5.775
9.616	5.775
9.615	5.775
9.615	5.775
9.614	5.775
9.614	5.775
9.613	5.775
9.613	5.775
9.612	5.775
9.612	5.775
9.611	5.775
9.611	5.775
9.610	5.775
9.610	5.775
9.609	5.775
9.609	5.775
9.608	5.775
9.608	5.775
9.607	5.775
9.607	5.775
9.606	5.775
9.606	5.775
9.605	5.775
9.605	5.775
9.604	5.775
9.604	5.775
9.603	5.776
9.603	5.776
9.602	5.776
9.602	5.776
9.601	5.776
9.601	5.776
9.600	5.776
9.600	5.776
9.599	5.776
9.599	5.776
9.598	5.776
9.598	5.776
9.597	5.776
9.597	5.776
9.596	5.776
9.596	5.776
9.595	5.776
9.595	5.776
9.594	5.776
9.594	5.776
9.593	5.776
9.593	5.776
9.592	5.776
9.592	5.776
9.591	5.776
9.591	5.776
9.590	5.776
9.590	5.776
9.589	5.776
9.589	5.776
9.588	5.776
9.588	5.776
9.587	5.776
9.587	5.776
9.586	5.776
9.586	5.776
9.585	5.776
9.585	5.776
9.584	5.776
9.584	5.776
9.583	5.776
9.583	5.776
9.582	5.776
9.582	5.776
9.581	5.776
9.581	5.776
9.580	5.776
9.580	5.776
9.579	5.776
9.579	5.776
9.578	5.776
9.578	5.776
9.577	5.776
9.577	5.776
9.576	5.776
9.576	5.776
9.575	5.776
9.575	5.776
9.574	5.776
9.574	5.776
9.573	5.776
9.573	5.776
9.572	5.776
9.572	5.776
9.571	5.776
9.571	5.776
9.570	5.776
9.570	5.776
9.569	5.776
9.568	5.776
9.568	5.776
9.567	5.776
9.567	5.776
9.566	5.776
9.566	5.776
9.565	5.776
9.565	5.776
9.564	5.776
9.564	5.776
9.563	5.776
9.563	5.776
9.562	5.776
9.562	5.776
9.561	5.776
9.561	5.777
9.560	5.777
9.560	5.777
9.559	5.777
9.559	5.777
9.558	5.777
9.558	5.777
9.557	5.777
9.557	5.777
9.556	5.777
9.556	5.777
9.555	5.777
9.555	5.777
9.554	5.777
9.554	5.777
9.553	5.777
9.553	5.777
9.552	5.777
9.552	5.777
9.551	5.777
9.551	5.777
9.550	5.777
9.550	5.777
9.549	5.777
9.549	5.777
9.548	5.777
9.548	5.777
9.547	5.777
9.547	5.777
9.546	5.777
9.546	5.777
9.545	5.777
9.545	5.777
9.544	5.777
9.544	5.777
9.543	5.777
9.543	5.777
9.542	5.777
9.542	5.777
9.541	5.777
9.541	5.777
9.540	5.777
9.540	5.777
9.539	5.777
9.539	5.777
9.538	5.777
9.538	5.777
9.537	5.777
9.537	5.777
9.536	5.777
9.536	5.777
9.535	5.777
9.535	5.777
9.534	5.777
9.534	5.777
9.533	5.777
9.533	5.777
9.532	5.777
9.532	5.777
9.531	5.777
9.531	5.777
9.530	5.777
9.530	5.777
9.529	5.777
9.529	5.777
9.528	5.777
9.528	5.777
9.527	5.777
9.527	5.777
9.526	5.777
9.526	5.777
9.525	5.777
9.525	5.777
9.524	5.777
9.524	5.777
9.523	5.777
9.523	5.777
9.522	5.777
9.522	5.777
9.521	5.777
9.521	5.777
9.520	5.777
9.520	5.777
9.519	5.777
9.519	5.778
9.518	5.778
9.518	5.778
9.517	5.778
9.517	5.778
9.516	5.778
9.516	5.778
9.515	5.778
9.515	5.778
9.514	5.778
9.514	5.778
9.513	5.778
9.513	5.778
9.512	5.778
9.512	5.778
9.511	5.778
9.511	5.778
9.510	5.778
9.510	5.778
9.509	5.778
9.509	5.778
9.508	5.778
9.508	5.778
9.507	5.778
9.507	5.778
9.506	5.778
9.506	5.778
9.505	5.778
9.504	5.778
9.504	5.778
9.503	5.778
9.503	5.778
9.502	5.778
9.502	5.778
9.501	5.778
9.501	5.778
9.500	5.778
9.500	5.778
9.499	5.778
9.499	5.778
9.498	5.778
9.498	5.778
9.497	5.778
9.497	5.778
9.496	5.778
9.496	5.778
9.495	5.778
9.495	5.778
9.494	5.778
9.494	5.778
9.493	5.778
9.493	5.778
9.492	5.778
9.492	5.778
9.491	5.778
9.491	5.778
9.490	5.778
9.490	5.778
9.489	5.778
9.489	5.778
9.488	5.778
9.488	5.778
9.487	5.778
9.487	5.778
9.486	5.778
9.486	5.778
9.485	5.778
9.485	5.778
9.484	5.778
9.484	5.778
9.483	5.778
9.483	5.778
9.482	5.778
9.482	5.778
9.481	5.778
9.481	5.778
9.480	5.778
9.480	5.778
9.479	5.778
9.479	5.778
9.479	5.778
9.478	5.778
9.478	5.778
9.477	5.778
9.477	5.778
9.476	5.778
9.476	5.778
9.475	5.778
9.475	5.778
9.474	5.778
9.474	5.778
9.473	5.778
9.473	5.778
9.472	5.778
9.472	5.778
9.471	5.778
9.471	5.778
9.470	5.778
9.470	5.778
9.469	5.778
9.469	5.778
9.468	5.778
9.468	5.778
9.467	5.778
9.467	5.778
9.466	5.778
9.466	5.778
9.465	5.778
9.465	5.778
9.464	5.777
9.464	5.777
9.463	5.777
9.463	5.777
9.462	5.777
9.462	5.777
9.461	5.777
9.461	5.777
9.460	5.777
9.460	5.777
9.459	5.777
9.459	5.777
9.458	5.777
9.458	5.777
9.457	5.777
9.457	5.777
9.456	5.777
9.456	5.777
9.455	5.777
9.455	5.777
9.454	5.777
9.454	5.777
9.453	5.777
9.453	5.777
9.452	5.777
9.452	5.777
9.451	5.777
9.451	5.777
9.450	5.777
9.450	5.777
9.449	5.777
9.449	5.776
9.448	5.776
9.448	5.776
9.447	5.776
9.447	5.776
9.446	5.776
9.446	5.776
9.445	5.776
9.445	5.776
9.444	5.776
9.444	5.776
9.443	5.776
9.443	5.776
9.442	5.776
9.442	5.776
9.441	5.776
9.441	5.776
9.440	5.776
9.440	5.776
9.439	5.776
9.439	5.776
9.438	5.776
9.438	5.776
9.437	5.776
9.437	5.776
9.436	5.776
9.436	5.776
9.435	5.776
9.435	5.776
9.434	5.776
9.433	5.776
9.433	5.775
9.432	5.775
9.432	5.775
9.431	5.775
9.431	5.775
9.430	5.775
9.430	5.775
9.429	5.775
9.429	5.775
9.428	5.775
9.428	5.775
9.427	5.775
9.427	5.775
9.426	5.775
9.426	5.775
9.425	5.775
9.425	5.775
9.424	5.775
9.424	5.775
9.423	5.775
9.423	5.775
9.422	5.775
9.422	5.775
9.421	5.775
9.421	5.775
9.420	5.775
9.420	5.775
9.419	5.775
9.419	5.775
9.418	5.775
9.418	5.775
9.417	5.774
9.417	5.774
9.416	5.774
9.416	5.774
9.415	5.774
9.415	5.774
9.414	5.774
9.414	5.774
9.413	5.774
9.413	5.774
9.412	5.774
9.412	5.774
9.411	5.774
9.411	5.774
9.410	5.774
9.410	5.774
9.409	5.774
9.409	5.774
9.408	5.774
9.408	5.774
9.407	5.774
9.407	5.774
9.406	5.774
9.406	5.774
9.405	5.774
9.405	5.774
9.404	5.774
9.404	5.774
9.403	5.774
9.403	5.774
9.402	5.774
9.402	5.773
9.401	5.773
9.401	5.773
9.400	5.773
9.400	5.773
9.399	5.773
9.399	5.773
9.398	5.773
9.398	5.773
9.397	5.773
9.397	5.773
9.396	5.773
9.396	5.773
9.395	5.773
9.395	5.773
9.394	5.773
9.394	5.773
9.393	5.773
9.393	5.773
9.392	5.773
9.392	5.773
9.391	5.773
9.391	5.773
9.390	5.773
9.390	5.773
9.389	5.773
9.389	5.773
9.388	5.773
9.388	5.773
9.387	5.773
9.387	5.773
9.386	5.772
9.386	5.772
9.385	5.772
9.385	5.772
9.384	5.772
9.384	5.772
9.383	5.772
9.383	5.772
9.382	5.772
9.382	5.772
9.381	5.772
9.381	5.772
9.380	5.772
9.380	5.772
9.379	5.772
9.379	5.772
9.378	5.772
9.378	5.772
9.377	5.772
9.377	5.772
9.376	5.772
9.376	5.772
9.375	5.772
9.375	5.772
9.374	5.772
9.374	5.772
9.373	5.772
9.373	5.772
9.372	5.772
9.372	5.772
9.371	5.772
9.371	5.771
9.370	5.771
9.370	5.771
9.369	5.771
9.369	5.771
9.368	5.771
9.368	5.771
9.367	5.771
9.367	5.771
9.366	5.771
9.366	5.771
9.365	5.771
9.365	5.771
9.364	5.771
9.364	5.771
9.363	5.771
9.363	5.771
9.362	5.771
9.362	5.771
9.361	5.771
9.361	5.771
9.360	5.771
9.359	5.771
9.359	5.771
9.358	5.771
9.358	5.771
9.357	5.771
9.357	5.771
9.356	5.771
9.356	5.771
9.355	5.771
9.355	5.770
9.354	5.770
9.354	5.770
9.353	5.770
9.353	5.770
9.352	5.770
9.352	5.770
9.351	5.770
9.351	5.770
9.350	5.770
9.350	5.770
9.349	5.770
9.349	5.770
9.348	5.770
9.348	5.770
9.347	5.770
9.347	5.770
9.346	5.770
9.346	5.770
9.345	5.770
9.345	5.770
9.344	5.770
9.344	5.770
9.343	5.770
9.343	5.770
9.342	5.770
9.342	5.770
9.341	5.770
9.341	5.770
9.340	5.770
9.340	5.770
9.339	5.769
9.339	5.769
9.338	5.769
9.338	5.769
9.337	5.769
9.337	5.769
9.336	5.769
9.336	5.769
9.335	5.769
9.335	5.769
9.334	5.769
9.334	5.769
9.333	5.769
9.333	5.769
9.332	5.769
9.332	5.769
9.331	5.769
9.331	5.769
9.330	5.769
9.330	5.769
9.329	5.769
9.329	5.769
9.328	5.769
9.328	5.769
9.327	5.769
9.327	5.769
9.326	5.769
9.326	5.769
9.325	5.769
9.325	5.769
9.324	5.769
9.324	5.768
9.323	5.768
9.323	5.768
9.322	5.768
9.322	5.768
9.321	5.768
9.321	5.768
9.320	5.768
9.320	5.768
9.319	5.768
9.319	5.768
9.318	5.768
9.318	5.768
9.317	5.768
9.317	5.768
9.316	5.768
9.316	5.768
9.315	5.768
9.315	5.768
9.314	5.768
9.314	5.768
9.313	5.768
9.313	5.768
9.312	5.768
9.312	5.768
9.312	5.768
9.311	5.768
9.311	5.768
9.310	5.767
9.310	5.767
9.309	5.767
9.309	5.767
9.308	5.767
9.308	5.767
9.307	5.767
9.307	5.767
9.306	5.767
9.306	5.767
9.305	5.767
9.305	5.767
9.304	5.767
9.304	5.766
9.303	5.766
9.303	5.766
9.302	5.766
9.302	5.766
9.301	5.766
9.301	5.766
9.300	5.766
9.300	5.766
9.299	5.766
9.299	5.766
9.298	5.766
9.298	5.766
9.297	5.765
9.297	5.765
9.296	5.765
9.296	5.765
9.295	5.765
9.295	5.765
9.294	5.765
9.294	5.765
9.293	5.765
9.293	5.765
9.292	5.765
9.292	5.765
9.291	5.765
9.291	5.764
9.290	5.764
9.290	5.764
9.289	5.764
9.289	5.764
9.288	5.764
9.288	5.764
9.287	5.764
9.287	5.764
9.286	5.764
9.286	5.764
9.285	5.764
9.285	5.764
9.284	5.763
9.284	5.763
9.283	5.763
9.283	5.763
9.282	5.763
9.282	5.763
9.281	5.763
9.281	5.763
9.280	5.763
9.280	5.763
9.279	5.763
9.279	5.763
9.278	5.763
9.278	5.762
9.277	5.762
9.277	5.762
9.276	5.762
9.276	5.762
9.275	5.762
9.275	5.762
9.274	5.762
9.274	5.762
9.273	5.762
9.273	5.762
9.272	5.762
9.272	5.762
9.271	5.761
9.271	5.761
9.270	5.761
9.270	5.761
9.269	5.761
9.269	5.761
9.268	5.761
9.268	5.761
9.267	5.761
9.267	5.761
9.266	5.761
9.266	5.761
9.265	5.761
9.265	5.760
9.264	5.760
9.264	5.760
9.263	5.760
9.263	5.760
9.262	5.760
9.262	5.760
9.261	5.760
9.261	5.760
9.260	5.760
9.260	5.760
9.259	5.760
9.259	5.760
9.258	5.759
9.258	5.759
9.257	5.759
9.257	5.759
9.256	5.759
9.256	5.759
9.255	5.759
9.255	5.759
9.254	5.759
9.254	5.759
9.253	5.759
9.253	5.759
9.252	5.759
9.252	5.758
9.251	5.758
9.251	5.758
9.250	5.758
9.250	5.758
9.249	5.758
9.249	5.758
9.248	5.758
9.248	5.758
9.247	5.758
9.247	5.758
9.246	5.758
9.246	5.758
9.245	5.757
9.245	5.757
9.244	5.757
9.244	5.757
9.243	5.757
9.243	5.757
9.242	5.757
9.242	5.757
9.241	5.757
9.241	5.757
9.240	5.757
9.240	5.757
9.239	5.757
9.239	5.756
9.238	5.756
9.238	5.756
9.237	5.756
9.237	5.756
9.236	5.756
9.236	5.756
9.235	5.756
9.235	5.756
9.234	5.756
9.234	5.756
9.233	5.756
9.233	5.756
9.232	5.755
9.232	5.755
9.231	5.755
9.231	5.755
9.230	5.755
9.230	5.755
9.229	5.755
9.229	5.755
9.228	5.755
9.228	5.755
9.227	5.755
9.227	5.755
9.226	5.755
9.226	5.754
9.225	5.754
9.225	5.754
9.224	5.754
9.224	5.754
9.223	5.754
9.223	5.754
9.222	5.754
9.222	5.754
9.221	5.754
9.221	5.754
9.220	5.754
9.220	5.754
9.219	5.753
9.219	5.753
9.218	5.753
9.218	5.753
9.217	5.753
9.217	5.753
9.216	5.753
9.216	5.753
9.215	5.753
9.215	5.753
9.214	5.753
9.214	5.753
9.213	5.753
9.213	5.752
9.212	5.752
9.212	5.752
9.211	5.752
9.211	5.752
9.210	5.752
9.210	5.752
9.209	5.752
9.209	5.752
9.208	5.752
9.208	5.752
9.207	5.752
9.207	5.752
9.206	5.751
9.206	5.751
9.206	5.751
9.205	5.751
9.205	5.751
9.204	5.751
9.204	5.751
9.203	5.751
9.203	5.751
9.202	5.751
9.202	5.751
9.201	5.751
9.201	5.751
9.200	5.750
9.200	5.750
9.199	5.750
9.199	5.750
9.198	5.750
9.198	5.750
9.197	5.750
9.197	5.750
9.196	5.750
9.196	5.750
9.195	5.750
9.195	5.750
9.194	5.750
9.194	5.750
9.193	5.749
9.193	5.749
9.192	5.749
9.192	5.749
9.191	5.749
9.191	5.749
9.190	5.749
9.190	5.749
9.189	5.749
9.189	5.749
9.188	5.749
9.188	5.749
9.187	5.749
9.187	5.748
9.186	5.748
9.186	5.748
9.185	5.748
9.185	5.748
9.184	5.748
9.184	5.748
9.183	5.748
9.183	5.748
9.182	5.748
9.182	5.748
9.181	5.748
9.181	5.748
9.180	5.747
9.180	5.747
9.179	5.747
9.179	5.747
9.178	5.747
9.178	5.747
9.177	5.747
9.177	5.747
9.176	5.747
9.176	5.747
9.175	5.747
9.175	5.747
9.174	5.747
9.174	5.746
9.173	5.746
9.173	5.746
9.172	5.746
9.172	5.746
9.171	5.746
9.171	5.746
9.170	5.746
9.170	5.746
9.169	5.746
9.169	5.746
9.168	5.746
9.168	5.746
9.167	5.745
9.167	5.745
9.166	5.745
9.166	5.745
9.165	5.745
9.165	5.745
9.164	5.745
9.164	5.745
9.163	5.745
9.163	5.745
9.162	5.745
9.162	5.745
9.161	5.745
9.161	5.744
9.160	5.744
9.160	5.744
9.159	5.744
9.159	5.744
9.158	5.744
9.158	5.744
9.157	5.744
9.157	5.744
9.156	5.744
9.156	5.744
9.155	5.744
9.155	5.744
9.154	5.743
9.154	5.743
9.153	5.743
9.153	5.743
9.152	5.743
9.152	5.743
9.151	5.743
9.151	5.743
9.150	5.743
9.150	5.743
9.149	5.743
9.149	5.743
9.148	5.743
9.148	5.742
9.147	5.742
9.147	5.742
9.146	5.742
9.146	5.742
9.145	5.742
9.145	5.742
9.144	5.742
9.144	5.742
9.143	5.742
9.143	5.742
9.142	5.742
9.142	5.742
9.141	5.741
9.141	5.741
9.140	5.741
9.140	5.741
9.139	5.741
9.139	5.741
9.138	5.741
9.138	5.741
9.137	5.741
9.137	5.741
9.136	5.741
9.136	5.741
9.135	5.741
9.135	5.740
9.134	5.740
9.134	5.740
9.133	5.740
9.133	5.740
9.132	5.740
9.132	5.740
9.131	5.740
9.131	5.740
9.130	5.740
9.130	5.740
9.129	5.740
9.129	5.740
9.128	5.739
9.128	5.739
9.127	5.739
9.127	5.739
9.126	5.739
9.126	5.739
9.125	5.739
9.125	5.739
9.124	5.739
9.124	5.739
9.123	5.739
9.123	5.739
9.122	5.739
9.122	5.738
9.121	5.738
9.121	5.738
9.120	5.738
9.120	5.738
9.119	5.738
9.119	5.738
9.118	5.738
9.118	5.738
9.117	5.738
9.117	5.738
9.116	5.738
9.116	5.738
9.115	5.737
9.115	5.737
9.114	5.737
9.114	5.737
9.113	5.737
9.113	5.737
9.112	5.737
9.112	5.737
9.111	5.737
9.111	5.737
9.110	5.737
9.110	5.737
9.109	5.737
9.109	5.736
9.108	5.736
9.108	5.736
9.107	5.736
9.107	5.736
9.106	5.736
9.106	5.736
9.105	5.736
9.105	5.736
9.104	5.736
9.104	5.736
9.103	5.736
9.103	5.736
9.102	5.735
9.102	5.735
9.101	5.735
9.101	5.735
9.100	5.735
9.100	5.735
9.099	5.735
9.099	5.735
9.098	5.735
9.098	5.735
9.097	5.735
9.097	5.735
9.096	5.735
9.096	5.734
9.095	5.734
9.095	5.734
9.094	5.734
9.094	5.734
9.093	5.734
9.093	5.734
9.092	5.734
9.092	5.734
9.091	5.734
9.091	5.734
9.090	5.734
9.090	5.734
9.089	5.733
9.089	5.733
9.088	5.733
9.088	5.733
9.088	5.733
9.087	5.733
9.087	5.733
9.086	5.733
9.086	5.733
9.085	5.733
9.085	5.733
9.084	5.732
9.084	5.732
9.083	5.732
9.083	5.732
9.082	5.732
9.082	5.732
9.081	5.732
9.081	5.732
9.081	5.731
9.080	5.731
9.080	5.731
9.079	5.731
9.079	5.731
9.078	5.731
9.078	5.731
9.077	5.731
9.077	5.731
9.076	5.730
9.076	5.730
9.075	5.730
9.075	5.730
9.074	5.730
9.074	5.730
9.073	5.730
9.073	5.730
9.072	5.730
9.072	5.729
9.071	5.729
9.071	5.729
9.070	5.729
9.070	5.729
9.069	5.729
9.069	5.729
9.068	5.729
9.068	5.728
9.067	5.728
9.067	5.728
9.066	5.728
9.066	5.728
9.065	5.728
9.065	5.728
9.064	5.728
9.064	5.728
9.063	5.727
9.063	5.727
9.062	5.727
9.062	5.727
9.061	5.727
9.061	5.727
9.060	5.727
9.060	5.727
9.059	5.727
9.059	5.726
9.058	5.726
9.058	5.726
9.057	5.726
9.057	5.726
9.056	5.726
9.056	5.726
9.055	5.726
9.055	5.725
9.055	5.725
9.054	5.725
9.054	5.725
9.053	5.725
9.053	5.725
9.052	5.725
9.052	5.725
9.051	5.725
9.051	5.724
9.050	5.724
9.050	5.724
9.049	5.724
9.049	5.724
9.048	5.724
9.048	5.724
9.047	5.724
9.047	5.724
9.046	5.723
9.046	5.723
9.045	5.723
9.045	5.723
9.044	5.723
9.044	5.723
9.043	5.723
9.043	5.723
9.042	5.722
9.042	5.722
9.041	5.722
9.041	5.722
9.040	5.722
9.040	5.722
9.039	5.722
9.039	5.722
9.038	5.722
9.038	5.721
9.037	5.721
9.037	5.721
9.036	5.721
9.036	5.721
9.035	5.721
9.035	5.721
9.034	5.721
9.034	5.720
9.033	5.720
9.033	5.720
9.032	5.720
9.032	5.720
9.031	5.720
9.031	5.720
9.030	5.720
9.030	5.720
9.029	5.719
9.029	5.719
9.028	5.719
9.028	5.719
9.028	5.719
9.027	5.719
9.027	5.719
9.026	5.719
9.026	5.719
9.025	5.718
9.025	5.718
9.024	5.718
9.024	5.718
9.023	5.718
9.023	5.718
9.022	5.718
9.022	5.718
9.021	5.717
9.021	5.717
9.020	5.717
9.020	5.717
9.019	5.717
9.019	5.717
9.018	5.717
9.018	5.717
9.017	5.717
9.017	5.716
9.016	5.716
9.016	5.716
9.015	5.716
9.015	5.716
9.014	5.716
9.014	5.716
9.013	5.716
9.013	5.716
9.012	5.715
9.012	5.715
9.011	5.715
9.011	5.715
9.010	5.715
9.010	5.715
9.009	5.715
9.009	5.715
9.008	5.714
9.008	5.714
9.007	5.714
9.007	5.714
9.006	5.714
9.006	5.714
9.005	5.714
9.005	5.714
9.004	5.714
9.004	5.713
9.003	5.713
9.003	5.713
9.002	5.713
9.002	5.713
9.002	5.713
9.001	5.713
9.001	5.713
9.000	5.713
9.000	5.712
8.999	5.712
8.999	5.712
8.998	5.712
8.998	5.712
8.997	5.712
8.997	5.712
8.996	5.712
8.996	5.711
8.995	5.711
8.995	5.711
8.994	5.711
8.994	5.711
8.993	5.711
8.993	5.711
8.992	5.711
8.992	5.711
8.991	5.710
8.991	5.710
8.990	5.710
8.990	5.710
8.989	5.710
8.989	5.710
8.988	5.710
8.988	5.710
8.987	5.710
8.987	5.709
8.986	5.709
8.986	5.709
8.985	5.709
8.985	5.709
8.984	5.709
8.984	5.709
8.983	5.709
8.983	5.708
8.982	5.708
8.982	5.708
8.981	5.708
8.981	5.708
8.980	5.708
8.980	5.708
8.979	5.708
8.979	5.708
8.978	5.707
8.978	5.707
8.977	5.707
8.977	5.707
8.976	5.707
8.976	5.707
8.975	5.707
8.975	5.707
8.975	5.706
8.974	5.706
8.974	5.706
8.973	5.706
8.973	5.706
8.972	5.706
8.972	5.706
8.971	5.706
8.971	5.706
8.970	5.705
8.970	5.705
8.969	5.705
8.969	5.705
8.968	5.705
8.968	5.705
8.967	5.705
8.967	5.705
8.966	5.705
8.966	5.704
8.965	5.704
8.965	5.704
8.964	5.704
8.964	5.704
8.963	5.704
8.963	5.704
8.962	5.704
8.962	5.703
8.961	5.703
8.961	5.703
8.960	5.703
8.960	5.703
8.959	5.703
8.959	5.703
8.958	5.703
8.958	5.703
8.957	5.702
8.957	5.702
8.956	5.702
8.956	5.702
8.955	5.702
8.955	5.702
8.954	5.702
8.954	5.702
8.953	5.702
8.953	5.701
8.952	5.701
8.952	5.701
8.951	5.701
8.951	5.701
8.950	5.701
8.950	5.701
8.949	5.701
8.949	5.700
8.949	5.700
8.948	5.700
8.948	5.700
8.947	5.700
8.947	5.700
8.946	5.700
8.946	5.700
8.945	5.700
8.945	5.699
8.944	5.699
8.944	5.699
8.943	5.699
8.943	5.699
8.942	5.699
8.942	5.699
8.941	5.699
8.941	5.699
8.940	5.698
8.940	5.698
8.939	5.698
8.939	5.698
8.938	5.698
8.938	5.698
8.937	5.698
8.937	5.698
8.936	5.697
8.936	5.697
8.935	5.697
8.935	5.697
8.934	5.697
8.934	5.697
8.933	5.697
8.933	5.697
8.932	5.697
8.932	5.696
8.931	5.696
8.931	5.696
8.930	5.696
8.930	5.696
8.929	5.696
8.929	5.696
8.928	5.696
8.928	5.695
8.927	5.695
8.927	5.695
8.926	5.695
8.926	5.695
8.925	5.695
8.925	5.695
8.924	5.695
8.924	5.695
8.923	5.694
8.923	5.694
8.923	5.694
8.922	5.694
8.922	5.694
8.921	5.694
8.921	5.694
8.920	5.694
8.920	5.694
8.919	5.693
8.919	5.693
8.918	5.693
8.918	5.693
8.917	5.693
8.917	5.693
8.916	5.693
8.916	5.693
8.915	5.692
8.915	5.692
8.914	5.692
8.914	5.692
8.913	5.692
8.913	5.692
8.912	5.692
8.912	5.692
8.911	5.692
8.911	5.691
8.910	5.691
8.910	5.691
8.909	5.691
8.909	5.691
8.908	5.691
8.908	5.691
8.907	5.691
8.907	5.691
8.906	5.690
8.906	5.690
8.905	5.690
8.905	5.690
8.904	5.690
8.904	5.690
8.903	5.690
8.903	5.690
8.902	5.689
8.902	5.689
8.901	5.689
8.901	5.689
8.900	5.689
8.900	5.689
8.899	5.689
8.899	5.689
8.898	5.689
8.898	5.688
8.897	5.688
8.897	5.688
8.896	5.688
8.896	5.688
8.896	5.688
8.895	5.688
8.895	5.688
8.894	5.688
8.894	5.687
8.893	5.687
8.893	5.687
8.892	5.687
8.892	5.687
8.891	5.687
8.891	5.687
8.890	5.687
8.890	5.686
8.889	5.686
8.889	5.686
8.888	5.686
8.888	5.686
8.887	5.686
8.887	5.686
8.886	5.686
8.886	5.686
8.885	5.685
8.885	5.685
8.884	5.685
8.884	5.685
8.883	5.685
8.883	5.685
8.882	5.685
8.882	5.685
8.881	5.685
8.881	5.684
8.880	5.684
8.880	5.684
8.879	5.684
8.879	5.684
8.878	5.684
8.878	5.684
8.877	5.684
8.877	5.683
8.876	5.683
8.876	5.683
8.875	5.683
8.875	5.683
8.874	5.683
8.874	5.683
8.873	5.683
8.873	5.683
8.872	5.682
8.872	5.682
8.871	5.682
8.871	5.682
8.870	5.682
8.870	5.682
8.870	5.682
8.870	5.682
8.869	5.681
8.869	5.681
8.868	5.681
8.868	5.681
8.867	5.681
8.867	5.681
8.866	5.681
8.866	5.680
8.865	5.680
8.865	5.680
8.864	5.680
8.864	5.680
8.863	5.680
8.863	5.679
8.862	5.679
8.862	5.679
8.861	5.679
8.861	5.679
8.860	5.679
8.860	5.679
8.859	5.678
8.859	5.678
8.858	5.678
8.858	5.678
8.858	5.678
8.857	5.678
8.857	5.677
8.856	5.677
8.856	5.677
8.855	5.677
8.855	5.677
8.854	5.677
8.854	5.677
8.853	5.676
8.853	5.676
8.852	5.676
8.852	5.676
8.851	5.676
8.851	5.676
8.850	5.675
8.850	5.675
8.849	5.675
8.849	5.675
8.848	5.675
8.848	5.675
8.847	5.675
8.847	5.674
8.847	5.674
8.846	5.674
8.846	5.674
8.845	5.674
8.845	5.674
8.844	5.673
8.844	5.673
8.843	5.673
8.843	5.673
8.842	5.673
8.842	5.673
8.841	5.673
8.841	5.672
8.840	5.672
8.840	5.672
8.839	5.672
8.839	5.672
8.838	5.672
8.838	5.671
8.837	5.671
8.837	5.671
8.836	5.671
8.836	5.671
8.835	5.671
8.835	5.671
8.835	5.670
8.834	5.670
8.834	5.670
8.833	5.670
8.833	5.670
8.832	5.670
8.832	5.669
8.831	5.669
8.831	5.669
8.830	5.669
8.830	5.669
8.829	5.669
8.829	5.669
8.828	5.668
8.828	5.668
8.827	5.668
8.827	5.668
8.826	5.668
8.826	5.668
8.825	5.667
8.825	5.667
8.824	5.667
8.824	5.667
8.823	5.667
8.823	5.667
8.823	5.667
8.822	5.666
8.822	5.666
8.821	5.666
8.821	5.666
8.820	5.666
8.820	5.666
8.819	5.665
8.819	5.665
8.818	5.665
8.818	5.665
8.817	5.665
8.817	5.665
8.816	5.665
8.816	5.664
8.815	5.664
8.815	5.664
8.814	5.664
8.814	5.664
8.813	5.664
8.813	5.663
8.812	5.663
8.812	5.663
8.811	5.663
8.811	5.663
8.811	5.663
8.810	5.663
8.810	5.662
8.809	5.662
8.809	5.662
8.808	5.662
8.808	5.662
8.807	5.662
8.807	5.661
8.806	5.661
8.806	5.661
8.805	5.661
8.805	5.661
8.804	5.661
8.804	5.661
8.803	5.660
8.803	5.660
8.802	5.660
8.802	5.660
8.801	5.660
8.801	5.660
8.800	5.659
8.800	5.659
8.799	5.659
8.799	5.659
8.799	5.659
8.798	5.659
8.798	5.659
8.797	5.658
8.797	5.658
8.796	5.658
8.796	5.658
8.795	5.658
8.795	5.658
8.794	5.657
8.794	5.657
8.793	5.657
8.793	5.657
8.792	5.657
8.792	5.657
8.791	5.656
8.791	5.656
8.790	5.656
8.790	5.656
8.789	5.656
8.789	5.656
8.788	5.656
8.788	5.655
8.787	5.655
8.787	5.655
8.787	5.655
8.786	5.655
8.786	5.655
8.785	5.654
8.785	5.654
8.784	5.654
8.784	5.654
8.783	5.654
8.783	5.654
8.782	5.654
8.782	5.653
8.781	5.653
8.781	5.653
8.780	5.653
8.780	5.653
8.779	5.653
8.779	5.652
8.778	5.652
8.778	5.652
8.777	5.652
8.777	5.652
8.776	5.652
8.776	5.652
8.776	5.651
8.775	5.651
8.775	5.651
8.774	5.651
8.774	5.651
8.773	5.651
8.773	5.650
8.772	5.650
8.772	5.650
8.771	5.650
8.771	5.650
8.770	5.650
8.770	5.650
8.769	5.649
8.769	5.649
8.768	5.649
8.768	5.649
8.767	5.649
8.767	5.649
8.766	5.648
8.766	5.648
8.765	5.648
8.765	5.648
8.764	5.648
8.764	5.648
8.764	5.648
8.763	5.647
8.763	5.647
8.762	5.647
8.762	5.647
8.761	5.647
8.761	5.647
8.760	5.646
8.760	5.646
8.759	5.646
8.759	5.646
8.758	5.646
8.758	5.646
8.757	5.646
8.757	5.645
8.756	5.645
8.756	5.645
8.755	5.645
8.755	5.645
8.754	5.645
8.754	5.644
8.753	5.644
8.753	5.644
8.752	5.644
8.752	5.644
8.752	5.644
8.751	5.644
8.751	5.643
8.750	5.643
8.750	5.643
8.749	5.643
8.749	5.643
8.748	5.643
8.748	5.642
8.747	5.642
8.747	5.642
8.746	5.642
8.746	5.642
8.745	5.642
8.745	5.642
8.744	5.641
8.744	5.641
8.743	5.641
8.743	5.641
8.742	5.641
8.742	5.641
8.741	5.640
8.741	5.640
8.740	5.640
8.740	5.640
8.740	5.640
8.739	5.640
8.739	5.640
8.738	5.639
8.738	5.639
8.737	5.639
8.737	5.639
8.736	5.639
8.736	5.639
8.735	5.638
8.735	5.638
8.734	5.638
8.734	5.638
8.733	5.638
8.733	5.638
8.732	5.638
8.732	5.637
8.731	5.637
8.731	5.637
8.730	5.637
8.730	5.637
8.729	5.637
8.729	5.636
8.728	5.636
8.728	5.636
8.728	5.636
8.727	5.636
8.727	5.636
8.726	5.636
8.726	5.635
8.725	5.635
8.725	5.635
8.724	5.635
8.724	5.635
8.723	5.635
8.723	5.634
8.722	5.634
8.722	5.634
8.721	5.634
8.721	5.634
8.720	5.634
8.720	5.634
8.719	5.633
8.719	5.633
8.718	5.633
8.718	5.633
8.717	5.633
8.717	5.633
8.717	5.632
8.716	5.632
8.716	5.632
8.715	5.632
8.715	5.632
8.714	5.632
8.714	5.631
8.713	5.631
8.713	5.631
8.712	5.631
8.712	5.631
8.711	5.631
8.711	5.631
8.710	5.630
8.710	5.630
8.709	5.630
8.709	5.630
8.708	5.630
8.708	5.630
8.707	5.629
8.707	5.629
8.706	5.629
8.706	5.629
8.705	5.629
8.705	5.629
8.705	5.629
8.704	5.628
8.704	5.628
8.703	5.628
8.703	5.628
8.702	5.628
8.702	5.628
8.701	5.627
8.701	5.627
8.700	5.627
8.700	5.627
8.699	5.627
8.699	5.627
8.698	5.627
8.698	5.626
8.697	5.626
8.697	5.626
8.696	5.626
8.696	5.626
8.695	5.626
8.695	5.625
8.694	5.625
8.694	5.625
8.693	5.625
8.693	5.625
8.693	5.625
8.692	5.625
8.692	5.624
8.691	5.624
8.691	5.624
8.690	5.624
8.690	5.624
8.689	5.624
8.689	5.623
8.688	5.623
8.688	5.623
8.687	5.623
8.687	5.623
8.686	5.623
8.686	5.623
8.685	5.622
8.685	5.622
8.684	5.622
8.684	5.622
8.683	5.622
8.683	5.622
8.682	5.621
8.682	5.621
8.681	5.621
8.681	5.621
8.681	5.621
8.680	5.621
8.680	5.621
8.679	5.620
8.679	5.620
8.678	5.620
8.678	5.620
8.677	5.620
8.677	5.620
8.676	5.619
8.676	5.619
8.675	5.619
8.675	5.619
8.674	5.619
8.674	5.619
8.673	5.619
8.673	5.618
8.672	5.618
8.672	5.618
8.671	5.618
8.671	5.618
8.670	5.618
8.670	5.617
8.669	5.617
8.669	5.617
8.669	5.617
8.668	5.617
8.668	5.617
8.667	5.617
8.667	5.616
8.666	5.616
8.666	5.616
8.665	5.616
8.665	5.616
8.664	5.616
8.664	5.615
8.663	5.615
8.663	5.615
8.662	5.615
8.662	5.615
8.661	5.615
8.661	5.615
8.660	5.614
8.660	5.614
8.659	5.614
8.659	5.614
8.658	5.614
8.658	5.614
8.658	5.613
8.657	5.613
8.657	5.613
8.656	5.613
8.656	5.613
8.655	5.613
8.655	5.613
8.654	5.612
8.654	5.612
8.653	5.612
8.653	5.612
8.653	5.612
8.652	5.612
8.652	5.611
8.651	5.611
8.651	5.611
8.650	5.611
8.650	5.611
8.649	5.611
8.649	5.610
8.649	5.610
8.648	5.610
8.648	5.610
8.647	5.610
8.647	5.609
8.646	5.609
8.646	5.609
8.645	5.609
8.645	5.609
8.644	5.608
8.644	5.608
8.643	5.608
8.643	5.608
8.642	5.608
8.642	5.608
8.641	5.607
8.641	5.607
8.641	5.607
8.640	5.607
8.640	5.607
8.639	5.606
8.639	5.606
8.638	5.606
8.638	5.606
8.637	5.606
8.637	5.605
8.636	5.605
8.636	5.605
8.635	5.605
8.635	5.605
8.634	5.604
8.634	5.604
8.634	5.604
8.633	5.604
8.633	5.604
8.632	5.604
8.632	5.603
8.631	5.603
8.631	5.603
8.630	5.603
8.630	5.603
8.629	5.602
8.629	5.602
8.628	5.602
8.628	5.602
8.627	5.602
8.627	5.601
8.627	5.601
8.626	5.601
8.626	5.601
8.625	5.601
8.625	5.601
8.624	5.600
8.624	5.600
8.623	5.600
8.623	5.600
8.622	5.600
8.622	5.599
8.621	5.599
8.621	5.599
8.620	5.599
8.620	5.599
8.620	5.598
8.619	5.598
8.619	5.598
8.618	5.598
8.618	5.598
8.617	5.597
8.617	5.597
8.616	5.597
8.616	5.597
8.615	5.597
8.615	5.597
8.614	5.596
8.614	5.596
8.613	5.596
8.613	5.596
8.613	5.596
8.612	5.595
8.612	5.595
8.611	5.595
8.611	5.595
8.610	5.595
8.610	5.594
8.609	5.594
8.609	5.594
8.608	5.594
8.608	5.594
8.607	5.593
8.607	5.593
8.606	5.593
8.606	5.593
8.605	5.593
8.605	5.593
8.605	5.592
8.604	5.592
8.604	5.592
8.603	5.592
8.603	5.592
8.602	5.591
8.602	5.591
8.601	5.591
8.601	5.591
8.600	5.591
8.600	5.590
8.599	5.590
8.599	5.590
8.598	5.590
8.598	5.590
8.598	5.590
8.597	5.589
8.597	5.589
8.596	5.589
8.596	5.589
8.595	5.589
8.595	5.588
8.594	5.588
8.594	5.588
8.593	5.588
8.593	5.588
8.592	5.587
8.592	5.587
8.591	5.587
8.591	5.587
8.591	5.587
8.590	5.586
8.590	5.586
8.589	5.586
8.589	5.586
8.588	5.586
8.588	5.586
8.587	5.585
8.587	5.585
8.586	5.585
8.586	5.585
8.585	5.585
8.585	5.584
8.584	5.584
8.584	5.584
8.584	5.584
8.583	5.584
8.583	5.583
8.582	5.583
8.582	5.583
8.581	5.583
8.581	5.583
8.580	5.583
8.580	5.582
8.579	5.582
8.579	5.582
8.578	5.582
8.578	5.582
8.577	5.581
8.577	5.581
8.576	5.581
8.576	5.581
8.576	5.581
8.575	5.580
8.575	5.580
8.574	5.580
8.574	5.580
8.573	5.580
8.573	5.579
8.572	5.579
8.572	5.579
8.571	5.579
8.571	5.579
8.570	5.579
8.570	5.578
8.569	5.578
8.569	5.578
8.569	5.578
8.568	5.578
8.568	5.577
8.567	5.577
8.567	5.577
8.566	5.577
8.566	5.577
8.565	5.576
8.565	5.576
8.564	5.576
8.564	5.576
8.563	5.576
8.563	5.576
8.562	5.575
8.562	5.575
8.562	5.575
8.561	5.575
8.561	5.575
8.560	5.574
8.560	5.574
8.559	5.574
8.559	5.574
8.558	5.574
8.558	5.573
8.557	5.573
8.557	5.573
8.556	5.573
8.556	5.573
8.555	5.572
8.555	5.572
8.555	5.572
8.554	5.572
8.554	5.572
8.553	5.572
8.553	5.571
8.552	5.571
8.552	5.571
8.551	5.571
8.551	5.571
8.550	5.570
8.550	5.570
8.549	5.570
8.549	5.570
8.548	5.570
8.548	5.569
8.548	5.569
8.547	5.569
8.547	5.569
8.546	5.569
8.546	5.569
8.545	5.568
8.545	5.568
8.544	5.568
8.544	5.568
8.543	5.568
8.543	5.567
8.542	5.567
8.542	5.567
8.541	5.567
8.541	5.567
8.540	5.566
8.540	5.566
8.540	5.566
8.539	5.566
8.539	5.566
8.538	5.565
8.538	5.565
8.537	5.565
8.537	5.565
8.536	5.565
8.536	5.565
8.535	5.564
8.535	5.564
8.534	5.564
8.534	5.564
8.533	5.564
8.533	5.563
8.533	5.563
8.532	5.563
8.532	5.563
8.531	5.563
8.531	5.562
8.530	5.562
8.530	5.562
8.529	5.562
8.529	5.562
8.528	5.561
8.528	5.561
8.527	5.561
8.527	5.561
8.526	5.561
8.526	5.561
8.526	5.560
8.525	5.560
8.525	5.560
8.524	5.560
8.524	5.560
8.523	5.559
8.523	5.559
8.522	5.559
8.522	5.559
8.521	5.559
8.521	5.558
8.520	5.558
8.520	5.558
8.519	5.558
8.519	5.558
8.519	5.558
8.518	5.557
8.518	5.557
8.517	5.557
8.517	5.557
8.516	5.557
8.516	5.556
8.515	5.556
8.515	5.556
8.514	5.556
8.514	5.556
8.513	5.555
8.513	5.555
8.512	5.555
8.512	5.555
8.511	5.555
8.511	5.554
8.511	5.554
8.510	5.554
8.510	5.554
8.509	5.554
8.509	5.554
8.508	5.553
8.508	5.553
8.507	5.553
8.507	5.553
8.506	5.553
8.506	5.552
8.505	5.552
8.505	5.552
8.504	5.552
8.504	5.552
8.504	5.551
8.503	5.551
8.503	5.551
8.502	5.551
8.502	5.551
8.501	5.551
8.501	5.550
8.500	5.550
8.500	5.550
8.499	5.550
8.499	5.550
8.498	5.549
8.498	5.549
8.497	5.549
8.497	5.549
8.497	5.549
8.496	5.548
8.496	5.548
8.495	5.548
8.495	5.548
8.494	5.548
8.494	5.547
8.493	5.547
8.493	5.547
8.492	5.547
8.492	5.547
8.491	5.547
8.491	5.546
8.490	5.546
8.490	5.546
8.490	5.546
8.489	5.546
8.489	5.545
8.488	5.545
8.488	5.545
8.487	5.545
8.487	5.545
8.486	5.544
8.486	5.544
8.485	5.544
8.485	5.544
8.484	5.544
8.484	5.544
8.483	5.543
8.483	5.543
8.483	5.543
8.482	5.543
8.482	5.543
8.481	5.542
8.481	5.542
8.480	5.542
8.480	5.542
8.479	5.542
8.479	5.541
8.478	5.541
8.478	5.541
8.477	5.541
8.477	5.541
8.476	5.540
8.476	5.540
8.475	5.540
8.475	5.540
8.475	5.540
8.474	5.540
8.474	5.539
8.473	5.539
8.473	5.539
8.472	5.539
8.472	5.539
8.471	5.538
8.471	5.538
8.470	5.538
8.470	5.538
8.469	5.538
8.469	5.537
8.468	5.537
8.468	5.537
8.468	5.537
8.467	5.537
8.467	5.537
8.466	5.536
8.466	5.536
8.465	5.536
8.465	5.536
8.464	5.536
8.464	5.535
8.463	5.535
8.463	5.535
8.462	5.535
8.462	5.535
8.461	5.534
8.461	5.534
8.461	5.534
8.460	5.534
8.460	5.534
8.459	5.533
8.459	5.533
8.458	5.533
8.458	5.533
8.457	5.533
8.457	5.533
8.456	5.532
8.456	5.532
8.455	5.532
8.455	5.532
8.454	5.532
8.454	5.531
8.454	5.531
8.453	5.531
8.453	5.531
8.452	5.531
8.452	5.530
8.451	5.530
8.451	5.530
8.450	5.530
8.450	5.530
8.449	5.530
8.449	5.529
8.448	5.529
8.448	5.529
8.447	5.529
8.447	5.529
8.446	5.528
8.446	5.528
8.446	5.528
8.445	5.528
8.445	5.528
8.444	5.527
8.444	5.527
8.443	5.527
8.443	5.527
8.442	5.527
8.442	5.526
8.441	5.526
8.441	5.526
8.440	5.526
8.440	5.526
8.439	5.526
8.439	5.525
8.439	5.525
8.438	5.525
8.438	5.525
8.437	5.525
8.437	5.524
8.436	5.524
8.436	5.524
8.435	5.524
8.435	5.524
8.434	5.523
8.434	5.523
8.433	5.523
8.433	5.523
8.432	5.523
8.432	5.522
8.432	5.522
8.431	5.522
8.431	5.522
8.431	5.522
8.430	5.522
8.430	5.521
8.429	5.521
8.429	5.521
8.428	5.521
8.428	5.521
8.427	5.520
8.427	5.520
8.427	5.520
8.426	5.520
8.426	5.520
8.425	5.519
8.425	5.519
8.424	5.519
8.424	5.519
8.423	5.518
8.423	5.518
8.422	5.518
8.422	5.518
8.421	5.518
8.421	5.517
8.421	5.517
8.420	5.517
8.420	5.517
8.419	5.516
8.419	5.516
8.418	5.516
8.418	5.516
8.417	5.516
8.417	5.515
8.416	5.515
8.416	5.515
8.416	5.515
8.415	5.515
8.415	5.514
8.414	5.514
8.414	5.514
8.413	5.514
8.413	5.513
8.412	5.513
8.412	5.513
8.411	5.513
8.411	5.513
8.411	5.512
8.410	5.512
8.410	5.512
8.409	5.512
8.409	5.512
8.408	5.511
8.408	5.511
8.407	5.511
8.407	5.511
8.406	5.510
8.406	5.510
8.406	5.510
8.405	5.510
8.405	5.510
8.404	5.509
8.404	5.509
8.403	5.509
8.403	5.509
8.402	5.509
8.402	5.508
8.401	5.508
8.401	5.508
8.401	5.508
8.400	5.507
8.400	5.507
8.399	5.507
8.399	5.507
8.398	5.507
8.398	5.506
8.397	5.506
8.397	5.506
8.396	5.506
8.396	5.505
8.396	5.505
8.395	5.505
8.395	5.505
8.394	5.505
8.394	5.504
8.393	5.504
8.393	5.504
8.392	5.504
8.392	5.504
8.391	5.503
8.391	5.503
8.390	5.503
8.390	5.503
8.390	5.502
8.389	5.502
8.389	5.502
8.388	5.502
8.388	5.502
8.387	5.501
8.387	5.501
8.386	5.501
8.386	5.501
8.385	5.501
8.385	5.500
8.385	5.500
8.384	5.500
8.384	5.500
8.383	5.499
8.383	5.499
8.382	5.499
8.382	5.499
8.381	5.499
8.381	5.498
8.380	5.498
8.380	5.498
8.380	5.498
8.379	5.497
8.379	5.497
8.378	5.497
8.378	5.497
8.377	5.497
8.377	5.496
8.376	5.496
8.376	5.496
8.375	5.496
8.375	5.496
8.375	5.495
8.374	5.495
8.374	5.495
8.373	5.495
8.373	5.494
8.372	5.494
8.372	5.494
8.371	5.494
8.371	5.494
8.370	5.493
8.370	5.493
8.370	5.493
8.369	5.493
8.369	5.493
8.368	5.492
8.368	5.492
8.367	5.492
8.367	5.492
8.366	5.491
8.366	5.491
8.365	5.491
8.365	5.491
8.365	5.491
8.364	5.490
8.364	5.490
8.363	5.490
8.363	5.490
8.362	5.489
8.362	5.489
8.361	5.489
8.361	5.489
8.360	5.489
8.360	5.488
8.359	5.488
8.359	5.488
8.359	5.488
8.358	5.488
8.358	5.487
8.357	5.487
8.357	5.487
8.356	5.487
8.356	5.486
8.355	5.486
8.355	5.486
8.354	5.486
8.354	5.486
8.354	5.485
8.353	5.485
8.353	5.485
8.352	5.485
8.352	5.485
8.351	5.484
8.351	5.484
8.350	5.484
8.350	5.484
8.349	5.483
8.349	5.483
8.349	5.483
8.348	5.483
8.348	5.483
8.347	5.482
8.347	5.482
8.346	5.482
8.346	5.482
8.345	5.481
8.345	5.481
8.344	5.481
8.344	5.481
8.344	5.481
8.343	5.480
8.343	5.480
8.342	5.480
8.342	5.480
8.341	5.480
8.341	5.479
8.340	5.479
8.340	5.479
8.339	5.479
8.339	5.478
8.339	5.478
8.338	5.478
8.338	5.478
8.337	5.478
8.337	5.477
8.336	5.477
8.336	5.477
8.335	5.477
8.335	5.477
8.334	5.476
8.334	5.476
8.334	5.476
8.333	5.476
8.333	5.475
8.332	5.475
8.332	5.475
8.331	5.475
8.331	5.475
8.330	5.474
8.330	5.474
8.329	5.474
8.329	5.474
8.328	5.473
8.328	5.473
8.328	5.473
8.327	5.473
8.327	5.473
8.326	5.472
8.326	5.472
8.325	5.472
8.325	5.472
8.324	5.472
8.324	5.471
8.323	5.471
8.323	5.471
8.323	5.471
8.322	5.470
8.322	5.470
8.321	5.470
8.321	5.470
8.320	5.470
8.320	5.469
8.319	5.469
8.319	5.469
8.318	5.469
8.318	5.469
8.318	5.468
8.317	5.468
8.317	5.468
8.316	5.468
8.316	5.467
8.315	5.467
8.315	5.467
8.314	5.467
8.314	5.467
8.313	5.466
8.313	5.466
8.313	5.466
8.312	5.466
8.312	5.465
8.311	5.465
8.311	5.465
8.310	5.465
8.310	5.465
8.309	5.464
8.309	5.464
8.308	5.464
8.308	5.464
8.308	5.464
8.307	5.463
8.307	5.463
8.306	5.463
8.306	5.463
8.305	5.462
8.305	5.462
8.304	5.462
8.304	5.462
8.303	5.462
8.303	5.461
8.303	5.461
8.302	5.461
8.302	5.461
8.301	5.461
8.301	5.460
8.300	5.460
8.300	5.460
8.299	5.460
8.299	5.459
8.298	5.459
8.298	5.459
8.297	5.459
8.297	5.459
8.297	5.458
8.296	5.458
8.296	5.458
8.295	5.458
8.295	5.457
8.294	5.457
8.294	5.457
8.293	5.457
8.293	5.457
8.292	5.456
8.292	5.456
8.292	5.456
8.291	5.456
8.291	5.456
8.290	5.455
8.290	5.455
8.289	5.455
8.289	5.455
8.288	5.454
8.288	5.454
8.287	5.454
8.287	5.454
8.287	5.454
8.286	5.453
8.286	5.453
8.285	5.453
8.285	5.453
8.284	5.453
8.284	5.452
8.283	5.452
8.283	5.452
8.282	5.452
8.282	5.451
8.282	5.451
8.281	5.451
8.281	5.451
8.280	5.451
8.280	5.450
8.279	5.450
8.279	5.450
8.278	5.450
8.278	5.449
8.277	5.449
8.277	5.449
8.277	5.449
8.276	5.449
8.276	5.448
8.275	5.448
8.275	5.448
8.274	5.448
8.274	5.448
8.273	5.447
8.273	5.447
8.272	5.447
8.272	5.447
8.272	5.446
8.271	5.446
8.271	5.446
8.270	5.446
8.270	5.446
8.269	5.445
8.269	5.445
8.268	5.445
8.268	5.445
8.267	5.445
8.267	5.444
8.266	5.444
8.266	5.444
8.266	5.444
8.265	5.443
8.265	5.443
8.264	5.443
8.264	5.443
8.263	5.443
8.263	5.442
8.262	5.442
8.262	5.442
8.261	5.442
8.261	5.441
8.261	5.441
8.260	5.441
8.260	5.441
8.259	5.441
8.259	5.440
8.258	5.440
8.258	5.440
8.257	5.440
8.257	5.440
8.256	5.439
8.256	5.439
8.256	5.439
8.255	5.439
8.255	5.438
8.255	5.438
8.254	5.438
8.254	5.438
8.253	5.438
8.253	5.438
8.252	5.437
8.252	5.437
8.252	5.437
8.251	5.437
8.251	5.436
8.250	5.436
8.250	5.436
8.249	5.436
8.249	5.435
8.248	5.435
8.248	5.435
8.248	5.435
8.247	5.434
8.247	5.434
8.246	5.434
8.246	5.434
8.245	5.434
8.245	5.433
8.244	5.433
8.244	5.433
8.243	5.433
8.243	5.432
8.243	5.432
8.242	5.432
8.242	5.432
8.241	5.431
8.241	5.431
8.240	5.431
8.240	5.431
8.239	5.430
8.239	5.430
8.239	5.430
8.238	5.430
8.238	5.430
8.237	5.429
8.237	5.429
8.236	5.429
8.236	5.429
8.235	5.428
8.235	5.428
8.235	5.428
8.234	5.428
8.234	5.427
8.233	5.427
8.233	5.427
8.232	5.427
8.232	5.426
8.231	5.426
8.231	5.426
8.231	5.426
8.230	5.425
8.230	5.425
8.229	5.425
8.229	5.425
8.228	5.425
8.228	5.424
8.227	5.424
8.227	5.424
8.227	5.424
8.226	5.423
8.226	5.423
8.225	5.423
8.225	5.423
8.224	5.422
8.224	5.422
8.223	5.422
8.223	5.422
8.223	5.421
8.222	5.421
8.222	5.421
8.221	5.421
8.221	5.421
8.220	5.420
8.220	5.420
8.219	5.420
8.219	5.420
8.219	5.419
8.218	5.419
8.218	5.419
8.217	5.419
8.217	5.418
8.216	5.418
8.216	5.418
8.215	5.418
8.215	5.417
8.215	5.417
8.214	5.417
8.214	5.417
8.213	5.417
8.213	5.416
8.212	5.416
8.212	5.416
8.211	5.416
8.211	5.415
8.210	5.415
8.210	5.415
8.210	5.415
8.209	5.414
8.209	5.414
8.208	5.414
8.208	5.414
8.207	5.413
8.207	5.413
8.206	5.413
8.206	5.413
8.206	5.413
8.205	5.412
8.205	5.412
8.204	5.412
8.204	5.412
8.203	5.411
8.203	5.411
8.202	5.411
8.202	5.411
8.202	5.410
8.201	5.410
8.201	5.410
8.200	5.410
8.200	5.409
8.199	5.409
8.199	5.409
8.198	5.409
8.198	5.408
8.198	5.408
8.197	5.408
8.197	5.408
8.196	5.408
8.196	5.407
8.195	5.407
8.195	5.407
8.194	5.407
8.194	5.406
8.194	5.406
8.193	5.406
8.193	5.406
8.192	5.405
8.192	5.405
8.191	5.405
8.191	5.405
8.190	5.404
8.190	5.404
8.190	5.404
8.189	5.404
8.189	5.404
8.188	5.403
8.188	5.403
8.187	5.403
8.187	5.403
8.186	5.402
8.186	5.402
8.186	5.402
8.185	5.402
8.185	5.401
8.184	5.401
8.184	5.401
8.183	5.401
8.183	5.400
8.182	5.400
8.182	5.400
8.182	5.400
8.181	5.400
8.181	5.399
8.180	5.399
8.180	5.399
8.179	5.399
8.179	5.398
8.178	5.398
8.178	5.398
8.178	5.398
8.177	5.397
8.177	5.397
8.176	5.397
8.176	5.397
8.175	5.396
8.175	5.396
8.174	5.396
8.174	5.396
8.173	5.396
8.173	5.395
8.173	5.395
8.172	5.395
8.172	5.395
8.171	5.394
8.171	5.394
8.170	5.394
8.170	5.394
8.169	5.393
8.169	5.393
8.169	5.393
8.168	5.393
8.168	5.392
8.167	5.392
8.167	5.392
8.166	5.392
8.166	5.392
8.165	5.391
8.165	5.391
8.165	5.391
8.164	5.391
8.164	5.390
8.163	5.390
8.163	5.390
8.162	5.390
8.162	5.389
8.161	5.389
8.161	5.389
8.161	5.389
8.160	5.388
8.160	5.388
8.159	5.388
8.159	5.388
8.158	5.387
8.158	5.387
8.157	5.387
8.157	5.387
8.157	5.387
8.156	5.386
8.156	5.386
8.155	5.386
8.155	5.386
8.154	5.385
8.154	5.385
8.153	5.385
8.153	5.385
8.153	5.384
8.152	5.384
8.152	5.384
8.151	5.384
8.151	5.383
8.150	5.383
8.150	5.383
8.149	5.383
8.149	5.383
8.149	5.382
8.148	5.382
8.148	5.382
8.147	5.382
8.147	5.381
8.146	5.381
8.146	5.381
8.145	5.381
8.145	5.380
8.145	5.380
8.144	5.380
8.144	5.380
8.143	5.379
8.143	5.379
8.142	5.379
8.142	5.379
8.141	5.379
8.141	5.378
8.140	5.378
8.140	5.378
8.140	5.378
8.139	5.377
8.139	5.377
8.138	5.377
8.138	5.377
8.137	5.376
8.137	5.376
8.136	5.376
8.136	5.376
8.136	5.375
8.135	5.375
8.135	5.375
8.134	5.375
8.134	5.375
8.133	5.374
8.133	5.374
8.132	5.374
8.132	5.374
8.132	5.373
8.131	5.373
8.131	5.373
8.130	5.373
8.130	5.372
8.129	5.372
8.129	5.372
8.128	5.372
8.128	5.371
8.128	5.371
8.127	5.371
8.127	5.371
8.126	5.370
8.126	5.370
8.125	5.370
8.125	5.370
8.124	5.370
8.124	5.369
8.124	5.369
8.123	5.369
8.123	5.369
8.122	5.368
8.122	5.368
8.121	5.368
8.121	5.368
8.120	5.367
8.120	5.367
8.120	5.367
8.119	5.367
8.119	5.366
8.118	5.366
8.118	5.366
8.117	5.366
8.117	5.366
8.116	5.365
8.116	5.365
8.116	5.365
8.115	5.365
8.115	5.364
8.114	5.364
8.114	5.364
8.113	5.364
8.113	5.363
8.112	5.363
8.112	5.363
8.112	5.363
8.111	5.362
8.111	5.362
8.110	5.362
8.110	5.362
8.109	5.362
8.109	5.361
8.108	5.361
8.108	5.361
8.107	5.361
8.107	5.360
8.107	5.360
8.106	5.360
8.106	5.360
8.105	5.359
8.105	5.359
8.104	5.359
8.104	5.359
8.103	5.358
8.103	5.358
8.103	5.358
8.102	5.358
8.102	5.358
8.101	5.357
8.101	5.357
8.100	5.357
8.100	5.357
8.099	5.356
8.099	5.356
8.099	5.356
8.098	5.356
8.098	5.355
8.097	5.355
8.097	5.355
8.096	5.355
8.096	5.354
8.095	5.354
8.095	5.354
8.095	5.354
8.094	5.353
8.094	5.353
8.093	5.353
8.093	5.353
8.092	5.353
8.092	5.352
8.091	5.352
8.091	5.352
8.091	5.352
8.090	5.351
8.090	5.351
8.089	5.351
8.089	5.351
8.088	5.350
8.088	5.350
8.087	5.350
8.087	5.350
8.087	5.349
8.086	5.349
8.086	5.349
8.085	5.349
8.085	5.349
8.084	5.348
8.084	5.348
8.083	5.348
8.083	5.348
8.083	5.347
8.082	5.347
8.082	5.347
8.081	5.347
8.081	5.346
8.080	5.346
8.080	5.346
8.079	5.346
8.079	5.345
8.079	5.345
8.078	5.345
8.078	5.345
8.077	5.345
8.077	5.344
8.076	5.344
8.076	5.344
8.075	5.344
8.075	5.343
8.074	5.343
8.074	5.343
8.074	5.343
8.073	5.342
8.073	5.342
8.072	5.342
8.072	5.342
8.072	5.342
8.071	5.341
8.071	5.341
8.071	5.341
8.070	5.341
8.070	5.340
8.069	5.340
8.069	5.340
8.068	5.340
8.068	5.339
8.067	5.339
8.067	5.339
8.067	5.339
8.066	5.338
8.066	5.338
8.065	5.338
8.065	5.338
8.064	5.337
8.064	5.337
8.064	5.337
8.063	5.337
8.063	5.336
8.062	5.336
8.062	5.336
8.061	5.336
8.061	5.335
8.060	5.335
8.060	5.335
8.060	5.335
8.059	5.334
8.059	5.334
8.058	5.334
8.058	5.334
8.057	5.333
8.057	5.333
8.057	5.333
8.056	5.333
8.056	5.332
8.055	5.332
8.055	5.332
8.054	5.332
8.054	5.331
8.053	5.331
8.053	5.331
8.053	5.331
8.052	5.330
8.052	5.330
8.051	5.330
8.051	5.330
8.050	5.329
8.050	5.329
8.050	5.329
8.049	5.329
8.049	5.328
8.048	5.328
8.048	5.328
8.047	5.328
8.047	5.327
8.046	5.327
8.046	5.327
8.046	5.327
8.045	5.326
8.045	5.326
8.044	5.326
8.044	5.326
8.043	5.325
8.043	5.325
8.043	5.325
8.042	5.325
8.042	5.324
8.041	5.324
8.041	5.324
8.040	5.324
8.040	5.323
8.039	5.323
8.039	5.323
8.039	5.323
8.038	5.322
8.038	5.322
8.037	5.322
8.037	5.322
8.036	5.321
8.036	5.321
8.036	5.321
8.035	5.321
8.035	5.320
8.034	5.320
8.034	5.320
8.033	5.320
8.033	5.319
8.032	5.319
8.032	5.319
8.032	5.319
8.031	5.318
8.031	5.318
8.030	5.318
8.030	5.318
8.029	5.317
8.029	5.317
8.029	5.317
8.028	5.317
8.028	5.316
8.027	5.316
8.027	5.316
8.026	5.316
8.026	5.315
8.025	5.315
8.025	5.315
8.025	5.315
8.024	5.314
8.024	5.314
8.023	5.314
8.023	5.314
8.022	5.313
8.022	5.313
8.022	5.313
8.021	5.313
8.021	5.312
8.020	5.312
8.020	5.312
8.019	5.312
8.019	5.311
8.019	5.311
8.018	5.311
8.018	5.311
8.017	5.310
8.017	5.310
8.016	5.310
8.016	5.310
8.015	5.309
8.015	5.309
8.015	5.309
8.014	5.309
8.014	5.308
8.013	5.308
8.013	5.308
8.012	5.308
8.012	5.307
8.012	5.307
8.011	5.307
8.011	5.307
8.010	5.306
8.010	5.306
8.009	5.306
8.009	5.306
8.008	5.305
8.008	5.305
8.008	5.305
8.007	5.305
8.007	5.304
8.006	5.304
8.006	5.304
8.005	5.304
8.005	5.303
8.005	5.303
8.004	5.303
8.004	5.303
8.003	5.302
8.003	5.302
8.002	5.302
8.002	5.302
8.001	5.301
8.001	5.301
8.001	5.301
8.000	5.301
8.000	5.300
7.999	5.300
7.999	5.300
7.998	5.300
7.998	5.299
7.998	5.299
7.997	5.299
7.997	5.299
7.996	5.298
7.996	5.298
7.995	5.298
7.995	5.297
7.994	5.297
7.994	5.297
7.994	5.297
7.993	5.296
7.993	5.296
7.992	5.296
7.992	5.296
7.991	5.295
7.991	5.295
7.991	5.295
7.990	5.295
7.990	5.294
7.989	5.294
7.989	5.294
7.988	5.294
7.988	5.293
7.987	5.293
7.987	5.293
7.987	5.293
7.986	5.292
7.986	5.292
7.985	5.292
7.985	5.292
7.984	5.291
7.984	5.291
7.984	5.291
7.983	5.291
7.983	5.290
7.982	5.290
7.982	5.290
7.981	5.290
7.981	5.289
7.980	5.289
7.980	5.289
7.980	5.289
7.979	5.288
7.979	5.288
7.978	5.288
7.978	5.288
7.977	5.287
7.977	5.287
7.977	5.287
7.976	5.287
7.976	5.286
7.975	5.286
7.975	5.286
7.974	5.286
7.974	5.285
7.973	5.285
7.973	5.285
7.973	5.285
7.972	5.284
7.972	5.284
7.971	5.284
7.971	5.284
7.970	5.283
7.970	5.283
7.970	5.283
7.969	5.283
7.969	5.282
7.968	5.282
7.968	5.282
7.967	5.282
7.967	5.281
7.966	5.281
7.966	5.281
7.966	5.281
7.965	5.280
7.965	5.280
7.964	5.280
7.964	5.280
7.963	5.279
7.963	5.279
7.963	5.279
7.962	5.279
7.962	5.278
7.961	5.278
7.961	5.278
7.960	5.278
7.960	5.277
7.960	5.277
7.959	5.277
7.959	5.277
7.958	5.276
7.958	5.276
7.957	5.276
7.957	5.276
7.956	5.275
7.956	5.275
7.956	5.275
7.955	5.275
7.955	5.274
7.954	5.274
7.954	5.274
7.953	5.274
7.953	5.273
7.953	5.273
7.952	5.273
7.952	5.273
7.951	5.272
7.951	5.272
7.950	5.272
7.950	5.272
7.949	5.271
7.949	5.271
7.949	5.271
7.948	5.271
7.948	5.270
7.947	5.270
7.947	5.270
7.946	5.270
7.946	5.269
7.946	5.269
7.945	5.269
7.945	5.269
7.944	5.268
7.944	5.268
7.943	5.268
7.943	5.268
7.942	5.267
7.942	5.267
7.942	5.267
7.941	5.267
7.941	5.266
7.940	5.266
7.940	5.266
7.939	5.266
7.939	5.265
7.939	5.265
7.938	5.265
7.938	5.265
7.937	5.264
7.937	5.264
7.936	5.264
7.936	5.264
7.935	5.263
7.935	5.263
7.935	5.263
7.934	5.263
7.934	5.262
7.933	5.262
7.933	5.262
7.932	5.262
7.932	5.261
7.932	5.261
7.931	5.261
7.931	5.261
7.930	5.260
7.930	5.260
7.929	5.260
7.929	5.260
7.928	5.259
7.928	5.259
7.928	5.259
7.927	5.259
7.927	5.258
7.926	5.258
7.926	5.258
7.925	5.258
7.925	5.257
7.925	5.257
7.924	5.257
7.924	5.257
7.923	5.256
7.923	5.256
7.922	5.256
7.922	5.256
7.921	5.255
7.921	5.255
7.921	5.255
7.920	5.255
7.920	5.254
7.919	5.254
7.919	5.254
7.918	5.254
7.918	5.253
7.918	5.253
7.917	5.253
7.917	5.253
7.916	5.252
7.916	5.252
7.915	5.252
7.915	5.252
7.914	5.251
7.914	5.251
7.914	5.251
7.913	5.251
7.913	5.250
7.912	5.250
7.912	5.250
7.911	5.250
7.911	5.249
7.911	5.249
7.910	5.249
7.910	5.249
7.909	5.248
7.909	5.248
7.908	5.248
7.908	5.248
7.908	5.247
7.907	5.247
7.907	5.247
7.906	5.247
7.906	5.246
7.905	5.246
7.905	5.246
7.904	5.246
7.904	5.245
7.904	5.245
7.903	5.245
7.903	5.245
7.902	5.244
7.902	5.244
7.901	5.244
7.901	5.244
7.901	5.243
7.900	5.243
7.900	5.243
7.899	5.243
7.899	5.242
7.898	5.242
7.898	5.242
7.897	5.241
7.897	5.241
7.897	5.241
7.896	5.241
7.896	5.240
7.895	5.240
7.895	5.240
7.894	5.240
7.894	5.239
7.894	5.239
7.893	5.239
7.893	5.239
7.892	5.238
7.892	5.238
7.891	5.238
7.891	5.238
7.890	5.237
7.890	5.237
7.890	5.237
7.889	5.237
7.889	5.236
7.888	5.236
7.888	5.236
7.887	5.236
7.887	5.235
7.887	5.235
7.886	5.235
7.886	5.235
7.885	5.234
7.885	5.234
7.884	5.234
7.884	5.234
7.883	5.233
7.883	5.233
7.883	5.233
7.882	5.233
7.882	5.232
7.881	5.232
7.881	5.232
7.880	5.232
7.880	5.231
7.880	5.231
7.879	5.231
7.879	5.231
7.878	5.230
7.878	5.230
7.877	5.230
7.877	5.230
7.876	5.229
7.876	5.229
7.876	5.229
7.875	5.229
7.875	5.228
7.874	5.228
7.874	5.228
7.873	5.228
7.873	5.227
7.873	5.227
7.872	5.227
7.872	5.227
7.871	5.226
7.871	5.226
7.870	5.226
7.870	5.226
7.869	5.225
7.869	5.225
7.869	5.225
7.868	5.225
7.868	5.224
7.867	5.224
7.867	5.224
7.866	5.224
7.866	5.223
7.866	5.223
7.865	5.223
7.865	5.223
7.864	5.222
7.864	5.222
7.863	5.222
7.863	5.222
7.862	5.221
7.862	5.221
7.862	5.221
7.861	5.221
7.861	5.220
7.860	5.220
7.860	5.220
7.859	5.220
7.859	5.219
7.859	5.219
7.858	5.219
7.858	5.219
7.857	5.218
7.857	5.218
7.856	5.218
7.856	5.218
7.855	5.217
7.855	5.217
7.855	5.217
7.854	5.217
7.854	5.216
7.853	5.216
7.853	5.216
7.852	5.216
7.852	5.215
7.852	5.215
7.851	5.215
7.851	5.215
7.850	5.214
7.850	5.214
7.849	5.214
7.849	5.214
7.849	5.213
7.848	5.213
7.848	5.213
7.847	5.213
7.847	5.212
7.846	5.212
7.846	5.212
7.845	5.212
7.845	5.212
7.845	5.211
7.845	5.211
7.844	5.211
7.844	5.211
7.843	5.210
7.843	5.210
7.842	5.210
7.842	5.210
7.842	5.209
7.841	5.209
7.841	5.209
7.840	5.208
7.840	5.208
7.839	5.208
7.839	5.208
7.839	5.207
7.838	5.207
7.838	5.207
7.837	5.207
7.837	5.206
7.836	5.206
7.836	5.206
7.836	5.206
7.835	5.205
7.835	5.205
7.834	5.205
7.834	5.205
7.833	5.204
7.833	5.204
7.832	5.204
7.832	5.204
7.832	5.203
7.831	5.203
7.831	5.203
7.830	5.203
7.830	5.202
7.829	5.202
7.829	5.202
7.829	5.201
7.828	5.201
7.828	5.201
7.827	5.201
7.827	5.200
7.826	5.200
7.826	5.200
7.826	5.200
7.825	5.199
7.825	5.199
7.824	5.199
7.824	5.199
7.823	5.198
7.823	5.198
7.823	5.198
7.822	5.198
7.822	5.197
7.821	5.197
7.821	5.197
7.820	5.197
7.820	5.196
7.820	5.196
7.819	5.196
7.819	5.196
7.818	5.195
7.818	5.195
7.817	5.195
7.817	5.194
7.817	5.194
7.816	5.194
7.816	5.194
7.815	5.193
7.815	5.193
7.814	5.193
7.814	5.193
7.813	5.192
7.813	5.192
7.813	5.192
7.812	5.192
7.812	5.191
7.811	5.191
7.811	5.191
7.810	5.191
7.810	5.190
7.810	5.190
7.809	5.190
7.809	5.190
7.808	5.189
7.808	5.189
7.807	5.189
7.807	5.189
7.807	5.188
7.806	5.188
7.806	5.188
7.805	5.187
7.805	5.187
7.804	5.187
7.804	5.187
7.804	5.186
7.803	5.186
7.803	5.186
7.802	5.186
7.802	5.185
7.801	5.185
7.801	5.185
7.801	5.185
7.800	5.184
7.800	5.184
7.799	5.184
7.799	5.184
7.798	5.183
7.798	5.183
7.798	5.183
7.797	5.183
7.797	5.182
7.796	5.182
7.796	5.182
7.795	5.182
7.795	5.181
7.794	5.181
7.794	5.181
7.794	5.180
7.793	5.180
7.793	5.180
7.792	5.180
7.792	5.179
7.791	5.179
7.791	5.179
7.791	5.179
7.790	5.178
7.790	5.178
7.789	5.178
7.789	5.178
7.788	5.177
7.788	5.177
7.788	5.177
7.787	5.177
7.787	5.176
7.786	5.176
7.786	5.176
7.785	5.176
7.785	5.175
7.785	5.175
7.784	5.175
7.784	5.174
7.783	5.174
7.783	5.174
7.782	5.174
7.782	5.173
7.782	5.173
7.781	5.173
7.781	5.173
7.780	5.172
7.780	5.172
7.779	5.172
7.779	5.172
7.779	5.171
7.778	5.171
7.778	5.171
7.777	5.171
7.777	5.170
7.776	5.170
7.776	5.170
7.775	5.170
7.775	5.169
7.775	5.169
7.774	5.169
7.774	5.169
7.773	5.168
7.773	5.168
7.772	5.168
7.772	5.167
7.772	5.167
7.771	5.167
7.771	5.167
7.770	5.166
7.770	5.166
7.769	5.166
7.769	5.166
7.769	5.165
7.768	5.165
7.768	5.165
7.767	5.165
7.767	5.164
7.766	5.164
7.766	5.164
7.766	5.164
7.765	5.163
7.765	5.163
7.764	5.163
7.764	5.163
7.763	5.162
7.763	5.162
7.763	5.162
7.762	5.162
7.762	5.161
7.761	5.161
7.761	5.161
7.760	5.160
7.760	5.160
7.760	5.160
7.759	5.160
7.759	5.159
7.758	5.159
7.758	5.159
7.757	5.159
7.757	5.158
7.756	5.158
7.756	5.158
7.756	5.158
7.755	5.157
7.755	5.157
7.754	5.157
7.754	5.157
7.753	5.156
7.753	5.156
7.753	5.156
7.752	5.156
7.752	5.155
7.751	5.155
7.751	5.155
7.750	5.155
7.750	5.154
7.750	5.154
7.749	5.154
7.749	5.153
7.748	5.153
7.748	5.153
7.747	5.153
7.747	5.152
7.747	5.152
7.746	5.152
7.746	5.152
7.745	5.151
7.745	5.151
7.744	5.151
7.744	5.151
7.744	5.150
7.743	5.150
7.743	5.150
7.742	5.150
7.742	5.149
7.741	5.149
7.741	5.149
7.741	5.149
7.740	5.148
7.740	5.148
7.739	5.148
7.739	5.147
7.738	5.147
7.738	5.147
7.737	5.147
7.737	5.146
7.737	5.146
7.736	5.146
7.736	5.146
7.735	5.145
7.735	5.145
7.734	5.145
7.734	5.145
7.734	5.144
7.733	5.144
7.733	5.144
7.732	5.144
7.732	5.143
7.731	5.143
7.731	5.143
7.731	5.143
7.730	5.142
7.730	5.142
7.729	5.142
7.729	5.142
7.728	5.141
7.728	5.141
7.728	5.141
7.727	5.140
7.727	5.140
7.726	5.140
7.726	5.140
7.725	5.139
7.725	5.139
7.725	5.139
7.724	5.139
7.724	5.138
7.723	5.138
7.723	5.138
7.722	5.138
7.722	5.137
7.722	5.137
7.721	5.137
7.721	5.137
7.720	5.136
7.720	5.136
7.719	5.136
7.719	5.136
7.718	5.135
7.718	5.135
7.718	5.135
7.717	5.135
7.717	5.134
7.716	5.134
7.716	5.134
7.715	5.133
7.715	5.133
7.715	5.133
7.714	5.133
7.714	5.132
7.713	5.132
7.713	5.132
7.712	5.132
7.712	5.131
7.712	5.131
7.711	5.131
7.711	5.131
7.710	5.130
7.710	5.130
7.709	5.130
7.709	5.130
7.709	5.129
7.708	5.129
7.708	5.129
7.707	5.129
7.707	5.128
7.706	5.128
7.706	5.128
7.706	5.128
7.705	5.127
7.705	5.127
7.704	5.127
7.704	5.126
7.703	5.126
7.703	5.126
7.703	5.126
7.702	5.125
7.702	5.125
7.701	5.125
7.701	5.125
7.700	5.124
7.700	5.124
7.699	5.124
7.699	5.124
7.699	5.123
7.698	5.123
7.698	5.123
7.697	5.123
7.697	5.122
7.696	5.122
7.696	5.122
7.696	5.122
7.695	5.121
7.695	5.121
7.694	5.121
7.694	5.121
7.693	5.120
7.693	5.120
7.693	5.120
7.692	5.119
7.692	5.119
7.691	5.119
7.691	5.119
7.690	5.118
7.690	5.118
7.690	5.118
7.689	5.118
7.689	5.117
7.688	5.117
7.688	5.117
7.687	5.117
7.687	5.116
7.687	5.116
7.686	5.116
7.686	5.116
7.685	5.115
7.685	5.115
7.684	5.115
7.684	5.115
7.684	5.114
7.683	5.114
7.683	5.114
7.682	5.113
7.682	5.113
7.681	5.113
7.681	5.113
7.680	5.112
7.680	5.112
7.680	5.112
7.679	5.112
7.679	5.111
7.678	5.111
7.678	5.111
7.677	5.111
7.677	5.110
7.677	5.110
7.676	5.110
7.676	5.110
7.675	5.109
7.675	5.109
7.674	5.109
7.674	5.109
7.674	5.108
7.673	5.108
7.673	5.108
7.672	5.108
7.672	5.107
7.671	5.107
7.671	5.107
7.671	5.106
7.670	5.106
7.670	5.106
7.669	5.106
7.669	5.105
7.668	5.105
7.668	5.105
7.668	5.105
7.667	5.104
7.667	5.104
7.666	5.104
7.666	5.104
7.665	5.103
7.665	5.103
7.665	5.103
7.664	5.103
7.664	5.102
7.663	5.102
7.663	5.102
7.662	5.102
7.662	5.101
7.661	5.101
7.661	5.101
7.661	5.101
7.660	5.100
7.660	5.100
7.659	5.100
7.659	5.099
7.658	5.099
7.658	5.099
7.658	5.099
7.657	5.098
7.657	5.098
7.656	5.098
7.656	5.098
7.655	5.097
7.655	5.097
7.655	5.097
7.654	5.097
7.654	5.096
7.653	5.096
7.653	5.096
7.652	5.096
7.652	5.095
7.652	5.095
7.651	5.095
7.651	5.095
7.650	5.094
7.650	5.094
7.649	5.094
7.649	5.094
7.649	5.093
7.648	5.093
7.648	5.093
7.647	5.092
7.647	5.092
7.646	5.092
7.646	5.092
7.646	5.091
7.645	5.091
7.645	5.091
7.644	5.091
7.644	5.090
7.643	5.090
7.643	5.090
7.643	5.090
7.642	5.089
7.642	5.089
7.641	5.089
7.641	5.089
7.640	5.088
7.640	5.088
7.639	5.088
7.639	5.088
7.639	5.087
7.638	5.087
7.638	5.087
7.637	5.087
7.637	5.086
7.636	5.086
7.636	5.086
7.636	5.085
7.635	5.085
7.635	5.085
7.634	5.085
7.634	5.084
7.633	5.084
7.633	5.084
7.633	5.084
7.632	5.083
7.632	5.083
7.631	5.083
7.631	5.083
7.630	5.082
7.630	5.082
7.630	5.082
7.629	5.082
7.629	5.081
7.628	5.081
7.628	5.081
7.627	5.081
7.627	5.080
7.627	5.080
7.626	5.080
7.626	5.079
7.625	5.079
7.625	5.079
7.624	5.079
7.624	5.078
7.624	5.078
7.623	5.078
7.623	5.078
7.622	5.077
7.622	5.077
7.621	5.077
7.621	5.077
7.620	5.076
7.620	5.076
7.620	5.076
7.619	5.076
7.619	5.075
7.618	5.075
7.618	5.075
7.617	5.075
7.617	5.074
7.617	5.074
7.616	5.074
7.616	5.074
7.615	5.073
7.615	5.073
7.614	5.073
7.614	5.072
7.614	5.072
7.613	5.072
7.613	5.072
7.612	5.071
7.612	5.071
7.611	5.071
7.611	5.071
7.611	5.070
7.610	5.070
7.610	5.070
7.609	5.070
7.609	5.069
7.608	5.069
7.608	5.069
7.608	5.069
7.607	5.068
7.607	5.068
7.606	5.068
7.606	5.068
7.605	5.067
7.605	5.067
7.605	5.067
7.604	5.067
7.604	5.066
7.603	5.066
7.603	5.066
7.602	5.065
7.602	5.065
7.601	5.065
7.601	5.065
7.601	5.064
7.600	5.064
7.600	5.064
7.599	5.064
7.599	5.063
7.598	5.063
7.598	5.063
7.598	5.063
7.597	5.062
7.597	5.062
7.596	5.062
7.596	5.062
7.595	5.061
7.595	5.061
7.595	5.061
7.594	5.061
7.594	5.060
7.593	5.060
7.593	5.060
7.592	5.060
7.592	5.059
7.592	5.059
7.591	5.059
7.591	5.058
7.590	5.058
7.590	5.058
7.589	5.058
7.589	5.057
7.589	5.057
7.588	5.057
7.588	5.057
7.587	5.056
7.587	5.056
7.586	5.056
7.586	5.056
7.586	5.055
7.585	5.055
7.585	5.055
7.584	5.055
7.584	5.054
7.583	5.054
7.583	5.054
7.582	5.054
7.582	5.053
7.582	5.053
7.581	5.053
7.581	5.052
7.580	5.052
7.580	5.052
7.579	5.052
7.579	5.051
7.579	5.051
7.578	5.051
7.578	5.051
7.577	5.050
7.577	5.050
7.576	5.050
7.576	5.050
7.576	5.049
7.575	5.049
7.575	5.049
7.574	5.049
7.574	5.048
7.573	5.048
7.573	5.048
7.573	5.048
7.572	5.047
7.572	5.047
7.571	5.047
7.571	5.047
7.570	5.046
7.570	5.046
7.570	5.046
7.569	5.045
7.569	5.045
7.568	5.045
7.568	5.045
7.567	5.044
7.567	5.044
7.567	5.044
7.566	5.044
7.566	5.043
7.565	5.043
7.565	5.043
7.564	5.043
7.564	5.042
7.563	5.042
7.563	5.042
7.563	5.042
7.562	5.041
7.562	5.041
7.561	5.041
7.561	5.041
7.560	5.040
7.560	5.040
7.560	5.040
7.559	5.040
7.559	5.039
7.558	5.039
7.558	5.039
7.557	5.038
7.557	5.038
7.557	5.038
7.556	5.038
7.556	5.037
7.555	5.037
7.555	5.037
7.554	5.037
7.554	5.036
7.554	5.036
7.553	5.036
7.553	5.036
7.552	5.035
7.552	5.035
7.551	5.035
7.551	5.035
7.551	5.034
7.550	5.034
7.550	5.034
7.549	5.034
7.549	5.033
7.548	5.033
7.548	5.033
7.548	5.033
7.547	5.032
7.547	5.032
7.546	5.032
7.546	5.031
7.545	5.031
7.545	5.031
7.544	5.031
7.544	5.030
7.544	5.030
7.543	5.030
7.543	5.030
7.542	5.029
7.542	5.029
7.541	5.029
7.541	5.029
7.541	5.028
7.540	5.028
7.540	5.028
7.539	5.028
7.539	5.027
7.538	5.027
7.538	5.027
7.538	5.027
7.537	5.026
7.537	5.026
7.536	5.026
7.536	5.026
7.535	5.025
7.535	5.025
7.535	5.025
7.534	5.024
7.534	5.024
7.533	5.024
7.533	5.024
7.532	5.023
7.532	5.023
7.532	5.023
7.531	5.023
7.531	5.022
7.530	5.022
7.530	5.022
7.529	5.022
7.529	5.021
7.529	5.021
7.528	5.021
7.528	5.021
7.527	5.020
7.527	5.020
7.526	5.020
7.526	5.020
7.525	5.019
7.525	5.019
7.525	5.019
7.524	5.018
7.524	5.018
7.523	5.018
7.523	5.018
7.523	5.018
7.522	5.017
7.522	5.017
7.522	5.017
7.521	5.017
7.521	5.016
7.520	5.016
7.520	5.016
7.519	5.016
7.519	5.015
7.519	5.015
7.518	5.015
7.518	5.015
7.517	5.014
7.517	5.014
7.516	5.014
7.516	5.014
7.516	5.013
7.515	5.013
7.515	5.013
7.514	5.013
7.514	5.012
7.513	5.012
7.513	5.012
7.513	5.011
7.512	5.011
7.512	5.011
7.511	5.011
7.511	5.010
7.510	5.010
7.510	5.010
7.510	5.010
7.509	5.009
7.509	5.009
7.508	5.009
7.508	5.009
7.507	5.008
7.507	5.008
7.506	5.008
7.506	5.008
7.506	5.007
7.505	5.007
7.505	5.007
7.504	5.007
7.504	5.006
7.503	5.006
7.503	5.006
7.503	5.005
7.502	5.005
7.502	5.005
7.501	5.005
7.501	5.004
7.500	5.004
7.500	5.004
7.500	5.004
7.499	5.003
7.499	5.003
7.498	5.003
7.498	5.003
7.497	5.002
7.497	5.002
7.497	5.002
7.496	5.002
7.496	5.001
7.495	5.001
7.495	5.001
7.494	5.001
7.494	5.000
7.494	5.000
7.493	5.000
7.493	4.999
7.492	4.999
7.492	4.999
7.491	4.999
7.491	4.998
7.491	4.998
7.490	4.998
7.490	4.998
7.489	4.997
7.489	4.997
7.488	4.997
7.488	4.997
7.488	4.996
7.487	4.996
7.487	4.996
7.486	4.996
7.486	4.995
7.485	4.995
7.485	4.995
7.484	4.995
7.484	4.994
7.484	4.994
7.483	4.994
7.483	4.994
7.482	4.993
7.482	4.993
7.481	4.993
7.481	4.992
7.481	4.992
7.480	4.992
7.480	4.992
7.479	4.991
7.479	4.991
7.478	4.991
7.478	4.991
7.478	4.990
7.477	4.990
7.477	4.990
7.476	4.990
7.476	4.989
7.475	4.989
7.475	4.989
7.475	4.989
7.474	4.988
7.474	4.988
7.473	4.988
7.473	4.988
7.472	4.987
7.472	4.987
7.472	4.987
7.471	4.986
7.471	4.986
7.470	4.986
7.470	4.986
7.469	4.985
7.469	4.985
7.469	4.985
7.468	4.985
7.468	4.984
7.467	4.984
7.467	4.984
7.466	4.984
7.466	4.983
7.466	4.983
7.465	4.983
7.465	4.983
7.464	4.982
7.464	4.982
7.463	4.982
7.463	4.982
7.462	4.981
7.462	4.981
7.462	4.981
7.461	4.980
7.461	4.980
7.460	4.980
7.460	4.980
7.459	4.979
7.459	4.979
7.459	4.979
7.458	4.979
7.458	4.978
7.457	4.978
7.457	4.978
7.456	4.978
7.456	4.977
7.456	4.977
7.455	4.977
7.455	4.977
7.454	4.976
7.454	4.976
7.453	4.976
7.453	4.976
7.453	4.975
7.452	4.975
7.452	4.975
7.451	4.974
7.451	4.974
7.450	4.974
7.450	4.974
7.450	4.973
7.449	4.973
7.449	4.973
7.448	4.973
7.448	4.972
7.447	4.972
7.447	4.972
7.447	4.972
7.446	4.971
7.446	4.971
7.445	4.971
7.445	4.971
7.444	4.970
7.444	4.970
7.443	4.970
7.443	4.970
7.443	4.969
7.442	4.969
7.442	4.969
7.441	4.969
7.441	4.968
7.440	4.968
7.440	4.968
7.440	4.967
7.439	4.967
7.439	4.967
7.438	4.967
7.438	4.966
7.437	4.966
7.437	4.966
7.437	4.966
7.436	4.965
7.436	4.965
7.435	4.965
7.435	4.965
7.434	4.964
7.434	4.964
7.434	4.964
7.433	4.964
7.433	4.963
7.432	4.963
7.432	4.963
7.431	4.963
7.431	4.962
7.431	4.962
7.430	4.962
7.430	4.961
7.429	4.961
7.429	4.961
7.428	4.961
7.428	4.960
7.428	4.960
7.427	4.960
7.427	4.960
7.426	4.959
7.426	4.959
7.425	4.959
7.425	4.959
7.425	4.958
7.424	4.958
7.424	4.958
7.423	4.958
7.423	4.957
7.422	4.957
7.422	4.957
7.421	4.957
7.421	4.956
7.421	4.956
7.420	4.956
7.420	4.955
7.419	4.955
7.419	4.955
7.418	4.955
7.418	4.954
7.418	4.954
7.417	4.954
7.417	4.954
7.416	4.953
7.416	4.953
7.415	4.953
7.415	4.953
7.415	4.952
7.414	4.952
7.414	4.952
7.413	4.952
7.413	4.951
7.412	4.951
7.412	4.951
7.412	4.951
7.411	4.950
7.411	4.950
7.410	4.950
7.410	4.949
7.409	4.949
7.409	4.949
7.409	4.949
7.408	4.948
7.408	4.948
7.407	4.948
7.407	4.948
7.406	4.947
7.406	4.947
7.406	4.947
7.405	4.947
7.405	4.946
7.404	4.946
7.404	4.946
7.403	4.946
7.403	4.945
7.403	4.945
7.402	4.945
7.402	4.945
7.401	4.944
7.401	4.944
7.400	4.944
7.400	4.944
7.399	4.943
7.399	4.943
7.399	4.943
7.398	4.942
7.398	4.942
7.397	4.942
7.397	4.942
7.396	4.941
7.396	4.941
7.396	4.941
7.395	4.941
7.395	4.940
7.394	4.940
7.394	4.940
7.393	4.940
7.393	4.939
7.393	4.939
7.392	4.939
7.392	4.939
7.391	4.938
7.391	4.938
7.390	4.938
7.390	4.938
7.390	4.937
7.389	4.937
7.389	4.937
7.388	4.936
7.388	4.936
7.387	4.936
7.387	4.936
7.387	4.935
7.386	4.935
7.386	4.935
7.385	4.935
7.385	4.934
7.384	4.934
7.384	4.934
7.384	4.934
7.383	4.933
7.383	4.933
7.382	4.933
7.382	4.933
7.381	4.932
7.381	4.932
7.381	4.932
7.380	4.932
7.380	4.931
7.379	4.931
7.379	4.931
7.378	4.930
7.378	4.930
7.377	4.930
7.377	4.930
7.377	4.929
7.376	4.929
7.376	4.929
7.375	4.929
7.375	4.928
7.374	4.928
7.374	4.928
7.374	4.928
7.373	4.927
7.373	4.927
7.372	4.927
7.372	4.927
7.371	4.926
7.371	4.926
7.371	4.926
7.370	4.926
7.370	4.925
7.369	4.925
7.369	4.925
7.368	4.924
7.368	4.924
7.368	4.924
7.367	4.924
7.367	4.923
7.366	4.923
7.366	4.923
7.365	4.923
7.365	4.922
7.365	4.922
7.364	4.922
7.364	4.922
7.363	4.921
7.363	4.921
7.362	4.921
7.362	4.921
7.362	4.920
7.361	4.920
7.361	4.920
7.360	4.920
7.360	4.919
7.359	4.919
7.359	4.919
7.358	4.919
7.358	4.918
7.358	4.918
7.357	4.918
7.357	4.917
7.356	4.917
7.356	4.917
7.355	4.917
7.355	4.916
7.355	4.916
7.354	4.916
7.354	4.916
7.353	4.915
7.353	4.915
7.352	4.915
7.352	4.915
7.352	4.914
7.351	4.914
7.351	4.914
7.350	4.914
7.350	4.913
7.349	4.913
7.349	4.913
7.349	4.913
7.348	4.912
7.348	4.912
7.347	4.912
7.347	4.911
7.346	4.911
7.346	4.911
7.346	4.911
7.345	4.910
7.345	4.910
7.344	4.910
7.344	4.910
7.343	4.909
7.343	4.909
7.343	4.909
7.342	4.909
7.342	4.908
7.341	4.908
7.341	4.908
7.340	4.908
7.340	4.907
7.340	4.907
7.339	4.907
7.339	4.907
7.338	4.906
7.338	4.906
7.337	4.906
7.337	4.905
7.336	4.905
7.336	4.905
7.336	4.905
7.335	4.904
7.335	4.904
7.334	4.904
7.334	4.904
7.333	4.903
7.333	4.903
7.333	4.903
7.332	4.903
7.332	4.902
7.331	4.902
7.331	4.902
7.330	4.902
7.330	4.901
7.330	4.901
7.329	4.901
7.329	4.901
7.328	4.900
7.328	4.900
7.327	4.900
7.327	4.899
7.327	4.899
7.326	4.899
7.326	4.899
7.325	4.898
7.325	4.898
7.324	4.898
7.324	4.898
7.324	4.897
7.323	4.897
7.323	4.897
7.322	4.897
7.322	4.896
7.321	4.896
7.321	4.896
7.321	4.896
7.320	4.895
7.320	4.895
7.319	4.895
7.319	4.895
7.318	4.894
7.318	4.894
7.318	4.894
7.317	4.894
7.317	4.894
7.317	4.893
7.316	4.893
7.316	4.893
7.315	4.892
7.315	4.892
7.314	4.892
7.314	4.892
7.314	4.891
7.313	4.891
7.313	4.891
7.312	4.891
7.312	4.890
7.311	4.890
7.311	4.890
7.311	4.890
7.310	4.889
7.310	4.889
7.309	4.889
7.309	4.889
7.308	4.888
7.308	4.888
7.308	4.888
7.307	4.888
7.307	4.887
7.306	4.887
7.306	4.887
7.305	4.887
7.305	4.886
7.304	4.886
7.304	4.886
7.304	4.886
7.303	4.885
7.303	4.885
7.302	4.885
7.302	4.885
7.301	4.884
7.301	4.884
7.301	4.884
7.300	4.884
7.300	4.883
7.299	4.883
7.299	4.883
7.298	4.882
7.298	4.882
7.298	4.882
7.297	4.882
7.297	4.881
7.296	4.881
7.296	4.881
7.295	4.881
7.295	4.880
7.294	4.880
7.294	4.880
7.294	4.880
7.293	4.879
7.293	4.879
7.292	4.879
7.292	4.879
7.291	4.878
7.291	4.878
7.291	4.878
7.290	4.878
7.290	4.877
7.289	4.877
7.289	4.877
7.288	4.877
7.288	4.876
7.288	4.876
7.287	4.876
7.287	4.876
7.286	4.875
7.286	4.875
7.285	4.875
7.285	4.875
7.284	4.874
7.284	4.874
7.284	4.874
7.283	4.873
7.283	4.873
7.282	4.873
7.282	4.873
7.281	4.872
7.281	4.872
7.281	4.872
7.280	4.872
7.280	4.871
7.279	4.871
7.279	4.871
7.278	4.871
7.278	4.870
7.278	4.870
7.277	4.870
7.277	4.870
7.276	4.869
7.276	4.869
7.275	4.869
7.275	4.869
7.274	4.868
7.274	4.868
7.274	4.868
7.273	4.868
7.273	4.867
7.272	4.867
7.272	4.867
7.271	4.867
7.271	4.866
7.271	4.866
7.270	4.866
7.270	4.866
7.269	4.865
7.269	4.865
7.268	4.865
7.268	4.865
7.268	4.864
7.267	4.864
7.267	4.864
7.266	4.863
7.266	4.863
7.265	4.863
7.265	4.863
7.264	4.862
7.264	4.862
7.264	4.862
7.263	4.862
7.263	4.861
7.262	4.861
7.262	4.861
7.261	4.861
7.261	4.860
7.261	4.860
7.260	4.860
7.260	4.860
7.259	4.859
7.259	4.859
7.258	4.859
7.258	4.859
7.258	4.858
7.257	4.858
7.257	4.858
7.256	4.858
7.256	4.857
7.255	4.857
7.255	4.857
7.254	4.857
7.254	4.856
7.254	4.856
7.253	4.856
7.253	4.856
7.252	4.855
7.252	4.855
7.251	4.855
7.251	4.854
7.251	4.854
7.250	4.854
7.250	4.854
7.249	4.853
7.249	4.853
7.248	4.853
7.248	4.853
7.248	4.852
7.247	4.852
7.247	4.852
7.246	4.852
7.246	4.851
7.245	4.851
7.245	4.851
7.244	4.851
7.244	4.850
7.244	4.850
7.243	4.850
7.243	4.850
7.242	4.849
7.242	4.849
7.241	4.849
7.241	4.849
7.241	4.848
7.240	4.848
7.240	4.848
7.239	4.848
7.239	4.847
7.238	4.847
7.238	4.847
7.238	4.847
7.237	4.846
7.237	4.846
7.236	4.846
7.236	4.846
7.235	4.845
7.235	4.845
7.234	4.845
7.234	4.844
7.234	4.844
7.233	4.844
7.233	4.844
7.232	4.843
7.232	4.843
7.231	4.843
7.231	4.843
7.231	4.842
7.230	4.842
7.230	4.842
7.229	4.842
7.229	4.841
7.228	4.841
7.228	4.841
7.228	4.841
7.227	4.840
7.227	4.840
7.226	4.840
7.226	4.840
7.225	4.839
7.225	4.839
7.224	4.839
7.224	4.839
7.224	4.838
7.223	4.838
7.223	4.838
7.222	4.838
7.222	4.837
7.221	4.837
7.221	4.837
7.221	4.837
7.220	4.836
7.220	4.836
7.219	4.836
7.219	4.835
7.218	4.835
7.218	4.835
7.218	4.835
7.217	4.834
7.217	4.834
7.216	4.834
7.216	4.834
7.215	4.833
7.215	4.833
7.214	4.833
7.214	4.833
7.214	4.832
7.213	4.832
7.213	4.832
7.212	4.832
7.212	4.831
7.211	4.831
7.211	4.831
7.211	4.831
7.210	4.830
7.210	4.830
7.209	4.830
7.209	4.830
7.208	4.829
7.208	4.829
7.208	4.829
7.207	4.829
7.207	4.828
7.206	4.828
7.206	4.828
7.205	4.828
7.205	4.827
7.204	4.827
7.204	4.827
7.204	4.827
7.203	4.826
7.203	4.826
7.202	4.826
7.202	4.825
7.201	4.825
7.201	4.825
7.201	4.825
7.200	4.824
7.200	4.824
7.199	4.824
7.199	4.824
7.198	4.823
7.198	4.823
7.198	4.823
7.197	4.823
7.197	4.822
7.196	4.822
7.196	4.822
7.195	4.822
7.195	4.821
7.195	4.821
7.194	4.821
7.194	4.821
7.193	4.820
7.193	4.820
7.192	4.820
7.192	4.820
7.191	4.819
7.191	4.819
7.191	4.819
7.190	4.819
7.190	4.818
7.189	4.818
7.189	4.818
7.188	4.818
7.188	4.817
7.188	4.817
7.187	4.817
7.187	4.816
7.186	4.816
7.186	4.816
7.185	4.816
7.185	4.815
7.185	4.815
7.184	4.815
7.184	4.815
7.183	4.814
7.183	4.814
7.182	4.814
7.182	4.814
7.181	4.813
7.181	4.813
7.181	4.813
7.180	4.813
7.180	4.812
7.179	4.812
7.179	4.812
7.178	4.812
7.178	4.811
7.178	4.811
7.177	4.811
7.177	4.811
7.176	4.810
7.176	4.810
7.175	4.810
7.175	4.810
7.175	4.809
7.174	4.809
7.174	4.809
7.173	4.809
7.173	4.808
7.172	4.808
7.172	4.808
7.171	4.808
7.171	4.807
7.171	4.807
7.170	4.807
7.170	4.806
7.169	4.806
7.169	4.806
7.168	4.806
7.168	4.805
7.168	4.805
7.167	4.805
7.167	4.805
7.166	4.804
7.166	4.804
7.165	4.804
7.165	4.804
7.165	4.803
7.164	4.803
7.164	4.803
7.163	4.803
7.163	4.802
7.162	4.802
7.162	4.802
7.161	4.802
7.161	4.801
7.161	4.801
7.160	4.801
7.160	4.801
7.159	4.800
7.159	4.800
7.158	4.800
7.158	4.800
7.158	4.799
7.157	4.799
7.157	4.799
7.156	4.799
7.156	4.798
7.155	4.798
7.155	4.798
7.155	4.797
7.154	4.797
7.154	4.797
7.153	4.797
7.153	4.796
7.152	4.796
7.152	4.796
7.151	4.796
7.151	4.795
7.151	4.795
7.151	4.795
7.150	4.795
7.150	4.795
7.149	4.794
7.149	4.794
7.148	4.794
7.148	4.794
7.148	4.793
7.147	4.793
7.147	4.793
7.146	4.793
7.146	4.792
7.145	4.792
7.145	4.792
7.144	4.792
7.144	4.791
7.144	4.791
7.143	4.791
7.143	4.791
7.142	4.790
7.142	4.790
7.141	4.790
7.141	4.790
7.141	4.789
7.140	4.789
7.140	4.789
7.139	4.789
7.139	4.788
7.138	4.788
7.138	4.788
7.137	4.788
7.137	4.787
7.137	4.787
7.136	4.787
7.136	4.787
7.135	4.786
7.135	4.786
7.134	4.786
7.134	4.786
7.134	4.785
7.133	4.785
7.133	4.785
7.132	4.785
7.132	4.784
7.131	4.784
7.131	4.784
7.130	4.784
7.130	4.783
7.130	4.783
7.129	4.783
7.129	4.783
7.128	4.782
7.128	4.782
7.127	4.782
7.127	4.782
7.127	4.781
7.126	4.781
7.126	4.781
7.125	4.781
7.125	4.780
7.124	4.780
7.124	4.780
7.123	4.780
7.123	4.779
7.123	4.779
7.122	4.779
7.122	4.779
7.121	4.778
7.121	4.778
7.120	4.778
7.120	4.778
7.120	4.777
7.119	4.777
7.119	4.777
7.118	4.777
7.118	4.776
7.117	4.776
7.117	4.776
7.116	4.776
7.116	4.775
7.116	4.775
7.115	4.775
7.115	4.775
7.114	4.774
7.114	4.774
7.113	4.774
7.113	4.774
7.113	4.773
7.112	4.773
7.112	4.773
7.111	4.773
7.111	4.772
7.110	4.772
7.110	4.772
7.109	4.772
7.109	4.771
7.109	4.771
7.108	4.771
7.108	4.771
7.107	4.770
7.107	4.770
7.106	4.770
7.106	4.770
7.106	4.769
7.105	4.769
7.105	4.769
7.104	4.769
7.104	4.768
7.103	4.768
7.103	4.768
7.102	4.768
7.102	4.767
7.102	4.767
7.101	4.767
7.101	4.767
7.100	4.766
7.100	4.766
7.099	4.766
7.099	4.766
7.099	4.765
7.098	4.765
7.098	4.765
7.097	4.765
7.097	4.764
7.096	4.764
7.096	4.764
7.095	4.764
7.095	4.763
7.095	4.763
7.094	4.763
7.094	4.763
7.093	4.762
7.093	4.762
7.092	4.762
7.092	4.762
7.092	4.761
7.091	4.761
7.091	4.761
7.090	4.761
7.090	4.760
7.089	4.760
7.089	4.760
7.088	4.760
7.088	4.759
7.088	4.759
7.087	4.759
7.087	4.759
7.086	4.758
7.086	4.758
7.085	4.758
7.085	4.758
7.085	4.757
7.084	4.757
7.084	4.757
7.083	4.757
7.083	4.756
7.082	4.756
7.082	4.756
7.081	4.756
7.081	4.755
7.081	4.755
7.080	4.755
7.080	4.755
7.079	4.754
7.079	4.754
7.078	4.754
7.078	4.754
7.078	4.753
7.077	4.753
7.077	4.753
7.076	4.753
7.076	4.752
7.075	4.752
7.075	4.752
7.074	4.752
7.074	4.751
7.074	4.751
7.073	4.751
7.073	4.751
7.072	4.750
7.072	4.750
7.071	4.750
7.071	4.750
7.071	4.749
7.070	4.749
7.070	4.749
7.069	4.749
7.069	4.748
7.068	4.748
7.068	4.748
7.067	4.748
7.067	4.747
7.067	4.747
7.066	4.747
7.066	4.747
7.065	4.746
7.065	4.746
7.064	4.746
7.064	4.746
7.064	4.745
7.063	4.745
7.063	4.745
7.062	4.745
7.062	4.744
7.061	4.744
7.061	4.744
7.060	4.744
7.060	4.743
7.060	4.743
7.059	4.743
7.059	4.743
7.058	4.742
7.058	4.742
7.057	4.742
7.057	4.742
7.057	4.741
7.056	4.741
7.056	4.741
7.055	4.741
7.055	4.740
7.054	4.740
7.054	4.740
7.053	4.740
7.053	4.739
7.053	4.739
7.052	4.739
7.052	4.738
7.051	4.738
7.051	4.738
7.050	4.738
7.050	4.737
7.050	4.737
7.049	4.737
7.049	4.737
7.048	4.736
7.048	4.736
7.047	4.736
7.047	4.736
7.046	4.735
7.046	4.735
7.046	4.735
7.045	4.735
7.045	4.734
7.044	4.734
7.044	4.734
7.043	4.734
7.043	4.733
7.043	4.733
7.042	4.733
7.042	4.733
7.041	4.732
7.041	4.732
7.040	4.732
7.040	4.732
7.039	4.731
7.039	4.731
7.039	4.731
7.038	4.731
7.038	4.730
7.037	4.730
7.037	4.730
7.036	4.730
7.036	4.729
7.036	4.729
7.035	4.729
7.035	4.729
7.034	4.728
7.034	4.728
7.033	4.728
7.033	4.728
7.032	4.727
7.032	4.727
7.032	4.727
7.031	4.727
7.031	4.726
7.030	4.726
7.030	4.726
7.029	4.726
7.029	4.725
7.029	4.725
7.028	4.725
7.028	4.725
7.027	4.724
7.027	4.724
7.026	4.724
7.026	4.724
7.025	4.723
7.025	4.723
7.025	4.723
7.024	4.723
7.024	4.722
7.023	4.722
7.023	4.722
7.022	4.722
7.022	4.721
7.022	4.721
7.021	4.721
7.021	4.721
7.020	4.720
7.020	4.720
7.019	4.720
7.019	4.720
7.018	4.719
7.018	4.719
7.018	4.719
7.018	4.719
7.017	4.719
7.017	4.718
7.016	4.718
7.016	4.718
7.015	4.718
7.015	4.718
7.014	4.717
7.014	4.717
7.014	4.717
7.013	4.717
7.013	4.716
7.012	4.716
7.012	4.716
7.011	4.716
7.011	4.715
7.010	4.715
7.010	4.715
7.010	4.715
7.009	4.714
7.009	4.714
7.008	4.714
7.008	4.714
7.007	4.714
7.007	4.713
7.006	4.713
7.006	4.713
7.006	4.713
7.005	4.712
7.005	4.712
7.004	4.712
7.004	4.712
7.003	4.711
7.003	4.711
7.002	4.711
7.002	4.711
7.002	4.710
7.001	4.710
7.001	4.710
7.000	4.710
7.000	4.709
6.999	4.709
6.999	4.709
6.998	4.709
6.998	4.709
6.998	4.708
6.997	4.708
6.997	4.708
6.996	4.708
6.996	4.707
6.995	4.707
6.995	4.707
6.994	4.707
6.994	4.706
6.994	4.706
6.993	4.706
6.993	4.706
6.992	4.705
6.992	4.705
6.991	4.705
6.991	4.705
6.990	4.705
6.990	4.704
6.990	4.704
6.989	4.704
6.989	4.704
6.988	4.703
6.988	4.703
6.987	4.703
6.987	4.703
6.986	4.702
6.986	4.702
6.986	4.702
6.985	4.702
6.985	4.701
6.984	4.701
6.984	4.701
6.983	4.701
6.983	4.700
6.982	4.700
6.982	4.700
6.982	4.700
6.981	4.700
6.981	4.699
6.980	4.699
6.980	4.699
6.979	4.699
6.979	4.698
6.978	4.698
6.978	4.698
6.978	4.698
6.977	4.697
6.977	4.697
6.976	4.697
6.976	4.697
6.975	4.696
6.975	4.696
6.974	4.696
6.974	4.696
6.974	4.696
6.973	4.695
6.973	4.695
6.972	4.695
6.972	4.695
6.971	4.694
6.971	4.694
6.970	4.694
6.970	4.694
6.970	4.693
6.969	4.693
6.969	4.693
6.968	4.693
6.968	4.692
6.967	4.692
6.967	4.692
6.966	4.692
6.966	4.691
6.966	4.691
6.965	4.691
6.965	4.691
6.964	4.691
6.964	4.690
6.963	4.690
6.963	4.690
6.962	4.690
6.962	4.689
6.962	4.689
6.961	4.689
6.961	4.689
6.960	4.688
6.960	4.688
6.959	4.688
6.959	4.688
6.958	4.687
6.958	4.687
6.958	4.687
6.957	4.687
6.957	4.687
6.956	4.686
6.956	4.686
6.955	4.686
6.955	4.686
6.954	4.685
6.954	4.685
6.954	4.685
6.953	4.685
6.953	4.684
6.952	4.684
6.952	4.684
6.951	4.684
6.951	4.683
6.950	4.683
6.950	4.683
6.950	4.683
6.949	4.682
6.949	4.682
6.948	4.682
6.948	4.682
6.947	4.682
6.947	4.681
6.946	4.681
6.946	4.681
6.946	4.681
6.945	4.680
6.945	4.680
6.944	4.680
6.944	4.680
6.943	4.679
6.943	4.679
6.942	4.679
6.942	4.679
6.942	4.678
6.941	4.678
6.941	4.678
6.940	4.678
6.940	4.678
6.939	4.677
6.939	4.677
6.938	4.677
6.938	4.677
6.938	4.676
6.937	4.676
6.937	4.676
6.936	4.676
6.936	4.675
6.935	4.675
6.935	4.675
6.934	4.675
6.934	4.674
6.934	4.674
6.933	4.674
6.933	4.674
6.932	4.673
6.932	4.673
6.931	4.673
6.931	4.673
6.931	4.673
6.930	4.673
6.930	4.672
6.929	4.672
6.929	4.672
6.929	4.672
6.928	4.672
6.928	4.671
6.927	4.671
6.927	4.671
6.926	4.671
6.926	4.671
6.925	4.671
6.925	4.670
6.924	4.670
6.924	4.670
6.923	4.670
6.923	4.670
6.922	4.669
6.922	4.669
6.921	4.669
6.921	4.669
6.921	4.669
6.920	4.668
6.920	4.668
6.919	4.668
6.919	4.668
6.918	4.668
6.918	4.668
6.917	4.667
6.917	4.667
6.916	4.667
6.916	4.667
6.915	4.667
6.915	4.666
6.914	4.666
6.914	4.666
6.914	4.666
6.913	4.666
6.913	4.665
6.912	4.665
6.912	4.665
6.911	4.665
6.911	4.665
6.910	4.665
6.910	4.664
6.909	4.664
6.909	4.664
6.908	4.664
6.908	4.664
6.907	4.663
6.907	4.663
6.907	4.663
6.906	4.663
6.906	4.663
6.905	4.662
6.905	4.662
6.904	4.662
6.904	4.662
6.903	4.662
6.903	4.661
6.902	4.661
6.902	4.661
6.901	4.661
6.901	4.661
6.900	4.661
6.900	4.660
6.900	4.660
6.899	4.660
6.899	4.660
6.898	4.660
6.898	4.659
6.897	4.659
6.897	4.659
6.896	4.659
6.896	4.659
6.895	4.658
6.895	4.658
6.894	4.658
6.894	4.658
6.893	4.658
6.893	4.658
6.892	4.657
6.892	4.657
6.892	4.657
6.891	4.657
6.891	4.657
6.890	4.656
6.890	4.656
6.889	4.656
6.889	4.656
6.888	4.656
6.888	4.655
6.887	4.655
6.887	4.655
6.886	4.655
6.886	4.655
6.885	4.655
6.885	4.654
6.885	4.654
6.884	4.654
6.884	4.654
6.883	4.654
6.883	4.653
6.882	4.653
6.882	4.653
6.881	4.653
6.881	4.653
6.880	4.652
6.880	4.652
6.879	4.652
6.879	4.652
6.878	4.652
6.878	4.652
6.878	4.651
6.877	4.651
6.877	4.651
6.876	4.651
6.876	4.651
6.875	4.650
6.875	4.650
6.874	4.650
6.874	4.650
6.873	4.650
6.873	4.649
6.872	4.649
6.872	4.649
6.871	4.649
6.871	4.649
6.870	4.649
6.870	4.648
6.870	4.648
6.869	4.648
6.869	4.648
6.868	4.648
6.868	4.647
6.867	4.647
6.867	4.647
6.866	4.647
6.866	4.647
6.865	4.646
6.865	4.646
6.864	4.646
6.864	4.646
6.863	4.646
6.863	4.646
6.863	4.645
6.862	4.645
6.862	4.645
6.861	4.645
6.861	4.645
6.860	4.644
6.860	4.644
6.859	4.644
6.859	4.644
6.858	4.644
6.858	4.643
6.857	4.643
6.857	4.643
6.856	4.643
6.856	4.643
6.856	4.643
6.855	4.642
6.855	4.642
6.854	4.642
6.854	4.642
6.853	4.642
6.853	4.641
6.852	4.641
6.852	4.641
6.851	4.641
6.851	4.641
6.850	4.640
6.850	4.640
6.849	4.640
6.849	4.640
6.848	4.640
6.848	4.639
6.848	4.639
6.847	4.639
6.847	4.639
6.846	4.639
6.846	4.639
6.845	4.638
6.845	4.638
6.844	4.638
6.844	4.638
6.843	4.638
6.843	4.637
6.842	4.637
6.842	4.637
6.841	4.637
6.841	4.637
6.841	4.636
6.840	4.636
6.840	4.636
6.839	4.636
6.839	4.636
6.838	4.636
6.838	4.635
6.837	4.635
6.837	4.635
6.836	4.635
6.836	4.635
6.835	4.634
6.835	4.634
6.834	4.634
6.834	4.634
6.834	4.634
6.833	4.633
6.833	4.633
6.832	4.633
6.832	4.633
6.831	4.633
6.831	4.633
6.830	4.632
6.830	4.632
6.829	4.632
6.829	4.632
6.828	4.632
6.828	4.631
6.827	4.631
6.827	4.631
6.826	4.631
6.826	4.631
6.826	4.630
6.825	4.630
6.825	4.630
6.824	4.630
6.824	4.630
6.823	4.630
6.823	4.629
6.822	4.629
6.822	4.629
6.821	4.629
6.821	4.629
6.820	4.628
6.820	4.628
6.819	4.628
6.819	4.628
6.819	4.628
6.818	4.627
6.818	4.627
6.817	4.627
6.817	4.627
6.816	4.627
6.816	4.627
6.815	4.626
6.815	4.626
6.814	4.626
6.814	4.626
6.813	4.626
6.813	4.625
6.812	4.625
6.812	4.625
6.812	4.625
6.811	4.625
6.811	4.624
6.810	4.624
6.810	4.624
6.809	4.624
6.809	4.624
6.808	4.624
6.808	4.623
6.807	4.623
6.807	4.623
6.806	4.623
6.806	4.623
6.805	4.622
6.805	4.622
6.804	4.622
6.804	4.622
6.804	4.622
6.803	4.621
6.803	4.621
6.802	4.621
6.802	4.621
6.801	4.621
6.801	4.621
6.800	4.620
6.800	4.620
6.799	4.620
6.799	4.620
6.798	4.620
6.798	4.619
6.797	4.619
6.797	4.619
6.797	4.619
6.796	4.619
6.796	4.618
6.795	4.618
6.795	4.618
6.794	4.618
6.794	4.618
6.793	4.617
6.793	4.617
6.793	4.617
6.792	4.617
6.792	4.617
6.791	4.617
6.791	4.617
6.790	4.617
6.790	4.617
6.789	4.616
6.789	4.616
6.788	4.616
6.788	4.616
6.787	4.616
6.787	4.616
6.786	4.616
6.786	4.616
6.785	4.615
6.785	4.615
6.784	4.615
6.784	4.615
6.784	4.615
6.783	4.615
6.783	4.615
6.782	4.615
6.782	4.614
6.781	4.614
6.781	4.614
6.780	4.614
6.780	4.614
6.779	4.614
6.779	4.614
6.778	4.614
6.778	4.614
6.777	4.613
6.777	4.613
6.776	4.613
6.776	4.613
6.775	4.613
6.775	4.613
6.774	4.613
6.774	4.613
6.773	4.612
6.773	4.612
6.772	4.612
6.772	4.612
6.771	4.612
6.771	4.612
6.770	4.612
6.770	4.612
6.769	4.611
6.769	4.611
6.768	4.611
6.768	4.611
6.767	4.611
6.767	4.611
6.766	4.611
6.766	4.611
6.765	4.610
6.765	4.610
6.764	4.610
6.764	4.610
6.763	4.610
6.763	4.610
6.762	4.610
6.762	4.610
6.762	4.609
6.761	4.609
6.761	4.609
6.760	4.609
6.760	4.609
6.759	4.609
6.759	4.609
6.758	4.609
6.758	4.608
6.757	4.608
6.757	4.608
6.756	4.608
6.756	4.608
6.755	4.608
6.755	4.608
6.754	4.608
6.754	4.608
6.753	4.607
6.753	4.607
6.752	4.607
6.752	4.607
6.751	4.607
6.751	4.607
6.750	4.607
6.750	4.607
6.749	4.606
6.749	4.606
6.748	4.606
6.748	4.606
6.747	4.606
6.747	4.606
6.746	4.606
6.746	4.606
6.745	4.605
6.745	4.605
6.744	4.605
6.744	4.605
6.743	4.605
6.743	4.605
6.742	4.605
6.742	4.605
6.741	4.604
6.741	4.604
6.740	4.604
6.740	4.604
6.740	4.604
6.739	4.604
6.739	4.604
6.738	4.604
6.738	4.603
6.737	4.603
6.737	4.603
6.736	4.603
6.736	4.603
6.735	4.603
6.735	4.603
6.734	4.603
6.734	4.603
6.733	4.602
6.733	4.602
6.732	4.602
6.732	4.602
6.731	4.602
6.731	4.602
6.730	4.602
6.730	4.602
6.729	4.601
6.729	4.601
6.728	4.601
6.728	4.601
6.727	4.601
6.727	4.601
6.726	4.601
6.726	4.601
6.725	4.600
6.725	4.600
6.724	4.600
6.724	4.600
6.723	4.600
6.723	4.600
6.722	4.600
6.722	4.600
6.721	4.599
6.721	4.599
6.720	4.599
6.720	4.599
6.719	4.599
6.719	4.599
6.718	4.599
6.718	4.599
6.718	4.598
6.717	4.598
6.717	4.598
6.716	4.598
6.716	4.598
6.715	4.598
6.715	4.598
6.714	4.598
6.714	4.597
6.713	4.597
6.713	4.597
6.712	4.597
6.712	4.597
6.711	4.597
6.711	4.597
6.710	4.597
6.710	4.597
6.709	4.596
6.709	4.596
6.708	4.596
6.708	4.596
6.707	4.596
6.707	4.596
6.706	4.596
6.706	4.596
6.705	4.595
6.705	4.595
6.704	4.595
6.704	4.595
6.703	4.595
6.703	4.595
6.702	4.595
6.702	4.595
6.701	4.594
6.701	4.594
6.700	4.594
6.700	4.594
6.699	4.594
6.699	4.594
6.698	4.594
6.698	4.594
6.697	4.593
6.697	4.593
6.696	4.593
6.696	4.593
6.696	4.593
6.695	4.593
6.695	4.593
6.694	4.593
6.694	4.592
6.693	4.592
6.693	4.592
6.692	4.592
6.692	4.592
6.691	4.592
6.691	4.592
6.690	4.592
6.690	4.591
6.689	4.591
6.689	4.591
6.688	4.591
6.688	4.591
6.687	4.591
6.687	4.591
6.686	4.591
6.686	4.591
6.685	4.590
6.685	4.590
6.684	4.590
6.684	4.590
6.683	4.590
6.683	4.590
6.682	4.590
6.682	4.590
6.681	4.589
6.681	4.589
6.680	4.589
6.680	4.589
6.679	4.589
6.679	4.589
6.678	4.589
6.678	4.589
6.677	4.588
6.677	4.588
6.676	4.588
6.676	4.588
6.675	4.588
6.675	4.588
6.674	4.588
6.674	4.588
6.674	4.587
6.673	4.587
6.673	4.587
6.672	4.587
6.672	4.587
6.671	4.587
6.671	4.587
6.670	4.587
6.670	4.586
6.669	4.586
6.669	4.586
6.668	4.586
6.668	4.586
6.667	4.586
6.667	4.586
6.666	4.586
6.666	4.585
6.665	4.585
6.665	4.585
6.664	4.585
6.664	4.585
6.663	4.585
6.663	4.585
6.662	4.585
6.662	4.585
6.661	4.584
6.661	4.584
6.660	4.584
6.660	4.584
6.659	4.584
6.659	4.584
6.658	4.584
6.658	4.584
6.657	4.583
6.657	4.583
6.656	4.583
6.656	4.583
6.655	4.583
6.655	4.583
6.654	4.583
6.654	4.583
6.653	4.582
6.653	4.582
6.652	4.582
6.652	4.582
6.652	4.582
6.651	4.582
6.651	4.582
6.650	4.582
6.650	4.581
6.649	4.581
6.649	4.581
6.648	4.581
6.648	4.581
6.647	4.581
6.647	4.581
6.646	4.581
6.646	4.580
6.645	4.580
6.645	4.580
6.644	4.580
6.644	4.580
6.643	4.580
6.643	4.580
6.642	4.580
6.642	4.579
6.641	4.579
6.641	4.579
6.640	4.579
6.640	4.579
6.639	4.579
6.639	4.579
6.638	4.579
6.638	4.579
6.637	4.578
6.637	4.578
6.636	4.578
6.636	4.578
6.635	4.578
6.635	4.578
6.634	4.578
6.634	4.578
6.633	4.577
6.633	4.577
6.632	4.577
6.632	4.577
6.631	4.577
6.631	4.577
6.630	4.577
6.630	4.577
6.630	4.576
6.629	4.576
6.629	4.576
6.628	4.576
6.628	4.576
6.627	4.576
6.627	4.576
6.627	4.576
6.626	4.576
6.626	4.576
6.625	4.575
6.625	4.575
6.624	4.575
6.624	4.575
6.623	4.575
6.623	4.575
6.622	4.575
6.622	4.575
6.621	4.575
6.621	4.575
6.620	4.575
6.620	4.575
6.619	4.575
6.619	4.575
6.618	4.575
6.618	4.574
6.617	4.574
6.617	4.574
6.616	4.574
6.616	4.574
6.615	4.574
6.615	4.574
6.614	4.574
6.614	4.574
6.613	4.574
6.613	4.574
6.612	4.574
6.612	4.574
6.611	4.574
6.611	4.573
6.610	4.573
6.610	4.573
6.609	4.573
6.609	4.573
6.608	4.573
6.608	4.573
6.607	4.573
6.607	4.573
6.606	4.573
6.606	4.573
6.605	4.573
6.605	4.573
6.604	4.573
6.604	4.573
6.603	4.572
6.603	4.572
6.602	4.572
6.602	4.572
6.601	4.572
6.601	4.572
6.600	4.572
6.600	4.572
6.599	4.572
6.599	4.572
6.598	4.572
6.598	4.572
6.597	4.572
6.597	4.572
6.596	4.571
6.596	4.571
6.595	4.571
6.595	4.571
6.594	4.571
6.594	4.571
6.593	4.571
6.593	4.571
6.592	4.571
6.592	4.571
6.591	4.571
6.591	4.571
6.590	4.571
6.590	4.571
6.589	4.571
6.589	4.570
6.588	4.570
6.588	4.570
6.587	4.570
6.587	4.570
6.586	4.570
6.586	4.570
6.585	4.570
6.585	4.570
6.584	4.570
6.584	4.570
6.583	4.570
6.583	4.570
6.582	4.570
6.582	4.569
6.581	4.569
6.581	4.569
6.580	4.569
6.580	4.569
6.579	4.569
6.579	4.569
6.578	4.569
6.578	4.569
6.577	4.569
6.577	4.569
6.576	4.569
6.576	4.569
6.575	4.569
6.575	4.569
6.574	4.568
6.574	4.568
6.573	4.568
6.573	4.568
6.572	4.568
6.572	4.568
6.571	4.568
6.571	4.568
6.570	4.568
6.570	4.568
6.569	4.568
6.569	4.568
6.568	4.568
6.568	4.568
6.567	4.567
6.567	4.567
6.566	4.567
6.566	4.567
6.565	4.567
6.565	4.567
6.564	4.567
6.564	4.567
6.563	4.567
6.563	4.567
6.562	4.567
6.562	4.567
6.561	4.567
6.561	4.567
6.560	4.567
6.560	4.566
6.559	4.566
6.559	4.566
6.558	4.566
6.558	4.566
6.557	4.566
6.557	4.566
6.556	4.566
6.556	4.566
6.555	4.566
6.555	4.566
6.554	4.566
6.554	4.566
6.553	4.566
6.553	4.565
6.552	4.565
6.552	4.565
6.551	4.565
6.551	4.565
6.550	4.565
6.550	4.565
6.549	4.565
6.549	4.565
6.548	4.565
6.548	4.565
6.547	4.565
6.547	4.565
6.546	4.565
6.546	4.565
6.545	4.564
6.545	4.564
6.544	4.564
6.544	4.564
6.543	4.564
6.543	4.564
6.542	4.564
6.542	4.564
6.541	4.564
6.541	4.564
6.540	4.564
6.540	4.564
6.539	4.564
6.539	4.564
6.538	4.563
6.538	4.563
6.537	4.563
6.537	4.563
6.536	4.563
6.536	4.563
6.535	4.563
6.535	4.563
6.534	4.563
6.534	4.563
6.533	4.563
6.533	4.563
6.532	4.563
6.532	4.563
6.531	4.562
6.531	4.562
6.530	4.562
6.530	4.562
6.529	4.562
6.529	4.562
6.528	4.562
6.528	4.562
6.527	4.562
6.527	4.562
6.526	4.562
6.526	4.562
6.525	4.562
6.525	4.562
6.524	4.562
6.524	4.561
6.523	4.561
6.523	4.561
6.522	4.561
6.522	4.561
6.521	4.561
6.521	4.561
6.520	4.561
6.520	4.561
6.519	4.561
6.519	4.561
6.518	4.561
6.518	4.561
6.517	4.561
6.517	4.560
6.516	4.560
6.516	4.560
6.515	4.560
6.515	4.560
6.514	4.560
6.514	4.560
6.513	4.560
6.513	4.560
6.512	4.560
6.512	4.560
6.511	4.560
6.511	4.560
6.510	4.560
6.510	4.560
6.509	4.559
6.509	4.559
6.508	4.559
6.508	4.559
6.507	4.559
6.507	4.559
6.506	4.559
6.506	4.559
6.505	4.559
6.505	4.559
6.504	4.559
6.504	4.559
6.503	4.559
6.503	4.559
6.502	4.558
6.502	4.558
6.501	4.558
6.501	4.558
6.500	4.558
6.500	4.558
6.499	4.558
6.499	4.558
6.498	4.558
6.498	4.558
6.497	4.558
6.497	4.558
6.496	4.558
6.496	4.558
6.495	4.558
6.495	4.557
6.494	4.557
6.494	4.557
6.493	4.557
6.493	4.557
6.492	4.557
6.492	4.557
6.491	4.557
6.491	4.557
6.490	4.557
6.490	4.557
6.489	4.557
6.489	4.557
6.488	4.557
6.488	4.556
6.487	4.556
6.487	4.556
6.486	4.556
6.486	4.556
6.485	4.556
6.485	4.556
6.484	4.556
6.484	4.556
6.483	4.556
6.483	4.556
6.482	4.556
6.482	4.556
6.481	4.556
6.481	4.556
6.480	4.555
6.480	4.555
6.479	4.555
6.479	4.555
6.478	4.555
6.478	4.555
6.477	4.555
6.477	4.555
6.476	4.555
6.476	4.555
6.475	4.555
6.475	4.555
6.474	4.555
6.474	4.555
6.473	4.554
6.473	4.554
6.472	4.554
6.472	4.554
6.471	4.554
6.471	4.554
6.470	4.554
6.470	4.554
6.469	4.554
6.469	4.554
6.468	4.554
6.468	4.554
6.467	4.554
6.467	4.554
6.466	4.554
6.466	4.553
6.465	4.553
6.465	4.553
6.464	4.553
6.464	4.553
6.463	4.553
6.463	4.553
6.462	4.553
6.462	4.553
6.461	4.553
6.461	4.553
6.460	4.553
6.460	4.553
6.459	4.553
6.459	4.552
6.458	4.552
6.458	4.552
6.457	4.552
6.457	4.552
6.456	4.552
6.456	4.552
6.455	4.552
6.455	4.552
6.454	4.552
6.454	4.552
6.453	4.552
6.453	4.552
6.453	4.552
6.452	4.552
6.452	4.552
6.451	4.552
6.451	4.552
6.450	4.552
6.450	4.552
6.449	4.552
6.449	4.552
6.448	4.552
6.448	4.552
6.447	4.552
6.447	4.552
6.446	4.552
6.446	4.552
6.445	4.552
6.445	4.552
6.444	4.552
6.444	4.552
6.443	4.551
6.443	4.551
6.442	4.551
6.442	4.551
6.441	4.551
6.441	4.551
6.440	4.551
6.440	4.551
6.439	4.551
6.439	4.551
6.438	4.551
6.438	4.551
6.437	4.551
6.437	4.551
6.436	4.551
6.436	4.551
6.435	4.551
6.435	4.551
6.434	4.551
6.434	4.551
6.433	4.551
6.432	4.551
6.432	4.551
6.431	4.551
6.431	4.551
6.430	4.551
6.430	4.551
6.429	4.551
6.429	4.551
6.428	4.551
6.428	4.551
6.427	4.551
6.427	4.551
6.426	4.551
6.426	4.551
6.425	4.551
6.425	4.551
6.424	4.551
6.424	4.551
6.423	4.551
6.423	4.551
6.422	4.551
6.422	4.551
6.421	4.551
6.421	4.551
6.420	4.551
6.420	4.551
6.419	4.551
6.419	4.551
6.418	4.551
6.418	4.551
6.417	4.551
6.417	4.551
6.416	4.551
6.416	4.551
6.415	4.551
6.415	4.551
6.414	4.551
6.414	4.551
6.413	4.551
6.413	4.551
6.412	4.551
6.412	4.551
6.411	4.551
6.411	4.551
6.410	4.551
6.410	4.551
6.409	4.551
6.409	4.551
6.408	4.551
6.408	4.551
6.407	4.551
6.407	4.551
6.406	4.551
6.406	4.551
6.405	4.551
6.405	4.551
6.404	4.551
6.404	4.551
6.403	4.551
6.403	4.551
6.402	4.551
6.402	4.551
6.401	4.551
6.401	4.551
6.400	4.551
6.400	4.551
6.399	4.551
6.399	4.551
6.398	4.551
6.398	4.551
6.397	4.551
6.397	4.551
6.396	4.551
6.396	4.551
6.395	4.551
6.395	4.551
6.394	4.551
6.394	4.551
6.393	4.551
6.393	4.551
6.392	4.551
6.392	4.551
6.391	4.551
6.391	4.551
6.390	4.551
6.390	4.551
6.389	4.551
6.389	4.551
6.388	4.551
6.388	4.551
6.387	4.551
6.387	4.551
6.386	4.551
6.386	4.551
6.385	4.551
6.385	4.551
6.384	4.551
6.384	4.551
6.383	4.551
6.383	4.551
6.382	4.551
6.382	4.551
6.381	4.551
6.381	4.551
6.380	4.551
6.380	4.550
6.379	4.550
6.379	4.550
6.378	4.550
6.378	4.550
6.377	4.550
6.377	4.550
6.376	4.550
6.376	4.550
6.375	4.550
6.375	4.550
6.374	4.550
6.374	4.550
6.373	4.550
6.373	4.550
6.372	4.550
6.372	4.550
6.371	4.550
6.371	4.550
6.370	4.550
6.370	4.550
6.369	4.550
6.369	4.550
6.368	4.550
6.368	4.550
6.367	4.550
6.367	4.550
6.366	4.550
6.366	4.550
6.365	4.550
6.364	4.550
6.364	4.550
6.363	4.550
6.363	4.550
6.362	4.550
6.362	4.550
6.361	4.550
6.361	4.550
6.360	4.550
6.360	4.550
6.359	4.550
6.359	4.550
6.358	4.550
6.358	4.550
6.357	4.550
6.357	4.550
6.356	4.550
6.356	4.550
6.355	4.550
6.355	4.550
6.354	4.550
6.354	4.550
6.353	4.550
6.353	4.550
6.352	4.550
6.352	4.550
6.351	4.550
6.351	4.550
6.350	4.550
6.350	4.550
6.349	4.550
6.349	4.550
6.348	4.550
6.348	4.550
6.347	4.550
6.347	4.550
6.346	4.550
6.346	4.550
6.345	4.550
6.345	4.550
6.344	4.550
6.344	4.550
6.343	4.550
6.343	4.550
6.342	4.550
6.342	4.550
6.341	4.550
6.341	4.550
6.340	4.550
6.340	4.550
6.339	4.550
6.339	4.550
6.338	4.550
6.338	4.550
6.337	4.550
6.337	4.550
6.336	4.550
6.336	4.550
6.335	4.550
6.335	4.550
6.334	4.550
6.334	4.550
6.333	4.550
6.333	4.550
6.332	4.550
6.332	4.550
6.331	4.550
6.331	4.550
6.330	4.550
6.330	4.550
6.329	4.550
6.329	4.550
6.328	4.550
6.328	4.550
6.327	4.550
6.327	4.550
6.326	4.550
6.326	4.550
6.325	4.550
6.325	4.550
6.324	4.550
6.324	4.550
6.323	4.550
6.323	4.550
6.322	4.550
6.322	4.550
6.321	4.550
6.321	4.550
6.320	4.550
6.320	4.550
6.319	4.550
6.319	4.550
6.318	4.550
6.318	4.550
6.317	4.550
6.317	4.550
6.316	4.550
6.316	4.549
6.315	4.549
6.315	4.549
6.314	4.549
6.314	4.549
6.313	4.549
6.313	4.549
6.312	4.549
6.312	4.549
6.311	4.549
6.311	4.549
6.310	4.549
6.310	4.549
6.309	4.549
6.309	4.549
6.308	4.549
6.308	4.549
6.307	4.549
6.307	4.549
6.306	4.549
6.306	4.549
6.305	4.549
6.305	4.549
6.304	4.549
6.304	4.549
6.303	4.549
6.303	4.549
6.302	4.549
6.302	4.549
6.301	4.549
6.301	4.549
6.300	4.549
6.300	4.549
6.299	4.549
6.299	4.549
6.298	4.549
6.298	4.549
6.297	4.549
6.296	4.549
6.296	4.549
6.295	4.549
6.295	4.549
6.294	4.549
6.294	4.549
6.293	4.549
6.293	4.549
6.292	4.549
6.292	4.549
6.291	4.549
6.291	4.549
6.291	4.549
6.290	4.549
6.290	4.549
6.289	4.549
6.289	4.549
6.288	4.549
6.288	4.549
6.287	4.549
6.287	4.550
6.286	4.550
6.286	4.550
6.285	4.550
6.285	4.550
6.284	4.550
6.284	4.550
6.283	4.550
6.283	4.550
6.282	4.550
6.282	4.550
6.281	4.550
6.281	4.550
6.280	4.550
6.280	4.550
6.279	4.550
6.279	4.550
6.278	4.550
6.278	4.550
6.277	4.550
6.277	4.550
6.276	4.551
6.276	4.551
6.275	4.551
6.275	4.551
6.274	4.551
6.274	4.551
6.273	4.551
6.273	4.551
6.272	4.551
6.272	4.551
6.271	4.551
6.271	4.551
6.270	4.551
6.270	4.551
6.269	4.551
6.269	4.551
6.268	4.551
6.268	4.551
6.267	4.551
6.267	4.551
6.266	4.552
6.266	4.552
6.265	4.552
6.265	4.552
6.264	4.552
6.264	4.552
6.263	4.552
6.263	4.552
6.262	4.552
6.262	4.552
6.261	4.552
6.261	4.552
6.260	4.552
6.260	4.552
6.259	4.552
6.259	4.552
6.258	4.552
6.258	4.552
6.257	4.552
6.257	4.552
6.256	4.553
6.256	4.553
6.255	4.553
6.255	4.553
6.254	4.553
6.254	4.553
6.253	4.553
6.253	4.553
6.252	4.553
6.252	4.553
6.251	4.553
6.251	4.553
6.250	4.553
6.250	4.553
6.249	4.553
6.249	4.553
6.248	4.553
6.248	4.553
6.247	4.553
6.247	4.553
6.246	4.554
6.246	4.554
6.245	4.554
6.245	4.554
6.244	4.554
6.244	4.554
6.243	4.554
6.243	4.554
6.242	4.554
6.242	4.554
6.241	4.554
6.241	4.554
6.240	4.554
6.240	4.554
6.239	4.554
6.239	4.554
6.238	4.554
6.238	4.554
6.237	4.554
6.237	4.554
6.236	4.554
6.236	4.555
6.235	4.555
6.235	4.555
6.234	4.555
6.234	4.555
6.233	4.555
6.233	4.555
6.232	4.555
6.232	4.555
6.231	4.555
6.231	4.555
6.230	4.555
6.230	4.555
6.229	4.555
6.229	4.555
6.228	4.555
6.228	4.555
6.227	4.555
6.227	4.555
6.226	4.555
6.226	4.556
6.225	4.556
6.225	4.556
6.224	4.556
6.224	4.556
6.223	4.556
6.223	4.556
6.222	4.556
6.222	4.556
6.221	4.556
6.221	4.556
6.220	4.556
6.220	4.556
6.219	4.556
6.219	4.556
6.218	4.556
6.218	4.556
6.217	4.556
6.217	4.556
6.216	4.556
6.216	4.557
6.215	4.557
6.215	4.557
6.214	4.557
6.214	4.557
6.213	4.557
6.213	4.557
6.212	4.557
6.212	4.557
6.211	4.557
6.211	4.557
6.210	4.557
6.210	4.557
6.209	4.557
6.209	4.557
6.208	4.557
6.208	4.557
6.207	4.557
6.207	4.557
6.206	4.557
6.206	4.557
6.205	4.558
6.205	4.558
6.204	4.558
6.204	4.558
6.203	4.558
6.203	4.558
6.202	4.558
6.202	4.558
6.201	4.558
6.201	4.558
6.200	4.558
6.200	4.558
6.199	4.558
6.199	4.558
6.198	4.558
6.198	4.558
6.197	4.558
6.197	4.558
6.196	4.558
6.196	4.558
6.195	4.559
6.195	4.559
6.194	4.559
6.194	4.559
6.193	4.559
6.193	4.559
6.192	4.559
6.192	4.559
6.191	4.559
6.191	4.559
6.190	4.559
6.190	4.559
6.189	4.559
6.189	4.559
6.188	4.559
6.188	4.559
6.187	4.559
6.187	4.559
6.186	4.559
6.186	4.559
6.185	4.560
6.185	4.560
6.184	4.560
6.184	4.560
6.183	4.560
6.183	4.560
6.182	4.560
6.182	4.560
6.181	4.560
6.181	4.560
6.180	4.560
6.180	4.560
6.179	4.560
6.179	4.560
6.178	4.560
6.178	4.560
6.177	4.560
6.177	4.560
6.176	4.560
6.176	4.560
6.175	4.561
6.175	4.561
6.174	4.561
6.174	4.561
6.173	4.561
6.173	4.561
6.172	4.561
6.172	4.561
6.171	4.561
6.171	4.561
6.170	4.561
6.170	4.561
6.169	4.561
6.169	4.561
6.168	4.561
6.168	4.561
6.167	4.561
6.167	4.561
6.166	4.561
6.166	4.561
6.166	4.561
6.165	4.562
6.165	4.562
6.164	4.562
6.164	4.562
6.163	4.562
6.163	4.562
6.162	4.562
6.162	4.562
6.161	4.562
6.161	4.563
6.160	4.563
6.160	4.563
6.159	4.563
6.159	4.563
6.158	4.563
6.158	4.563
6.157	4.563
6.157	4.563
6.156	4.563
6.156	4.564
6.155	4.564
6.155	4.564
6.154	4.564
6.154	4.564
6.153	4.564
6.153	4.564
6.152	4.564
6.152	4.564
6.151	4.564
6.151	4.565
6.150	4.565
6.150	4.565
6.149	4.565
6.149	4.565
6.148	4.565
6.148	4.565
6.147	4.565
6.147	4.565
6.146	4.565
6.146	4.566
6.145	4.566
6.145	4.566
6.144	4.566
6.144	4.566
6.143	4.566
6.143	4.566
6.142	4.566
6.142	4.566
6.141	4.566
6.141	4.567
6.140	4.567
6.140	4.567
6.139	4.567
6.139	4.567
6.138	4.567
6.138	4.567
6.137	4.567
6.137	4.567
6.136	4.567
6.136	4.568
6.135	4.568
6.135	4.568
6.134	4.568
6.134	4.568
6.133	4.568
6.133	4.568
6.133	4.568
6.132	4.568
6.132	4.568
6.131	4.569
6.131	4.569
6.130	4.569
6.130	4.569
6.129	4.569
6.129	4.569
6.128	4.569
6.128	4.569
6.127	4.569
6.127	4.569
6.126	4.570
6.126	4.570
6.125	4.570
6.125	4.570
6.124	4.570
6.124	4.570
6.123	4.570
6.123	4.570
6.122	4.570
6.122	4.570
6.121	4.571
6.121	4.571
6.120	4.571
6.120	4.571
6.119	4.571
6.119	4.571
6.118	4.571
6.118	4.571
6.117	4.571
6.117	4.572
6.116	4.572
6.116	4.572
6.115	4.572
6.115	4.572
6.114	4.572
6.114	4.572
6.113	4.572
6.113	4.572
6.112	4.572
6.112	4.573
6.111	4.573
6.111	4.573
6.110	4.573
6.110	4.573
6.109	4.573
6.109	4.573
6.108	4.573
6.108	4.573
6.107	4.573
6.107	4.574
6.106	4.574
6.106	4.574
6.105	4.574
6.105	4.574
6.104	4.574
6.104	4.574
6.103	4.574
6.103	4.574
6.102	4.574
6.102	4.575
6.101	4.575
6.101	4.575
6.100	4.575
6.100	4.575
6.099	4.575
6.099	4.575
6.098	4.575
6.098	4.575
6.097	4.575
6.097	4.576
6.096	4.576
6.096	4.576
6.095	4.576
6.095	4.576
6.094	4.576
6.094	4.576
6.093	4.576
6.093	4.576
6.092	4.576
6.092	4.577
6.091	4.577
6.091	4.577
6.091	4.577
6.090	4.577
6.090	4.577
6.089	4.577
6.089	4.577
6.088	4.577
6.088	4.577
6.087	4.578
6.087	4.578
6.086	4.578
6.086	4.578
6.085	4.578
6.085	4.578
6.084	4.578
6.084	4.578
6.083	4.578
6.083	4.578
6.082	4.579
6.082	4.579
6.081	4.579
6.081	4.579
6.080	4.579
6.080	4.579
6.079	4.579
6.079	4.579
6.078	4.579
6.078	4.579
6.077	4.580
6.077	4.580
6.076	4.580
6.076	4.580
6.075	4.580
6.075	4.580
6.074	4.580
6.074	4.580
6.073	4.580
6.073	4.580
6.072	4.581
6.072	4.581
6.071	4.581
6.071	4.581
6.070	4.581
6.070	4.581
6.069	4.581
6.069	4.581
6.068	4.581
6.068	4.582
6.067	4.582
6.067	4.582
6.066	4.582
6.066	4.582
6.065	4.582
6.065	4.582
6.064	4.582
6.064	4.582
6.063	4.582
6.063	4.583
6.062	4.583
6.062	4.583
6.061	4.583
6.061	4.583
6.060	4.583
6.060	4.583
6.059	4.583
6.059	4.583
6.058	4.583
6.058	4.584
6.057	4.584
6.057	4.584
6.056	4.584
6.056	4.584
6.055	4.584
6.055	4.584
6.054	4.584
6.054	4.584
6.053	4.584
6.053	4.585
6.053	4.585
6.052	4.585
6.052	4.585
6.052	4.585
6.051	4.585
6.051	4.585
6.050	4.585
6.050	4.586
6.049	4.586
6.049	4.586
6.048	4.586
6.048	4.586
6.047	4.586
6.047	4.587
6.046	4.587
6.046	4.587
6.045	4.587
6.045	4.587
6.044	4.587
6.044	4.588
6.043	4.588
6.043	4.588
6.042	4.588
6.042	4.588
6.041	4.588
6.041	4.588
6.041	4.589
6.040	4.589
6.040	4.589
6.039	4.589
6.039	4.589
6.038	4.589
6.038	4.590
6.037	4.590
6.037	4.590
6.036	4.590
6.036	4.590
6.035	4.590
6.035	4.591
6.034	4.591
6.034	4.591
6.033	4.591
6.033	4.591
6.032	4.591
6.032	4.592
6.031	4.592
6.031	4.592
6.030	4.592
6.030	4.592
6.030	4.592
6.029	4.592
6.029	4.593
6.028	4.593
6.028	4.593
6.027	4.593
6.027	4.593
6.026	4.593
6.026	4.594
6.025	4.594
6.025	4.594
6.024	4.594
6.024	4.594
6.023	4.594
6.023	4.595
6.022	4.595
6.022	4.595
6.021	4.595
6.021	4.595
6.020	4.595
6.020	4.595
6.019	4.596
6.019	4.596
6.019	4.596
6.018	4.596
6.018	4.596
6.017	4.596
6.017	4.597
6.016	4.597
6.016	4.597
6.015	4.597
6.015	4.597
6.014	4.597
6.014	4.598
6.013	4.598
6.013	4.598
6.012	4.598
6.012	4.598
6.011	4.598
6.011	4.598
6.010	4.599
6.010	4.599
6.009	4.599
6.009	4.599
6.008	4.599
6.008	4.599
6.008	4.600
6.007	4.600
6.007	4.600
6.006	4.600
6.006	4.600
6.005	4.600
6.005	4.601
6.004	4.601
6.004	4.601
6.003	4.601
6.003	4.601
6.002	4.601
6.002	4.601
6.001	4.602
6.001	4.602
6.000	4.602
6.000	4.602
5.999	4.602
5.999	4.602
5.998	4.603
5.998	4.603
5.997	4.603
5.997	4.603
5.997	4.603
5.996	4.603
5.996	4.604
5.995	4.604
5.995	4.604
5.994	4.604
5.994	4.604
5.993	4.604
5.993	4.604
5.992	4.605
5.992	4.605
5.991	4.605
5.991	4.605
5.990	4.605
5.990	4.605
5.989	4.606
5.989	4.606
5.988	4.606
5.988	4.606
5.987	4.606
5.987	4.606
5.986	4.607
5.986	4.607
5.986	4.607
5.985	4.607
5.985	4.607
5.984	4.607
5.984	4.608
5.983	4.608
5.983	4.608
5.982	4.608
5.982	4.608
5.981	4.608
5.981	4.608
5.980	4.609
5.980	4.609
5.979	4.609
5.979	4.609
5.978	4.609
5.978	4.609
5.977	4.610
5.977	4.610
5.976	4.610
5.976	4.610
5.975	4.610
5.975	4.610
5.975	4.611
5.974	4.611
5.974	4.611
5.973	4.611
5.973	4.611
5.972	4.611
5.972	4.611
5.971	4.612
5.971	4.612
5.970	4.612
5.970	4.612
5.969	4.612
5.969	4.612
5.968	4.613
5.968	4.613
5.967	4.613
5.967	4.613
5.966	4.613
5.966	4.613
5.965	4.614
5.965	4.614
5.964	4.614
5.964	4.614
5.964	4.614
5.963	4.614
5.963	4.614
5.962	4.615
5.962	4.615
5.961	4.615
5.961	4.615
5.960	4.615
5.960	4.615
5.959	4.616
5.959	4.616
5.958	4.616
5.958	4.616
5.957	4.616
5.957	4.616
5.956	4.617
5.956	4.617
5.955	4.617
5.955	4.617
5.954	4.617
5.954	4.617
5.953	4.617
5.953	4.618
5.953	4.618
5.952	4.618
5.952	4.618
5.951	4.618
5.951	4.618
5.950	4.619
5.950	4.619
5.949	4.619
5.949	4.619
5.948	4.619
5.948	4.619
5.947	4.620
5.947	4.620
5.946	4.620
5.946	4.620
5.946	4.620
5.945	4.620
5.945	4.620
5.944	4.621
5.944	4.621
5.944	4.621
5.943	4.621
5.943	4.622
5.942	4.622
5.942	4.622
5.941	4.622
5.941	4.622
5.940	4.623
5.940	4.623
5.939	4.623
5.939	4.623
5.938	4.623
5.938	4.624
5.938	4.624
5.937	4.624
5.937	4.624
5.936	4.624
5.936	4.625
5.935	4.625
5.935	4.625
5.934	4.625
5.934	4.626
5.933	4.626
5.933	4.626
5.933	4.626
5.932	4.626
5.932	4.627
5.931	4.627
5.931	4.627
5.930	4.627
5.930	4.627
5.929	4.628
5.929	4.628
5.928	4.628
5.928	4.628
5.927	4.628
5.927	4.629
5.927	4.629
5.926	4.629
5.926	4.629
5.925	4.630
5.925	4.630
5.924	4.630
5.924	4.630
5.923	4.630
5.923	4.631
5.922	4.631
5.922	4.631
5.922	4.631
5.921	4.631
5.921	4.632
5.920	4.632
5.920	4.632
5.919	4.632
5.919	4.633
5.918	4.633
5.918	4.633
5.917	4.633
5.917	4.633
5.916	4.634
5.916	4.634
5.916	4.634
5.915	4.634
5.915	4.634
5.914	4.635
5.914	4.635
5.913	4.635
5.913	4.635
5.912	4.635
5.912	4.636
5.911	4.636
5.911	4.636
5.911	4.636
5.910	4.637
5.910	4.637
5.909	4.637
5.909	4.637
5.908	4.637
5.908	4.638
5.907	4.638
5.907	4.638
5.906	4.638
5.906	4.638
5.905	4.639
5.905	4.639
5.905	4.639
5.904	4.639
5.904	4.639
5.903	4.640
5.903	4.640
5.902	4.640
5.902	4.640
5.901	4.641
5.901	4.641
5.900	4.641
5.900	4.641
5.900	4.641
5.899	4.642
5.899	4.642
5.898	4.642
5.898	4.642
5.897	4.642
5.897	4.643
5.896	4.643
5.896	4.643
5.895	4.643
5.895	4.644
5.894	4.644
5.894	4.644
5.894	4.644
5.893	4.644
5.893	4.645
5.892	4.645
5.892	4.645
5.891	4.645
5.891	4.645
5.890	4.646
5.890	4.646
5.889	4.646
5.889	4.646
5.889	4.646
5.888	4.647
5.888	4.647
5.887	4.647
5.887	4.647
5.886	4.648
5.886	4.648
5.885	4.648
5.885	4.648
5.884	4.648
5.884	4.649
5.883	4.649
5.883	4.649
5.883	4.649
5.882	4.649
5.882	4.650
5.881	4.650
5.881	4.650
5.880	4.650
5.880	4.650
5.879	4.651
5.879	4.651
5.878	4.651
5.878	4.651
5.878	4.652
5.877	4.652
5.877	4.652
5.876	4.652
5.876	4.652
5.875	4.653
5.875	4.653
5.874	4.653
5.874	4.653
5.873	4.653
5.873	4.654
5.872	4.654
5.872	4.654
5.872	4.654
5.871	4.655
5.871	4.655
5.870	4.655
5.870	4.655
5.869	4.655
5.869	4.656
5.868	4.656
5.868	4.656
5.867	4.656
5.867	4.656
5.867	4.657
5.866	4.657
5.866	4.657
5.865	4.657
5.865	4.657
5.864	4.658
5.864	4.658
5.863	4.658
5.863	4.658
5.862	4.659
5.862	4.659
5.861	4.659
5.861	4.659
5.861	4.659
5.860	4.660
5.860	4.660
5.859	4.660
5.859	4.660
5.858	4.660
5.858	4.661
5.857	4.661
5.857	4.661
5.856	4.661
5.856	4.661
5.856	4.662
5.855	4.662
5.855	4.662
5.854	4.662
5.854	4.663
5.853	4.663
5.853	4.663
5.852	4.663
5.852	4.663
5.851	4.664
5.851	4.664
5.850	4.664
5.850	4.664
5.850	4.664
5.849	4.665
5.849	4.665
5.848	4.665
5.848	4.665
5.847	4.666
5.847	4.666
5.846	4.666
5.846	4.666
5.845	4.666
5.845	4.667
5.845	4.667
5.844	4.667
5.844	4.667
5.843	4.667
5.843	4.668
5.842	4.668
5.842	4.668
5.841	4.668
5.841	4.668
5.840	4.669
5.840	4.669
5.839	4.669
5.839	4.669
5.839	4.669
5.839	4.670
5.838	4.670
5.838	4.670
5.837	4.670
5.837	4.670
5.836	4.671
5.836	4.671
5.835	4.671
5.835	4.671
5.835	4.672
5.834	4.672
5.834	4.672
5.833	4.672
5.833	4.672
5.832	4.673
5.832	4.673
5.831	4.673
5.831	4.673
5.830	4.674
5.830	4.674
5.830	4.674
5.829	4.674
5.829	4.675
5.828	4.675
5.828	4.675
5.827	4.675
5.827	4.675
5.826	4.676
5.826	4.676
5.826	4.676
5.825	4.676
5.825	4.677
5.824	4.677
5.824	4.677
5.823	4.677
5.823	4.677
5.822	4.678
5.822	4.678
5.821	4.678
5.821	4.678
5.821	4.679
5.820	4.679
5.820	4.679
5.819	4.679
5.819	4.680
5.818	4.680
5.818	4.680
5.817	4.680
5.817	4.680
5.817	4.681
5.816	4.681
5.816	4.681
5.815	4.681
5.815	4.682
5.814	4.682
5.814	4.682
5.813	4.682
5.813	4.682
5.812	4.683
5.812	4.683
5.812	4.683
5.811	4.683
5.811	4.684
5.810	4.684
5.810	4.684
5.809	4.684
5.809	4.685
5.808	4.685
5.808	4.685
5.808	4.685
5.807	4.685
5.807	4.686
5.806	4.686
5.806	4.686
5.805	4.686
5.805	4.687
5.804	4.687
5.804	4.687
5.804	4.687
5.803	4.687
5.803	4.688
5.802	4.688
5.802	4.688
5.801	4.688
5.801	4.689
5.800	4.689
5.800	4.689
5.799	4.689
5.799	4.690
5.799	4.690
5.798	4.690
5.798	4.690
5.797	4.690
5.797	4.691
5.796	4.691
5.796	4.691
5.795	4.691
5.795	4.692
5.795	4.692
5.794	4.692
5.794	4.692
5.793	4.692
5.793	4.693
5.792	4.693
5.792	4.693
5.792	4.693
5.791	4.693
5.791	4.693
5.790	4.694
5.790	4.694
5.789	4.694
5.789	4.694
5.788	4.694
5.788	4.694
5.788	4.695
5.787	4.695
5.787	4.695
5.786	4.695
5.786	4.695
5.785	4.695
5.785	4.696
5.784	4.696
5.784	4.696
5.783	4.696
5.783	4.696
5.782	4.696
5.782	4.697
5.781	4.697
5.781	4.697
5.780	4.697
5.780	4.697
5.779	4.697
5.779	4.698
5.778	4.698
5.778	4.698
5.778	4.698
5.777	4.698
5.777	4.698
5.776	4.699
5.776	4.699
5.775	4.699
5.775	4.699
5.774	4.699
5.774	4.699
5.773	4.700
5.773	4.700
5.772	4.700
5.772	4.700
5.771	4.700
5.771	4.700
5.770	4.701
5.770	4.701
5.769	4.701
5.769	4.701
5.768	4.701
5.768	4.702
5.768	4.702
5.767	4.702
5.767	4.702
5.767	4.702
5.766	4.702
5.766	4.702
5.765	4.702
5.765	4.702
5.764	4.702
5.764	4.702
5.763	4.702
5.763	4.703
5.762	4.703
5.762	4.703
5.761	4.703
5.761	4.703
5.760	4.703
5.760	4.703
5.759	4.703
5.759	4.703
5.758	4.703
5.758	4.703
5.757	4.703
5.757	4.703
5.756	4.703
5.756	4.703
5.755	4.703
5.755	4.704
5.754	4.704
5.754	4.704
5.753	4.704
5.753	4.704
5.752	4.704
5.752	4.704
5.751	4.704
5.751	4.704
5.750	4.704
5.750	4.704
5.749	4.704
5.749	4.704
5.748	4.704
5.748	4.704
5.747	4.704
5.747	4.704
5.746	4.705
5.746	4.705
5.745	4.705
5.745	4.705
5.744	4.705
5.744	4.705
5.743	4.705
5.743	4.705
5.742	4.705
5.742	4.705
5.741	4.705
5.741	4.705
5.740	4.705
5.740	4.705
5.740	4.705
5.739	4.705
5.739	4.705
5.738	4.705
5.738	4.705
5.737	4.705
5.737	4.705
5.736	4.705
5.736	4.705
5.735	4.705
5.735	4.705
5.734	4.705
5.734	4.705
5.733	4.705
5.733	4.705
5.732	4.705
5.732	4.705
5.731	4.705
5.730	4.705
5.730	4.705
5.729	4.705
5.729	4.705
5.728	4.705
5.728	4.705
5.727	4.705
5.727	4.705
5.726	4.705
5.726	4.705
5.725	4.705
5.725	4.705
5.724	4.705
5.724	4.705
5.723	4.705
5.723	4.705
5.722	4.705
5.722	4.705
5.721	4.705
5.721	4.705
5.720	4.705
5.720	4.705
5.719	4.705
5.719	4.705
5.718	4.705
5.718	4.705
5.717	4.705
5.717	4.705
5.716	4.705
5.716	4.705
5.715	4.705
5.715	4.705
5.714	4.705
5.714	4.705
5.713	4.705
5.713	4.705
5.712	4.705
5.712	4.705
5.711	4.705
5.711	4.705
5.710	4.705
5.710	4.705
5.709	4.705
5.709	4.705
5.708	4.705
5.708	4.705
5.707	4.705
5.707	4.705
5.706	4.705
5.706	4.705
5.705	4.705
5.705	4.705
5.704	4.705
5.704	4.705
5.703	4.705
5.703	4.705
5.702	4.705
5.702	4.705
5.701	4.705
5.701	4.705
5.700	4.705
5.700	4.705
5.699	4.705
5.699	4.705
5.698	4.705
5.698	4.705
5.697	4.705
5.697	4.705
5.696	4.705
5.696	4.705
5.695	4.705
5.695	4.705
5.694	4.705
5.694	4.705
5.693	4.705
5.693	4.705
5.692	4.705
5.692	4.705
5.691	4.705
5.691	4.705
5.690	4.705
5.690	4.705
5.689	4.705
5.689	4.705
5.688	4.705
5.688	4.705
5.688	4.705
5.687	4.705
5.687	4.705
5.686	4.705
5.685	4.705
5.685	4.705
5.684	4.705
5.684	4.705
5.683	4.705
5.683	4.705
5.682	4.705
5.682	4.705
5.681	4.705
5.681	4.705
5.680	4.705
5.680	4.705
5.679	4.705
5.679	4.705
5.678	4.705
5.678	4.705
5.677	4.705
5.677	4.705
5.676	4.705
5.676	4.705
5.675	4.705
5.675	4.705
5.674	4.705
5.674	4.705
5.673	4.705
5.673	4.705
5.672	4.705
5.672	4.705
5.671	4.705
5.671	4.705
5.670	4.705
5.670	4.705
5.669	4.705
5.669	4.705
5.668	4.705
5.668	4.705
5.667	4.705
5.667	4.705
5.666	4.705
5.666	4.705
5.665	4.705
5.665	4.705
5.664	4.705
5.664	4.705
5.663	4.705
5.663	4.705
5.662	4.705
5.662	4.705
5.661	4.705
5.661	4.705
5.660	4.705
5.660	4.705
5.659	4.705
5.659	4.705
5.658	4.705
5.658	4.705
5.657	4.705
5.657	4.705
5.656	4.705
5.656	4.705
5.655	4.705
5.655	4.705
5.654	4.705
5.654	4.705
5.653	4.705
5.653	4.705
5.652	4.705
5.652	4.705
5.651	4.705
5.651	4.705
5.650	4.705
5.650	4.705
5.649	4.705
5.649	4.705
5.648	4.705
5.648	4.705
5.648	4.705
5.647	4.705
5.647	4.705
5.646	4.705
5.646	4.705
5.645	4.705
5.645	4.705
5.644	4.705
5.644	4.705
5.643	4.705
5.643	4.705
5.642	4.705
5.642	4.705
5.641	4.706
5.641	4.706
5.640	4.706
5.640	4.706
5.639	4.706
5.639	4.706
5.638	4.706
5.638	4.706
5.637	4.706
5.637	4.706
5.636	4.706
5.636	4.706
5.635	4.706
5.635	4.706
5.634	4.706
5.634	4.706
5.633	4.706
5.633	4.706
5.632	4.706
5.632	4.706
5.631	4.706
5.631	4.706
5.630	4.706
5.630	4.706
5.629	4.706
5.629	4.706
5.628	4.706
5.628	4.706
5.627	4.706
5.627	4.706
5.626	4.706
5.626	4.707
5.625	4.707
5.625	4.707
5.624	4.707
5.624	4.707
5.623	4.707
5.623	4.707
5.622	4.707
5.621	4.707
5.621	4.707
5.620	4.707
5.620	4.707
5.619	4.707
5.619	4.707
5.618	4.707
5.618	4.707
5.617	4.707
5.617	4.707
5.617	4.707
5.616	4.707
5.616	4.707
5.615	4.707
5.615	4.707
5.614	4.707
5.614	4.708
5.613	4.708
5.613	4.708
5.612	4.708
5.612	4.708
5.611	4.708
5.611	4.708
5.610	4.708
5.610	4.708
5.609	4.708
5.609	4.708
5.608	4.708
5.608	4.709
5.607	4.709
5.607	4.709
5.606	4.709
5.606	4.709
5.605	4.709
5.605	4.709
5.604	4.709
5.604	4.709
5.603	4.709
5.603	4.709
5.602	4.709
5.602	4.709
5.601	4.710
5.601	4.710
5.600	4.710
5.600	4.710
5.599	4.710
5.599	4.710
5.598	4.710
5.598	4.710
5.597	4.710
5.597	4.710
5.596	4.710
5.596	4.710
5.595	4.711
5.595	4.711
5.594	4.711
5.594	4.711
5.593	4.711
5.593	4.711
5.592	4.711
5.592	4.711
5.592	4.711
5.591	4.711
5.591	4.711
5.590	4.712
5.590	4.712
5.589	4.712
5.589	4.712
5.588	4.712
5.588	4.712
5.587	4.712
5.587	4.713
5.587	4.713
5.586	4.713
5.586	4.713
5.585	4.713
5.585	4.713
5.584	4.713
5.584	4.714
5.583	4.714
5.583	4.714
5.582	4.714
5.582	4.714
5.581	4.714
5.581	4.714
5.580	4.715
5.580	4.715
5.579	4.715
5.579	4.715
5.578	4.715
5.578	4.715
5.577	4.715
5.577	4.716
5.576	4.716
5.576	4.716
5.575	4.716
5.575	4.716
5.574	4.716
5.574	4.717
5.573	4.717
5.573	4.717
5.572	4.717
5.572	4.717
5.571	4.717
5.571	4.717
5.570	4.718
5.570	4.718
5.570	4.718
5.569	4.718
5.569	4.718
5.568	4.718
5.568	4.718
5.567	4.718
5.567	4.718
5.566	4.719
5.566	4.719
5.565	4.719
5.565	4.719
5.564	4.719
5.564	4.719
5.563	4.719
5.563	4.720
5.562	4.720
5.562	4.720
5.562	4.720
5.561	4.720
5.561	4.720
5.560	4.720
5.560	4.720
5.559	4.721
5.559	4.721
5.558	4.721
5.558	4.721
5.557	4.721
5.557	4.721
5.556	4.721
5.556	4.721
5.555	4.722
5.555	4.722
5.554	4.722
5.554	4.722
5.553	4.722
5.553	4.722
5.552	4.722
5.552	4.723
5.551	4.723
5.551	4.723
5.550	4.723
5.550	4.723
5.549	4.723
5.549	4.723
5.548	4.723
5.548	4.724
5.547	4.724
5.547	4.724
5.546	4.724
5.546	4.724
5.545	4.724
5.545	4.724
5.544	4.725
5.544	4.725
5.543	4.725
5.543	4.725
5.542	4.725
5.542	4.725
5.541	4.725
5.541	4.725
5.540	4.726
5.540	4.726
5.539	4.726
5.539	4.726
5.539	4.726
5.539	4.726
5.538	4.726
5.538	4.726
5.537	4.726
5.536	4.726
5.536	4.726
5.535	4.726
5.535	4.726
5.534	4.726
5.534	4.726
5.533	4.726
5.533	4.726
5.532	4.726
5.532	4.726
5.531	4.726
5.531	4.726
5.530	4.726
5.530	4.726
5.529	4.726
5.529	4.726
5.528	4.726
5.528	4.726
5.527	4.726
5.527	4.726
5.526	4.726
5.526	4.726
5.525	4.726
5.525	4.726
5.524	4.726
5.524	4.726
5.523	4.726
5.523	4.726
5.522	4.727
5.522	4.727
5.521	4.727
5.521	4.727
5.520	4.727
5.520	4.727
5.519	4.727
5.519	4.727
5.518	4.727
5.518	4.727
5.517	4.727
5.517	4.727
5.516	4.727
5.516	4.727
5.515	4.727
5.515	4.727
5.514	4.727
5.514	4.727
5.513	4.727
5.513	4.727
5.512	4.727
5.512	4.727
5.511	4.727
5.511	4.727
5.510	4.727
5.510	4.727
5.509	4.727
5.509	4.727
5.509	4.727
5.508	4.727
5.508	4.726
5.507	4.726
5.507	4.726
5.506	4.726
5.506	4.726
5.505	4.726
5.505	4.726
5.504	4.726
5.504	4.726
5.503	4.725
5.503	4.725
5.502	4.725
5.502	4.725
5.501	4.725
5.501	4.725
5.500	4.725
5.500	4.725
5.499	4.724
5.499	4.724
5.498	4.724
5.498	4.724
5.497	4.724
5.497	4.724
5.496	4.724
5.496	4.724
5.495	4.724
5.495	4.723
5.494	4.723
5.494	4.723
5.493	4.723
5.493	4.723
5.492	4.723
5.492	4.723
5.491	4.723
5.491	4.722
5.490	4.722
5.490	4.722
5.489	4.722
5.489	4.722
5.488	4.722
5.488	4.722
5.487	4.722
5.487	4.721
5.486	4.721
5.486	4.721
5.485	4.721
5.485	4.721
5.484	4.721
5.484	4.721
5.483	4.721
5.483	4.721
5.482	4.720
5.482	4.720
5.481	4.720
5.481	4.720
5.480	4.720
5.480	4.720
5.479	4.720
5.479	4.720
5.479	4.719
5.479	4.719
5.478	4.719
5.478	4.719
5.477	4.719
5.477	4.718
5.476	4.718
5.476	4.718
5.475	4.718
5.475	4.717
5.474	4.717
5.474	4.717
5.473	4.717
5.473	4.717
5.473	4.716
5.472	4.716
5.472	4.716
5.471	4.716
5.471	4.715
5.470	4.715
5.470	4.715
5.469	4.715
5.469	4.715
5.468	4.714
5.468	4.714
5.467	4.714
5.467	4.714
5.467	4.713
5.466	4.713
5.466	4.713
5.465	4.713
5.465	4.713
5.464	4.712
5.464	4.712
5.463	4.712
5.463	4.712
5.462	4.711
5.462	4.711
5.462	4.711
5.461	4.711
5.461	4.711
5.460	4.710
5.460	4.710
5.459	4.710
5.459	4.710
5.458	4.709
5.458	4.709
5.457	4.709
5.457	4.709
5.456	4.709
5.456	4.708
5.456	4.708
5.455	4.708
5.455	4.708
5.454	4.707
5.454	4.707
5.453	4.707
5.453	4.707
5.452	4.707
5.452	4.706
5.451	4.706
5.451	4.706
5.450	4.706
5.450	4.705
5.450	4.705
5.449	4.705
5.449	4.705
5.448	4.705
5.448	4.704
5.448	4.704
5.447	4.704
5.447	4.704
5.446	4.704
5.446	4.704
5.445	4.703
5.445	4.703
5.444	4.703
5.444	4.703
5.443	4.703
5.443	4.702
5.443	4.702
5.442	4.702
5.442	4.702
5.441	4.702
5.441	4.702
5.440	4.701
5.440	4.701
5.439	4.701
5.439	4.701
5.438	4.701
5.438	4.700
5.437	4.700
5.437	4.700
5.436	4.700
5.436	4.700
5.436	4.699
5.435	4.699
5.435	4.699
5.434	4.699
5.434	4.699
5.433	4.699
5.433	4.698
5.432	4.698
5.432	4.698
5.431	4.698
5.431	4.698
5.430	4.697
5.430	4.697
5.429	4.697
5.429	4.697
5.428	4.697
5.428	4.696
5.428	4.696
5.427	4.696
5.427	4.696
5.426	4.696
5.426	4.696
5.425	4.695
5.425	4.695
5.424	4.695
5.424	4.695
5.423	4.695
5.423	4.694
5.422	4.694
5.422	4.694
5.421	4.694
5.421	4.694
5.421	4.693
5.420	4.693
5.420	4.693
5.419	4.693
5.419	4.693
5.418	4.693
5.418	4.692
5.417	4.692
5.417	4.692
5.416	4.692
5.416	4.692
5.415	4.691
5.415	4.691
5.414	4.691
5.414	4.691
5.413	4.691
5.413	4.690
5.413	4.690
5.412	4.690
5.412	4.690
5.411	4.690
5.411	4.690
5.410	4.689
5.410	4.689
5.410	4.689
5.409	4.689
5.409	4.689
5.408	4.689
5.408	4.689
5.407	4.689
5.407	4.689
5.406	4.689
5.406	4.689
5.405	4.689
5.405	4.689
5.404	4.689
5.404	4.688
5.403	4.688
5.403	4.688
5.402	4.688
5.402	4.688
5.401	4.688
5.401	4.688
5.400	4.688
5.400	4.688
5.399	4.688
5.399	4.688
5.398	4.688
5.398	4.688
5.397	4.688
5.397	4.688
5.396	4.687
5.396	4.687
5.395	4.687
5.395	4.687
5.394	4.687
5.394	4.687
5.393	4.687
5.393	4.687
5.392	4.687
5.392	4.687
5.391	4.687
5.391	4.687
5.390	4.687
5.390	4.687
5.389	4.687
5.389	4.686
5.388	4.686
5.388	4.686
5.387	4.686
5.387	4.686
5.386	4.686
5.386	4.686
5.385	4.686
5.385	4.686
5.384	4.686
5.384	4.686
5.383	4.686
5.383	4.686
5.382	4.686
5.382	4.686
5.381	4.685
5.381	4.685
5.380	4.685
5.380	4.685
5.379	4.685
5.379	4.685
5.378	4.685
5.378	4.685
5.377	4.685
5.377	4.685
5.376	4.685
5.376	4.685
5.375	4.685
5.375	4.685
5.374	4.685
5.374	4.684
5.373	4.684
5.373	4.684
5.372	4.684
5.372	4.684
5.371	4.684
5.371	4.684
5.370	4.684
5.370	4.684
5.369	4.684
5.369	4.684
5.368	4.684
5.368	4.684
5.367	4.684
5.367	4.684
5.366	4.683
5.366	4.683
5.365	4.683
5.365	4.683
5.364	4.683
5.364	4.683
5.363	4.683
5.363	4.683
5.363	4.683
5.362	4.683
5.362	4.683
5.361	4.683
5.361	4.683
5.360	4.683
5.360	4.683
5.359	4.683
5.359	4.683
5.358	4.683
5.358	4.683
5.357	4.683
5.357	4.683
5.356	4.683
5.356	4.683
5.355	4.683
5.355	4.683
5.354	4.683
5.354	4.683
5.353	4.683
5.353	4.683
5.352	4.683
5.352	4.684
5.351	4.684
5.351	4.684
5.350	4.684
5.349	4.684
5.349	4.684
5.348	4.684
5.348	4.684
5.347	4.684
5.347	4.684
5.346	4.684
5.346	4.684
5.345	4.684
5.345	4.684
5.344	4.684
5.344	4.684
5.343	4.684
5.343	4.684
5.342	4.684
5.342	4.684
5.341	4.684
5.341	4.684
5.340	4.684
5.340	4.684
5.339	4.684
5.339	4.684
5.338	4.684
5.338	4.684
5.337	4.684
5.337	4.684
5.336	4.684
5.336	4.684
5.335	4.684
5.335	4.684
5.334	4.684
5.334	4.684
5.333	4.684
5.333	4.684
5.332	4.684
5.332	4.684
5.331	4.684
5.331	4.684
5.330	4.684
5.330	4.684
5.329	4.684
5.329	4.684
5.328	4.684
5.328	4.684
5.327	4.684
5.327	4.685
5.326	4.685
5.326	4.685
5.325	4.685
5.325	4.685
5.324	4.685
5.324	4.685
5.323	4.685
5.323	4.685
5.322	4.685
5.322	4.685
5.321	4.685
5.321	4.685
5.320	4.685
5.320	4.685
5.319	4.685
5.319	4.685
5.318	4.685
5.318	4.685
5.317	4.685
5.317	4.685
5.316	4.685
5.315	4.685
5.315	4.685
5.314	4.685
5.314	4.685
5.313	4.685
5.313	4.685
5.312	4.685
5.312	4.685
5.311	4.685
5.311	4.685
5.310	4.685
5.310	4.685
5.309	4.685
5.309	4.685
5.308	4.685
5.308	4.685
5.307	4.685
5.307	4.685
5.306	4.685
5.306	4.685
5.306	4.685
5.305	4.685
5.305	4.686
5.304	4.686
5.304	4.686
5.303	4.686
5.303	4.686
5.302	4.686
5.302	4.686
5.301	4.686
5.301	4.686
5.300	4.686
5.300	4.686
5.299	4.686
5.299	4.687
5.298	4.687
5.298	4.687
5.297	4.687
5.297	4.687
5.296	4.687
5.296	4.687
5.295	4.687
5.295	4.687
5.294	4.687
5.294	4.687
5.293	4.687
5.293	4.688
5.292	4.688
5.292	4.688
5.291	4.688
5.291	4.688
5.290	4.688
5.290	4.688
5.289	4.688
5.289	4.688
5.288	4.688
5.288	4.688
5.287	4.688
5.287	4.689
5.286	4.689
5.286	4.689
5.285	4.689
5.285	4.689
5.284	4.689
5.284	4.689
5.283	4.689
5.283	4.689
5.282	4.689
5.282	4.689
5.281	4.689
5.281	4.690
5.280	4.690
5.280	4.690
5.279	4.690
5.279	4.690
5.278	4.690
5.278	4.690
5.277	4.690
5.277	4.690
5.276	4.690
5.276	4.690
5.275	4.690
5.275	4.690
5.274	4.691
5.274	4.691
5.273	4.691
5.273	4.691
5.272	4.691
5.272	4.691
5.271	4.691
5.271	4.691
5.270	4.691
5.270	4.691
5.269	4.691
5.269	4.691
5.268	4.692
5.268	4.692
5.267	4.692
5.267	4.692
5.266	4.692
5.266	4.692
5.265	4.692
5.265	4.692
5.264	4.692
5.264	4.692
5.263	4.692
5.263	4.692
5.262	4.693
5.262	4.693
5.261	4.693
5.261	4.693
5.260	4.693
5.260	4.693
5.259	4.693
5.259	4.693
5.258	4.693
5.258	4.693
5.257	4.693
5.257	4.693
5.256	4.694
5.256	4.694
5.255	4.694
5.255	4.694
5.254	4.694
5.254	4.694
5.253	4.694
5.253	4.694
5.252	4.694
5.252	4.694
5.251	4.694
5.251	4.694
5.250	4.695
5.250	4.695
5.249	4.695
5.249	4.695
5.248	4.695
5.248	4.695
5.247	4.695
5.247	4.695
5.246	4.695
5.246	4.695
5.245	4.695
5.245	4.695
5.244	4.696
5.244	4.696
5.243	4.696
5.243	4.696
5.242	4.696
5.242	4.696
5.241	4.696
5.241	4.696
5.240	4.696
5.240	4.696
5.239	4.696
5.239	4.696
5.239	4.696
5.238	4.697
5.238	4.697
5.237	4.697
5.237	4.697
5.236	4.697
5.236	4.697
5.235	4.697
5.235	4.697
5.234	4.697
5.234	4.697
5.233	4.697
5.233	4.697
5.232	4.698
5.232	4.698
5.231	4.698
5.231	4.698
5.230	4.698
5.230	4.698
5.229	4.698
5.229	4.698
5.228	4.698
5.228	4.698
5.227	4.698
5.227	4.698
5.226	4.699
5.226	4.699
5.225	4.699
5.225	4.699
5.224	4.699
5.224	4.699
5.223	4.699
5.223	4.699
5.222	4.699
5.222	4.699
5.221	4.699
5.221	4.700
5.220	4.700
5.220	4.700
5.219	4.700
5.219	4.700
5.218	4.700
5.218	4.700
5.217	4.700
5.217	4.700
5.216	4.700
5.216	4.700
5.215	4.700
5.215	4.701
5.214	4.701
5.214	4.701
5.213	4.701
5.213	4.701
5.212	4.701
5.212	4.701
5.211	4.701
5.211	4.701
5.210	4.701
5.210	4.701
5.209	4.702
5.209	4.702
5.208	4.702
5.208	4.702
5.207	4.702
5.207	4.702
5.206	4.702
5.206	4.702
5.205	4.702
5.205	4.702
5.204	4.702
5.204	4.702
5.203	4.703
5.203	4.703
5.202	4.703
5.202	4.703
5.201	4.703
5.201	4.703
5.200	4.703
5.200	4.703
5.199	4.703
5.199	4.703
5.198	4.703
5.198	4.704
5.197	4.704
5.197	4.704
5.196	4.704
5.196	4.704
5.195	4.704
5.195	4.704
5.194	4.704
5.194	4.704
5.193	4.704
5.193	4.704
5.192	4.704
5.192	4.705
5.191	4.705
5.191	4.705
5.190	4.705
5.190	4.705
5.189	4.705
5.189	4.705
5.188	4.705
5.188	4.705
5.187	4.705
5.187	4.705
5.186	4.705
5.186	4.706
5.185	4.706
5.185	4.706
5.184	4.706
5.184	4.706
5.183	4.706
5.183	4.706
5.182	4.706
5.182	4.706
5.181	4.706
5.181	4.706
5.180	4.707
5.180	4.707
5.179	4.707
5.179	4.707
5.178	4.707
5.178	4.707
5.177	4.707
5.177	4.707
5.177	4.707
5.176	4.707
5.176	4.707
5.175	4.707
5.175	4.708
5.174	4.708
5.174	4.708
5.173	4.708
5.173	4.708
5.172	4.708
5.172	4.708
5.172	4.708
5.171	4.708
5.170	4.708
5.170	4.708
5.169	4.708
5.169	4.708
5.168	4.708
5.168	4.708
5.167	4.708
5.167	4.708
5.166	4.708
5.166	4.708
5.165	4.709
5.165	4.709
5.164	4.709
5.164	4.709
5.163	4.709
5.163	4.709
5.162	4.709
5.162	4.709
5.161	4.709
5.161	4.709
5.160	4.709
5.160	4.709
5.159	4.709
5.159	4.709
5.158	4.709
5.158	4.709
5.157	4.709
5.157	4.709
5.156	4.709
5.156	4.709
5.155	4.709
5.155	4.709
5.154	4.709
5.154	4.709
5.153	4.710
5.153	4.710
5.152	4.710
5.152	4.710
5.151	4.710
5.151	4.710
5.150	4.710
5.150	4.710
5.149	4.710
5.149	4.710
5.148	4.710
5.148	4.710
5.147	4.710
5.147	4.710
5.146	4.710
5.146	4.710
5.145	4.710
5.145	4.710
5.144	4.710
5.144	4.710
5.143	4.710
5.143	4.710
5.142	4.710
5.142	4.710
5.141	4.711
5.141	4.711
5.140	4.711
5.140	4.711
5.139	4.711
5.139	4.711
5.138	4.711
5.138	4.711
5.137	4.711
5.137	4.711
5.136	4.711
5.136	4.711
5.135	4.711
5.135	4.711
5.134	4.711
5.134	4.711
5.133	4.711
5.133	4.711
5.132	4.711
5.132	4.711
5.131	4.711
5.131	4.711
5.130	4.711
5.130	4.711
5.129	4.711
5.129	4.712
5.128	4.712
5.128	4.712
5.127	4.712
5.127	4.712
5.126	4.712
5.126	4.712
5.125	4.712
5.124	4.712
5.124	4.712
5.123	4.712
5.123	4.712
5.122	4.712
5.122	4.712
5.121	4.712
5.121	4.712
5.120	4.712
5.120	4.712
5.119	4.712
5.119	4.712
5.118	4.712
5.118	4.712
5.117	4.712
5.117	4.712
5.116	4.713
5.116	4.713
5.115	4.713
5.115	4.713
5.114	4.713
5.114	4.713
5.113	4.713
5.113	4.713
5.112	4.713
5.112	4.713
5.112	4.713
5.111	4.713
5.111	4.713
5.110	4.713
5.110	4.713
5.109	4.713
5.109	4.713
5.108	4.713
5.108	4.713
5.107	4.713
5.107	4.713
5.106	4.713
5.106	4.713
5.105	4.713
5.105	4.713
5.104	4.713
5.104	4.713
5.103	4.713
5.103	4.713
5.102	4.713
5.102	4.713
5.101	4.712
5.101	4.712
5.100	4.712
5.100	4.712
5.099	4.712
5.099	4.712
5.098	4.712
5.098	4.712
5.097	4.712
5.097	4.712
5.096	4.712
5.096	4.712
5.095	4.712
5.095	4.712
5.094	4.712
5.094	4.712
5.093	4.712
5.093	4.712
5.092	4.712
5.092	4.712
5.091	4.712
5.091	4.712
5.090	4.712
5.090	4.712
5.089	4.712
5.089	4.712
5.088	4.712
5.088	4.712
5.087	4.712
5.087	4.712
5.086	4.712
5.086	4.712
5.085	4.712
5.085	4.712
5.084	4.712
5.084	4.712
5.083	4.712
5.083	4.712
5.082	4.712
5.082	4.712
5.081	4.712
5.081	4.712
5.080	4.712
5.080	4.712
5.079	4.712
5.079	4.712
5.078	4.712
5.078	4.712
5.077	4.712
5.077	4.712
5.076	4.712
5.076	4.712
5.075	4.712
5.074	4.712
5.074	4.712
5.073	4.712
5.073	4.712
5.072	4.712
5.072	4.712
5.071	4.711
5.071	4.711
5.070	4.711
5.070	4.711
5.069	4.711
5.069	4.711
5.068	4.711
5.068	4.711
5.067	4.711
5.067	4.711
5.066	4.711
5.066	4.711
5.065	4.711
5.065	4.711
5.064	4.711
5.064	4.711
5.063	4.711
5.063	4.711
5.063	4.711
5.062	4.711
5.062	4.711
5.061	4.711
5.061	4.711
5.060	4.711
5.060	4.710
5.059	4.710
5.059	4.710
5.058	4.710
5.058	4.710
5.057	4.710
5.057	4.710
5.056	4.710
5.056	4.709
5.055	4.709
5.055	4.709
5.054	4.709
5.054	4.709
5.053	4.709
5.053	4.709
5.053	4.709
5.052	4.708
5.052	4.708
5.051	4.708
5.051	4.708
5.050	4.708
5.050	4.708
5.049	4.708
5.049	4.708
5.048	4.707
5.048	4.707
5.047	4.707
5.047	4.707
5.046	4.707
5.046	4.707
5.045	4.707
5.045	4.707
5.044	4.706
5.044	4.706
5.043	4.706
5.043	4.706
5.042	4.706
5.042	4.706
5.041	4.706
5.041	4.705
5.040	4.705
5.040	4.705
5.039	4.705
5.039	4.705
5.038	4.705
5.038	4.705
5.037	4.705
5.037	4.704
5.036	4.704
5.036	4.704
5.035	4.704
5.035	4.704
5.034	4.704
5.034	4.704
5.033	4.704
5.033	4.703
5.032	4.703
5.032	4.703
5.031	4.703
5.031	4.703
5.030	4.703
5.030	4.703
5.029	4.703
5.029	4.702
5.028	4.702
5.028	4.702
5.028	4.702
5.027	4.702
5.027	4.702
5.026	4.702
5.026	4.701
5.025	4.701
5.025	4.701
5.024	4.701
5.024	4.701
5.023	4.701
5.023	4.700
5.023	4.700
5.022	4.700
5.022	4.700
5.021	4.700
5.021	4.700
5.020	4.699
5.020	4.699
5.019	4.699
5.019	4.699
5.018	4.699
5.018	4.699
5.017	4.698
5.017	4.698
5.016	4.698
5.016	4.698
5.015	4.698
5.015	4.698
5.014	4.697
5.014	4.697
5.014	4.697
5.013	4.697
5.013	4.697
5.012	4.697
5.012	4.697
5.011	4.697
5.011	4.697
5.010	4.697
5.010	4.697
5.009	4.697
5.009	4.697
5.008	4.696
5.008	4.696
5.007	4.696
5.007	4.696
5.006	4.696
5.006	4.696
5.005	4.696
5.005	4.696
5.004	4.696
5.004	4.696
5.003	4.696
5.003	4.696
5.002	4.696
5.002	4.696
5.002	4.696
5.001	4.696
5.001	4.696
5.000	4.696
5.000	4.696
4.999	4.696
4.999	4.696
4.998	4.696
4.998	4.696
4.997	4.696
4.997	4.696
4.996	4.696
4.996	4.696
4.995	4.696
4.995	4.697
4.994	4.697
4.994	4.697
4.993	4.697
4.993	4.697
4.992	4.697
4.992	4.697
4.991	4.697
4.991	4.697
4.990	4.697
4.990	4.697
4.989	4.697
4.989	4.697
4.989	4.697
4.988	4.697
4.988	4.698
4.987	4.698
4.987	4.698
4.986	4.698
4.986	4.698
4.985	4.698
4.985	4.698
4.984	4.699
4.984	4.699
4.983	4.699
4.983	4.699
4.982	4.699
4.982	4.699
4.981	4.699
4.981	4.700
4.980	4.700
4.980	4.700
4.979	4.700
4.979	4.700
4.978	4.700
4.978	4.701
4.977	4.701
4.977	4.701
4.976	4.701
4.976	4.701
4.975	4.701
4.975	4.701
4.975	4.702
4.974	4.702
4.974	4.702
4.973	4.702
4.973	4.702
4.972	4.702
4.972	4.702
4.971	4.703
4.971	4.703
4.971	4.703
4.970	4.703
4.970	4.703
4.969	4.703
4.969	4.703
4.968	4.703
4.968	4.703
4.967	4.703
4.967	4.704
4.966	4.704
4.966	4.704
4.965	4.704
4.965	4.704
4.964	4.704
4.964	4.704
4.963	4.704
4.963	4.704
4.962	4.705
4.962	4.705
4.961	4.705
4.961	4.705
4.960	4.705
4.960	4.705
4.959	4.705
4.959	4.705
4.958	4.705
4.958	4.706
4.957	4.706
4.957	4.706
4.956	4.706
4.956	4.706
4.955	4.706
4.955	4.706
4.954	4.706
4.954	4.706
4.953	4.707
4.953	4.707
4.952	4.707
4.952	4.707
4.951	4.707
4.951	4.707
4.950	4.707
4.950	4.707
4.949	4.707
4.949	4.708
4.948	4.708
4.948	4.708
4.947	4.708
4.947	4.708
4.946	4.708
4.946	4.708
4.945	4.708
4.945	4.708
4.945	4.709
4.944	4.709
4.944	4.709
4.943	4.709
4.943	4.709
4.942	4.709
4.942	4.709
4.941	4.709
4.941	4.709
4.940	4.710
4.940	4.710
4.939	4.710
4.939	4.710
4.938	4.710
4.938	4.710
4.937	4.710
4.937	4.710
4.936	4.710
4.936	4.711
4.935	4.711
4.935	4.711
4.934	4.711
4.934	4.711
4.933	4.711
4.933	4.711
4.932	4.711
4.932	4.711
4.932	4.711
4.931	4.711
4.931	4.711
4.930	4.711
4.930	4.711
4.929	4.711
4.929	4.712
4.928	4.712
4.928	4.712
4.927	4.712
4.927	4.712
4.926	4.712
4.926	4.712
4.925	4.712
4.925	4.712
4.924	4.712
4.924	4.712
4.923	4.712
4.923	4.712
4.922	4.712
4.922	4.712
4.921	4.712
4.921	4.712
4.920	4.712
4.920	4.712
4.919	4.712
4.919	4.712
4.918	4.712
4.918	4.712
4.917	4.712
4.917	4.712
4.916	4.712
4.915	4.712
4.915	4.712
4.914	4.712
4.914	4.712
4.913	4.712
4.913	4.712
4.912	4.712
4.912	4.712
4.911	4.712
4.911	4.712
4.910	4.712
4.910	4.712
4.909	4.712
4.909	4.712
4.908	4.712
4.908	4.712
4.907	4.712
4.907	4.712
4.906	4.712
4.906	4.712
4.905	4.712
4.905	4.712
4.904	4.712
4.904	4.712
4.903	4.712
4.903	4.712
4.902	4.713
4.902	4.713
4.901	4.713
4.901	4.713
4.900	4.713
4.900	4.713
4.899	4.713
4.899	4.713
4.898	4.713
4.898	4.713
4.897	4.713
4.897	4.713
4.896	4.713
4.896	4.713
4.895	4.713
4.895	4.713
4.894	4.713
4.894	4.713
4.893	4.713
4.893	4.713
4.892	4.713
4.892	4.713
4.891	4.713
4.891	4.713
4.890	4.713
4.890	4.713
4.889	4.713
4.889	4.713
4.888	4.713
4.888	4.713
4.887	4.713
4.887	4.713
4.886	4.713
4.886	4.713
4.885	4.713
4.885	4.713
4.884	4.713
4.884	4.713
4.884	4.713
4.883	4.713
4.883	4.713
4.882	4.713
4.882	4.713
4.881	4.713
4.881	4.713
4.880	4.713
4.880	4.713
4.879	4.713
4.879	4.713
4.878	4.713
4.878	4.713
4.877	4.713
4.877	4.713
4.876	4.712
4.876	4.712
4.875	4.712
4.875	4.712
4.874	4.712
4.874	4.712
4.873	4.712
4.873	4.712
4.872	4.712
4.872	4.712
4.871	4.712
4.870	4.712
4.870	4.712
4.869	4.712
4.869	4.712
4.868	4.712
4.868	4.712
4.867	4.712
4.867	4.712
4.866	4.712
4.866	4.712
4.865	4.712
4.865	4.712
4.864	4.711
4.864	4.711
4.863	4.711
4.863	4.711
4.862	4.711
4.862	4.711
4.861	4.711
4.861	4.711
4.860	4.711
4.860	4.711
4.859	4.711
4.859	4.711
4.858	4.711
4.858	4.711
4.857	4.711
4.857	4.711
4.856	4.711
4.856	4.711
4.855	4.711
4.855	4.711
4.854	4.711
4.854	4.711
4.853	4.711
4.853	4.710
4.852	4.710
4.852	4.710
4.851	4.710
4.851	4.710
4.850	4.710
4.850	4.710
4.849	4.710
4.849	4.710
4.848	4.710
4.848	4.710
4.847	4.710
4.847	4.710
4.846	4.710
4.846	4.710
4.845	4.710
4.845	4.710
4.844	4.710
4.844	4.710
4.843	4.710
4.843	4.710
4.842	4.710
4.842	4.709
4.841	4.709
4.841	4.709
4.840	4.709
4.840	4.709
4.839	4.709
4.839	4.709
4.838	4.709
4.838	4.709
4.837	4.709
4.837	4.709
4.836	4.709
4.836	4.709
4.835	4.709
4.835	4.709
4.834	4.709
4.834	4.709
4.833	4.709
4.833	4.709
4.832	4.709
4.832	4.709
4.831	4.709
4.831	4.709
4.830	4.708
4.830	4.708
4.829	4.708
4.829	4.708
4.828	4.708
4.828	4.708
4.828	4.708
4.827	4.708
4.827	4.708
4.826	4.708
4.826	4.708
4.825	4.708
4.825	4.708
4.824	4.708
4.824	4.707
4.823	4.707
4.823	4.707
4.822	4.707
4.822	4.707
4.821	4.707
4.821	4.707
4.820	4.707
4.820	4.707
4.819	4.707
4.819	4.707
4.818	4.706
4.818	4.706
4.817	4.706
4.817	4.706
4.816	4.706
4.816	4.706
4.815	4.706
4.815	4.706
4.814	4.706
4.814	4.706
4.813	4.706
4.813	4.705
4.812	4.705
4.812	4.705
4.811	4.705
4.811	4.705
4.810	4.705
4.810	4.705
4.809	4.705
4.809	4.705
4.808	4.705
4.808	4.705
4.807	4.704
4.807	4.704
4.806	4.704
4.806	4.704
4.805	4.704
4.805	4.704
4.804	4.704
4.804	4.704
4.803	4.704
4.803	4.704
4.802	4.704
4.802	4.703
4.801	4.703
4.801	4.703
4.800	4.703
4.800	4.703
4.799	4.703
4.799	4.703
4.798	4.703
4.798	4.703
4.797	4.703
4.797	4.703
4.796	4.702
4.796	4.702
4.795	4.702
4.795	4.702
4.794	4.702
4.794	4.702
4.793	4.702
4.793	4.702
4.792	4.702
4.792	4.702
4.791	4.702
4.791	4.701
4.790	4.701
4.790	4.701
4.789	4.701
4.789	4.701
4.788	4.701
4.788	4.701
4.787	4.701
4.787	4.701
4.786	4.701
4.786	4.701
4.785	4.700
4.785	4.700
4.784	4.700
4.784	4.700
4.783	4.700
4.783	4.700
4.782	4.700
4.782	4.700
4.781	4.700
4.781	4.700
4.780	4.700
4.780	4.699
4.779	4.699
4.779	4.699
4.778	4.699
4.778	4.699
4.777	4.699
4.777	4.699
4.776	4.699
4.776	4.699
4.776	4.699
4.775	4.699
4.775	4.698
4.774	4.698
4.774	4.698
4.773	4.698
4.773	4.698
4.772	4.698
4.772	4.698
4.771	4.698
4.771	4.698
4.770	4.698
4.770	4.698
4.769	4.698
4.769	4.697
4.768	4.697
4.768	4.697
4.767	4.697
4.767	4.697
4.766	4.697
4.766	4.697
4.765	4.697
4.765	4.697
4.764	4.697
4.764	4.697
4.764	4.697
4.763	4.696
4.763	4.696
4.762	4.696
4.762	4.696
4.761	4.696
4.761	4.696
4.760	4.696
4.760	4.696
4.759	4.696
4.759	4.696
4.758	4.696
4.758	4.695
4.757	4.695
4.757	4.695
4.756	4.695
4.756	4.695
4.755	4.695
4.755	4.695
4.754	4.695
4.754	4.695
4.753	4.695
4.753	4.695
4.752	4.695
4.752	4.694
4.751	4.694
4.751	4.694
4.750	4.694
4.750	4.694
4.749	4.694
4.749	4.694
4.748	4.694
4.748	4.694
4.747	4.694
4.747	4.694
4.746	4.693
4.746	4.693
4.745	4.693
4.745	4.693
4.744	4.693
4.744	4.693
4.743	4.693
4.743	4.693
4.742	4.693
4.742	4.693
4.741	4.693
4.741	4.693
4.740	4.692
4.740	4.692
4.739	4.692
4.739	4.692
4.738	4.692
4.738	4.692
4.737	4.692
4.737	4.692
4.736	4.692
4.736	4.692
4.735	4.692
4.735	4.692
4.734	4.691
4.734	4.691
4.733	4.691
4.733	4.691
4.732	4.691
4.732	4.691
4.731	4.691
4.731	4.691
4.730	4.691
4.730	4.691
4.729	4.691
4.729	4.690
4.728	4.690
4.728	4.690
4.727	4.690
4.727	4.690
4.726	4.690
4.726	4.690
4.725	4.690
4.725	4.690
4.724	4.690
4.724	4.690
4.723	4.690
4.723	4.689
4.722	4.689
4.722	4.689
4.721	4.689
4.721	4.689
4.720	4.689
4.720	4.689
4.719	4.689
4.719	4.689
4.718	4.689
4.718	4.689
4.717	4.688
4.717	4.688
4.716	4.688
4.716	4.688
4.715	4.688
4.715	4.688
4.714	4.688
4.714	4.688
4.713	4.688
4.713	4.688
4.712	4.688
4.712	4.688
4.711	4.687
4.711	4.687
4.710	4.687
4.710	4.687
4.709	4.687
4.709	4.687
4.708	4.687
4.708	4.687
4.707	4.687
4.707	4.687
4.706	4.687
4.706	4.687
4.705	4.686
4.705	4.686
4.704	4.686
4.704	4.686
4.703	4.686
4.703	4.686
4.702	4.686
4.702	4.686
4.701	4.686
4.701	4.686
4.700	4.686
4.700	4.685
4.699	4.685
4.699	4.685
4.698	4.685
4.698	4.685
4.697	4.685
4.697	4.685
4.697	4.685
4.696	4.685
4.696	4.685
4.695	4.685
4.695	4.685
4.694	4.685
4.694	4.685
4.693	4.685
4.693	4.685
4.692	4.685
4.692	4.685
4.691	4.685
4.691	4.685
4.690	4.685
4.690	4.685
4.689	4.685
4.689	4.685
4.688	4.685
4.688	4.685
4.687	4.685
4.687	4.685
4.686	4.685
4.686	4.684
4.685	4.684
4.685	4.684
4.684	4.684
4.684	4.684
4.683	4.684
4.683	4.684
4.682	4.684
4.682	4.684
4.681	4.684
4.681	4.684
4.680	4.684
4.680	4.684
4.679	4.684
4.679	4.684
4.678	4.684
4.678	4.684
4.677	4.684
4.677	4.684
4.676	4.684
4.676	4.684
4.675	4.684
4.675	4.684
4.674	4.684
4.674	4.684
4.673	4.684
4.673	4.684
4.672	4.684
4.672	4.684
4.671	4.684
4.671	4.684
4.670	4.684
4.670	4.684
4.669	4.684
4.669	4.684
4.668	4.684
4.668	4.684
4.667	4.684
4.667	4.684
4.666	4.684
4.666	4.684
4.665	4.684
4.664	4.684
4.664	4.684
4.663	4.684
4.663	4.684
4.662	4.684
4.662	4.683
4.661	4.683
4.661	4.683
4.660	4.683
4.660	4.683
4.659	4.683
4.659	4.683
4.658	4.683
4.658	4.683
4.657	4.683
4.657	4.683
4.656	4.683
4.656	4.683
4.655	4.683
4.655	4.683
4.654	4.683
4.654	4.683
4.653	4.683
4.653	4.683
4.652	4.683
4.652	4.683
4.651	4.683
4.651	4.683
4.650	4.683
4.650	4.683
4.649	4.683
4.649	4.683
4.648	4.683
4.648	4.683
4.647	4.683
4.647	4.683
4.646	4.683
4.646	4.683
4.645	4.683
4.645	4.683
4.644	4.683
4.644	4.683
4.643	4.683
4.643	4.683
4.642	4.683
4.642	4.683
4.642	4.683
4.641	4.683
4.641	4.683
4.640	4.683
4.640	4.683
4.639	4.683
4.639	4.683
4.638	4.683
4.638	4.683
4.637	4.683
4.637	4.683
4.636	4.683
4.636	4.684
4.635	4.684
4.635	4.684
4.634	4.684
4.634	4.684
4.633	4.684
4.633	4.684
4.632	4.684
4.632	4.684
4.631	4.684
4.631	4.684
4.630	4.684
4.630	4.684
4.629	4.684
4.629	4.685
4.628	4.685
4.628	4.685
4.627	4.685
4.627	4.685
4.626	4.685
4.626	4.685
4.625	4.685
4.625	4.685
4.624	4.685
4.624	4.685
4.623	4.685
4.623	4.685
4.622	4.685
4.622	4.686
4.621	4.686
4.621	4.686
4.620	4.686
4.620	4.686
4.619	4.686
4.619	4.686
4.618	4.686
4.618	4.686
4.617	4.686
4.617	4.686
4.616	4.686
4.616	4.686
4.615	4.686
4.615	4.687
4.614	4.687
4.614	4.687
4.613	4.687
4.613	4.687
4.612	4.687
4.612	4.687
4.611	4.687
4.611	4.687
4.610	4.687
4.610	4.687
4.609	4.687
4.609	4.687
4.608	4.688
4.608	4.688
4.607	4.688
4.607	4.688
4.606	4.688
4.606	4.688
4.605	4.688
4.605	4.688
4.604	4.688
4.604	4.688
4.603	4.688
4.603	4.688
4.602	4.688
4.602	4.688
4.601	4.689
4.601	4.689
4.600	4.689
4.600	4.689
4.599	4.689
4.599	4.689
4.598	4.689
4.598	4.689
4.597	4.689
4.597	4.689
4.596	4.689
4.596	4.689
4.595	4.689
4.595	4.689
4.595	4.690
4.594	4.690
4.594	4.690
4.593	4.690
4.593	4.690
4.592	4.690
4.592	4.691
4.591	4.691
4.591	4.691
4.590	4.691
4.590	4.691
4.589	4.692
4.589	4.692
4.588	4.692
4.588	4.692
4.588	4.692
4.587	4.692
4.587	4.693
4.586	4.693
4.586	4.693
4.585	4.693
4.585	4.693
4.584	4.694
4.584	4.694
4.583	4.694
4.583	4.694
4.582	4.694
4.582	4.694
4.581	4.695
4.581	4.695
4.580	4.695
4.580	4.695
4.580	4.695
4.579	4.696
4.579	4.696
4.578	4.696
4.578	4.696
4.577	4.696
4.577	4.696
4.576	4.697
4.576	4.697
4.575	4.697
4.575	4.697
4.574	4.697
4.574	4.698
4.573	4.698
4.573	4.698
4.572	4.698
4.572	4.698
4.572	4.698
4.571	4.699
4.571	4.699
4.570	4.699
4.570	4.699
4.569	4.699
4.569	4.700
4.568	4.700
4.568	4.700
4.567	4.700
4.567	4.700
4.566	4.700
4.566	4.701
4.565	4.701
4.565	4.701
4.564	4.701
4.564	4.701
4.564	4.702
4.563	4.702
4.563	4.702
4.562	4.702
4.562	4.702
4.561	4.702
4.561	4.703
4.560	4.703
4.560	4.703
4.559	4.703
4.559	4.703
4.558	4.704
4.558	4.704
4.557	4.704
4.557	4.704
4.557	4.704
4.556	4.704
4.556	4.705
4.555	4.705
4.555	4.705
4.554	4.705
4.554	4.705
4.554	4.705
4.553	4.706
4.553	4.706
4.552	4.706
4.552	4.706
4.551	4.706
4.551	4.706
4.550	4.707
4.550	4.707
4.549	4.707
4.549	4.707
4.548	4.707
4.548	4.708
4.548	4.708
4.547	4.708
4.547	4.708
4.546	4.708
4.546	4.708
4.545	4.709
4.545	4.709
4.544	4.709
4.544	4.709
4.543	4.709
4.543	4.710
4.542	4.710
4.542	4.710
4.541	4.710
4.541	4.710
4.540	4.710
4.540	4.711
4.539	4.711
4.539	4.711
4.538	4.711
4.538	4.711
4.538	4.712
4.537	4.712
4.537	4.712
4.536	4.712
4.536	4.712
4.535	4.713
4.535	4.713
4.534	4.713
4.534	4.713
4.533	4.713
4.533	4.713
4.532	4.714
4.532	4.714
4.531	4.714
4.531	4.714
4.530	4.714
4.530	4.715
4.529	4.715
4.529	4.715
4.529	4.715
4.528	4.715
4.528	4.715
4.527	4.716
4.527	4.716
4.526	4.716
4.526	4.716
4.525	4.716
4.525	4.717
4.524	4.717
4.524	4.717
4.523	4.717
4.523	4.717
4.522	4.717
4.522	4.718
4.521	4.718
4.521	4.718
4.520	4.718
4.520	4.718
4.520	4.719
4.519	4.719
4.519	4.719
4.518	4.719
4.518	4.719
4.518	4.719
4.517	4.719
4.517	4.719
4.516	4.720
4.516	4.720
4.515	4.720
4.515	4.720
4.514	4.720
4.514	4.720
4.513	4.720
4.513	4.720
4.512	4.720
4.512	4.720
4.511	4.720
4.511	4.720
4.510	4.720
4.510	4.721
4.509	4.721
4.509	4.721
4.508	4.721
4.508	4.721
4.507	4.721
4.507	4.721
4.506	4.721
4.506	4.721
4.505	4.721
4.505	4.721
4.504	4.721
4.504	4.721
4.503	4.722
4.503	4.722
4.502	4.722
4.502	4.722
4.501	4.722
4.501	4.722
4.500	4.722
4.500	4.722
4.499	4.722
4.499	4.722
4.498	4.722
4.498	4.722
4.497	4.722
4.497	4.722
4.496	4.723
4.496	4.723
4.495	4.723
4.495	4.723
4.494	4.723
4.494	4.723
4.493	4.723
4.493	4.723
4.492	4.723
4.492	4.723
4.491	4.723
4.491	4.723
4.490	4.723
4.490	4.724
4.489	4.724
4.489	4.724
4.488	4.724
4.488	4.724
4.487	4.724
4.487	4.724
4.486	4.724
4.486	4.724
4.485	4.724
4.485	4.724
4.484	4.724
4.484	4.724
4.483	4.725
4.483	4.725
4.482	4.725
4.482	4.725
4.481	4.725
4.481	4.725
4.480	4.725
4.480	4.725
4.479	4.725
4.479	4.725
4.478	4.725
4.478	4.725
4.477	4.725
4.477	4.725
4.477	4.725
4.476	4.725
4.476	4.725
4.475	4.725
4.475	4.725
4.474	4.725
4.474	4.725
4.473	4.725
4.473	4.725
4.472	4.725
4.472	4.725
4.471	4.725
4.471	4.725
4.470	4.725
4.470	4.725
4.469	4.725
4.469	4.725
4.468	4.725
4.468	4.725
4.467	4.725
4.467	4.725
4.466	4.725
4.466	4.725
4.465	4.725
4.465	4.725
4.464	4.725
4.464	4.725
4.463	4.725
4.463	4.725
4.462	4.725
4.462	4.725
4.461	4.725
4.461	4.725
4.460	4.725
4.460	4.725
4.459	4.725
4.459	4.724
4.458	4.724
4.458	4.724
4.457	4.724
4.457	4.724
4.456	4.724
4.456	4.724
4.455	4.724
4.455	4.724
4.454	4.724
4.454	4.724
4.453	4.724
4.453	4.724
4.452	4.724
4.452	4.724
4.451	4.724
4.451	4.724
4.450	4.724
4.450	4.724
4.449	4.724
4.448	4.724
4.448	4.724
4.447	4.724
4.447	4.724
4.446	4.724
4.446	4.724
4.445	4.724
4.445	4.724
4.444	4.724
4.444	4.724
4.443	4.724
4.443	4.724
4.442	4.724
4.442	4.724
4.441	4.724
4.441	4.724
4.440	4.724
4.440	4.723
4.439	4.723
4.439	4.723
4.438	4.723
4.438	4.723
4.438	4.723
4.437	4.723
4.437	4.723
4.437	4.723
4.436	4.722
4.436	4.722
4.435	4.722
4.435	4.722
4.434	4.722
4.434	4.722
4.433	4.721
4.433	4.721
4.432	4.721
4.432	4.721
4.431	4.721
4.431	4.720
4.430	4.720
4.430	4.720
4.429	4.720
4.429	4.720
4.428	4.720
4.428	4.719
4.427	4.719
4.427	4.719
4.427	4.719
4.426	4.719
4.426	4.718
4.425	4.718
4.425	4.718
4.424	4.718
4.424	4.718
4.423	4.718
4.423	4.717
4.422	4.717
4.422	4.717
4.421	4.717
4.421	4.717
4.420	4.716
4.420	4.716
4.419	4.716
4.419	4.716
4.418	4.716
4.418	4.715
4.417	4.715
4.417	4.715
4.417	4.715
4.416	4.715
4.416	4.715
4.415	4.714
4.415	4.714
4.414	4.714
4.414	4.714
4.413	4.714
4.413	4.713
4.412	4.713
4.412	4.713
4.411	4.713
4.411	4.713
4.410	4.713
4.410	4.713
4.410	4.712
4.409	4.712
4.409	4.712
4.408	4.712
4.408	4.711
4.408	4.711
4.407	4.711
4.407	4.711
4.406	4.711
4.406	4.710
4.405	4.710
4.405	4.710
4.404	4.710
4.404	4.710
4.403	4.709
4.403	4.709
4.402	4.709
4.402	4.709
4.401	4.708
4.401	4.708
4.401	4.708
4.400	4.708
4.400	4.708
4.399	4.707
4.399	4.707
4.398	4.707
4.398	4.707
4.397	4.706
4.397	4.706
4.396	4.706
4.396	4.706
4.396	4.706
4.395	4.706
4.395	4.706
4.394	4.706
4.394	4.706
4.393	4.705
4.393	4.705
4.392	4.705
4.392	4.705
4.391	4.705
4.391	4.705
4.390	4.705
4.390	4.705
4.389	4.705
4.389	4.705
4.388	4.704
4.388	4.704
4.387	4.704
4.387	4.704
4.386	4.704
4.386	4.704
4.385	4.704
4.385	4.704
4.384	4.704
4.384	4.704
4.383	4.704
4.383	4.703
4.382	4.703
4.382	4.703
4.381	4.703
4.381	4.703
4.380	4.703
4.380	4.703
4.379	4.703
4.379	4.703
4.379	4.703
4.378	4.703
4.378	4.703
4.377	4.703
4.377	4.703
4.376	4.703
4.376	4.703
4.375	4.703
4.375	4.703
4.374	4.702
4.374	4.702
4.373	4.702
4.373	4.702
4.372	4.702
4.372	4.702
4.371	4.702
4.371	4.702
4.370	4.702
4.370	4.702
4.369	4.702
4.369	4.702
4.368	4.702
4.368	4.702
4.367	4.702
4.367	4.702
4.366	4.702
4.366	4.702
4.365	4.702
4.365	4.702
4.364	4.702
4.363	4.702
4.363	4.702
4.362	4.702
4.362	4.702
4.361	4.702
4.361	4.702
4.360	4.702
4.360	4.702
4.359	4.702
4.359	4.702
4.358	4.702
4.358	4.702
4.357	4.702
4.357	4.702
4.356	4.702
4.356	4.702
4.355	4.702
4.355	4.702
4.354	4.702
4.354	4.702
4.354	4.702
4.353	4.702
4.353	4.702
4.352	4.702
4.352	4.702
4.351	4.702
4.351	4.702
4.350	4.702
4.350	4.702
4.349	4.702
4.349	4.702
4.348	4.702
4.348	4.702
4.347	4.702
4.347	4.702
4.346	4.702
4.346	4.702
4.345	4.702
4.345	4.702
4.344	4.702
4.344	4.702
4.343	4.702
4.343	4.702
4.342	4.702
4.342	4.702
4.341	4.702
4.341	4.702
4.340	4.702
4.340	4.702
4.339	4.702
4.339	4.702
4.338	4.702
4.338	4.702
4.337	4.702
4.337	4.703
4.336	4.703
4.336	4.703
4.335	4.703
4.335	4.703
4.334	4.703
4.334	4.703
4.333	4.703
4.333	4.703
4.332	4.703
4.332	4.703
4.331	4.703
4.331	4.703
4.330	4.703
4.330	4.703
4.329	4.703
4.329	4.703
4.328	4.703
4.328	4.703
4.327	4.703
4.327	4.703
4.326	4.703
4.326	4.703
4.325	4.703
4.324	4.703
4.324	4.703
4.323	4.703
4.323	4.703
4.322	4.703
4.322	4.703
4.321	4.703
4.321	4.703
4.320	4.703
4.320	4.703
4.319	4.703
4.319	4.703
4.318	4.703
4.318	4.703
4.317	4.703
4.317	4.703
4.316	4.703
4.316	4.703
4.315	4.703
4.315	4.703
4.314	4.703
4.314	4.703
4.314	4.703
4.313	4.703
4.313	4.703
4.312	4.704
4.312	4.704
4.311	4.704
4.311	4.704
4.310	4.704
4.310	4.704
4.309	4.704
4.309	4.704
4.308	4.704
4.308	4.704
4.307	4.704
4.307	4.704
4.306	4.704
4.306	4.704
4.305	4.704
4.305	4.704
4.304	4.704
4.304	4.704
4.303	4.704
4.303	4.704
4.302	4.704
4.302	4.704
4.301	4.704
4.301	4.704
4.300	4.704
4.300	4.704
4.299	4.704
4.299	4.704
4.298	4.704
4.298	4.704
4.297	4.704
4.297	4.704
4.296	4.704
4.296	4.704
4.295	4.705
4.295	4.705
4.294	4.705
4.294	4.705
4.293	4.705
4.293	4.705
4.292	4.705
4.292	4.705
4.291	4.705
4.291	4.705
4.290	4.705
4.290	4.705
4.289	4.705
4.289	4.705
4.288	4.705
4.288	4.705
4.287	4.705
4.287	4.705
4.286	4.705
4.286	4.705
4.285	4.705
4.285	4.705
4.284	4.705
4.284	4.705
4.283	4.705
4.283	4.705
4.282	4.705
4.282	4.705
4.281	4.705
4.281	4.705
4.280	4.705
4.280	4.705
4.279	4.705
4.279	4.705
4.278	4.705
4.278	4.706
4.277	4.706
4.277	4.706
4.276	4.706
4.276	4.706
4.275	4.706
4.275	4.706
4.274	4.706
4.274	4.706
4.273	4.706
4.273	4.706
4.272	4.706
4.272	4.706
4.271	4.706
4.271	4.706
4.270	4.706
4.270	4.706
4.269	4.706
4.269	4.706
4.268	4.706
4.268	4.706
4.267	4.706
4.267	4.706
4.266	4.706
4.266	4.706
4.265	4.706
4.265	4.706
4.264	4.706
4.264	4.706
4.263	4.706
4.263	4.706
4.262	4.706
4.262	4.706
4.261	4.706
4.261	4.706
4.260	4.707
4.260	4.707
4.259	4.707
4.259	4.707
4.258	4.707
4.258	4.707
4.257	4.707
4.257	4.707
4.256	4.707
4.256	4.707
4.255	4.707
4.255	4.707
4.254	4.707
4.253	4.707
4.253	4.707
4.252	4.707
4.252	4.707
4.251	4.707
4.251	4.707
4.250	4.707
4.250	4.707
4.249	4.707
4.249	4.707
4.248	4.707
4.248	4.707
4.247	4.707
4.247	4.707
4.246	4.707
4.246	4.707
4.245	4.707
4.245	4.707
4.244	4.707
4.244	4.707
4.243	4.707
4.243	4.707
4.242	4.708
4.242	4.708
4.241	4.708
4.241	4.708
4.240	4.708
4.240	4.708
4.239	4.708
4.239	4.708
4.238	4.708
4.238	4.708
4.238	4.708
4.237	4.708
4.237	4.707
4.237	4.707
4.236	4.707
4.236	4.707
4.235	4.706
4.235	4.706
4.234	4.706
4.234	4.706
4.233	4.706
4.233	4.705
4.232	4.705
4.232	4.705
4.232	4.705
4.231	4.704
4.231	4.704
4.230	4.704
4.230	4.704
4.229	4.704
4.229	4.703
4.228	4.703
4.228	4.703
4.227	4.703
4.227	4.702
4.227	4.702
4.226	4.702
4.226	4.702
4.225	4.702
4.225	4.701
4.224	4.701
4.224	4.701
4.223	4.701
4.223	4.700
4.223	4.700
4.222	4.700
4.222	4.700
4.221	4.699
4.221	4.699
4.220	4.699
4.220	4.699
4.219	4.699
4.219	4.698
4.218	4.698
4.218	4.698
4.218	4.698
4.217	4.697
4.217	4.697
4.216	4.697
4.216	4.697
4.215	4.697
4.215	4.696
4.214	4.696
4.214	4.696
4.213	4.696
4.213	4.695
4.213	4.695
4.212	4.695
4.212	4.695
4.211	4.695
4.211	4.694
4.210	4.694
4.210	4.694
4.209	4.694
4.209	4.693
4.208	4.693
4.208	4.693
4.208	4.693
4.207	4.693
4.207	4.692
4.206	4.692
4.206	4.692
4.205	4.692
4.205	4.691
4.204	4.691
4.204	4.691
4.204	4.691
4.203	4.691
4.203	4.690
4.202	4.690
4.202	4.690
4.201	4.690
4.201	4.689
4.200	4.689
4.200	4.689
4.199	4.689
4.199	4.689
4.199	4.688
4.198	4.688
4.198	4.688
4.197	4.688
4.197	4.687
4.196	4.687
4.196	4.687
4.195	4.687
4.195	4.687
4.194	4.686
4.194	4.686
4.194	4.686
4.193	4.686
4.193	4.685
4.192	4.685
4.192	4.685
4.191	4.685
4.191	4.685
4.190	4.684
4.190	4.684
4.189	4.684
4.189	4.684
4.189	4.683
4.188	4.683
4.188	4.683
4.187	4.683
4.187	4.682
4.186	4.682
4.186	4.682
4.185	4.682
4.185	4.682
4.184	4.681
4.184	4.681
4.184	4.681
4.183	4.681
4.183	4.680
4.182	4.680
4.182	4.680
4.181	4.680
4.181	4.680
4.180	4.679
4.180	4.679
4.180	4.679
4.179	4.679
4.179	4.678
4.178	4.678
4.178	4.678
4.177	4.678
4.177	4.678
4.176	4.677
4.176	4.677
4.175	4.677
4.175	4.677
4.175	4.676
4.174	4.676
4.174	4.676
4.173	4.676
4.173	4.676
4.172	4.675
4.172	4.675
4.171	4.675
4.171	4.675
4.170	4.674
4.170	4.674
4.170	4.674
4.169	4.674
4.169	4.674
4.168	4.673
4.168	4.673
4.167	4.673
4.167	4.673
4.166	4.672
4.166	4.672
4.165	4.672
4.165	4.672
4.165	4.672
4.164	4.671
4.164	4.671
4.163	4.671
4.163	4.671
4.162	4.670
4.162	4.670
4.161	4.670
4.161	4.670
4.161	4.670
4.160	4.669
4.160	4.669
4.159	4.669
4.159	4.669
4.158	4.668
4.158	4.668
4.157	4.668
4.157	4.668
4.156	4.668
4.156	4.667
4.156	4.667
4.155	4.667
4.155	4.667
4.154	4.666
4.154	4.666
4.153	4.666
4.153	4.666
4.152	4.665
4.152	4.665
4.151	4.665
4.151	4.665
4.151	4.665
4.150	4.664
4.150	4.664
4.149	4.664
4.149	4.664
4.148	4.663
4.148	4.663
4.147	4.663
4.147	4.663
4.146	4.663
4.146	4.662
4.146	4.662
4.145	4.662
4.145	4.662
4.144	4.661
4.144	4.661
4.143	4.661
4.143	4.661
4.142	4.661
4.142	4.660
4.142	4.660
4.141	4.660
4.141	4.660
4.140	4.659
4.140	4.659
4.139	4.659
4.139	4.659
4.138	4.659
4.138	4.658
4.137	4.658
4.137	4.658
4.137	4.658
4.136	4.657
4.136	4.657
4.135	4.657
4.135	4.657
4.134	4.657
4.134	4.656
4.134	4.656
4.133	4.656
4.133	4.656
4.132	4.656
4.132	4.656
4.131	4.655
4.131	4.655
4.131	4.655
4.130	4.655
4.130	4.655
4.129	4.655
4.129	4.654
4.128	4.654
4.128	4.654
4.127	4.654
4.127	4.654
4.126	4.653
4.126	4.653
4.125	4.653
4.125	4.653
4.124	4.653
4.124	4.653
4.123	4.652
4.123	4.652
4.123	4.652
4.122	4.652
4.122	4.652
4.121	4.651
4.121	4.651
4.120	4.651
4.120	4.651
4.119	4.651
4.119	4.651
4.118	4.650
4.118	4.650
4.117	4.650
4.117	4.650
4.116	4.650
4.116	4.649
4.115	4.649
4.115	4.649
4.115	4.649
4.114	4.649
4.114	4.649
4.113	4.648
4.113	4.648
4.112	4.648
4.112	4.648
4.111	4.648
4.111	4.647
4.110	4.647
4.110	4.647
4.109	4.647
4.109	4.647
4.108	4.647
4.108	4.646
4.107	4.646
4.107	4.646
4.107	4.646
4.106	4.646
4.106	4.645
4.105	4.645
4.105	4.645
4.104	4.645
4.104	4.645
4.103	4.645
4.103	4.644
4.102	4.644
4.102	4.644
4.101	4.644
4.101	4.644
4.100	4.643
4.100	4.643
4.099	4.643
4.099	4.643
4.099	4.643
4.098	4.643
4.098	4.642
4.097	4.642
4.097	4.642
4.096	4.642
4.096	4.642
4.095	4.642
4.095	4.641
4.094	4.641
4.094	4.641
4.093	4.641
4.093	4.641
4.092	4.640
4.092	4.640
4.092	4.640
4.091	4.640
4.091	4.640
4.090	4.640
4.090	4.639
4.089	4.639
4.089	4.639
4.088	4.639
4.088	4.639
4.087	4.638
4.087	4.638
4.086	4.638
4.086	4.638
4.085	4.638
4.085	4.638
4.084	4.637
4.084	4.637
4.084	4.637
4.083	4.637
4.083	4.637
4.082	4.636
4.082	4.636
4.081	4.636
4.081	4.636
4.080	4.636
4.080	4.636
4.079	4.635
4.079	4.635
4.078	4.635
4.078	4.635
4.077	4.635
4.077	4.634
4.076	4.634
4.076	4.634
4.076	4.634
4.075	4.634
4.075	4.634
4.074	4.633
4.074	4.633
4.073	4.633
4.073	4.633
4.072	4.633
4.072	4.632
4.071	4.632
4.071	4.632
4.070	4.632
4.070	4.632
4.069	4.632
4.069	4.631
4.068	4.631
4.068	4.631
4.068	4.631
4.067	4.631
4.067	4.630
4.066	4.630
4.066	4.630
4.065	4.630
4.065	4.630
4.064	4.630
4.064	4.629
4.063	4.629
4.063	4.629
4.062	4.629
4.062	4.629
4.061	4.628
4.061	4.628
4.060	4.628
4.060	4.628
4.060	4.628
4.059	4.628
4.059	4.627
4.058	4.627
4.058	4.627
4.057	4.627
4.057	4.627
4.056	4.626
4.056	4.626
4.055	4.626
4.055	4.626
4.054	4.626
4.054	4.626
4.053	4.625
4.053	4.625
4.052	4.625
4.052	4.625
4.052	4.625
4.051	4.625
4.051	4.624
4.050	4.624
4.050	4.624
4.049	4.624
4.049	4.624
4.048	4.623
4.048	4.623
4.047	4.623
4.047	4.623
4.046	4.623
4.046	4.623
4.045	4.622
4.045	4.622
4.045	4.622
4.044	4.622
4.044	4.622
4.043	4.621
4.043	4.621
4.042	4.621
4.042	4.621
4.041	4.621
4.041	4.621
4.040	4.620
4.040	4.620
4.039	4.620
4.039	4.620
4.038	4.620
4.038	4.619
4.037	4.619
4.037	4.619
4.037	4.619
4.036	4.619
4.036	4.619
4.035	4.618
4.035	4.618
4.034	4.618
4.034	4.618
4.033	4.618
4.033	4.617
4.032	4.617
4.032	4.617
4.031	4.617
4.031	4.617
4.030	4.617
4.030	4.616
4.029	4.616
4.029	4.616
4.029	4.616
4.028	4.616
4.028	4.615
4.027	4.615
4.027	4.615
4.026	4.615
4.026	4.615
4.025	4.615
4.025	4.614
4.024	4.614
4.024	4.614
4.023	4.614
4.023	4.614
4.022	4.613
4.022	4.613
4.021	4.613
4.021	4.613
4.021	4.613
4.020	4.613
4.020	4.612
4.019	4.612
4.019	4.612
4.018	4.612
4.018	4.612
4.017	4.611
4.017	4.611
4.016	4.611
4.016	4.611
4.015	4.611
4.015	4.611
4.014	4.610
4.014	4.610
4.013	4.610
4.013	4.610
4.013	4.610
4.012	4.610
4.012	4.609
4.011	4.609
4.011	4.609
4.010	4.609
4.010	4.609
4.009	4.608
4.009	4.608
4.008	4.608
4.008	4.608
4.007	4.608
4.007	4.608
4.006	4.607
4.006	4.607
4.005	4.607
4.005	4.607
4.005	4.607
4.004	4.606
4.004	4.606
4.003	4.606
4.003	4.606
4.002	4.606
4.002	4.606
4.001	4.605
4.001	4.605
4.000	4.605
4.000	4.605
3.999	4.605
3.999	4.604
3.998	4.604
3.998	4.604
3.998	4.604
3.997	4.604
3.997	4.604
3.996	4.603
3.996	4.603
3.995	4.603
3.995	4.603
3.994	4.603
3.994	4.602
3.993	4.602
3.993	4.602
3.992	4.602
3.992	4.602
3.991	4.602
3.991	4.601
3.990	4.601
3.990	4.601
3.990	4.601
3.989	4.601
3.989	4.600
3.988	4.600
3.988	4.600
3.987	4.600
3.987	4.600
3.986	4.600
3.986	4.599
3.985	4.599
3.985	4.599
3.984	4.599
3.984	4.599
3.983	4.598
3.983	4.598
3.982	4.598
3.982	4.598
3.982	4.598
3.981	4.598
3.981	4.597
3.980	4.597
3.980	4.597
3.979	4.597
3.979	4.597
3.978	4.596
3.978	4.596
3.977	4.596
3.977	4.596
3.976	4.596
3.976	4.596
3.975	4.595
3.975	4.595
3.974	4.595
3.974	4.595
3.974	4.595
3.973	4.595
3.973	4.594
3.972	4.594
3.972	4.594
3.971	4.594
3.971	4.594
3.970	4.593
3.970	4.593
3.969	4.593
3.969	4.593
3.968	4.593
3.968	4.593
3.967	4.592
3.967	4.592
3.966	4.592
3.966	4.592
3.966	4.592
3.965	4.591
3.965	4.591
3.964	4.591
3.964	4.591
3.963	4.591
3.963	4.591
3.962	4.590
3.962	4.590
3.961	4.590
3.961	4.590
3.960	4.590
3.960	4.589
3.959	4.589
3.959	4.589
3.958	4.589
3.958	4.589
3.958	4.589
3.957	4.588
3.957	4.588
3.956	4.588
3.956	4.588
3.955	4.588
3.955	4.587
3.955	4.587
3.954	4.587
3.954	4.587
3.953	4.587
3.953	4.587
3.952	4.587
3.952	4.587
3.951	4.587
3.951	4.587
3.950	4.587
3.950	4.587
3.949	4.586
3.949	4.586
3.948	4.586
3.948	4.586
3.947	4.586
3.947	4.586
3.946	4.586
3.946	4.586
3.945	4.586
3.945	4.586
3.944	4.585
3.944	4.585
3.943	4.585
3.943	4.585
3.942	4.585
3.942	4.585
3.941	4.585
3.941	4.585
3.940	4.585
3.940	4.585
3.939	4.585
3.939	4.584
3.938	4.584
3.938	4.584
3.937	4.584
3.937	4.584
3.936	4.584
3.936	4.584
3.935	4.584
3.935	4.584
3.934	4.584
3.934	4.584
3.933	4.583
3.933	4.583
3.932	4.583
3.932	4.583
3.931	4.583
3.931	4.583
3.930	4.583
3.930	4.583
3.929	4.583
3.929	4.583
3.928	4.583
3.928	4.582
3.927	4.582
3.927	4.582
3.926	4.582
3.926	4.582
3.925	4.582
3.925	4.582
3.924	4.582
3.924	4.582
3.923	4.582
3.923	4.582
3.923	4.581
3.922	4.581
3.922	4.581
3.921	4.581
3.921	4.581
3.920	4.581
3.920	4.581
3.919	4.581
3.919	4.581
3.918	4.581
3.918	4.580
3.917	4.580
3.917	4.580
3.916	4.580
3.916	4.580
3.915	4.580
3.915	4.580
3.914	4.580
3.914	4.580
3.913	4.580
3.913	4.580
3.912	4.579
3.912	4.579
3.911	4.579
3.911	4.579
3.910	4.579
3.910	4.579
3.909	4.579
3.909	4.579
3.908	4.579
3.908	4.579
3.907	4.579
3.907	4.578
3.906	4.578
3.906	4.578
3.905	4.578
3.905	4.578
3.904	4.578
3.904	4.578
3.903	4.578
3.903	4.578
3.902	4.578
3.902	4.578
3.901	4.577
3.901	4.577
3.900	4.577
3.900	4.577
3.899	4.577
3.899	4.577
3.898	4.577
3.898	4.577
3.897	4.577
3.897	4.577
3.896	4.576
3.896	4.576
3.895	4.576
3.895	4.576
3.894	4.576
3.894	4.576
3.893	4.576
3.893	4.576
3.892	4.576
3.892	4.576
3.891	4.576
3.891	4.575
3.890	4.575
3.890	4.575
3.889	4.575
3.889	4.575
3.888	4.575
3.888	4.575
3.887	4.575
3.887	4.575
3.886	4.575
3.886	4.575
3.885	4.574
3.885	4.574
3.884	4.574
3.884	4.574
3.883	4.574
3.883	4.574
3.882	4.574
3.882	4.574
3.881	4.574
3.881	4.574
3.880	4.574
3.880	4.573
3.879	4.573
3.879	4.573
3.878	4.573
3.878	4.573
3.877	4.573
3.877	4.573
3.876	4.573
3.876	4.573
3.875	4.573
3.875	4.572
3.874	4.572
3.874	4.572
3.873	4.572
3.873	4.572
3.872	4.572
3.872	4.572
3.871	4.572
3.871	4.572
3.870	4.572
3.870	4.572
3.869	4.571
3.869	4.571
3.868	4.571
3.868	4.571
3.867	4.571
3.867	4.571
3.866	4.571
3.866	4.571
3.865	4.571
3.865	4.571
3.864	4.571
3.864	4.570
3.863	4.570
3.863	4.570
3.862	4.570
3.862	4.570
3.862	4.570
3.861	4.570
3.861	4.570
3.860	4.570
3.860	4.570
3.859	4.570
3.859	4.569
3.858	4.569
3.858	4.569
3.857	4.569
3.857	4.569
3.856	4.569
3.856	4.569
3.855	4.569
3.855	4.569
3.854	4.569
3.854	4.568
3.853	4.568
3.853	4.568
3.852	4.568
3.852	4.568
3.851	4.568
3.851	4.568
3.850	4.568
3.850	4.568
3.849	4.568
3.849	4.568
3.848	4.567
3.848	4.567
3.847	4.567
3.847	4.567
3.846	4.567
3.846	4.567
3.845	4.567
3.845	4.567
3.844	4.567
3.844	4.567
3.843	4.567
3.843	4.566
3.842	4.566
3.842	4.566
3.841	4.566
3.841	4.566
3.840	4.566
3.840	4.566
3.839	4.566
3.839	4.566
3.838	4.566
3.838	4.566
3.837	4.565
3.837	4.565
3.836	4.565
3.836	4.565
3.835	4.565
3.835	4.565
3.834	4.565
3.834	4.565
3.833	4.565
3.833	4.565
3.832	4.564
3.832	4.564
3.831	4.564
3.831	4.564
3.830	4.564
3.830	4.564
3.829	4.564
3.829	4.564
3.828	4.564
3.828	4.564
3.827	4.564
3.827	4.563
3.826	4.563
3.826	4.563
3.825	4.563
3.825	4.563
3.824	4.563
3.824	4.563
3.823	4.563
3.823	4.563
3.822	4.563
3.822	4.563
3.821	4.562
3.821	4.562
3.820	4.562
3.820	4.562
3.819	4.562
3.819	4.562
3.818	4.562
3.818	4.562
3.817	4.562
3.817	4.562
3.816	4.562
3.816	4.561
3.815	4.561
3.815	4.561
3.814	4.561
3.814	4.561
3.813	4.561
3.813	4.561
3.812	4.561
3.812	4.561
3.811	4.561
3.811	4.560
3.810	4.560
3.810	4.560
3.809	4.560
3.809	4.560
3.808	4.560
3.808	4.560
3.807	4.560
3.807	4.560
3.806	4.560
3.806	4.560
3.805	4.559
3.805	4.559
3.804	4.559
3.804	4.559
3.803	4.559
3.803	4.559
3.802	4.559
3.802	4.559
3.802	4.559
3.801	4.559
3.801	4.559
3.800	4.558
3.800	4.558
3.799	4.558
3.799	4.558
3.798	4.558
3.798	4.558
3.797	4.558
3.797	4.558
3.796	4.558
3.796	4.558
3.795	4.558
3.795	4.557
3.794	4.557
3.794	4.557
3.793	4.557
3.793	4.557
3.792	4.557
3.792	4.557
3.791	4.557
3.791	4.557
3.790	4.557
3.790	4.556
3.789	4.556
3.789	4.556
3.788	4.556
3.788	4.556
3.787	4.556
3.787	4.556
3.786	4.556
3.786	4.556
3.785	4.556
3.785	4.556
3.784	4.555
3.784	4.555
3.783	4.555
3.783	4.555
3.782	4.555
3.782	4.555
3.781	4.555
3.781	4.555
3.780	4.555
3.780	4.555
3.779	4.555
3.779	4.554
3.778	4.554
3.778	4.554
3.777	4.554
3.777	4.554
3.776	4.554
3.776	4.554
3.775	4.554
3.775	4.554
3.774	4.554
3.774	4.554
3.773	4.553
3.773	4.553
3.772	4.553
3.772	4.553
3.771	4.553
3.771	4.553
3.770	4.553
3.770	4.553
3.769	4.553
3.769	4.553
3.768	4.552
3.768	4.552
3.767	4.552
3.767	4.552
3.766	4.552
3.766	4.552
3.765	4.552
3.765	4.552
3.765	4.552
3.764	4.552
3.764	4.552
3.763	4.552
3.763	4.552
3.762	4.552
3.762	4.552
3.761	4.552
3.761	4.552
3.760	4.552
3.760	4.552
3.759	4.552
3.759	4.552
3.758	4.552
3.758	4.552
3.757	4.552
3.757	4.552
3.756	4.552
3.756	4.552
3.755	4.552
3.755	4.552
3.754	4.552
3.754	4.552
3.753	4.552
3.753	4.552
3.752	4.552
3.752	4.552
3.751	4.552
3.751	4.552
3.750	4.552
3.750	4.552
3.749	4.552
3.749	4.552
3.748	4.552
3.748	4.552
3.747	4.552
3.747	4.552
3.746	4.552
3.746	4.552
3.745	4.552
3.745	4.552
3.744	4.552
3.744	4.552
3.743	4.552
3.743	4.552
3.742	4.552
3.742	4.552
3.741	4.552
3.741	4.552
3.740	4.552
3.740	4.552
3.739	4.552
3.739	4.552
3.738	4.552
3.738	4.552
3.737	4.552
3.737	4.552
3.736	4.552
3.736	4.552
3.735	4.552
3.735	4.552
3.734	4.552
3.734	4.552
3.733	4.552
3.733	4.552
3.732	4.552
3.732	4.552
3.731	4.552
3.731	4.552
3.730	4.551
3.729	4.551
3.729	4.551
3.728	4.551
3.728	4.551
3.727	4.551
3.727	4.551
3.726	4.551
3.726	4.551
3.725	4.551
3.725	4.551
3.724	4.551
3.724	4.551
3.723	4.551
3.723	4.551
3.722	4.551
3.722	4.551
3.721	4.551
3.721	4.551
3.720	4.551
3.720	4.551
3.719	4.551
3.719	4.551
3.718	4.551
3.718	4.551
3.717	4.551
3.717	4.551
3.716	4.551
3.716	4.551
3.715	4.551
3.715	4.551
3.714	4.551
3.714	4.551
3.713	4.551
3.713	4.551
3.712	4.551
3.712	4.551
3.711	4.551
3.711	4.551
3.710	4.551
3.710	4.551
3.709	4.551
3.709	4.551
3.708	4.551
3.708	4.551
3.707	4.551
3.707	4.551
3.706	4.551
3.706	4.551
3.705	4.551
3.705	4.551
3.704	4.551
3.704	4.551
3.703	4.551
3.703	4.551
3.702	4.551
3.702	4.551
3.701	4.551
3.701	4.551
3.700	4.551
3.700	4.551
3.699	4.551
3.699	4.551
3.698	4.551
3.698	4.551
3.697	4.551
3.697	4.551
3.696	4.551
3.696	4.551
3.695	4.551
3.695	4.551
3.694	4.551
3.694	4.551
3.693	4.551
3.693	4.551
3.692	4.551
3.692	4.551
3.691	4.551
3.691	4.551
3.690	4.551
3.690	4.551
3.689	4.551
3.689	4.551
3.688	4.551
3.688	4.551
3.687	4.551
3.687	4.551
3.686	4.551
3.686	4.551
3.685	4.551
3.685	4.551
3.684	4.551
3.684	4.551
3.683	4.551
3.683	4.551
3.682	4.551
3.682	4.551
3.681	4.551
3.681	4.551
3.680	4.551
3.680	4.551
3.679	4.551
3.679	4.551
3.678	4.551
3.678	4.551
3.677	4.551
3.677	4.551
3.676	4.551
3.676	4.551
3.675	4.551
3.675	4.551
3.674	4.551
3.674	4.551
3.673	4.551
3.672	4.551
3.672	4.551
3.671	4.551
3.671	4.551
3.670	4.551
3.670	4.551
3.669	4.551
3.669	4.551
3.668	4.551
3.668	4.551
3.667	4.551
3.667	4.551
3.666	4.551
3.666	4.551
3.665	4.551
3.665	4.551
3.664	4.551
3.664	4.551
3.663	4.551
3.663	4.551
3.662	4.551
3.662	4.551
3.661	4.551
3.661	4.551
3.660	4.551
3.660	4.551
3.659	4.551
3.659	4.551
3.658	4.551
3.658	4.551
3.657	4.551
3.657	4.551
3.656	4.551
3.656	4.551
3.655	4.551
3.655	4.551
3.654	4.551
3.654	4.551
3.653	4.551
3.653	4.551
3.652	4.551
3.652	4.551
3.651	4.551
3.651	4.551
3.650	4.551
3.650	4.551
3.649	4.551
3.649	4.551
3.648	4.551
3.648	4.551
3.647	4.551
3.647	4.551
3.646	4.551
3.646	4.551
3.645	4.551
3.645	4.551
3.644	4.551
3.644	4.551
3.643	4.551
3.643	4.551
3.642	4.551
3.642	4.551
3.641	4.551
3.641	4.551
3.640	4.551
3.640	4.551
3.639	4.551
3.639	4.551
3.638	4.551
3.638	4.551
3.637	4.551
3.637	4.551
3.636	4.551
3.636	4.551
3.635	4.551
3.635	4.551
3.634	4.551
3.634	4.551
3.633	4.551
3.633	4.551
3.632	4.551
3.632	4.551
3.631	4.551
3.631	4.551
3.630	4.550
3.630	4.550
3.629	4.550
3.629	4.550
3.628	4.550
3.628	4.550
3.627	4.550
3.627	4.550
3.626	4.550
3.626	4.550
3.625	4.550
3.625	4.550
3.624	4.550
3.624	4.550
3.623	4.550
3.623	4.550
3.622	4.550
3.622	4.550
3.621	4.550
3.621	4.550
3.620	4.550
3.620	4.550
3.619	4.550
3.619	4.550
3.618	4.550
3.618	4.550
3.617	4.550
3.616	4.550
3.616	4.550
3.615	4.550
3.615	4.550
3.614	4.550
3.614	4.550
3.613	4.550
3.613	4.550
3.612	4.550
3.612	4.550
3.611	4.550
3.611	4.550
3.610	4.550
3.610	4.550
3.609	4.550
3.609	4.550
3.608	4.550
3.608	4.550
3.607	4.550
3.607	4.550
3.606	4.550
3.606	4.550
3.605	4.550
3.605	4.550
3.604	4.550
3.604	4.550
3.603	4.550
3.603	4.550
3.602	4.550
3.602	4.550
3.601	4.550
3.601	4.550
3.600	4.550
3.600	4.550
3.599	4.550
3.599	4.550
3.598	4.550
3.598	4.550
3.597	4.550
3.597	4.550
3.596	4.550
3.596	4.550
3.595	4.550
3.595	4.550
3.594	4.550
3.594	4.550
3.593	4.550
3.593	4.550
3.592	4.550
3.592	4.550
3.591	4.550
3.591	4.550
3.590	4.550
3.590	4.550
3.589	4.550
3.589	4.550
3.588	4.550
3.588	4.550
3.587	4.550
3.587	4.550
3.586	4.550
3.586	4.550
3.585	4.550
3.585	4.550
3.584	4.550
3.584	4.550
3.583	4.550
3.583	4.550
3.582	4.550
3.582	4.550
3.581	4.550
3.581	4.550
3.580	4.550
3.580	4.550
3.579	4.550
3.579	4.550
3.578	4.550
3.578	4.550
3.577	4.550
3.577	4.550
3.576	4.550
3.576	4.550
3.575	4.550
3.575	4.550
3.574	4.550
3.574	4.550
3.573	4.550
3.573	4.550
3.572	4.550
3.572	4.550
3.571	4.550
3.571	4.550
3.570	4.550
3.570	4.550
3.569	4.550
3.569	4.550
3.568	4.550
3.568	4.550
3.567	4.550
3.567	4.550
3.566	4.550
3.566	4.550
3.565	4.550
3.565	4.550
3.564	4.550
3.564	4.550
3.563	4.550
3.563	4.550
3.563	4.550
3.562	4.550
3.562	4.550
3.561	4.550
3.561	4.550
3.560	4.550
3.560	4.550
3.559	4.550
3.559	4.550
3.558	4.550
3.558	4.551
3.557	4.551
3.557	4.551
3.556	4.551
3.556	4.551
3.555	4.551
3.555	4.551
3.554	4.551
3.554	4.551
3.553	4.551
3.553	4.551
3.552	4.551
3.552	4.551
3.551	4.551
3.551	4.552
3.550	4.552
3.550	4.552
3.549	4.552
3.549	4.552
3.548	4.552
3.548	4.552
3.547	4.552
3.547	4.552
3.546	4.552
3.546	4.552
3.545	4.552
3.545	4.552
3.544	4.552
3.544	4.553
3.543	4.553
3.543	4.553
3.542	4.553
3.542	4.553
3.541	4.553
3.541	4.553
3.540	4.553
3.540	4.553
3.539	4.553
3.539	4.553
3.538	4.553
3.538	4.553
3.537	4.553
3.537	4.554
3.536	4.554
3.536	4.554
3.535	4.554
3.535	4.554
3.534	4.554
3.534	4.554
3.533	4.554
3.533	4.554
3.532	4.554
3.532	4.554
3.531	4.554
3.531	4.554
3.530	4.555
3.530	4.555
3.529	4.555
3.529	4.555
3.528	4.555
3.528	4.555
3.527	4.555
3.527	4.555
3.526	4.555
3.526	4.555
3.525	4.555
3.525	4.555
3.524	4.555
3.524	4.555
3.523	4.556
3.523	4.556
3.522	4.556
3.522	4.556
3.521	4.556
3.521	4.556
3.520	4.556
3.520	4.556
3.519	4.556
3.519	4.556
3.518	4.556
3.518	4.556
3.517	4.556
3.517	4.556
3.516	4.557
3.516	4.557
3.515	4.557
3.515	4.557
3.514	4.557
3.514	4.557
3.513	4.557
3.513	4.557
3.512	4.557
3.512	4.557
3.511	4.557
3.511	4.557
3.510	4.557
3.510	4.557
3.509	4.558
3.509	4.558
3.508	4.558
3.508	4.558
3.507	4.558
3.507	4.558
3.506	4.558
3.506	4.558
3.505	4.558
3.505	4.558
3.504	4.558
3.504	4.558
3.503	4.558
3.503	4.558
3.502	4.559
3.502	4.559
3.501	4.559
3.501	4.559
3.500	4.559
3.500	4.559
3.499	4.559
3.499	4.559
3.498	4.559
3.498	4.559
3.497	4.559
3.497	4.559
3.496	4.559
3.496	4.559
3.495	4.560
3.495	4.560
3.494	4.560
3.494	4.560
3.493	4.560
3.493	4.560
3.492	4.560
3.492	4.560
3.491	4.560
3.491	4.560
3.490	4.560
3.490	4.560
3.489	4.560
3.489	4.560
3.488	4.561
3.488	4.561
3.487	4.561
3.487	4.561
3.486	4.561
3.486	4.561
3.485	4.561
3.485	4.561
3.484	4.561
3.484	4.561
3.483	4.561
3.483	4.561
3.482	4.561
3.482	4.561
3.481	4.562
3.481	4.562
3.480	4.562
3.480	4.562
3.479	4.562
3.479	4.562
3.478	4.562
3.478	4.562
3.477	4.562
3.477	4.562
3.476	4.562
3.476	4.562
3.475	4.562
3.475	4.563
3.474	4.563
3.474	4.563
3.473	4.563
3.473	4.563
3.472	4.563
3.472	4.563
3.471	4.563
3.471	4.563
3.470	4.563
3.470	4.563
3.469	4.563
3.469	4.563
3.468	4.563
3.468	4.564
3.467	4.564
3.467	4.564
3.466	4.564
3.466	4.564
3.465	4.564
3.465	4.564
3.464	4.564
3.464	4.564
3.463	4.564
3.463	4.564
3.462	4.564
3.462	4.564
3.461	4.564
3.461	4.565
3.460	4.565
3.460	4.565
3.459	4.565
3.459	4.565
3.458	4.565
3.458	4.565
3.457	4.565
3.457	4.565
3.456	4.565
3.456	4.565
3.455	4.565
3.455	4.565
3.454	4.565
3.454	4.566
3.453	4.566
3.453	4.566
3.452	4.566
3.452	4.566
3.451	4.566
3.451	4.566
3.450	4.566
3.450	4.566
3.449	4.566
3.449	4.566
3.448	4.566
3.448	4.566
3.447	4.566
3.447	4.567
3.446	4.567
3.446	4.567
3.445	4.567
3.445	4.567
3.444	4.567
3.444	4.567
3.443	4.567
3.443	4.567
3.442	4.567
3.442	4.567
3.441	4.567
3.441	4.567
3.440	4.567
3.440	4.568
3.439	4.568
3.439	4.568
3.438	4.568
3.438	4.568
3.437	4.568
3.437	4.568
3.436	4.568
3.436	4.568
3.435	4.568
3.435	4.568
3.434	4.568
3.434	4.568
3.433	4.568
3.433	4.569
3.432	4.569
3.432	4.569
3.431	4.569
3.431	4.569
3.430	4.569
3.430	4.569
3.429	4.569
3.429	4.569
3.428	4.569
3.428	4.569
3.427	4.569
3.427	4.569
3.426	4.569
3.426	4.570
3.425	4.570
3.425	4.570
3.424	4.570
3.424	4.570
3.423	4.570
3.423	4.570
3.422	4.570
3.422	4.570
3.421	4.570
3.421	4.570
3.420	4.570
3.420	4.570
3.419	4.571
3.419	4.571
3.418	4.571
3.418	4.571
3.417	4.571
3.417	4.571
3.416	4.571
3.416	4.571
3.415	4.571
3.415	4.571
3.414	4.571
3.414	4.571
3.413	4.571
3.413	4.571
3.412	4.572
3.412	4.572
3.411	4.572
3.411	4.572
3.410	4.572
3.410	4.572
3.409	4.572
3.409	4.572
3.408	4.572
3.408	4.572
3.407	4.572
3.407	4.572
3.406	4.572
3.406	4.572
3.405	4.573
3.405	4.573
3.404	4.573
3.404	4.573
3.403	4.573
3.403	4.573
3.402	4.573
3.402	4.573
3.401	4.573
3.401	4.573
3.400	4.573
3.400	4.573
3.399	4.573
3.399	4.573
3.398	4.574
3.398	4.574
3.397	4.574
3.397	4.574
3.396	4.574
3.396	4.574
3.395	4.574
3.395	4.574
3.394	4.574
3.394	4.574
3.393	4.574
3.393	4.574
3.392	4.574
3.392	4.574
3.391	4.575
3.391	4.575
3.390	4.575
3.390	4.575
3.389	4.575
3.389	4.575
3.388	4.575
3.388	4.575
3.387	4.575
3.387	4.575
3.386	4.575
3.386	4.575
3.385	4.575
3.385	4.575
3.384	4.576
3.384	4.576
3.383	4.576
3.383	4.576
3.382	4.576
3.382	4.576
3.381	4.576
3.381	4.576
3.380	4.576
3.380	4.576
3.380	4.576
3.379	4.576
3.379	4.576
3.378	4.576
3.378	4.577
3.377	4.577
3.377	4.577
3.376	4.577
3.376	4.577
3.375	4.577
3.375	4.577
3.374	4.577
3.374	4.577
3.373	4.577
3.373	4.577
3.372	4.577
3.372	4.577
3.371	4.577
3.371	4.578
3.370	4.578
3.370	4.578
3.369	4.578
3.369	4.578
3.368	4.578
3.368	4.578
3.367	4.578
3.367	4.578
3.366	4.578
3.366	4.578
3.365	4.578
3.365	4.578
3.364	4.579
3.364	4.579
3.363	4.579
3.363	4.579
3.362	4.579
3.362	4.579
3.361	4.579
3.361	4.579
3.360	4.579
3.360	4.579
3.359	4.579
3.359	4.579
3.358	4.579
3.358	4.579
3.357	4.580
3.357	4.580
3.356	4.580
3.356	4.580
3.355	4.580
3.355	4.580
3.354	4.580
3.354	4.580
3.353	4.580
3.353	4.580
3.352	4.580
3.352	4.580
3.351	4.580
3.351	4.580
3.350	4.581
3.350	4.581
3.349	4.581
3.349	4.581
3.348	4.581
3.348	4.581
3.347	4.581
3.347	4.581
3.347	4.581
3.346	4.581
3.346	4.581
3.345	4.581
3.345	4.582
3.344	4.582
3.344	4.582
3.343	4.582
3.343	4.582
3.342	4.582
3.342	4.582
3.341	4.583
3.341	4.583
3.340	4.583
3.340	4.583
3.339	4.583
3.339	4.583
3.338	4.583
3.338	4.584
3.337	4.584
3.337	4.584
3.336	4.584
3.336	4.584
3.335	4.584
3.335	4.584
3.334	4.585
3.334	4.585
3.333	4.585
3.333	4.585
3.333	4.585
3.332	4.585
3.332	4.585
3.331	4.585
3.331	4.586
3.330	4.586
3.330	4.586
3.329	4.586
3.329	4.586
3.328	4.586
3.328	4.586
3.327	4.587
3.327	4.587
3.326	4.587
3.326	4.587
3.325	4.587
3.325	4.587
3.324	4.587
3.324	4.588
3.323	4.588
3.323	4.588
3.322	4.588
3.322	4.588
3.321	4.588
3.321	4.588
3.320	4.589
3.320	4.589
3.319	4.589
3.319	4.589
3.318	4.589
3.318	4.589
3.317	4.589
3.317	4.590
3.317	4.590
3.316	4.590
3.316	4.590
3.315	4.590
3.315	4.590
3.314	4.590
3.314	4.590
3.313	4.591
3.313	4.591
3.312	4.591
3.312	4.591
3.311	4.591
3.311	4.591
3.310	4.591
3.310	4.592
3.309	4.592
3.309	4.592
3.308	4.592
3.308	4.592
3.307	4.592
3.307	4.592
3.306	4.593
3.306	4.593
3.305	4.593
3.305	4.593
3.304	4.593
3.304	4.593
3.303	4.593
3.303	4.594
3.302	4.594
3.302	4.594
3.301	4.594
3.301	4.594
3.301	4.594
3.300	4.594
3.300	4.595
3.299	4.595
3.299	4.595
3.298	4.595
3.298	4.595
3.297	4.595
3.297	4.595
3.296	4.596
3.296	4.596
3.295	4.596
3.295	4.596
3.294	4.596
3.294	4.596
3.293	4.596
3.293	4.596
3.292	4.597
3.292	4.597
3.291	4.597
3.291	4.597
3.290	4.597
3.290	4.597
3.289	4.597
3.289	4.598
3.288	4.598
3.288	4.598
3.287	4.598
3.287	4.598
3.286	4.598
3.286	4.598
3.285	4.599
3.285	4.599
3.285	4.599
3.284	4.599
3.284	4.599
3.283	4.599
3.283	4.599
3.282	4.600
3.282	4.600
3.281	4.600
3.281	4.600
3.280	4.600
3.280	4.600
3.279	4.600
3.279	4.601
3.278	4.601
3.278	4.601
3.277	4.601
3.277	4.601
3.276	4.601
3.276	4.601
3.275	4.601
3.275	4.602
3.274	4.602
3.274	4.602
3.273	4.602
3.273	4.602
3.272	4.602
3.272	4.602
3.271	4.603
3.271	4.603
3.270	4.603
3.270	4.603
3.269	4.603
3.269	4.603
3.269	4.603
3.268	4.604
3.268	4.604
3.267	4.604
3.267	4.604
3.266	4.604
3.266	4.604
3.265	4.604
3.265	4.605
3.264	4.605
3.264	4.605
3.263	4.605
3.263	4.605
3.262	4.605
3.262	4.605
3.261	4.606
3.261	4.606
3.260	4.606
3.260	4.606
3.259	4.606
3.259	4.606
3.258	4.606
3.258	4.606
3.257	4.607
3.257	4.607
3.256	4.607
3.256	4.607
3.255	4.607
3.255	4.607
3.254	4.607
3.254	4.608
3.253	4.608
3.253	4.608
3.253	4.608
3.252	4.608
3.252	4.608
3.251	4.608
3.251	4.609
3.250	4.609
3.250	4.609
3.249	4.609
3.249	4.609
3.248	4.609
3.248	4.609
3.247	4.610
3.247	4.610
3.246	4.610
3.246	4.610
3.245	4.610
3.245	4.610
3.244	4.610
3.244	4.611
3.243	4.611
3.243	4.611
3.242	4.611
3.242	4.611
3.241	4.611
3.241	4.611
3.240	4.612
3.240	4.612
3.239	4.612
3.239	4.612
3.238	4.612
3.238	4.612
3.237	4.612
3.237	4.612
3.237	4.613
3.236	4.613
3.236	4.613
3.235	4.613
3.235	4.613
3.234	4.613
3.234	4.613
3.233	4.614
3.233	4.614
3.232	4.614
3.232	4.614
3.231	4.614
3.231	4.614
3.230	4.614
3.230	4.615
3.229	4.615
3.229	4.615
3.228	4.615
3.228	4.615
3.227	4.615
3.227	4.615
3.226	4.616
3.226	4.616
3.225	4.616
3.225	4.616
3.224	4.616
3.224	4.616
3.223	4.616
3.223	4.617
3.222	4.617
3.222	4.617
3.221	4.617
3.221	4.617
3.221	4.617
3.220	4.617
3.220	4.617
3.219	4.618
3.219	4.618
3.218	4.618
3.218	4.618
3.217	4.618
3.217	4.618
3.216	4.618
3.216	4.619
3.215	4.619
3.215	4.619
3.214	4.619
3.214	4.619
3.213	4.619
3.213	4.619
3.212	4.620
3.212	4.620
3.211	4.620
3.211	4.620
3.210	4.620
3.210	4.620
3.209	4.620
3.209	4.621
3.208	4.621
3.208	4.621
3.207	4.621
3.207	4.621
3.206	4.621
3.206	4.621
3.205	4.622
3.205	4.622
3.205	4.622
3.204	4.622
3.204	4.622
3.203	4.622
3.203	4.622
3.202	4.623
3.202	4.623
3.201	4.623
3.201	4.623
3.200	4.623
3.200	4.623
3.199	4.623
3.199	4.623
3.198	4.624
3.198	4.624
3.197	4.624
3.197	4.624
3.196	4.624
3.196	4.624
3.195	4.624
3.195	4.625
3.194	4.625
3.194	4.625
3.193	4.625
3.193	4.625
3.192	4.625
3.192	4.625
3.191	4.626
3.191	4.626
3.190	4.626
3.190	4.626
3.189	4.626
3.189	4.626
3.189	4.626
3.189	4.626
3.188	4.627
3.188	4.627
3.187	4.627
3.187	4.627
3.186	4.627
3.186	4.628
3.185	4.628
3.185	4.628
3.184	4.628
3.184	4.628
3.183	4.629
3.183	4.629
3.183	4.629
3.182	4.629
3.182	4.629
3.181	4.630
3.181	4.630
3.180	4.630
3.180	4.630
3.179	4.630
3.179	4.631
3.178	4.631
3.178	4.631
3.177	4.631
3.177	4.631
3.177	4.632
3.176	4.632
3.176	4.632
3.175	4.632
3.175	4.633
3.174	4.633
3.174	4.633
3.173	4.633
3.173	4.633
3.172	4.634
3.172	4.634
3.171	4.634
3.171	4.634
3.171	4.634
3.170	4.635
3.170	4.635
3.169	4.635
3.169	4.635
3.168	4.635
3.168	4.636
3.167	4.636
3.167	4.636
3.166	4.636
3.166	4.636
3.165	4.637
3.165	4.637
3.165	4.637
3.164	4.637
3.164	4.637
3.163	4.638
3.163	4.638
3.162	4.638
3.162	4.638
3.161	4.638
3.161	4.639
3.160	4.639
3.160	4.639
3.159	4.639
3.159	4.639
3.159	4.640
3.158	4.640
3.158	4.640
3.157	4.640
3.157	4.640
3.156	4.641
3.156	4.641
3.155	4.641
3.155	4.641
3.154	4.641
3.154	4.642
3.153	4.642
3.153	4.642
3.153	4.642
3.152	4.642
3.152	4.643
3.151	4.643
3.151	4.643
3.150	4.643
3.150	4.643
3.149	4.644
3.149	4.644
3.148	4.644
3.148	4.644
3.147	4.644
3.147	4.645
3.147	4.645
3.146	4.645
3.146	4.645
3.145	4.645
3.145	4.646
3.144	4.646
3.144	4.646
3.143	4.646
3.143	4.646
3.142	4.647
3.142	4.647
3.141	4.647
3.141	4.647
3.141	4.647
3.140	4.648
3.140	4.648
3.139	4.648
3.139	4.648
3.138	4.648
3.138	4.649
3.137	4.649
3.137	4.649
3.136	4.649
3.136	4.649
3.135	4.650
3.135	4.650
3.135	4.650
3.134	4.650
3.134	4.650
3.133	4.651
3.133	4.651
3.132	4.651
3.132	4.651
3.131	4.651
3.131	4.652
3.130	4.652
3.130	4.652
3.129	4.652
3.129	4.652
3.129	4.653
3.128	4.653
3.128	4.653
3.127	4.653
3.127	4.653
3.126	4.654
3.126	4.654
3.125	4.654
3.125	4.654
3.124	4.654
3.124	4.655
3.123	4.655
3.123	4.655
3.123	4.655
3.122	4.655
3.122	4.656
3.121	4.656
3.121	4.656
3.120	4.656
3.120	4.656
3.119	4.657
3.119	4.657
3.118	4.657
3.118	4.657
3.117	4.657
3.117	4.658
3.117	4.658
3.116	4.658
3.116	4.658
3.115	4.658
3.115	4.659
3.114	4.659
3.114	4.659
3.113	4.659
3.113	4.659
3.112	4.660
3.112	4.660
3.111	4.660
3.111	4.660
3.111	4.660
3.110	4.661
3.110	4.661
3.109	4.661
3.109	4.661
3.108	4.661
3.108	4.662
3.107	4.662
3.107	4.662
3.106	4.662
3.106	4.663
3.105	4.663
3.105	4.663
3.105	4.663
3.104	4.663
3.104	4.664
3.103	4.664
3.103	4.664
3.102	4.664
3.102	4.664
3.101	4.665
3.101	4.665
3.100	4.665
3.100	4.665
3.099	4.665
3.099	4.666
3.099	4.666
3.098	4.666
3.098	4.666
3.097	4.666
3.097	4.667
3.096	4.667
3.096	4.667
3.095	4.667
3.095	4.667
3.094	4.668
3.094	4.668
3.093	4.668
3.093	4.668
3.093	4.668
3.092	4.669
3.092	4.669
3.091	4.669
3.091	4.669
3.090	4.669
3.090	4.670
3.089	4.670
3.089	4.670
3.088	4.670
3.088	4.670
3.087	4.671
3.087	4.671
3.087	4.671
3.086	4.671
3.086	4.671
3.085	4.672
3.085	4.672
3.084	4.672
3.084	4.672
3.083	4.672
3.083	4.673
3.082	4.673
3.082	4.673
3.081	4.673
3.081	4.673
3.081	4.674
3.080	4.674
3.080	4.674
3.079	4.674
3.079	4.674
3.078	4.675
3.078	4.675
3.077	4.675
3.077	4.675
3.076	4.675
3.076	4.676
3.075	4.676
3.075	4.676
3.075	4.676
3.074	4.676
3.074	4.677
3.073	4.677
3.073	4.677
3.072	4.677
3.072	4.677
3.071	4.678
3.071	4.678
3.070	4.678
3.070	4.678
3.069	4.678
3.069	4.679
3.069	4.679
3.068	4.679
3.068	4.679
3.067	4.679
3.067	4.680
3.066	4.680
3.066	4.680
3.065	4.680
3.065	4.680
3.064	4.681
3.064	4.681
3.063	4.681
3.063	4.681
3.063	4.681
3.062	4.682
3.062	4.682
3.061	4.682
3.061	4.682
3.060	4.682
3.060	4.683
3.059	4.683
3.059	4.683
3.058	4.683
3.058	4.683
3.057	4.684
3.057	4.684
3.057	4.684
3.056	4.684
3.056	4.684
3.055	4.685
3.055	4.685
3.054	4.685
3.054	4.685
3.053	4.685
3.053	4.686
3.052	4.686
3.052	4.686
3.051	4.686
3.051	4.686
3.051	4.687
3.050	4.687
3.050	4.687
3.049	4.687
3.049	4.687
3.048	4.688
3.048	4.688
3.047	4.688
3.047	4.688
3.046	4.688
3.046	4.689
3.045	4.689
3.045	4.689
3.045	4.689
3.044	4.689
3.044	4.690
3.043	4.690
3.043	4.690
3.042	4.690
3.042	4.690
3.041	4.691
3.041	4.691
3.040	4.691
3.040	4.691
3.039	4.691
3.039	4.692
3.039	4.692
3.038	4.692
3.038	4.692
3.037	4.693
3.037	4.693
3.036	4.693
3.036	4.693
3.036	4.693
3.035	4.693
3.035	4.694
3.034	4.694
3.034	4.694
3.034	4.694
3.033	4.695
3.033	4.695
3.032	4.695
3.032	4.695
3.031	4.696
3.031	4.696
3.030	4.696
3.030	4.696
3.030	4.697
3.029	4.697
3.029	4.697
3.028	4.697
3.028	4.698
3.027	4.698
3.027	4.698
3.026	4.698
3.026	4.698
3.026	4.699
3.025	4.699
3.025	4.699
3.024	4.699
3.024	4.700
3.023	4.700
3.023	4.700
3.023	4.700
3.022	4.701
3.022	4.701
3.021	4.701
3.021	4.701
3.020	4.702
3.020	4.702
3.019	4.702
3.019	4.702
3.019	4.703
3.018	4.703
3.018	4.703
3.017	4.703
3.017	4.704
3.016	4.704
3.016	4.704
3.015	4.704
3.015	4.705
3.015	4.705
3.014	4.705
3.014	4.705
3.013	4.706
3.013	4.706
3.012	4.706
3.012	4.706
3.012	4.707
3.011	4.707
3.011	4.707
3.010	4.707
3.010	4.708
3.009	4.708
3.009	4.708
3.008	4.708
3.008	4.708
3.008	4.709
3.007	4.709
3.007	4.709
3.006	4.709
3.006	4.710
3.005	4.710
3.005	4.710
3.004	4.710
3.004	4.711
3.004	4.711
3.003	4.711
3.003	4.711
3.002	4.712
3.002	4.712
3.001	4.712
3.001	4.712
3.001	4.713
3.000	4.713
3.000	4.713
2.999	4.713
2.999	4.714
2.998	4.714
2.998	4.714
2.997	4.714
2.997	4.715
2.997	4.715
2.996	4.715
2.996	4.715
2.995	4.716
2.995	4.716
2.994	4.716
2.994	4.716
2.993	4.717
2.993	4.717
2.993	4.717
2.992	4.717
2.992	4.718
2.991	4.718
2.991	4.718
2.990	4.718
2.990	4.718
2.989	4.719
2.989	4.719
2.989	4.719
2.988	4.719
2.988	4.720
2.987	4.720
2.987	4.720
2.986	4.720
2.986	4.721
2.986	4.721
2.985	4.721
2.985	4.721
2.984	4.722
2.984	4.722
2.983	4.722
2.983	4.722
2.982	4.723
2.982	4.723
2.982	4.723
2.981	4.723
2.981	4.724
2.980	4.724
2.980	4.724
2.979	4.724
2.979	4.725
2.978	4.725
2.978	4.725
2.978	4.725
2.977	4.726
2.977	4.726
2.976	4.726
2.976	4.726
2.975	4.727
2.975	4.727
2.975	4.727
2.974	4.727
2.974	4.728
2.973	4.728
2.973	4.728
2.972	4.728
2.972	4.728
2.971	4.729
2.971	4.729
2.971	4.729
2.970	4.729
2.970	4.730
2.969	4.730
2.969	4.730
2.968	4.730
2.968	4.731
2.967	4.731
2.967	4.731
2.967	4.731
2.966	4.732
2.966	4.732
2.965	4.732
2.965	4.732
2.964	4.733
2.964	4.733
2.964	4.733
2.963	4.733
2.963	4.734
2.962	4.734
2.962	4.734
2.961	4.734
2.961	4.735
2.960	4.735
2.960	4.735
2.960	4.735
2.959	4.736
2.959	4.736
2.958	4.736
2.958	4.736
2.957	4.737
2.957	4.737
2.956	4.737
2.956	4.737
2.956	4.738
2.955	4.738
2.955	4.738
2.954	4.738
2.954	4.739
2.953	4.739
2.953	4.739
2.952	4.739
2.952	4.739
2.952	4.740
2.951	4.740
2.951	4.740
2.950	4.740
2.950	4.741
2.949	4.741
2.949	4.741
2.949	4.741
2.948	4.742
2.948	4.742
2.947	4.742
2.947	4.742
2.946	4.743
2.946	4.743
2.945	4.743
2.945	4.743
2.945	4.744
2.944	4.744
2.944	4.744
2.943	4.744
2.943	4.745
2.942	4.745
2.942	4.745
2.941	4.745
2.941	4.746
2.941	4.746
2.940	4.746
2.940	4.746
2.939	4.747
2.939	4.747
2.938	4.747
2.938	4.747
2.938	4.748
2.937	4.748
2.937	4.748
2.936	4.748
2.936	4.749
2.935	4.749
2.935	4.749
2.934	4.749
2.934	4.749
2.934	4.750
2.933	4.750
2.933	4.750
2.932	4.750
2.932	4.751
2.931	4.751
2.931	4.751
2.930	4.751
2.930	4.752
2.930	4.752
2.929	4.752
2.929	4.752
2.928	4.753
2.928	4.753
2.927	4.753
2.927	4.753
2.927	4.754
2.926	4.754
2.926	4.754
2.925	4.754
2.925	4.755
2.924	4.755
2.924	4.755
2.923	4.755
2.923	4.756
2.923	4.756
2.922	4.756
2.922	4.756
2.921	4.757
2.921	4.757
2.920	4.757
2.920	4.757
2.919	4.758
2.919	4.758
2.919	4.758
2.918	4.758
2.918	4.759
2.917	4.759
2.917	4.759
2.916	4.759
2.916	4.759
2.915	4.760
2.915	4.760
2.915	4.760
2.914	4.760
2.914	4.761
2.913	4.761
2.913	4.761
2.912	4.761
2.912	4.762
2.912	4.762
2.911	4.762
2.911	4.762
2.910	4.763
2.910	4.763
2.909	4.763
2.909	4.763
2.908	4.764
2.908	4.764
2.908	4.764
2.907	4.764
2.907	4.765
2.906	4.765
2.906	4.765
2.905	4.765
2.905	4.766
2.904	4.766
2.904	4.766
2.904	4.766
2.903	4.767
2.903	4.767
2.902	4.767
2.902	4.767
2.901	4.768
2.901	4.768
2.901	4.768
2.900	4.768
2.900	4.769
2.899	4.769
2.899	4.769
2.898	4.769
2.898	4.770
2.897	4.770
2.897	4.770
2.897	4.770
2.896	4.770
2.896	4.771
2.895	4.771
2.895	4.771
2.894	4.771
2.894	4.772
2.893	4.772
2.893	4.772
2.893	4.772
2.892	4.773
2.892	4.773
2.891	4.773
2.891	4.773
2.890	4.774
2.890	4.774
2.890	4.774
2.889	4.774
2.889	4.775
2.888	4.775
2.888	4.775
2.887	4.775
2.887	4.776
2.886	4.776
2.886	4.776
2.886	4.776
2.885	4.777
2.885	4.777
2.884	4.777
2.884	4.777
2.883	4.778
2.883	4.778
2.882	4.778
2.882	4.778
2.882	4.779
2.881	4.779
2.881	4.779
2.880	4.779
2.880	4.780
2.879	4.780
2.879	4.780
2.879	4.780
2.878	4.780
2.878	4.781
2.877	4.781
2.877	4.781
2.876	4.781
2.876	4.782
2.875	4.782
2.875	4.782
2.875	4.782
2.874	4.783
2.874	4.783
2.873	4.783
2.873	4.783
2.872	4.784
2.872	4.784
2.871	4.784
2.871	4.784
2.871	4.785
2.870	4.785
2.870	4.785
2.869	4.785
2.869	4.786
2.868	4.786
2.868	4.786
2.867	4.786
2.867	4.787
2.867	4.787
2.866	4.787
2.866	4.787
2.865	4.788
2.865	4.788
2.864	4.788
2.864	4.788
2.864	4.789
2.863	4.789
2.863	4.789
2.862	4.789
2.862	4.790
2.861	4.790
2.861	4.790
2.860	4.790
2.860	4.790
2.860	4.791
2.859	4.791
2.859	4.791
2.858	4.791
2.858	4.792
2.857	4.792
2.857	4.792
2.856	4.792
2.856	4.793
2.856	4.793
2.855	4.793
2.855	4.793
2.854	4.794
2.854	4.794
2.853	4.794
2.853	4.794
2.853	4.795
2.852	4.795
2.852	4.795
2.851	4.795
2.851	4.796
2.850	4.796
2.850	4.796
2.849	4.796
2.849	4.797
2.849	4.797
2.848	4.797
2.848	4.797
2.847	4.798
2.847	4.798
2.846	4.798
2.846	4.798
2.845	4.799
2.845	4.799
2.845	4.799
2.844	4.799
2.844	4.800
2.843	4.800
2.843	4.800
2.842	4.800
2.842	4.800
2.842	4.801
2.841	4.801
2.841	4.801
2.840	4.801
2.840	4.802
2.839	4.802
2.839	4.802
2.838	4.802
2.838	4.803
2.838	4.803
2.837	4.803
2.837	4.803
2.836	4.804
2.836	4.804
2.835	4.804
2.835	4.804
2.834	4.805
2.834	4.805
2.834	4.805
2.833	4.805
2.833	4.806
2.832	4.806
2.832	4.806
2.831	4.806
2.831	4.807
2.830	4.807
2.830	4.807
2.830	4.807
2.829	4.808
2.829	4.808
2.828	4.808
2.828	4.808
2.827	4.809
2.827	4.809
2.827	4.809
2.826	4.809
2.826	4.810
2.825	4.810
2.825	4.810
2.824	4.810
2.824	4.811
2.823	4.811
2.823	4.811
2.823	4.811
2.822	4.811
2.822	4.812
2.821	4.812
2.821	4.812
2.820	4.812
2.820	4.813
2.819	4.813
2.819	4.813
2.819	4.813
2.818	4.814
2.818	4.814
2.817	4.814
2.817	4.814
2.817	4.814
2.816	4.815
2.816	4.815
2.816	4.815
2.815	4.815
2.815	4.816
2.814	4.816
2.814	4.816
2.813	4.816
2.813	4.817
2.813	4.817
2.812	4.817
2.812	4.818
2.811	4.818
2.811	4.818
2.810	4.818
2.810	4.819
2.810	4.819
2.809	4.819
2.809	4.819
2.808	4.820
2.808	4.820
2.807	4.820
2.807	4.820
2.806	4.821
2.806	4.821
2.806	4.821
2.805	4.821
2.805	4.822
2.804	4.822
2.804	4.822
2.803	4.822
2.803	4.823
2.803	4.823
2.802	4.823
2.802	4.824
2.801	4.824
2.801	4.824
2.800	4.824
2.800	4.825
2.800	4.825
2.799	4.825
2.799	4.825
2.798	4.826
2.798	4.826
2.797	4.826
2.797	4.826
2.797	4.827
2.796	4.827
2.796	4.827
2.795	4.827
2.795	4.828
2.794	4.828
2.794	4.828
2.794	4.828
2.793	4.829
2.793	4.829
2.792	4.829
2.792	4.829
2.791	4.830
2.791	4.830
2.790	4.830
2.790	4.831
2.790	4.831
2.789	4.831
2.789	4.831
2.788	4.832
2.788	4.832
2.787	4.832
2.787	4.832
2.787	4.833
2.786	4.833
2.786	4.833
2.785	4.833
2.785	4.834
2.784	4.834
2.784	4.834
2.784	4.834
2.783	4.835
2.783	4.835
2.782	4.835
2.782	4.835
2.781	4.836
2.781	4.836
2.781	4.836
2.780	4.836
2.780	4.837
2.779	4.837
2.779	4.837
2.778	4.838
2.778	4.838
2.778	4.838
2.777	4.838
2.777	4.839
2.776	4.839
2.776	4.839
2.775	4.839
2.775	4.840
2.775	4.840
2.774	4.840
2.774	4.840
2.773	4.841
2.773	4.841
2.772	4.841
2.772	4.841
2.771	4.842
2.771	4.842
2.771	4.842
2.770	4.842
2.770	4.843
2.769	4.843
2.769	4.843
2.768	4.843
2.768	4.844
2.768	4.844
2.767	4.844
2.767	4.845
2.766	4.845
2.766	4.845
2.765	4.845
2.765	4.846
2.765	4.846
2.764	4.846
2.764	4.846
2.763	4.847
2.763	4.847
2.762	4.847
2.762	4.847
2.762	4.848
2.761	4.848
2.761	4.848
2.760	4.848
2.760	4.849
2.759	4.849
2.759	4.849
2.759	4.849
2.758	4.850
2.758	4.850
2.757	4.850
2.757	4.850
2.756	4.851
2.756	4.851
2.756	4.851
2.755	4.852
2.755	4.852
2.754	4.852
2.754	4.852
2.753	4.853
2.753	4.853
2.752	4.853
2.752	4.853
2.752	4.854
2.751	4.854
2.751	4.854
2.750	4.854
2.750	4.855
2.749	4.855
2.749	4.855
2.749	4.855
2.748	4.856
2.748	4.856
2.747	4.856
2.747	4.856
2.746	4.857
2.746	4.857
2.746	4.857
2.745	4.857
2.745	4.858
2.744	4.858
2.744	4.858
2.743	4.859
2.743	4.859
2.743	4.859
2.742	4.859
2.742	4.860
2.741	4.860
2.741	4.860
2.740	4.860
2.740	4.861
2.740	4.861
2.739	4.861
2.739	4.861
2.738	4.862
2.738	4.862
2.737	4.862
2.737	4.862
2.737	4.863
2.736	4.863
2.736	4.863
2.735	4.863
2.735	4.864
2.734	4.864
2.734	4.864
2.733	4.864
2.733	4.865
2.733	4.865
2.732	4.865
2.732	4.866
2.731	4.866
2.731	4.866
2.730	4.866
2.730	4.867
2.730	4.867
2.729	4.867
2.729	4.867
2.728	4.868
2.728	4.868
2.727	4.868
2.727	4.868
2.727	4.869
2.726	4.869
2.726	4.869
2.725	4.869
2.725	4.870
2.724	4.870
2.724	4.870
2.724	4.870
2.723	4.871
2.723	4.871
2.722	4.871
2.722	4.871
2.721	4.872
2.721	4.872
2.721	4.872
2.720	4.873
2.720	4.873
2.719	4.873
2.719	4.873
2.718	4.874
2.718	4.874
2.717	4.874
2.717	4.874
2.717	4.875
2.716	4.875
2.716	4.875
2.715	4.875
2.715	4.876
2.714	4.876
2.714	4.876
2.714	4.876
2.713	4.877
2.713	4.877
2.712	4.877
2.712	4.877
2.711	4.878
2.711	4.878
2.711	4.878
2.710	4.878
2.710	4.879
2.709	4.879
2.709	4.879
2.708	4.880
2.708	4.880
2.708	4.880
2.707	4.880
2.707	4.881
2.706	4.881
2.706	4.881
2.705	4.881
2.705	4.882
2.705	4.882
2.704	4.882
2.704	4.882
2.703	4.883
2.703	4.883
2.702	4.883
2.702	4.883
2.702	4.884
2.701	4.884
2.701	4.884
2.700	4.884
2.700	4.885
2.699	4.885
2.699	4.885
2.698	4.885
2.698	4.886
2.698	4.886
2.697	4.886
2.697	4.887
2.696	4.887
2.696	4.887
2.695	4.887
2.695	4.888
2.695	4.888
2.694	4.888
2.694	4.888
2.693	4.889
2.693	4.889
2.692	4.889
2.692	4.889
2.692	4.890
2.691	4.890
2.691	4.890
2.690	4.890
2.690	4.891
2.689	4.891
2.689	4.891
2.689	4.891
2.688	4.892
2.688	4.892
2.687	4.892
2.687	4.892
2.686	4.893
2.686	4.893
2.686	4.893
2.685	4.894
2.685	4.894
2.684	4.894
2.684	4.894
2.683	4.895
2.683	4.895
2.683	4.895
2.682	4.895
2.682	4.896
2.681	4.896
2.681	4.896
2.680	4.896
2.680	4.897
2.679	4.897
2.679	4.897
2.679	4.897
2.678	4.898
2.678	4.898
2.677	4.898
2.677	4.898
2.676	4.899
2.676	4.899
2.676	4.899
2.675	4.899
2.675	4.900
2.674	4.900
2.674	4.900
2.673	4.901
2.673	4.901
2.673	4.901
2.672	4.901
2.672	4.902
2.671	4.902
2.671	4.902
2.670	4.902
2.670	4.903
2.670	4.903
2.669	4.903
2.669	4.903
2.668	4.904
2.668	4.904
2.667	4.904
2.667	4.904
2.667	4.905
2.666	4.905
2.666	4.905
2.665	4.905
2.665	4.906
2.664	4.906
2.664	4.906
2.663	4.907
2.663	4.907
2.663	4.907
2.662	4.907
2.662	4.908
2.661	4.908
2.661	4.908
2.660	4.908
2.660	4.909
2.660	4.909
2.659	4.909
2.659	4.909
2.658	4.910
2.658	4.910
2.657	4.910
2.657	4.910
2.657	4.911
2.656	4.911
2.656	4.911
2.655	4.911
2.655	4.912
2.654	4.912
2.654	4.912
2.654	4.912
2.653	4.913
2.653	4.913
2.652	4.913
2.652	4.914
2.651	4.914
2.651	4.914
2.651	4.914
2.650	4.915
2.650	4.915
2.649	4.915
2.649	4.915
2.648	4.916
2.648	4.916
2.648	4.916
2.647	4.916
2.647	4.917
2.646	4.917
2.646	4.917
2.645	4.917
2.645	4.918
2.644	4.918
2.644	4.918
2.644	4.918
2.643	4.919
2.643	4.919
2.642	4.919
2.642	4.919
2.641	4.920
2.641	4.920
2.641	4.920
2.640	4.921
2.640	4.921
2.639	4.921
2.639	4.921
2.638	4.922
2.638	4.922
2.638	4.922
2.637	4.922
2.637	4.923
2.636	4.923
2.636	4.923
2.635	4.923
2.635	4.924
2.635	4.924
2.634	4.924
2.634	4.924
2.633	4.925
2.633	4.925
2.632	4.925
2.632	4.925
2.632	4.926
2.631	4.926
2.631	4.926
2.630	4.926
2.630	4.927
2.629	4.927
2.629	4.927
2.629	4.928
2.628	4.928
2.628	4.928
2.627	4.928
2.627	4.929
2.626	4.929
2.626	4.929
2.625	4.929
2.625	4.930
2.625	4.930
2.624	4.930
2.624	4.930
2.623	4.931
2.623	4.931
2.622	4.931
2.622	4.931
2.622	4.932
2.621	4.932
2.621	4.932
2.620	4.932
2.620	4.933
2.619	4.933
2.619	4.933
2.619	4.933
2.618	4.934
2.618	4.934
2.617	4.934
2.617	4.935
2.616	4.935
2.616	4.935
2.616	4.935
2.615	4.936
2.615	4.936
2.614	4.936
2.614	4.936
2.613	4.937
2.613	4.937
2.613	4.937
2.612	4.937
2.612	4.938
2.611	4.938
2.611	4.938
2.610	4.938
2.610	4.939
2.609	4.939
2.609	4.939
2.609	4.939
2.608	4.940
2.608	4.940
2.607	4.940
2.607	4.940
2.606	4.941
2.606	4.941
2.606	4.941
2.605	4.942
2.605	4.942
2.604	4.942
2.604	4.942
2.603	4.943
2.603	4.943
2.603	4.943
2.602	4.943
2.602	4.944
2.601	4.944
2.601	4.944
2.600	4.944
2.600	4.945
2.600	4.945
2.599	4.945
2.599	4.945
2.598	4.946
2.598	4.946
2.597	4.946
2.597	4.946
2.597	4.947
2.596	4.947
2.596	4.947
2.595	4.947
2.595	4.948
2.594	4.948
2.594	4.948
2.594	4.949
2.593	4.949
2.593	4.949
2.592	4.949
2.592	4.950
2.591	4.950
2.591	4.950
2.590	4.950
2.590	4.951
2.590	4.951
2.589	4.951
2.589	4.951
2.588	4.952
2.588	4.952
2.587	4.952
2.587	4.952
2.587	4.953
2.586	4.953
2.586	4.953
2.585	4.953
2.585	4.954
2.584	4.954
2.584	4.954
2.584	4.954
2.583	4.955
2.583	4.955
2.582	4.955
2.582	4.956
2.581	4.956
2.581	4.956
2.581	4.956
2.580	4.957
2.580	4.957
2.579	4.957
2.579	4.957
2.578	4.958
2.578	4.958
2.578	4.958
2.577	4.958
2.577	4.959
2.576	4.959
2.576	4.959
2.575	4.959
2.575	4.960
2.575	4.960
2.574	4.960
2.574	4.960
2.573	4.961
2.573	4.961
2.572	4.961
2.572	4.961
2.571	4.962
2.571	4.962
2.571	4.962
2.570	4.963
2.570	4.963
2.569	4.963
2.569	4.963
2.568	4.964
2.568	4.964
2.568	4.964
2.567	4.964
2.567	4.965
2.566	4.965
2.566	4.965
2.565	4.965
2.565	4.966
2.565	4.966
2.564	4.966
2.564	4.966
2.563	4.967
2.563	4.967
2.562	4.967
2.562	4.967
2.562	4.968
2.561	4.968
2.561	4.968
2.560	4.968
2.560	4.969
2.559	4.969
2.559	4.969
2.559	4.970
2.558	4.970
2.558	4.970
2.557	4.970
2.557	4.971
2.556	4.971
2.556	4.971
2.556	4.971
2.555	4.972
2.555	4.972
2.554	4.972
2.554	4.972
2.553	4.973
2.553	4.973
2.552	4.973
2.552	4.973
2.552	4.974
2.551	4.974
2.551	4.974
2.550	4.974
2.550	4.975
2.549	4.975
2.549	4.975
2.549	4.975
2.548	4.976
2.548	4.976
2.547	4.976
2.547	4.977
2.546	4.977
2.546	4.977
2.546	4.977
2.545	4.978
2.545	4.978
2.544	4.978
2.544	4.978
2.543	4.979
2.543	4.979
2.543	4.979
2.542	4.979
2.542	4.980
2.541	4.980
2.541	4.980
2.540	4.980
2.540	4.981
2.540	4.981
2.539	4.981
2.539	4.981
2.538	4.982
2.538	4.982
2.537	4.982
2.537	4.982
2.536	4.983
2.536	4.983
2.536	4.983
2.535	4.984
2.535	4.984
2.534	4.984
2.534	4.984
2.533	4.985
2.533	4.985
2.533	4.985
2.532	4.985
2.532	4.986
2.531	4.986
2.531	4.986
2.530	4.986
2.530	4.987
2.530	4.987
2.529	4.987
2.529	4.987
2.528	4.988
2.528	4.988
2.527	4.988
2.527	4.988
2.527	4.989
2.526	4.989
2.526	4.989
2.525	4.990
2.525	4.990
2.524	4.990
2.524	4.990
2.524	4.991
2.523	4.991
2.523	4.991
2.522	4.991
2.522	4.992
2.521	4.992
2.521	4.992
2.521	4.992
2.520	4.993
2.520	4.993
2.519	4.993
2.519	4.993
2.518	4.994
2.518	4.994
2.517	4.994
2.517	4.994
2.517	4.995
2.516	4.995
2.516	4.995
2.515	4.995
2.515	4.996
2.514	4.996
2.514	4.996
2.514	4.997
2.513	4.997
2.513	4.997
2.512	4.997
2.512	4.998
2.511	4.998
2.511	4.998
2.511	4.998
2.510	4.999
2.510	4.999
2.509	4.999
2.509	4.999
2.508	5.000
2.508	5.000
2.508	5.000
2.507	5.000
2.507	5.001
2.506	5.001
2.506	5.001
2.505	5.001
2.505	5.002
2.505	5.002
2.504	5.002
2.504	5.002
2.503	5.003
2.503	5.003
2.502	5.003
2.502	5.004
2.502	5.004
2.501	5.004
2.501	5.004
2.500	5.005
2.500	5.005
2.499	5.005
2.499	5.005
2.498	5.006
2.498	5.006
2.498	5.006
2.497	5.006
2.497	5.007
2.496	5.007
2.496	5.007
2.495	5.007
2.495	5.008
2.495	5.008
2.494	5.008
2.494	5.008
2.493	5.009
2.493	5.009
2.492	5.009
2.492	5.009
2.492	5.010
2.491	5.010
2.491	5.010
2.490	5.011
2.490	5.011
2.489	5.011
2.489	5.011
2.489	5.012
2.488	5.012
2.488	5.012
2.487	5.012
2.487	5.013
2.486	5.013
2.486	5.013
2.486	5.013
2.485	5.014
2.485	5.014
2.484	5.014
2.484	5.014
2.483	5.015
2.483	5.015
2.482	5.015
2.482	5.015
2.482	5.016
2.481	5.016
2.481	5.016
2.480	5.016
2.480	5.017
2.479	5.017
2.479	5.017
2.479	5.018
2.478	5.018
2.478	5.018
2.477	5.018
2.477	5.019
2.476	5.019
2.476	5.019
2.476	5.019
2.475	5.020
2.475	5.020
2.474	5.020
2.474	5.020
2.473	5.021
2.473	5.021
2.473	5.021
2.472	5.021
2.472	5.022
2.471	5.022
2.471	5.022
2.470	5.022
2.470	5.023
2.470	5.023
2.469	5.023
2.469	5.023
2.468	5.024
2.468	5.024
2.467	5.024
2.467	5.025
2.467	5.025
2.466	5.025
2.466	5.025
2.465	5.026
2.465	5.026
2.464	5.026
2.464	5.026
2.463	5.027
2.463	5.027
2.463	5.027
2.462	5.027
2.462	5.028
2.461	5.028
2.461	5.028
2.460	5.028
2.460	5.029
2.460	5.029
2.459	5.029
2.459	5.029
2.458	5.030
2.458	5.030
2.457	5.030
2.457	5.030
2.457	5.031
2.456	5.031
2.456	5.031
2.455	5.032
2.455	5.032
2.454	5.032
2.454	5.032
2.454	5.033
2.453	5.033
2.453	5.033
2.452	5.033
2.452	5.034
2.451	5.034
2.451	5.034
2.451	5.034
2.450	5.035
2.450	5.035
2.449	5.035
2.449	5.035
2.448	5.036
2.448	5.036
2.448	5.036
2.447	5.036
2.447	5.037
2.446	5.037
2.446	5.037
2.445	5.037
2.445	5.038
2.444	5.038
2.444	5.038
2.444	5.039
2.443	5.039
2.443	5.039
2.442	5.039
2.442	5.040
2.441	5.040
2.441	5.040
2.441	5.040
2.440	5.041
2.440	5.041
2.439	5.041
2.439	5.041
2.438	5.042
2.438	5.042
2.438	5.042
2.437	5.042
2.437	5.043
2.436	5.043
2.436	5.043
2.435	5.043
2.435	5.044
2.435	5.044
2.434	5.044
2.434	5.044
2.433	5.045
2.433	5.045
2.432	5.045
2.432	5.046
2.432	5.046
2.431	5.046
2.431	5.046
2.430	5.047
2.430	5.047
2.429	5.047
2.429	5.047
2.429	5.048
2.428	5.048
2.428	5.048
2.427	5.048
2.427	5.049
2.426	5.049
2.426	5.049
2.425	5.049
2.425	5.050
2.425	5.050
2.424	5.050
2.424	5.050
2.423	5.051
2.423	5.051
2.422	5.051
2.422	5.051
2.422	5.052
2.421	5.052
2.421	5.052
2.420	5.053
2.420	5.053
2.419	5.053
2.419	5.053
2.419	5.054
2.418	5.054
2.418	5.054
2.417	5.054
2.417	5.055
2.416	5.055
2.416	5.055
2.416	5.055
2.415	5.056
2.415	5.056
2.414	5.056
2.414	5.056
2.413	5.057
2.413	5.057
2.413	5.057
2.412	5.057
2.412	5.058
2.411	5.058
2.411	5.058
2.410	5.058
2.410	5.059
2.409	5.059
2.409	5.059
2.409	5.060
2.408	5.060
2.408	5.060
2.407	5.060
2.407	5.061
2.406	5.061
2.406	5.061
2.406	5.061
2.405	5.062
2.405	5.062
2.404	5.062
2.404	5.062
2.403	5.063
2.403	5.063
2.403	5.063
2.402	5.063
2.402	5.064
2.401	5.064
2.401	5.064
2.400	5.064
2.400	5.065
2.400	5.065
2.399	5.065
2.399	5.065
2.398	5.066
2.398	5.066
2.397	5.066
2.397	5.067
2.397	5.067
2.396	5.067
2.396	5.067
2.395	5.068
2.395	5.068
2.394	5.068
2.394	5.068
2.394	5.069
2.393	5.069
2.393	5.069
2.392	5.069
2.392	5.070
2.391	5.070
2.391	5.070
2.390	5.070
2.390	5.071
2.390	5.071
2.389	5.071
2.389	5.071
2.388	5.072
2.388	5.072
2.387	5.072
2.387	5.073
2.387	5.073
2.386	5.073
2.386	5.073
2.385	5.074
2.385	5.074
2.384	5.074
2.384	5.074
2.384	5.075
2.383	5.075
2.383	5.075
2.382	5.075
2.382	5.076
2.381	5.076
2.381	5.076
2.381	5.076
2.380	5.077
2.380	5.077
2.379	5.077
2.379	5.077
2.378	5.078
2.378	5.078
2.378	5.078
2.377	5.078
2.377	5.079
2.376	5.079
2.376	5.079
2.375	5.080
2.375	5.080
2.375	5.080
2.374	5.080
2.374	5.081
2.373	5.081
2.373	5.081
2.372	5.081
2.372	5.082
2.371	5.082
2.371	5.082
2.371	5.082
2.370	5.083
2.370	5.083
2.369	5.083
2.369	5.083
2.368	5.084
2.368	5.084
2.368	5.084
2.367	5.084
2.367	5.085
2.366	5.085
2.366	5.085
2.365	5.085
2.365	5.086
2.365	5.086
2.364	5.086
2.364	5.087
2.363	5.087
2.363	5.087
2.362	5.087
2.362	5.088
2.362	5.088
2.361	5.088
2.361	5.088
2.360	5.089
2.360	5.089
2.360	5.089
2.359	5.089
2.359	5.089
2.359	5.090
2.358	5.090
2.358	5.090
2.357	5.090
2.357	5.091
2.356	5.091
2.356	5.091
2.355	5.091
2.355	5.092
2.355	5.092
2.354	5.092
2.354	5.092
2.353	5.093
2.353	5.093
2.352	5.093
2.352	5.094
2.352	5.094
2.351	5.094
2.351	5.094
2.350	5.095
2.350	5.095
2.349	5.095
2.349	5.095
2.349	5.096
2.348	5.096
2.348	5.096
2.347	5.096
2.347	5.097
2.346	5.097
2.346	5.097
2.346	5.097
2.345	5.098
2.345	5.098
2.344	5.098
2.344	5.098
2.343	5.099
2.343	5.099
2.343	5.099
2.342	5.099
2.342	5.100
2.341	5.100
2.341	5.100
2.340	5.101
2.340	5.101
2.340	5.101
2.339	5.101
2.339	5.102
2.338	5.102
2.338	5.102
2.337	5.102
2.337	5.103
2.336	5.103
2.336	5.103
2.336	5.103
2.335	5.104
2.335	5.104
2.334	5.104
2.334	5.104
2.333	5.105
2.333	5.105
2.333	5.105
2.332	5.105
2.332	5.106
2.331	5.106
2.331	5.106
2.330	5.106
2.330	5.107
2.330	5.107
2.329	5.107
2.329	5.108
2.328	5.108
2.328	5.108
2.327	5.108
2.327	5.109
2.327	5.109
2.326	5.109
2.326	5.109
2.325	5.110
2.325	5.110
2.324	5.110
2.324	5.110
2.324	5.111
2.323	5.111
2.323	5.111
2.322	5.111
2.322	5.112
2.321	5.112
2.321	5.112
2.320	5.112
2.320	5.113
2.320	5.113
2.319	5.113
2.319	5.113
2.318	5.114
2.318	5.114
2.317	5.114
2.317	5.115
2.317	5.115
2.316	5.115
2.316	5.115
2.315	5.116
2.315	5.116
2.314	5.116
2.314	5.116
2.314	5.117
2.313	5.117
2.313	5.117
2.312	5.117
2.312	5.118
2.311	5.118
2.311	5.118
2.311	5.118
2.310	5.119
2.310	5.119
2.309	5.119
2.309	5.119
2.308	5.120
2.308	5.120
2.308	5.120
2.307	5.121
2.307	5.121
2.306	5.121
2.306	5.121
2.305	5.122
2.305	5.122
2.304	5.122
2.304	5.122
2.304	5.123
2.303	5.123
2.303	5.123
2.302	5.123
2.302	5.124
2.301	5.124
2.301	5.124
2.301	5.124
2.300	5.125
2.300	5.125
2.299	5.125
2.299	5.125
2.298	5.126
2.298	5.126
2.298	5.126
2.297	5.126
2.297	5.127
2.296	5.127
2.296	5.127
2.295	5.128
2.295	5.128
2.295	5.128
2.294	5.128
2.294	5.129
2.293	5.129
2.293	5.129
2.292	5.129
2.292	5.130
2.292	5.130
2.291	5.130
2.291	5.130
2.290	5.131
2.290	5.131
2.289	5.131
2.289	5.131
2.288	5.132
2.288	5.132
2.288	5.132
2.287	5.132
2.287	5.133
2.286	5.133
2.286	5.133
2.285	5.133
2.285	5.134
2.285	5.134
2.284	5.134
2.284	5.135
2.283	5.135
2.283	5.135
2.282	5.135
2.282	5.136
2.282	5.136
2.281	5.136
2.281	5.136
2.280	5.137
2.280	5.137
2.279	5.137
2.279	5.137
2.279	5.138
2.278	5.138
2.278	5.138
2.277	5.138
2.277	5.139
2.276	5.139
2.276	5.139
2.276	5.139
2.275	5.140
2.275	5.140
2.274	5.140
2.274	5.140
2.273	5.141
2.273	5.141
2.273	5.141
2.272	5.142
2.272	5.142
2.271	5.142
2.271	5.142
2.270	5.143
2.270	5.143
2.269	5.143
2.269	5.143
2.269	5.144
2.268	5.144
2.268	5.144
2.267	5.144
2.267	5.145
2.266	5.145
2.266	5.145
2.266	5.145
2.265	5.146
2.265	5.146
2.264	5.146
2.264	5.146
2.263	5.147
2.263	5.147
2.263	5.147
2.262	5.148
2.262	5.148
2.261	5.148
2.261	5.148
2.260	5.149
2.260	5.149
2.260	5.149
2.259	5.149
2.259	5.150
2.258	5.150
2.258	5.150
2.257	5.150
2.257	5.151
2.257	5.151
2.256	5.151
2.256	5.151
2.255	5.152
2.255	5.152
2.254	5.152
2.254	5.152
2.253	5.153
2.253	5.153
2.253	5.153
2.252	5.153
2.252	5.154
2.251	5.154
2.251	5.154
2.250	5.155
2.250	5.155
2.250	5.155
2.249	5.155
2.249	5.156
2.248	5.156
2.248	5.156
2.247	5.156
2.247	5.157
2.247	5.157
2.246	5.157
2.246	5.157
2.245	5.158
2.245	5.158
2.244	5.158
2.244	5.158
2.244	5.159
2.243	5.159
2.243	5.159
2.242	5.159
2.242	5.160
2.241	5.160
2.241	5.160
2.241	5.160
2.240	5.161
2.240	5.161
2.239	5.161
2.239	5.162
2.238	5.162
2.238	5.162
2.237	5.162
2.237	5.163
2.237	5.163
2.236	5.163
2.236	5.163
2.235	5.164
2.235	5.164
2.234	5.164
2.234	5.164
2.234	5.165
2.233	5.165
2.233	5.165
2.232	5.165
2.232	5.166
2.231	5.166
2.231	5.166
2.231	5.166
2.230	5.167
2.230	5.167
2.229	5.167
2.229	5.167
2.228	5.168
2.228	5.168
2.228	5.168
2.227	5.169
2.227	5.169
2.226	5.169
2.226	5.169
2.225	5.170
2.225	5.170
2.225	5.170
2.224	5.170
2.224	5.171
2.223	5.171
2.223	5.171
2.222	5.171
2.222	5.172
2.222	5.172
2.221	5.172
2.221	5.172
2.220	5.173
2.220	5.173
2.219	5.173
2.219	5.173
2.218	5.174
2.218	5.174
2.218	5.174
2.217	5.174
2.217	5.175
2.216	5.175
2.216	5.175
2.215	5.176
2.215	5.176
2.215	5.176
2.214	5.176
2.214	5.177
2.213	5.177
2.213	5.177
2.212	5.177
2.212	5.178
2.212	5.178
2.211	5.178
2.211	5.178
2.210	5.179
2.210	5.179
2.209	5.179
2.209	5.179
2.209	5.180
2.208	5.180
2.208	5.180
2.207	5.180
2.207	5.181
2.206	5.181
2.206	5.181
2.206	5.182
2.205	5.182
2.205	5.182
2.204	5.182
2.204	5.183
2.203	5.183
2.203	5.183
2.202	5.183
2.202	5.184
2.202	5.184
2.201	5.184
2.201	5.184
2.200	5.185
2.200	5.185
2.199	5.185
2.199	5.185
2.199	5.186
2.198	5.186
2.198	5.186
2.197	5.186
2.197	5.187
2.196	5.187
2.196	5.187
2.196	5.187
2.195	5.188
2.195	5.188
2.194	5.188
2.194	5.189
2.193	5.189
2.193	5.189
2.193	5.189
2.192	5.190
2.192	5.190
2.191	5.190
2.191	5.190
2.190	5.191
2.190	5.191
2.190	5.191
2.189	5.191
2.189	5.192
2.188	5.192
2.188	5.192
2.187	5.192
2.187	5.193
2.186	5.193
2.186	5.193
2.186	5.193
2.185	5.194
2.185	5.194
2.184	5.194
2.184	5.194
2.183	5.195
2.183	5.195
2.183	5.195
2.182	5.196
2.182	5.196
2.181	5.196
2.181	5.196
2.180	5.197
2.180	5.197
2.180	5.197
2.179	5.197
2.179	5.198
2.178	5.198
2.178	5.198
2.177	5.198
2.177	5.199
2.177	5.199
2.176	5.199
2.176	5.199
2.175	5.200
2.175	5.200
2.174	5.200
2.174	5.200
2.174	5.201
2.173	5.201
2.173	5.201
2.172	5.201
2.172	5.202
2.171	5.202
2.171	5.202
2.170	5.203
2.170	5.203
2.170	5.203
2.169	5.203
2.169	5.204
2.168	5.204
2.168	5.204
2.167	5.204
2.167	5.205
2.167	5.205
2.166	5.205
2.166	5.205
2.165	5.206
2.165	5.206
2.164	5.206
2.164	5.206
2.164	5.207
2.163	5.207
2.163	5.207
2.162	5.207
2.162	5.208
2.161	5.208
2.161	5.208
2.161	5.208
2.160	5.209
2.160	5.209
2.159	5.209
2.159	5.210
2.158	5.210
2.158	5.210
2.158	5.210
2.157	5.211
2.157	5.211
2.156	5.211
2.156	5.211
2.155	5.212
2.155	5.212
2.155	5.212
2.154	5.212
2.154	5.213
2.153	5.213
2.153	5.213
2.152	5.213
2.152	5.214
2.151	5.214
2.151	5.214
2.151	5.214
2.150	5.215
2.150	5.215
2.150	5.215
2.149	5.215
2.149	5.215
2.148	5.216
2.148	5.216
2.148	5.216
2.147	5.217
2.147	5.217
2.146	5.217
2.146	5.217
2.145	5.218
2.145	5.218
2.145	5.218
2.144	5.218
2.144	5.219
2.143	5.219
2.143	5.219
2.142	5.219
2.142	5.220
2.141	5.220
2.141	5.220
2.141	5.220
2.140	5.221
2.140	5.221
2.139	5.221
2.139	5.221
2.138	5.222
2.138	5.222
2.138	5.222
2.137	5.222
2.137	5.223
2.136	5.223
2.136	5.223
2.135	5.223
2.135	5.224
2.134	5.224
2.134	5.224
2.134	5.224
2.133	5.225
2.133	5.225
2.132	5.225
2.132	5.225
2.131	5.226
2.131	5.226
2.131	5.226
2.130	5.226
2.130	5.227
2.129	5.227
2.129	5.227
2.128	5.227
2.128	5.228
2.128	5.228
2.127	5.228
2.127	5.228
2.126	5.229
2.126	5.229
2.125	5.229
2.125	5.229
2.124	5.230
2.124	5.230
2.124	5.230
2.123	5.230
2.123	5.231
2.122	5.231
2.122	5.231
2.121	5.231
2.121	5.232
2.121	5.232
2.120	5.232
2.120	5.232
2.119	5.233
2.119	5.233
2.118	5.233
2.118	5.234
2.117	5.234
2.117	5.234
2.117	5.234
2.116	5.235
2.116	5.235
2.115	5.235
2.115	5.235
2.114	5.236
2.114	5.236
2.114	5.236
2.113	5.236
2.113	5.237
2.112	5.237
2.112	5.237
2.111	5.237
2.111	5.238
2.110	5.238
2.110	5.238
2.110	5.238
2.109	5.239
2.109	5.239
2.108	5.239
2.108	5.239
2.107	5.240
2.107	5.240
2.107	5.240
2.106	5.240
2.106	5.241
2.105	5.241
2.105	5.241
2.104	5.241
2.104	5.242
2.104	5.242
2.103	5.242
2.103	5.242
2.102	5.243
2.102	5.243
2.101	5.243
2.101	5.243
2.100	5.244
2.100	5.244
2.100	5.244
2.099	5.244
2.099	5.245
2.098	5.245
2.098	5.245
2.097	5.245
2.097	5.246
2.097	5.246
2.096	5.246
2.096	5.246
2.095	5.247
2.095	5.247
2.094	5.247
2.094	5.247
2.093	5.248
2.093	5.248
2.093	5.248
2.092	5.248
2.092	5.249
2.091	5.249
2.091	5.249
2.090	5.249
2.090	5.250
2.090	5.250
2.089	5.250
2.089	5.251
2.088	5.251
2.088	5.251
2.087	5.251
2.087	5.252
2.086	5.252
2.086	5.252
2.086	5.252
2.085	5.253
2.085	5.253
2.084	5.253
2.084	5.253
2.083	5.254
2.083	5.254
2.083	5.254
2.082	5.254
2.082	5.255
2.081	5.255
2.081	5.255
2.080	5.255
2.080	5.256
2.080	5.256
2.079	5.256
2.079	5.256
2.078	5.257
2.078	5.257
2.077	5.257
2.077	5.257
2.076	5.258
2.076	5.258
2.076	5.258
2.075	5.258
2.075	5.259
2.074	5.259
2.074	5.259
2.073	5.259
2.073	5.260
2.073	5.260
2.072	5.260
2.072	5.260
2.071	5.261
2.071	5.261
2.070	5.261
2.070	5.261
2.069	5.262
2.069	5.262
2.069	5.262
2.068	5.262
2.068	5.263
2.067	5.263
2.067	5.263
2.066	5.263
2.066	5.264
2.066	5.264
2.065	5.264
2.065	5.264
2.064	5.265
2.064	5.265
2.063	5.265
2.063	5.265
2.063	5.266
2.062	5.266
2.062	5.266
2.061	5.266
2.061	5.267
2.060	5.267
2.060	5.267
2.059	5.268
2.059	5.268
2.059	5.268
2.058	5.268
2.058	5.269
2.057	5.269
2.057	5.269
2.056	5.269
2.056	5.270
2.056	5.270
2.055	5.270
2.055	5.270
2.054	5.271
2.054	5.271
2.053	5.271
2.053	5.271
2.052	5.272
2.052	5.272
2.052	5.272
2.051	5.272
2.051	5.273
2.050	5.273
2.050	5.273
2.049	5.273
2.049	5.274
2.049	5.274
2.048	5.274
2.048	5.274
2.047	5.275
2.047	5.275
2.046	5.275
2.046	5.275
2.045	5.276
2.045	5.276
2.045	5.276
2.044	5.276
2.044	5.277
2.043	5.277
2.043	5.277
2.042	5.277
2.042	5.278
2.042	5.278
2.041	5.278
2.041	5.278
2.040	5.279
2.040	5.279
2.039	5.279
2.039	5.279
2.039	5.280
2.038	5.280
2.038	5.280
2.037	5.280
2.037	5.281
2.036	5.281
2.036	5.281
2.035	5.281
2.035	5.282
2.035	5.282
2.034	5.282
2.034	5.282
2.033	5.283
2.033	5.283
2.032	5.283
2.032	5.283
2.032	5.284
2.031	5.284
2.031	5.284
2.030	5.285
2.030	5.285
2.029	5.285
2.029	5.285
2.028	5.286
2.028	5.286
2.028	5.286
2.027	5.286
2.027	5.287
2.026	5.287
2.026	5.287
2.025	5.287
2.025	5.288
2.025	5.288
2.024	5.288
2.024	5.288
2.023	5.289
2.023	5.289
2.022	5.289
2.022	5.289
2.022	5.290
2.021	5.290
2.021	5.290
2.020	5.290
2.020	5.291
2.019	5.291
2.019	5.291
2.018	5.291
2.018	5.292
2.018	5.292
2.017	5.292
2.017	5.292
2.016	5.293
2.016	5.293
2.015	5.293
2.015	5.293
2.015	5.294
2.014	5.294
2.014	5.294
2.013	5.294
2.013	5.295
2.012	5.295
2.012	5.295
2.011	5.295
2.011	5.296
2.011	5.296
2.010	5.296
2.010	5.296
2.009	5.297
2.009	5.297
2.008	5.297
2.008	5.297
2.008	5.298
2.007	5.298
2.007	5.298
2.006	5.298
2.006	5.299
2.005	5.299
2.005	5.299
2.004	5.299
2.004	5.300
2.004	5.300
2.003	5.300
2.003	5.301
2.002	5.301
2.002	5.301
2.001	5.301
2.001	5.302
2.001	5.302
2.000	5.302
2.000	5.302
1.999	5.303
1.999	5.303
1.998	5.303
1.998	5.303
1.998	5.304
1.997	5.304
1.997	5.304
1.996	5.304
1.996	5.305
1.996	5.305
1.995	5.305
1.995	5.305
1.994	5.305
1.994	5.306
1.994	5.306
1.993	5.306
1.993	5.306
1.992	5.307
1.992	5.307
1.991	5.307
1.991	5.307
1.990	5.307
1.990	5.308
1.990	5.308
1.989	5.308
1.989	5.308
1.988	5.309
1.988	5.309
1.987	5.309
1.987	5.309
1.986	5.310
1.986	5.310
1.986	5.310
1.985	5.310
1.985	5.311
1.984	5.311
1.984	5.311
1.983	5.311
1.983	5.312
1.983	5.312
1.982	5.312
1.982	5.312
1.981	5.313
1.981	5.313
1.980	5.313
1.980	5.313
1.979	5.314
1.979	5.314
1.979	5.314
1.978	5.314
1.978	5.315
1.977	5.315
1.977	5.315
1.976	5.315
1.976	5.316
1.975	5.316
1.975	5.316
1.975	5.316
1.974	5.317
1.974	5.317
1.973	5.317
1.973	5.317
1.972	5.317
1.972	5.318
1.971	5.318
1.971	5.318
1.971	5.318
1.970	5.319
1.970	5.319
1.969	5.319
1.969	5.319
1.968	5.320
1.968	5.320
1.967	5.320
1.967	5.320
1.967	5.321
1.966	5.321
1.966	5.321
1.965	5.321
1.965	5.322
1.964	5.322
1.964	5.322
1.964	5.322
1.963	5.323
1.963	5.323
1.962	5.323
1.962	5.323
1.961	5.324
1.961	5.324
1.960	5.324
1.960	5.324
1.960	5.325
1.959	5.325
1.959	5.325
1.958	5.325
1.958	5.326
1.957	5.326
1.957	5.326
1.956	5.326
1.956	5.326
1.956	5.327
1.955	5.327
1.955	5.327
1.954	5.327
1.954	5.328
1.953	5.328
1.953	5.328
1.952	5.328
1.952	5.329
1.952	5.329
1.951	5.329
1.951	5.329
1.950	5.330
1.950	5.330
1.949	5.330
1.949	5.330
1.948	5.331
1.948	5.331
1.948	5.331
1.947	5.331
1.947	5.332
1.946	5.332
1.946	5.332
1.945	5.332
1.945	5.333
1.944	5.333
1.944	5.333
1.944	5.333
1.943	5.334
1.943	5.334
1.942	5.334
1.942	5.334
1.941	5.335
1.941	5.335
1.941	5.335
1.940	5.335
1.940	5.336
1.939	5.336
1.939	5.336
1.938	5.336
1.938	5.336
1.937	5.337
1.937	5.337
1.937	5.337
1.936	5.337
1.936	5.338
1.935	5.338
1.935	5.338
1.934	5.338
1.934	5.339
1.933	5.339
1.933	5.339
1.933	5.339
1.932	5.340
1.932	5.340
1.931	5.340
1.931	5.340
1.930	5.341
1.930	5.341
1.929	5.341
1.929	5.341
1.929	5.342
1.928	5.342
1.928	5.342
1.927	5.342
1.927	5.343
1.926	5.343
1.926	5.343
1.925	5.343
1.925	5.344
1.925	5.344
1.924	5.344
1.924	5.344
1.923	5.345
1.923	5.345
1.922	5.345
1.922	5.345
1.922	5.346
1.921	5.346
1.921	5.346
1.920	5.346
1.920	5.346
1.919	5.347
1.919	5.347
1.918	5.347
1.918	5.347
1.918	5.348
1.917	5.348
1.917	5.348
1.916	5.348
1.916	5.349
1.915	5.349
1.915	5.349
1.914	5.349
1.914	5.350
1.914	5.350
1.913	5.350
1.913	5.350
1.912	5.351
1.912	5.351
1.911	5.351
1.911	5.351
1.910	5.352
1.910	5.352
1.910	5.352
1.909	5.352
1.909	5.353
1.908	5.353
1.908	5.353
1.907	5.353
1.907	5.354
1.906	5.354
1.906	5.354
1.906	5.354
1.905	5.355
1.905	5.355
1.904	5.355
1.904	5.355
1.903	5.356
1.903	5.356
1.903	5.356
1.902	5.356
1.902	5.356
1.901	5.357
1.901	5.357
1.900	5.357
1.900	5.357
1.899	5.358
1.899	5.358
1.899	5.358
1.898	5.358
1.898	5.359
1.897	5.359
1.897	5.359
1.896	5.359
1.896	5.360
1.895	5.360
1.895	5.360
1.895	5.360
1.894	5.361
1.894	5.361
1.893	5.361
1.893	5.361
1.892	5.362
1.892	5.362
1.891	5.362
1.891	5.362
1.891	5.363
1.890	5.363
1.890	5.363
1.889	5.363
1.889	5.364
1.888	5.364
1.888	5.364
1.887	5.364
1.887	5.365
1.887	5.365
1.886	5.365
1.886	5.365
1.885	5.366
1.885	5.366
1.884	5.366
1.884	5.366
1.884	5.366
1.883	5.367
1.883	5.367
1.882	5.367
1.882	5.367
1.881	5.368
1.881	5.368
1.880	5.368
1.880	5.368
1.880	5.369
1.879	5.369
1.879	5.369
1.878	5.369
1.878	5.370
1.877	5.370
1.877	5.370
1.876	5.370
1.876	5.371
1.876	5.371
1.875	5.371
1.875	5.371
1.874	5.372
1.874	5.372
1.873	5.372
1.873	5.372
1.872	5.373
1.872	5.373
1.872	5.373
1.871	5.373
1.871	5.374
1.870	5.374
1.870	5.374
1.869	5.374
1.869	5.375
1.868	5.375
1.868	5.375
1.868	5.375
1.867	5.375
1.867	5.376
1.866	5.376
1.866	5.376
1.866	5.376
1.865	5.376
1.865	5.377
1.864	5.377
1.864	5.377
1.864	5.377
1.863	5.378
1.863	5.378
1.862	5.378
1.862	5.378
1.861	5.379
1.861	5.379
1.860	5.379
1.860	5.379
1.860	5.379
1.859	5.380
1.859	5.380
1.858	5.380
1.858	5.380
1.857	5.381
1.857	5.381
1.856	5.381
1.856	5.381
1.856	5.382
1.855	5.382
1.855	5.382
1.854	5.382
1.854	5.382
1.853	5.383
1.853	5.383
1.852	5.383
1.852	5.383
1.851	5.384
1.851	5.384
1.851	5.384
1.850	5.384
1.850	5.385
1.849	5.385
1.849	5.385
1.848	5.385
1.848	5.385
1.847	5.386
1.847	5.386
1.847	5.386
1.846	5.386
1.846	5.387
1.845	5.387
1.845	5.387
1.844	5.387
1.844	5.388
1.843	5.388
1.843	5.388
1.843	5.388
1.842	5.389
1.842	5.389
1.841	5.389
1.841	5.389
1.840	5.389
1.840	5.390
1.839	5.390
1.839	5.390
1.839	5.390
1.838	5.391
1.838	5.391
1.837	5.391
1.837	5.391
1.836	5.392
1.836	5.392
1.835	5.392
1.835	5.392
1.834	5.392
1.834	5.393
1.834	5.393
1.833	5.393
1.833	5.393
1.832	5.394
1.832	5.394
1.831	5.394
1.831	5.394
1.830	5.395
1.830	5.395
1.830	5.395
1.829	5.395
1.829	5.395
1.828	5.396
1.828	5.396
1.827	5.396
1.827	5.396
1.826	5.397
1.826	5.397
1.826	5.397
1.825	5.397
1.825	5.398
1.824	5.398
1.824	5.398
1.823	5.398
1.823	5.398
1.822	5.399
1.822	5.399
1.821	5.399
1.821	5.399
1.821	5.400
1.820	5.400
1.820	5.400
1.819	5.400
1.819	5.401
1.818	5.401
1.818	5.401
1.817	5.401
1.817	5.401
1.817	5.402
1.816	5.402
1.816	5.402
1.815	5.402
1.815	5.403
1.814	5.403
1.814	5.403
1.813	5.403
1.813	5.404
1.813	5.404
1.812	5.404
1.812	5.404
1.811	5.404
1.811	5.405
1.810	5.405
1.810	5.405
1.809	5.405
1.809	5.406
1.808	5.406
1.808	5.406
1.808	5.406
1.807	5.407
1.807	5.407
1.806	5.407
1.806	5.407
1.805	5.408
1.805	5.408
1.804	5.408
1.804	5.408
1.804	5.408
1.803	5.409
1.803	5.409
1.802	5.409
1.802	5.409
1.801	5.410
1.801	5.410
1.800	5.410
1.800	5.410
1.800	5.411
1.799	5.411
1.799	5.411
1.798	5.411
1.798	5.411
1.797	5.412
1.797	5.412
1.796	5.412
1.796	5.412
1.796	5.413
1.795	5.413
1.795	5.413
1.794	5.413
1.794	5.414
1.793	5.414
1.793	5.414
1.792	5.414
1.792	5.414
1.791	5.415
1.791	5.415
1.791	5.415
1.790	5.415
1.790	5.416
1.789	5.416
1.789	5.416
1.788	5.416
1.788	5.417
1.787	5.417
1.787	5.417
1.787	5.417
1.786	5.417
1.786	5.418
1.785	5.418
1.785	5.418
1.784	5.418
1.784	5.419
1.783	5.419
1.783	5.419
1.783	5.419
1.782	5.420
1.782	5.420
1.781	5.420
1.781	5.420
1.780	5.420
1.780	5.421
1.779	5.421
1.779	5.421
1.778	5.421
1.778	5.422
1.778	5.422
1.777	5.422
1.777	5.422
1.776	5.423
1.776	5.423
1.775	5.423
1.775	5.423
1.774	5.424
1.774	5.424
1.774	5.424
1.773	5.424
1.773	5.424
1.772	5.425
1.772	5.425
1.771	5.425
1.771	5.425
1.770	5.426
1.770	5.426
1.770	5.426
1.769	5.426
1.769	5.427
1.768	5.427
1.768	5.427
1.767	5.427
1.767	5.427
1.766	5.428
1.766	5.428
1.766	5.428
1.765	5.428
1.765	5.429
1.764	5.429
1.764	5.429
1.763	5.429
1.763	5.430
1.762	5.430
1.762	5.430
1.761	5.430
1.761	5.430
1.761	5.431
1.760	5.431
1.760	5.431
1.759	5.431
1.759	5.432
1.758	5.432
1.758	5.432
1.757	5.432
1.757	5.433
1.757	5.433
1.756	5.433
1.756	5.433
1.755	5.433
1.755	5.434
1.754	5.434
1.754	5.434
1.753	5.434
1.753	5.435
1.753	5.435
1.752	5.435
1.752	5.435
1.751	5.436
1.751	5.436
1.750	5.436
1.750	5.436
1.749	5.436
1.749	5.437
1.748	5.437
1.748	5.437
1.748	5.437
1.747	5.438
1.747	5.438
1.746	5.438
1.746	5.438
1.745	5.439
1.745	5.439
1.744	5.439
1.744	5.439
1.744	5.440
1.743	5.440
1.743	5.440
1.742	5.440
1.742	5.440
1.741	5.441
1.741	5.441
1.740	5.441
1.740	5.441
1.740	5.442
1.739	5.442
1.739	5.442
1.738	5.442
1.738	5.443
1.737	5.443
1.737	5.443
1.737	5.443
1.736	5.443
1.736	5.443
1.735	5.444
1.735	5.444
1.735	5.444
1.734	5.444
1.734	5.444
1.733	5.445
1.733	5.445
1.732	5.445
1.732	5.445
1.731	5.446
1.731	5.446
1.730	5.446
1.730	5.446
1.730	5.446
1.729	5.447
1.729	5.447
1.728	5.447
1.728	5.447
1.727	5.447
1.727	5.448
1.726	5.448
1.726	5.448
1.725	5.448
1.725	5.448
1.724	5.449
1.724	5.449
1.724	5.449
1.723	5.449
1.723	5.450
1.722	5.450
1.722	5.450
1.721	5.450
1.721	5.450
1.720	5.451
1.720	5.451
1.719	5.451
1.719	5.451
1.719	5.451
1.718	5.452
1.718	5.452
1.717	5.452
1.717	5.452
1.716	5.452
1.716	5.453
1.715	5.453
1.715	5.453
1.714	5.453
1.714	5.454
1.713	5.454
1.713	5.454
1.713	5.454
1.712	5.454
1.712	5.455
1.711	5.455
1.711	5.455
1.710	5.455
1.710	5.455
1.709	5.456
1.709	5.456
1.708	5.456
1.708	5.456
1.708	5.456
1.707	5.457
1.707	5.457
1.706	5.457
1.706	5.457
1.705	5.458
1.705	5.458
1.704	5.458
1.704	5.458
1.703	5.458
1.703	5.459
1.703	5.459
1.702	5.459
1.702	5.459
1.701	5.459
1.701	5.460
1.700	5.460
1.700	5.460
1.699	5.460
1.699	5.460
1.698	5.461
1.698	5.461
1.697	5.461
1.697	5.461
1.697	5.462
1.696	5.462
1.696	5.462
1.695	5.462
1.695	5.462
1.694	5.463
1.694	5.463
1.693	5.463
1.693	5.463
1.692	5.463
1.692	5.464
1.692	5.464
1.691	5.464
1.691	5.464
1.690	5.464
1.690	5.465
1.689	5.465
1.689	5.465
1.688	5.465
1.688	5.466
1.687	5.466
1.687	5.466
1.686	5.466
1.686	5.466
1.686	5.467
1.685	5.467
1.685	5.467
1.684	5.467
1.684	5.467
1.683	5.468
1.683	5.468
1.682	5.468
1.682	5.468
1.681	5.468
1.681	5.469
1.681	5.469
1.680	5.469
1.680	5.469
1.679	5.470
1.679	5.470
1.678	5.470
1.678	5.470
1.677	5.470
1.677	5.471
1.676	5.471
1.676	5.471
1.676	5.471
1.675	5.471
1.675	5.472
1.674	5.472
1.674	5.472
1.673	5.472
1.673	5.472
1.672	5.473
1.672	5.473
1.671	5.473
1.671	5.473
1.670	5.474
1.670	5.474
1.670	5.474
1.669	5.474
1.669	5.474
1.668	5.475
1.668	5.475
1.667	5.475
1.667	5.475
1.666	5.475
1.666	5.476
1.665	5.476
1.665	5.476
1.665	5.476
1.664	5.477
1.664	5.477
1.663	5.477
1.663	5.477
1.662	5.477
1.662	5.478
1.661	5.478
1.661	5.478
1.660	5.478
1.660	5.478
1.659	5.479
1.659	5.479
1.659	5.479
1.658	5.479
1.658	5.479
1.657	5.480
1.657	5.480
1.656	5.480
1.656	5.480
1.655	5.481
1.655	5.481
1.654	5.481
1.654	5.481
1.654	5.481
1.653	5.482
1.653	5.482
1.652	5.482
1.652	5.482
1.651	5.482
1.651	5.483
1.650	5.483
1.650	5.483
1.649	5.483
1.649	5.483
1.649	5.484
1.648	5.484
1.648	5.484
1.647	5.484
1.647	5.485
1.646	5.485
1.646	5.485
1.645	5.485
1.645	5.485
1.644	5.486
1.644	5.486
1.643	5.486
1.643	5.486
1.643	5.486
1.642	5.487
1.642	5.487
1.641	5.487
1.641	5.487
1.640	5.487
1.640	5.488
1.639	5.488
1.639	5.488
1.638	5.488
1.638	5.489
1.638	5.489
1.637	5.489
1.637	5.489
1.636	5.489
1.636	5.490
1.635	5.490
1.635	5.490
1.634	5.490
1.634	5.490
1.633	5.491
1.633	5.491
1.632	5.491
1.632	5.491
1.632	5.491
1.631	5.492
1.631	5.492
1.630	5.492
1.630	5.492
1.629	5.493
1.629	5.493
1.628	5.493
1.628	5.493
1.627	5.493
1.627	5.494
1.627	5.494
1.626	5.494
1.626	5.494
1.625	5.494
1.625	5.495
1.624	5.495
1.624	5.495
1.623	5.495
1.623	5.495
1.622	5.496
1.622	5.496
1.621	5.496
1.621	5.496
1.621	5.497
1.620	5.497
1.620	5.497
1.619	5.497
1.619	5.497
1.618	5.498
1.618	5.498
1.617	5.498
1.617	5.498
1.616	5.498
1.616	5.499
1.616	5.499
1.615	5.499
1.615	5.499
1.614	5.499
1.614	5.500
1.613	5.500
1.613	5.500
1.612	5.500
1.612	5.501
1.611	5.501
1.611	5.501
1.611	5.501
1.610	5.501
1.610	5.502
1.609	5.502
1.609	5.502
1.608	5.502
1.608	5.502
1.607	5.503
1.607	5.503
1.606	5.503
1.606	5.503
1.605	5.503
1.605	5.504
1.605	5.504
1.604	5.504
1.604	5.504
1.603	5.505
1.603	5.505
1.602	5.505
1.602	5.505
1.601	5.505
1.601	5.506
1.600	5.506
1.600	5.506
1.600	5.506
1.599	5.506
1.599	5.507
1.598	5.507
1.598	5.507
1.597	5.507
1.597	5.507
1.596	5.508
1.596	5.508
1.595	5.508
1.595	5.508
1.594	5.509
1.594	5.509
1.594	5.509
1.593	5.509
1.593	5.509
1.592	5.510
1.592	5.510
1.591	5.510
1.591	5.510
1.590	5.510
1.590	5.511
1.589	5.511
1.589	5.511
1.589	5.511
1.588	5.512
1.588	5.512
1.587	5.512
1.587	5.512
1.586	5.512
1.586	5.513
1.585	5.513
1.585	5.513
1.584	5.513
1.584	5.513
1.584	5.514
1.583	5.514
1.583	5.514
1.582	5.514
1.582	5.514
1.581	5.515
1.581	5.515
1.580	5.515
1.580	5.515
1.579	5.516
1.579	5.516
1.578	5.516
1.578	5.516
1.578	5.516
1.577	5.517
1.577	5.517
1.576	5.517
1.576	5.517
1.575	5.517
1.575	5.518
1.574	5.518
1.574	5.518
1.573	5.518
1.573	5.518
1.573	5.519
1.572	5.519
1.572	5.519
1.571	5.519
1.571	5.520
1.570	5.520
1.570	5.520
1.569	5.520
1.569	5.520
1.568	5.521
1.568	5.521
1.567	5.521
1.567	5.521
1.567	5.521
1.566	5.522
1.566	5.522
1.565	5.522
1.565	5.522
1.564	5.522
1.564	5.523
1.563	5.523
1.563	5.523
1.562	5.523
1.562	5.524
1.562	5.524
1.561	5.524
1.561	5.524
1.560	5.524
1.560	5.525
1.559	5.525
1.559	5.525
1.558	5.525
1.558	5.525
1.557	5.526
1.557	5.526
1.557	5.526
1.556	5.526
1.556	5.526
1.555	5.527
1.555	5.527
1.554	5.527
1.554	5.527
1.553	5.528
1.553	5.528
1.552	5.528
1.552	5.528
1.551	5.528
1.551	5.529
1.551	5.529
1.550	5.529
1.550	5.529
1.549	5.529
1.549	5.530
1.548	5.530
1.548	5.530
1.547	5.530
1.547	5.530
1.546	5.531
1.546	5.531
1.546	5.531
1.545	5.531
1.545	5.532
1.544	5.532
1.544	5.532
1.543	5.532
1.543	5.532
1.542	5.533
1.542	5.533
1.541	5.533
1.541	5.533
1.540	5.533
1.540	5.534
1.540	5.534
1.539	5.534
1.539	5.534
1.538	5.534
1.538	5.535
1.537	5.535
1.537	5.535
1.536	5.535
1.536	5.536
1.535	5.536
1.535	5.536
1.535	5.536
1.534	5.536
1.534	5.537
1.533	5.537
1.533	5.537
1.532	5.537
1.532	5.537
1.531	5.538
1.531	5.538
1.530	5.538
1.530	5.538
1.529	5.538
1.529	5.539
1.529	5.539
1.528	5.539
1.528	5.539
1.527	5.540
1.527	5.540
1.526	5.540
1.526	5.540
1.525	5.540
1.525	5.541
1.524	5.541
1.524	5.541
1.524	5.541
1.523	5.541
1.523	5.542
1.522	5.542
1.522	5.542
1.521	5.542
1.521	5.542
1.520	5.543
1.520	5.543
1.519	5.543
1.519	5.543
1.519	5.544
1.518	5.544
1.518	5.544
1.517	5.544
1.517	5.544
1.516	5.545
1.516	5.545
1.515	5.545
1.515	5.545
1.514	5.545
1.514	5.546
1.513	5.546
1.513	5.546
1.513	5.546
1.512	5.547
1.512	5.547
1.511	5.547
1.511	5.547
1.510	5.547
1.510	5.548
1.509	5.548
1.509	5.548
1.508	5.548
1.508	5.548
1.508	5.549
1.507	5.549
1.507	5.549
1.506	5.549
1.506	5.549
1.505	5.550
1.505	5.550
1.504	5.550
1.504	5.550
1.503	5.551
1.503	5.551
1.502	5.551
1.502	5.551
1.502	5.551
1.501	5.552
1.501	5.552
1.500	5.552
1.500	5.552
1.499	5.552
1.499	5.553
1.498	5.553
1.498	5.553
1.497	5.553
1.497	5.553
1.497	5.554
1.496	5.554
1.496	5.554
1.495	5.554
1.495	5.555
1.494	5.555
1.494	5.555
1.493	5.555
1.493	5.555
1.492	5.556
1.492	5.556
1.492	5.556
1.491	5.556
1.491	5.556
1.490	5.557
1.490	5.557
1.489	5.557
1.489	5.557
1.488	5.557
1.488	5.558
1.487	5.558
1.487	5.558
1.487	5.558
1.486	5.558
1.486	5.558
1.485	5.559
1.485	5.559
1.485	5.559
1.484	5.559
1.484	5.559
1.483	5.559
1.483	5.560
1.482	5.560
1.482	5.560
1.481	5.560
1.481	5.560
1.480	5.561
1.480	5.561
1.479	5.561
1.479	5.561
1.478	5.561
1.478	5.561
1.477	5.562
1.477	5.562
1.477	5.562
1.476	5.562
1.476	5.562
1.475	5.562
1.475	5.563
1.474	5.563
1.474	5.563
1.473	5.563
1.473	5.563
1.472	5.564
1.472	5.564
1.471	5.564
1.471	5.564
1.470	5.564
1.470	5.564
1.469	5.565
1.469	5.565
1.468	5.565
1.468	5.565
1.468	5.565
1.467	5.565
1.467	5.566
1.466	5.566
1.466	5.566
1.465	5.566
1.465	5.566
1.464	5.567
1.464	5.567
1.463	5.567
1.463	5.567
1.462	5.567
1.462	5.567
1.461	5.568
1.461	5.568
1.460	5.568
1.460	5.568
1.460	5.568
1.459	5.568
1.459	5.569
1.458	5.569
1.458	5.569
1.457	5.569
1.457	5.569
1.456	5.570
1.456	5.570
1.455	5.570
1.455	5.570
1.454	5.570
1.454	5.570
1.453	5.571
1.453	5.571
1.452	5.571
1.452	5.571
1.451	5.571
1.451	5.571
1.451	5.572
1.450	5.572
1.450	5.572
1.449	5.572
1.449	5.572
1.448	5.573
1.448	5.573
1.447	5.573
1.447	5.573
1.446	5.573
1.446	5.573
1.445	5.574
1.445	5.574
1.444	5.574
1.444	5.574
1.443	5.574
1.443	5.574
1.443	5.575
1.442	5.575
1.442	5.575
1.441	5.575
1.441	5.575
1.440	5.576
1.440	5.576
1.439	5.576
1.439	5.576
1.438	5.576
1.438	5.576
1.437	5.577
1.437	5.577
1.436	5.577
1.436	5.577
1.435	5.577
1.435	5.577
1.434	5.578
1.434	5.578
1.434	5.578
1.433	5.578
1.433	5.578
1.432	5.579
1.432	5.579
1.431	5.579
1.431	5.579
1.430	5.579
1.430	5.579
1.429	5.580
1.429	5.580
1.428	5.580
1.428	5.580
1.427	5.580
1.427	5.580
1.426	5.581
1.426	5.581
1.426	5.581
1.425	5.581
1.425	5.581
1.424	5.582
1.424	5.582
1.423	5.582
1.423	5.582
1.422	5.582
1.422	5.582
1.421	5.583
1.421	5.583
1.420	5.583
1.420	5.583
1.419	5.583
1.419	5.583
1.418	5.584
1.418	5.584
1.417	5.584
1.417	5.584
1.417	5.584
1.416	5.584
1.416	5.585
1.415	5.585
1.415	5.585
1.414	5.585
1.414	5.585
1.413	5.586
1.413	5.586
1.412	5.586
1.412	5.586
1.411	5.586
1.411	5.586
1.410	5.587
1.410	5.587
1.409	5.587
1.409	5.587
1.409	5.587
1.408	5.587
1.408	5.588
1.407	5.588
1.407	5.588
1.406	5.588
1.406	5.588
1.405	5.589
1.405	5.589
1.404	5.589
1.404	5.589
1.403	5.589
1.403	5.589
1.402	5.590
1.402	5.590
1.401	5.590
1.401	5.590
1.400	5.590
1.400	5.590
1.400	5.591
1.399	5.591
1.399	5.591
1.398	5.591
1.398	5.591
1.397	5.592
1.397	5.592
1.396	5.592
1.396	5.592
1.395	5.592
1.395	5.592
1.394	5.593
1.394	5.593
1.393	5.593
1.393	5.593
1.392	5.593
1.392	5.593
1.392	5.594
1.391	5.594
1.391	5.594
1.390	5.594
1.390	5.594
1.389	5.595
1.389	5.595
1.388	5.595
1.388	5.595
1.387	5.595
1.387	5.595
1.386	5.596
1.386	5.596
1.385	5.596
1.385	5.596
1.384	5.596
1.384	5.596
1.383	5.597
1.383	5.597
1.383	5.597
1.382	5.597
1.382	5.597
1.381	5.598
1.381	5.598
1.380	5.598
1.380	5.598
1.379	5.598
1.379	5.598
1.378	5.599
1.378	5.599
1.377	5.599
1.377	5.599
1.376	5.599
1.376	5.599
1.375	5.600
1.375	5.600
1.375	5.600
1.374	5.600
1.374	5.600
1.373	5.601
1.373	5.601
1.372	5.601
1.372	5.601
1.371	5.601
1.371	5.601
1.370	5.602
1.370	5.602
1.369	5.602
1.369	5.602
1.368	5.602
1.368	5.602
1.367	5.603
1.367	5.603
1.366	5.603
1.366	5.603
1.366	5.603
1.365	5.604
1.365	5.604
1.364	5.604
1.364	5.604
1.363	5.604
1.363	5.604
1.362	5.605
1.362	5.605
1.361	5.605
1.361	5.605
1.360	5.605
1.360	5.605
1.359	5.606
1.359	5.606
1.358	5.606
1.358	5.606
1.357	5.606
1.357	5.607
1.357	5.607
1.356	5.607
1.356	5.607
1.355	5.607
1.355	5.607
1.354	5.608
1.354	5.608
1.353	5.608
1.353	5.608
1.352	5.608
1.352	5.608
1.351	5.609
1.351	5.609
1.350	5.609
1.350	5.609
1.349	5.609
1.349	5.610
1.349	5.610
1.348	5.610
1.348	5.610
1.347	5.610
1.347	5.610
1.346	5.611
1.346	5.611
1.345	5.611
1.345	5.611
1.344	5.611
1.344	5.611
1.343	5.612
1.343	5.612
1.342	5.612
1.342	5.612
1.341	5.612
1.341	5.613
1.340	5.613
1.340	5.613
1.340	5.613
1.339	5.613
1.339	5.613
1.338	5.614
1.338	5.614
1.337	5.614
1.337	5.614
1.336	5.614
1.336	5.614
1.335	5.615
1.335	5.615
1.334	5.615
1.334	5.615
1.333	5.615
1.333	5.616
1.332	5.616
1.332	5.616
1.332	5.616
1.331	5.616
1.331	5.616
1.330	5.617
1.330	5.617
1.329	5.617
1.329	5.617
1.328	5.617
1.328	5.617
1.327	5.618
1.327	5.618
1.326	5.618
1.326	5.618
1.325	5.618
1.325	5.619
1.324	5.619
1.324	5.619
1.323	5.619
1.323	5.619
1.323	5.619
1.322	5.620
1.322	5.620
1.321	5.620
1.321	5.620
1.320	5.620
1.320	5.620
1.319	5.621
1.319	5.621
1.318	5.621
1.318	5.621
1.317	5.621
1.317	5.622
1.316	5.622
1.316	5.622
1.315	5.622
1.315	5.622
1.315	5.622
1.314	5.623
1.314	5.623
1.313	5.623
1.313	5.623
1.312	5.623
1.312	5.623
1.311	5.624
1.311	5.624
1.310	5.624
1.310	5.624
1.309	5.624
1.309	5.624
1.308	5.625
1.308	5.625
1.307	5.625
1.307	5.625
1.306	5.625
1.306	5.626
1.306	5.626
1.305	5.626
1.305	5.626
1.304	5.626
1.304	5.626
1.303	5.627
1.303	5.627
1.302	5.627
1.302	5.627
1.301	5.627
1.301	5.627
1.300	5.628
1.300	5.628
1.299	5.628
1.299	5.628
1.298	5.628
1.298	5.629
1.298	5.629
1.297	5.629
1.297	5.629
1.296	5.629
1.296	5.629
1.295	5.630
1.295	5.630
1.294	5.630
1.294	5.630
1.293	5.630
1.293	5.630
1.292	5.631
1.292	5.631
1.291	5.631
1.291	5.631
1.290	5.631
1.290	5.632
1.289	5.632
1.289	5.632
1.289	5.632
1.288	5.632
1.288	5.632
1.287	5.633
1.287	5.633
1.286	5.633
1.286	5.633
1.285	5.633
1.285	5.633
1.284	5.634
1.284	5.634
1.283	5.634
1.283	5.634
1.282	5.634
1.282	5.635
1.281	5.635
1.281	5.635
1.281	5.635
1.280	5.635
1.280	5.635
1.279	5.636
1.279	5.636
1.278	5.636
1.278	5.636
1.277	5.636
1.277	5.636
1.276	5.637
1.276	5.637
1.275	5.637
1.275	5.637
1.274	5.637
1.274	5.638
1.273	5.638
1.273	5.638
1.272	5.638
1.272	5.638
1.272	5.638
1.271	5.639
1.271	5.639
1.270	5.639
1.270	5.639
1.269	5.639
1.269	5.639
1.268	5.640
1.268	5.640
1.267	5.640
1.267	5.640
1.266	5.640
1.266	5.641
1.265	5.641
1.265	5.641
1.264	5.641
1.264	5.641
1.264	5.641
1.263	5.642
1.263	5.642
1.262	5.642
1.262	5.642
1.261	5.642
1.261	5.642
1.260	5.643
1.260	5.643
1.259	5.643
1.259	5.643
1.258	5.643
1.258	5.644
1.257	5.644
1.257	5.644
1.256	5.644
1.256	5.644
1.255	5.644
1.255	5.645
1.255	5.645
1.254	5.645
1.254	5.645
1.253	5.645
1.253	5.645
1.252	5.646
1.252	5.646
1.251	5.646
1.251	5.646
1.251	5.646
1.250	5.646
1.250	5.646
1.249	5.647
1.249	5.647
1.248	5.647
1.248	5.647
1.247	5.647
1.247	5.647
1.246	5.647
1.246	5.647
1.245	5.648
1.245	5.648
1.244	5.648
1.244	5.648
1.243	5.648
1.243	5.648
1.242	5.648
1.242	5.649
1.242	5.649
1.241	5.649
1.241	5.649
1.240	5.649
1.240	5.649
1.239	5.649
1.239	5.650
1.238	5.650
1.238	5.650
1.237	5.650
1.237	5.650
1.236	5.650
1.236	5.650
1.235	5.650
1.235	5.651
1.234	5.651
1.234	5.651
1.233	5.651
1.233	5.651
1.232	5.651
1.232	5.651
1.231	5.652
1.231	5.652
1.230	5.652
1.230	5.652
1.229	5.652
1.229	5.652
1.228	5.652
1.228	5.652
1.227	5.653
1.227	5.653
1.226	5.653
1.226	5.653
1.226	5.653
1.225	5.653
1.225	5.653
1.224	5.654
1.224	5.654
1.223	5.654
1.223	5.654
1.222	5.654
1.222	5.654
1.221	5.654
1.221	5.655
1.220	5.655
1.220	5.655
1.219	5.655
1.219	5.655
1.218	5.655
1.218	5.655
1.217	5.655
1.217	5.656
1.216	5.656
1.216	5.656
1.215	5.656
1.215	5.656
1.214	5.656
1.214	5.656
1.213	5.657
1.213	5.657
1.212	5.657
1.212	5.657
1.211	5.657
1.211	5.657
1.210	5.657
1.210	5.657
1.210	5.658
1.209	5.658
1.209	5.658
1.208	5.658
1.208	5.658
1.207	5.658
1.207	5.658
1.206	5.659
1.206	5.659
1.205	5.659
1.205	5.659
1.204	5.659
1.204	5.659
1.203	5.659
1.203	5.660
1.202	5.660
1.202	5.660
1.201	5.660
1.201	5.660
1.200	5.660
1.200	5.660
1.199	5.660
1.199	5.661
1.198	5.661
1.198	5.661
1.197	5.661
1.197	5.661
1.196	5.661
1.196	5.661
1.195	5.662
1.195	5.662
1.194	5.662
1.194	5.662
1.194	5.662
1.193	5.662
1.193	5.662
1.192	5.662
1.192	5.663
1.191	5.663
1.191	5.663
1.190	5.663
1.190	5.663
1.189	5.663
1.189	5.663
1.188	5.664
1.188	5.664
1.187	5.664
1.187	5.664
1.186	5.664
1.186	5.664
1.185	5.664
1.185	5.665
1.184	5.665
1.184	5.665
1.183	5.665
1.183	5.665
1.182	5.665
1.182	5.665
1.181	5.665
1.181	5.666
1.180	5.666
1.180	5.666
1.179	5.666
1.179	5.666
1.178	5.666
1.178	5.666
1.177	5.667
1.177	5.667
1.177	5.667
1.176	5.667
1.176	5.667
1.175	5.667
1.175	5.667
1.174	5.667
1.174	5.668
1.173	5.668
1.173	5.668
1.172	5.668
1.172	5.668
1.171	5.668
1.171	5.668
1.170	5.669
1.170	5.669
1.169	5.669
1.169	5.669
1.168	5.669
1.168	5.669
1.167	5.669
1.167	5.670
1.166	5.670
1.166	5.670
1.165	5.670
1.165	5.670
1.164	5.670
1.164	5.670
1.163	5.670
1.163	5.671
1.162	5.671
1.162	5.671
1.161	5.671
1.161	5.671
1.161	5.671
1.160	5.671
1.160	5.672
1.159	5.672
1.159	5.672
1.158	5.672
1.158	5.672
1.157	5.672
1.157	5.672
1.156	5.672
1.156	5.673
1.155	5.673
1.155	5.673
1.154	5.673
1.154	5.673
1.153	5.673
1.153	5.673
1.152	5.674
1.152	5.674
1.151	5.674
1.151	5.674
1.150	5.674
1.150	5.674
1.149	5.674
1.149	5.675
1.148	5.675
1.148	5.675
1.147	5.675
1.147	5.675
1.146	5.675
1.146	5.675
1.145	5.675
1.145	5.676
1.145	5.676
1.144	5.676
1.144	5.676
1.143	5.676
1.143	5.676
1.142	5.676
1.142	5.677
1.141	5.677
1.141	5.677
1.140	5.677
1.140	5.677
1.139	5.677
1.139	5.677
1.138	5.677
1.138	5.678
1.137	5.678
1.137	5.678
1.136	5.678
1.136	5.678
1.135	5.678
1.135	5.678
1.134	5.679
1.134	5.679
1.133	5.679
1.133	5.679
1.132	5.679
1.132	5.679
1.131	5.679
1.131	5.680
1.130	5.680
1.130	5.680
1.129	5.680
1.129	5.680
1.129	5.680
1.128	5.680
1.128	5.680
1.127	5.681
1.127	5.681
1.126	5.681
1.126	5.681
1.125	5.681
1.125	5.681
1.124	5.681
1.124	5.682
1.123	5.682
1.123	5.682
1.122	5.682
1.122	5.682
1.121	5.682
1.121	5.682
1.120	5.682
1.120	5.683
1.119	5.683
1.119	5.683
1.118	5.683
1.118	5.683
1.117	5.683
1.117	5.683
1.116	5.684
1.116	5.684
1.115	5.684
1.115	5.684
1.114	5.684
1.114	5.684
1.113	5.684
1.113	5.685
1.112	5.685
1.112	5.685
1.112	5.685
1.111	5.685
1.111	5.685
1.110	5.685
1.110	5.685
1.109	5.686
1.109	5.686
1.108	5.686
1.108	5.686
1.107	5.686
1.107	5.686
1.106	5.686
1.106	5.687
1.105	5.687
1.105	5.687
1.104	5.687
1.104	5.687
1.103	5.687
1.103	5.687
1.102	5.687
1.102	5.688
1.101	5.688
1.101	5.688
1.100	5.688
1.100	5.688
1.099	5.688
1.099	5.688
1.098	5.689
1.098	5.689
1.097	5.689
1.097	5.689
1.096	5.689
1.096	5.689
1.096	5.689
1.095	5.690
1.095	5.690
1.094	5.690
1.094	5.690
1.093	5.690
1.093	5.690
1.092	5.690
1.092	5.690
1.091	5.691
1.091	5.691
1.090	5.691
1.090	5.691
1.089	5.691
1.089	5.691
1.088	5.691
1.088	5.692
1.087	5.692
1.087	5.692
1.086	5.692
1.086	5.692
1.085	5.692
1.085	5.692
1.084	5.692
1.084	5.693
1.083	5.693
1.083	5.693
1.082	5.693
1.082	5.693
1.081	5.693
1.081	5.693
1.080	5.694
1.080	5.694
1.080	5.694
1.079	5.694
1.079	5.694
1.078	5.694
1.078	5.694
1.077	5.694
1.077	5.695
1.076	5.695
1.076	5.695
1.075	5.695
1.075	5.695
1.074	5.695
1.074	5.695
1.073	5.696
1.073	5.696
1.072	5.696
1.072	5.696
1.071	5.696
1.071	5.696
1.070	5.696
1.070	5.697
1.069	5.697
1.069	5.697
1.068	5.697
1.068	5.697
1.067	5.697
1.067	5.697
1.066	5.697
1.066	5.698
1.065	5.698
1.065	5.698
1.064	5.698
1.064	5.698
1.064	5.698
1.063	5.698
1.063	5.699
1.062	5.699
1.062	5.699
1.061	5.699
1.061	5.699
1.060	5.699
1.060	5.699
1.059	5.699
1.059	5.700
1.058	5.700
1.058	5.700
1.057	5.700
1.057	5.700
1.056	5.700
1.056	5.700
1.055	5.701
1.055	5.701
1.054	5.701
1.054	5.701
1.053	5.701
1.053	5.701
1.052	5.701
1.052	5.702
1.051	5.702
1.051	5.702
1.050	5.702
1.050	5.702
1.049	5.702
1.049	5.702
1.048	5.702
1.048	5.703
1.047	5.703
1.047	5.703
1.047	5.703
1.046	5.703
1.046	5.703
1.045	5.703
1.045	5.704
1.044	5.704
1.044	5.704
1.043	5.704
1.043	5.704
1.042	5.704
1.042	5.704
1.041	5.704
1.041	5.705
1.040	5.705
1.040	5.705
1.039	5.705
1.039	5.705
1.038	5.705
1.038	5.705
1.037	5.706
1.037	5.706
1.036	5.706
1.036	5.706
1.035	5.706
1.035	5.706
1.034	5.706
1.034	5.707
1.033	5.707
1.033	5.707
1.032	5.707
1.032	5.707
1.031	5.707
1.031	5.707
1.031	5.707
1.030	5.708
1.030	5.708
1.029	5.708
1.029	5.708
1.028	5.708
1.028	5.708
1.027	5.708
1.027	5.709
1.026	5.709
1.026	5.709
1.025	5.709
1.025	5.709
1.024	5.709
1.024	5.709
1.023	5.709
1.023	5.710
1.022	5.710
1.022	5.710
1.021	5.710
1.021	5.710
1.020	5.710
1.020	5.710
1.019	5.711
1.019	5.711
1.018	5.711
1.018	5.711
1.017	5.711
1.017	5.711
1.016	5.711
1.016	5.712
1.015	5.712
1.015	5.712
1.015	5.712
1.014	5.712
1.014	5.712
1.014	5.712
1.013	5.712
1.013	5.712
1.012	5.712
1.012	5.712
1.011	5.713
1.011	5.713
1.010	5.713
1.010	5.713
1.009	5.713
1.009	5.713
1.008	5.713
1.008	5.713
1.007	5.713
1.007	5.713
1.006	5.714
1.006	5.714
1.005	5.714
1.005	5.714
1.004	5.714
1.004	5.714
1.003	5.714
1.003	5.714
1.002	5.714
1.002	5.714
1.001	5.714
1.001	5.715
1.000	5.715
1.000	5.715
0.999	5.715
0.999	5.715
0.998	5.715
0.998	5.715
0.997	5.715
0.997	5.715
0.996	5.715
0.996	5.715
0.995	5.716
0.995	5.716
0.994	5.716
0.994	5.716
0.993	5.716
0.993	5.716
0.992	5.716
0.992	5.716
0.991	5.716
0.991	5.716
0.990	5.717
0.990	5.717
0.989	5.717
0.989	5.717
0.988	5.717
0.988	5.717
0.987	5.717
0.987	5.717
0.986	5.717
0.986	5.717
0.985	5.717
0.985	5.718
0.984	5.718
0.984	5.718
0.983	5.718
0.983	5.718
0.982	5.718
0.982	5.718
0.981	5.718
0.981	5.718
0.980	5.718
0.980	5.719
0.979	5.719
0.979	5.719
0.978	5.719
0.978	5.719
0.977	5.719
0.977	5.719
0.976	5.719
0.976	5.719
0.975	5.719
0.975	5.719
0.974	5.720
0.974	5.720
0.973	5.720
0.973	5.720
0.972	5.720
0.972	5.720
0.971	5.720
0.971	5.720
0.970	5.720
0.970	5.720
0.969	5.721
0.969	5.721
0.968	5.721
0.968	5.721
0.967	5.721
0.967	5.721
0.966	5.721
0.966	5.721
0.965	5.721
0.965	5.721
0.964	5.721
0.964	5.722
0.963	5.722
0.963	5.722
0.963	5.722
0.962	5.722
0.962	5.722
0.961	5.722
0.961	5.722
0.960	5.722
0.960	5.722
0.959	5.723
0.959	5.723
0.958	5.723
0.958	5.723
0.957	5.723
0.957	5.723
0.956	5.723
0.956	5.723
0.955	5.723
0.955	5.723
0.954	5.723
0.954	5.724
0.953	5.724
0.953	5.724
0.952	5.724
0.952	5.724
0.951	5.724
0.951	5.724
0.950	5.724
0.950	5.724
0.949	5.724
0.949	5.724
0.948	5.725
0.948	5.725
0.947	5.725
0.947	5.725
0.946	5.725
0.946	5.725
0.945	5.725
0.945	5.725
0.944	5.725
0.944	5.725
0.943	5.726
0.943	5.726
0.942	5.726
0.942	5.726
0.941	5.726
0.941	5.726
0.940	5.726
0.940	5.726
0.939	5.726
0.939	5.726
0.938	5.726
0.938	5.727
0.937	5.727
0.937	5.727
0.936	5.727
0.936	5.727
0.935	5.727
0.935	5.727
0.934	5.727
0.934	5.727
0.933	5.727
0.933	5.728
0.932	5.728
0.932	5.728
0.931	5.728
0.931	5.728
0.930	5.728
0.930	5.728
0.929	5.728
0.929	5.728
0.928	5.728
0.928	5.728
0.927	5.729
0.927	5.729
0.926	5.729
0.926	5.729
0.925	5.729
0.925	5.729
0.924	5.729
0.924	5.729
0.923	5.729
0.923	5.729
0.922	5.730
0.922	5.730
0.921	5.730
0.921	5.730
0.920	5.730
0.920	5.730
0.919	5.730
0.919	5.730
0.918	5.730
0.918	5.730
0.917	5.730
0.917	5.731
0.916	5.731
0.916	5.731
0.915	5.731
0.915	5.731
0.914	5.731
0.914	5.731
0.913	5.731
0.913	5.731
0.912	5.731
0.912	5.732
0.912	5.732
0.911	5.732
0.911	5.732
0.910	5.732
0.910	5.732
0.909	5.732
0.909	5.732
0.908	5.732
0.908	5.732
0.907	5.732
0.907	5.733
0.906	5.733
0.906	5.733
0.905	5.733
0.905	5.733
0.904	5.733
0.904	5.733
0.903	5.733
0.903	5.733
0.902	5.733
0.902	5.734
0.901	5.734
0.901	5.734
0.900	5.734
0.900	5.734
0.899	5.734
0.899	5.734
0.898	5.734
0.898	5.734
0.897	5.734
0.897	5.734
0.896	5.735
0.896	5.735
0.895	5.735
0.895	5.735
0.894	5.735
0.894	5.735
0.893	5.735
0.893	5.735
0.892	5.735
0.892	5.735
0.891	5.735
0.891	5.736
0.890	5.736
0.890	5.736
0.889	5.736
0.889	5.736
0.888	5.736
0.888	5.736
0.887	5.736
0.887	5.736
0.886	5.736
0.886	5.737
0.885	5.737
0.885	5.737
0.884	5.737
0.884	5.737
0.883	5.737
0.883	5.737
0.882	5.737
0.882	5.737
0.881	5.737
0.881	5.737
0.880	5.738
0.880	5.738
0.879	5.738
0.879	5.738
0.878	5.738
0.878	5.738
0.877	5.738
0.877	5.738
0.876	5.738
0.876	5.738
0.875	5.739
0.875	5.739
0.874	5.739
0.874	5.739
0.873	5.739
0.873	5.739
0.872	5.739
0.872	5.739
0.871	5.739
0.871	5.739
0.870	5.739
0.870	5.740
0.869	5.740
0.869	5.740
0.868	5.740
0.868	5.740
0.867	5.740
0.867	5.740
0.866	5.740
0.866	5.740
0.865	5.740
0.865	5.741
0.864	5.741
0.864	5.741
0.863	5.741
0.863	5.741
0.862	5.741
0.862	5.741
0.861	5.741
0.861	5.741
0.861	5.741
0.860	5.741
0.860	5.742
0.859	5.742
0.859	5.742
0.858	5.742
0.858	5.742
0.857	5.742
0.857	5.742
0.856	5.742
0.856	5.742
0.855	5.742
0.855	5.743
0.854	5.743
0.854	5.743
0.853	5.743
0.853	5.743
0.852	5.743
0.852	5.743
0.851	5.743
0.851	5.743
0.850	5.743
0.850	5.743
0.849	5.744
0.849	5.744
0.848	5.744
0.848	5.744
0.847	5.744
0.847	5.744
0.846	5.744
0.846	5.744
0.845	5.744
0.845	5.744
0.844	5.745
0.844	5.745
0.843	5.745
0.843	5.745
0.842	5.745
0.842	5.745
0.841	5.745
0.841	5.745
0.840	5.745
0.840	5.745
0.839	5.745
0.839	5.746
0.838	5.746
0.838	5.746
0.837	5.746
0.837	5.746
0.836	5.746
0.836	5.746
0.835	5.746
0.835	5.746
0.834	5.746
0.834	5.746
0.833	5.747
0.833	5.747
0.832	5.747
0.832	5.747
0.831	5.747
0.831	5.747
0.830	5.747
0.830	5.747
0.829	5.747
0.829	5.747
0.828	5.748
0.828	5.748
0.827	5.748
0.827	5.748
0.826	5.748
0.826	5.748
0.825	5.748
0.825	5.748
0.824	5.748
0.824	5.748
0.823	5.748
0.823	5.749
0.822	5.749
0.822	5.749
0.821	5.749
0.821	5.749
0.820	5.749
0.820	5.749
0.819	5.749
0.819	5.749
0.818	5.749
0.818	5.750
0.817	5.750
0.817	5.750
0.816	5.750
0.816	5.750
0.815	5.750
0.815	5.750
0.814	5.750
0.814	5.750
0.813	5.750
0.813	5.750
0.812	5.751
0.812	5.751
0.811	5.751
0.811	5.751
0.810	5.751
0.810	5.751
0.810	5.751
0.809	5.751
0.809	5.751
0.808	5.751
0.808	5.752
0.807	5.752
0.807	5.752
0.806	5.752
0.806	5.752
0.805	5.752
0.805	5.752
0.804	5.752
0.804	5.752
0.803	5.752
0.803	5.752
0.802	5.753
0.802	5.753
0.801	5.753
0.801	5.753
0.800	5.753
0.800	5.753
0.799	5.753
0.799	5.753
0.798	5.753
0.798	5.753
0.797	5.754
0.797	5.754
0.796	5.754
0.796	5.754
0.795	5.754
0.795	5.754
0.794	5.754
0.794	5.754
0.793	5.754
0.793	5.754
0.792	5.754
0.792	5.755
0.791	5.755
0.791	5.755
0.790	5.755
0.790	5.755
0.789	5.755
0.789	5.755
0.788	5.755
0.788	5.755
0.787	5.755
0.787	5.756
0.786	5.756
0.786	5.756
0.785	5.756
0.785	5.756
0.784	5.756
0.784	5.756
0.783	5.756
0.783	5.756
0.782	5.756
0.782	5.756
0.781	5.757
0.781	5.757
0.780	5.757
0.780	5.757
0.779	5.757
0.779	5.757
0.778	5.757
0.778	5.757
0.777	5.757
0.777	5.757
0.776	5.757
0.776	5.758
0.775	5.758
0.775	5.758
0.774	5.758
0.774	5.758
0.773	5.758
0.773	5.758
0.772	5.758
0.772	5.758
0.771	5.758
0.771	5.759
0.770	5.759
0.770	5.759
0.769	5.759
0.769	5.759
0.768	5.759
0.768	5.759
0.767	5.759
0.767	5.759
0.766	5.759
0.766	5.759
0.765	5.760
0.765	5.760
0.765	5.760
0.764	5.760
0.764	5.760
0.763	5.760
0.763	5.760
0.762	5.760
0.762	5.760
0.761	5.760
0.761	5.760
0.760	5.760
0.760	5.760
0.759	5.760
0.759	5.760
0.758	5.760
0.758	5.760
0.757	5.760
0.757	5.760
0.756	5.760
0.756	5.761
0.755	5.761
0.755	5.761
0.754	5.761
0.754	5.761
0.753	5.761
0.753	5.761
0.752	5.761
0.752	5.761
0.751	5.761
0.751	5.761
0.750	5.761
0.750	5.761
0.749	5.761
0.749	5.761
0.748	5.761
0.748	5.761
0.747	5.761
0.747	5.761
0.746	5.761
0.746	5.762
0.745	5.762
0.745	5.762
0.744	5.762
0.744	5.762
0.743	5.762
0.743	5.762
0.742	5.762
0.742	5.762
0.741	5.762
0.741	5.762
0.740	5.762
0.740	5.762
0.739	5.762
0.739	5.762
0.738	5.762
0.738	5.762
0.737	5.762
0.737	5.762
0.736	5.763
0.736	5.763
0.735	5.763
0.735	5.763
0.734	5.763
0.734	5.763
0.733	5.763
0.733	5.763
0.732	5.763
0.732	5.763
0.731	5.763
0.731	5.763
0.730	5.763
0.730	5.763
0.729	5.763
0.729	5.763
0.728	5.763
0.728	5.763
0.727	5.763
0.727	5.763
0.726	5.764
0.726	5.764
0.725	5.764
0.725	5.764
0.724	5.764
0.724	5.764
0.723	5.764
0.723	5.764
0.722	5.764
0.722	5.764
0.721	5.764
0.721	5.764
0.720	5.764
0.720	5.764
0.719	5.764
0.719	5.764
0.718	5.764
0.718	5.764
0.717	5.764
0.717	5.764
0.716	5.765
0.716	5.765
0.715	5.765
0.715	5.765
0.714	5.765
0.714	5.765
0.713	5.765
0.713	5.765
0.712	5.765
0.712	5.765
0.711	5.765
0.711	5.765
0.710	5.765
0.710	5.765
0.709	5.765
0.709	5.765
0.708	5.765
0.708	5.765
0.707	5.765
0.707	5.765
0.706	5.766
0.706	5.766
0.705	5.766
0.705	5.766
0.704	5.766
0.704	5.766
0.703	5.766
0.703	5.766
0.702	5.766
0.702	5.766
0.701	5.766
0.701	5.766
0.700	5.766
0.700	5.766
0.699	5.766
0.699	5.766
0.698	5.766
0.698	5.766
0.697	5.766
0.697	5.766
0.696	5.767
0.696	5.767
0.695	5.767
0.695	5.767
0.694	5.767
0.694	5.767
0.693	5.767
0.693	5.767
0.692	5.767
0.692	5.767
0.691	5.767
0.691	5.767
0.690	5.767
0.690	5.767
0.689	5.767
0.689	5.767
0.688	5.767
0.688	5.767
0.687	5.767
0.687	5.767
0.686	5.768
0.686	5.768
0.685	5.768
0.685	5.768
0.684	5.768
0.684	5.768
0.683	5.768
0.682	5.768
0.682	5.768
0.681	5.768
0.681	5.768
0.680	5.768
0.680	5.768
0.679	5.768
0.679	5.768
0.678	5.768
0.678	5.768
0.677	5.768
0.677	5.768
0.676	5.768
0.676	5.769
0.675	5.769
0.675	5.769
0.674	5.769
0.674	5.769
0.673	5.769
0.673	5.769
0.672	5.769
0.672	5.769
0.671	5.769
0.671	5.769
0.670	5.769
0.670	5.769
0.669	5.769
0.669	5.769
0.669	5.769
0.668	5.769
0.668	5.769
0.667	5.769
0.667	5.769
0.666	5.769
0.666	5.769
0.665	5.769
0.665	5.769
0.664	5.769
0.664	5.769
0.663	5.769
0.663	5.769
0.662	5.769
0.662	5.769
0.661	5.770
0.661	5.770
0.660	5.770
0.660	5.770
0.659	5.770
0.659	5.770
0.658	5.770
0.658	5.770
0.657	5.770
0.657	5.770
0.656	5.770
0.656	5.770
0.655	5.770
0.655	5.770
0.654	5.770
0.654	5.770
0.653	5.770
0.653	5.770
0.652	5.770
0.652	5.770
0.651	5.770
0.651	5.770
0.650	5.770
0.650	5.770
0.649	5.770
0.649	5.770
0.648	5.770
0.648	5.770
0.647	5.770
0.647	5.770
0.646	5.770
0.646	5.770
0.645	5.770
0.645	5.770
0.644	5.770
0.644	5.770
0.643	5.770
0.643	5.770
0.642	5.770
0.642	5.770
0.641	5.770
0.641	5.770
0.640	5.770
0.640	5.770
0.639	5.770
0.639	5.770
0.638	5.770
0.638	5.770
0.637	5.770
0.637	5.770
0.636	5.770
0.636	5.770
0.635	5.770
0.635	5.770
0.634	5.771
0.634	5.771
0.633	5.771
0.633	5.771
0.632	5.771
0.632	5.771
0.631	5.771
0.631	5.771
0.630	5.771
0.630	5.771
0.629	5.771
0.629	5.771
0.628	5.771
0.628	5.771
0.627	5.771
0.627	5.771
0.626	5.771
0.626	5.771
0.625	5.771
0.625	5.771
0.624	5.771
0.624	5.771
0.623	5.771
0.623	5.771
0.622	5.771
0.622	5.771
0.621	5.771
0.621	5.771
0.620	5.771
0.620	5.771
0.619	5.771
0.619	5.771
0.618	5.771
0.618	5.771
0.617	5.771
0.617	5.771
0.616	5.771
0.616	5.771
0.615	5.771
0.615	5.771
0.614	5.771
0.613	5.771
0.613	5.771
0.612	5.771
0.612	5.771
0.611	5.771
0.611	5.771
0.610	5.771
0.610	5.771
0.609	5.771
0.609	5.771
0.608	5.771
0.608	5.771
0.607	5.771
0.607	5.772
0.606	5.772
0.606	5.772
0.605	5.772
0.605	5.772
0.604	5.772
0.604	5.772
0.603	5.772
0.603	5.772
0.602	5.772
0.602	5.772
0.601	5.772
0.601	5.772
0.600	5.772
0.600	5.772
0.599	5.772
0.599	5.772
0.598	5.772
0.598	5.772
0.597	5.772
0.597	5.772
0.596	5.772
0.596	5.772
0.595	5.772
0.595	5.772
0.594	5.772
0.594	5.772
0.593	5.772
0.593	5.772
0.592	5.772
0.592	5.772
0.591	5.772
0.591	5.772
0.590	5.772
0.590	5.772
0.589	5.772
0.589	5.772
0.588	5.772
0.588	5.772
0.587	5.772
0.587	5.772
0.586	5.772
0.586	5.772
0.585	5.772
0.585	5.772
0.584	5.772
0.584	5.772
0.583	5.772
0.583	5.772
0.582	5.772
0.582	5.772
0.581	5.772
0.581	5.772
0.580	5.772
0.580	5.773
0.579	5.773
0.579	5.773
0.578	5.773
0.578	5.773
0.577	5.773
0.577	5.773
0.576	5.773
0.576	5.773
0.575	5.773
0.575	5.773
0.574	5.773
0.574	5.773
0.573	5.773
0.573	5.773
0.572	5.773
0.572	5.773
0.571	5.773
0.571	5.773
0.570	5.773
0.570	5.773
0.569	5.773
0.569	5.773
0.568	5.773
0.568	5.773
0.567	5.773
0.567	5.773
0.566	5.773
0.566	5.773
0.565	5.773
0.565	5.773
0.564	5.773
0.564	5.773
0.563	5.773
0.563	5.773
0.562	5.773
0.562	5.773
0.561	5.773
0.561	5.773
0.560	5.773
0.560	5.773
0.559	5.773
0.559	5.773
0.558	5.773
0.558	5.773
0.557	5.773
0.557	5.773
0.556	5.773
0.556	5.773
0.555	5.773
0.555	5.773
0.554	5.773
0.554	5.773
0.553	5.774
0.553	5.774
0.552	5.774
0.552	5.774
0.551	5.774
0.551	5.774
0.550	5.774
0.549	5.774
0.549	5.774
0.548	5.774
0.548	5.774
0.547	5.774
0.547	5.774
0.546	5.774
0.546	5.774
0.545	5.774
0.545	5.774
0.544	5.774
0.544	5.774
0.543	5.774
0.543	5.774
0.542	5.774
0.542	5.774
0.541	5.774
0.541	5.774
0.540	5.774
0.540	5.774
0.539	5.774
0.539	5.774
0.538	5.774
0.538	5.774
0.537	5.774
0.537	5.774
0.536	5.774
0.536	5.774
0.535	5.774
0.535	5.774
0.534	5.774
0.534	5.774
0.533	5.774
0.533	5.774
0.532	5.774
0.532	5.774
0.531	5.774
0.531	5.774
0.530	5.774
0.530	5.774
0.529	5.774
0.529	5.774
0.528	5.774
0.528	5.774
0.527	5.774
0.527	5.774
0.526	5.774
0.526	5.775
0.525	5.775
0.525	5.775
0.524	5.775
0.524	5.775
0.523	5.775
0.523	5.775
0.522	5.775
0.522	5.775
0.521	5.775
0.521	5.775
0.520	5.775
0.520	5.775
0.519	5.775
0.519	5.775
0.518	5.775
0.518	5.775
0.517	5.775
0.517	5.775
0.516	5.775
0.516	5.775
0.515	5.775
0.515	5.775
0.514	5.775
0.514	5.775
0.513	5.775
0.513	5.775
0.513	5.775
0.512	5.775
0.512	5.775
0.511	5.775
0.511	5.775
0.510	5.775
0.510	5.775
0.509	5.775
0.509	5.775
0.508	5.775
0.508	5.775
0.507	5.775
0.507	5.775
0.506	5.775
0.506	5.775
0.505	5.775
0.505	5.775
0.504	5.775
0.504	5.775
0.503	5.775
0.503	5.775
0.502	5.775
0.502	5.775
0.501	5.775
0.501	5.775
0.500	5.775
0.500	5.775
0.499	5.775
0.499	5.775
0.498	5.775
0.498	5.775
0.497	5.775
0.497	5.775
0.496	5.775
0.496	5.775
0.495	5.775
0.495	5.775
0.494	5.775
0.494	5.775
0.493	5.775
0.493	5.775
0.492	5.775
0.492	5.775
0.491	5.775
0.491	5.775
0.490	5.775
0.490	5.775
0.489	5.775
0.488	5.775
0.488	5.775
0.487	5.775
0.487	5.775
0.486	5.775
0.486	5.775
0.485	5.775
0.485	5.775
0.484	5.775
0.484	5.775
0.483	5.775
0.483	5.775
0.482	5.775
0.482	5.775
0.481	5.775
0.481	5.775
0.480	5.775
0.480	5.775
0.479	5.775
0.479	5.775
0.478	5.775
0.478	5.775
0.477	5.775
0.477	5.775
0.476	5.775
0.476	5.775
0.475	5.775
0.475	5.775
0.474	5.775
0.474	5.775
0.473	5.775
0.473	5.775
0.472	5.775
0.472	5.775
0.471	5.775
0.471	5.775
0.470	5.775
0.470	5.775
0.469	5.776
0.469	5.776
0.468	5.776
0.468	5.776
0.467	5.776
0.467	5.776
0.466	5.776
0.466	5.776
0.465	5.776
0.465	5.776
0.464	5.776
0.464	5.776
0.463	5.776
0.463	5.776
0.462	5.776
0.462	5.776
0.461	5.776
0.461	5.776
0.460	5.776
0.460	5.776
0.459	5.776
0.459	5.776
0.458	5.776
0.458	5.776
0.457	5.776
0.457	5.776
0.456	5.776
0.456	5.776
0.455	5.776
0.455	5.776
0.454	5.776
0.454	5.776
0.453	5.776
0.453	5.776
0.452	5.776
0.452	5.776
0.451	5.776
0.451	5.776
0.450	5.776
0.450	5.776
0.449	5.776
0.449	5.776
0.448	5.776
0.448	5.776
0.447	5.776
0.447	5.776
0.446	5.776
0.446	5.776
0.445	5.776
0.445	5.776
0.444	5.776
0.444	5.776
0.443	5.776
0.443	5.776
0.442	5.776
0.442	5.776
0.441	5.776
0.441	5.776
0.440	5.776
0.440	5.776
0.439	5.776
0.439	5.776
0.438	5.776
0.438	5.776
0.437	5.776
0.437	5.776
0.436	5.776
0.436	5.776
0.435	5.776
0.435	5.776
0.434	5.776
0.434	5.776
0.433	5.776
0.432	5.776
0.432	5.776
0.431	5.776
0.431	5.776
0.430	5.776
0.430	5.776
0.429	5.776
0.429	5.776
0.428	5.776
0.428	5.776
0.427	5.776
0.427	5.776
0.426	5.776
0.426	5.776
0.425	5.776
0.425	5.776
0.424	5.776
0.424	5.776
0.423	5.776
0.423	5.776
0.422	5.776
0.422	5.776
0.421	5.776
0.421	5.776
0.420	5.776
0.420	5.776
0.419	5.776
0.419	5.776
0.418	5.776
0.418	5.776
0.417	5.776
0.417	5.776
0.416	5.776
0.416	5.776
0.415	5.776
0.415	5.776
0.414	5.776
0.414	5.776
0.413	5.776
0.413	5.776
0.412	5.776
0.412	5.776
0.411	5.776
0.411	5.776
0.410	5.776
0.410	5.776
0.409	5.776
0.409	5.776
0.408	5.776
0.408	5.776
0.407	5.776
0.407	5.776
0.406	5.776
0.406	5.776
0.405	5.776
0.405	5.776
0.404	5.776
0.404	5.776
0.403	5.776
0.403	5.776
0.402	5.776
0.402	5.776
0.401	5.776
0.401	5.776
0.400	5.776
0.400	5.776
0.399	5.776
0.399	5.776
0.398	5.776
0.398	5.776
0.397	5.776
0.397	5.776
0.396	5.776
0.396	5.776
0.395	5.776
0.395	5.776
0.394	5.776
0.394	5.776
0.393	5.776
0.393	5.776
0.392	5.776
0.392	5.776
0.391	5.776
0.391	5.776
0.390	5.776
0.390	5.776
0.389	5.776
0.389	5.776
0.388	5.776
0.388	5.776
0.387	5.776
0.387	5.776
0.386	5.777
0.386	5.777
0.385	5.777
0.385	5.777
0.384	5.777
0.384	5.777
0.383	5.777
0.383	5.777
0.382	5.777
0.382	5.777
0.381	5.777
0.381	5.777
0.380	5.777
0.380	5.777
0.379	5.777
0.379	5.777
0.378	5.777
0.377	5.777
0.377	5.777
0.376	5.777
0.376	5.777
0.375	5.777
0.375	5.777
0.374	5.777
0.374	5.777
0.373	5.777
0.373	5.777
0.372	5.777
0.372	5.777
0.371	5.777
0.371	5.777
0.370	5.777
0.370	5.777
0.369	5.777
0.369	5.777
0.368	5.777
0.368	5.777
0.367	5.777
0.367	5.777
0.366	5.777
0.366	5.777
0.365	5.777
0.365	5.777
0.364	5.777
0.364	5.777
0.363	5.777
0.363	5.777
0.362	5.777
0.362	5.777
0.361	5.777
0.361	5.777
0.360	5.777
0.360	5.777
0.359	5.777
0.359	5.777
0.358	5.777
0.358	5.777
