x	y	theta1	theta2	steps1	steps2	interval
0.000	1.028	185.825	69.359	110	1	322
0.000	1.056	185.582	69.373	3	0	8
0.000	1.084	185.339	69.387	3	0	8
0.000	1.111	185.097	69.403	3	0	8
0.000	1.139	184.856	69.419	3	0	8
0.000	1.167	184.615	69.436	3	0	8
0.000	1.194	184.375	69.454	3	0	8
0.000	1.222	184.136	69.473	3	0	8
0.000	1.249	183.897	69.492	3	0	8
0.000	1.277	183.659	69.513	3	0	8
0.000	1.305	183.422	69.534	3	0	8
0.000	1.332	183.185	69.556	3	0	8
0.000	1.360	182.949	69.579	3	0	8
0.000	1.387	182.714	69.603	3	0	8
0.000	1.415	182.479	69.628	3	0	8
0.000	1.443	182.245	69.653	3	0	8
0.000	1.470	182.011	69.679	3	0	8
0.000	1.498	181.778	69.706	3	0	8
0.000	1.525	181.546	69.734	3	0	8
0.000	1.553	181.314	69.763	3	0	8
0.000	1.581	181.083	69.793	3	0	8
0.000	1.608	180.852	69.823	3	0	8
0.000	1.636	180.622	69.854	3	0	8
0.000	1.664	180.392	69.886	3	0	8
0.000	1.691	180.163	69.919	3	0	8
0.000	1.719	179.934	69.952	3	0	8
0.000	1.746	179.706	69.987	3	0	8
0.000	1.774	179.479	70.022	3	0	8
0.000	1.802	179.252	70.058	3	0	8
0.000	1.829	179.025	70.094	3	0	8
0.000	1.857	178.799	70.132	3	0	8
0.000	1.884	178.573	70.170	3	0	8
0.000	1.912	178.348	70.209	3	0	8
0.000	1.940	178.124	70.249	3	0	8
0.000	1.967	177.899	70.290	3	0	8
0.000	1.995	177.676	70.331	3	0	8
0.000	2.022	177.452	70.373	3	0	8
0.000	2.050	177.230	70.416	3	0	8
0.000	2.078	177.007	70.460	3	0	8
0.000	2.105	176.785	70.505	3	-1	8
0.000	2.133	176.564	70.550	3	-1	8
0.000	2.160	176.343	70.596	3	-1	8
0.000	2.188	176.122	70.643	3	-1	8
0.000	2.216	175.902	70.691	3	-1	8
0.000	2.243	175.682	70.739	3	-1	8
0.000	2.271	175.462	70.788	2	-1	5
0.000	2.299	175.243	70.838	2	-1	5
0.000	2.299	175.243	70.838	0	0	0
0.003	2.354	174.792	70.914	5	-1	14
0.011	2.409	174.321	70.937	5	0	14
0.011	2.409	174.321	70.937	0	0	0
0.024	2.466	173.814	70.930	6	0	17
0.038	2.523	173.307	70.916	6	0	17
0.053	2.579	172.798	70.894	6	0	17
0.069	2.636	172.289	70.864	6	0	17
0.087	2.691	171.778	70.826	6	0	17
0.105	2.747	171.267	70.781	6	1	17
0.125	2.802	170.756	70.728	6	1	17
0.145	2.857	170.244	70.668	6	1	17
0.167	2.911	169.732	70.600	6	1	17
0.190	2.965	169.220	70.524	6	1	17
0.190	2.965	169.220	70.524	0	0	0
0.205	3.000	168.890	70.477	4	1	11
0.220	3.035	168.560	70.432	4	1	11
0.220	3.035	168.560	70.432	0	0	0
0.235	3.070	168.223	70.382	4	1	11
0.251	3.106	167.886	70.334	4	1	11
0.251	3.106	167.886	70.334	0	0	0
0.267	3.141	167.550	70.284	4	1	11
0.283	3.176	167.215	70.236	4	1	11
0.283	3.176	167.215	70.236	0	0	0
0.296	3.203	166.951	70.196	3	0	8
0.309	3.231	166.687	70.157	3	0	8
0.322	3.259	166.424	70.119	3	0	8
0.335	3.286	166.160	70.082	3	0	8
0.348	3.314	165.898	70.046	3	0	8
0.348	3.314	165.898	70.046	0	0	0
0.362	3.345	165.603	70.005	3	0	8
0.377	3.376	165.308	69.965	3	0	8
0.392	3.406	165.014	69.927	3	0	8
0.392	3.406	165.014	69.927	0	0	0
0.423	3.451	164.541	69.778	5	2	14
0.423	3.451	164.541	69.778	0	0	0
0.426	3.524	163.992	69.980	6	-2	17
0.421	3.597	163.487	70.268	6	-3	17
0.421	3.597	163.487	70.268	0	0	0
0.420	3.661	163.015	70.481	5	-2	14
0.428	3.725	162.512	70.624	6	-2	17
0.444	3.787	161.987	70.696	6	-1	17
0.468	3.847	161.446	70.695	6	0	17
0.499	3.904	160.900	70.621	6	1	17
0.499	3.904	160.900	70.621	0	0	0
0.533	3.950	160.420	70.489	5	2	14
0.569	3.993	159.944	70.327	5	2	14
0.608	4.035	159.474	70.137	5	2	14
0.650	4.073	159.010	69.918	5	2	14
0.694	4.109	158.556	69.672	5	3	14
0.740	4.143	158.111	69.399	5	3	14
0.743	4.135	158.150	69.341	0	1	2
0.754	4.189	157.722	69.459	5	-1	14
0.767	4.241	157.286	69.552	5	-1	14
0.783	4.293	156.844	69.622	5	-1	14
0.802	4.344	156.397	69.667	5	-1	14
0.824	4.394	155.946	69.688	5	0	14
0.848	4.443	155.492	69.685	5	0	14
0.875	4.490	155.037	69.658	5	0	14
0.904	4.536	154.582	69.606	5	1	14
0.936	4.581	154.128	69.530	5	1	14
0.936	4.581	154.128	69.530	0	0	0
0.967	4.637	153.589	69.513	6	0	17
0.967	4.637	153.589	69.513	0	0	0
0.986	4.664	153.316	69.472	3	0	8
1.005	4.691	153.043	69.434	3	0	8
1.005	4.691	153.043	69.434	0	0	0
1.025	4.714	152.791	69.367	3	1	8
1.046	4.737	152.539	69.301	3	1	8
1.066	4.760	152.287	69.237	3	1	8
1.086	4.783	152.035	69.173	3	1	8
1.106	4.806	151.783	69.111	3	1	8
1.106	4.806	151.783	69.111	0	0	0
1.145	4.852	151.283	69.009	6	1	17
1.185	4.897	150.787	68.881	6	1	17
1.228	4.940	150.296	68.727	6	2	17
1.273	4.980	149.811	68.547	6	2	17
1.321	5.018	149.333	68.342	5	2	14
1.370	5.053	148.864	68.112	5	3	14
1.421	5.086	148.404	67.858	5	3	14
1.421	5.086	148.404	67.858	0	0	0
1.467	5.114	147.992	67.623	5	3	14
1.516	5.138	147.601	67.345	4	3	11
1.567	5.157	147.232	67.026	4	4	11
1.620	5.171	146.890	66.668	4	4	11
1.673	5.179	146.578	66.276	4	4	11
1.728	5.183	146.298	65.851	3	5	14
1.782	5.180	146.052	65.399	3	5	14
1.782	5.180	146.052	65.399	0	0	0
1.837	5.213	145.561	65.131	6	3	17
1.893	5.245	145.076	64.850	6	3	17
1.950	5.275	144.598	64.556	5	3	14
2.008	5.303	144.125	64.250	5	3	14
2.067	5.330	143.659	63.931	5	4	14
2.067	5.330	143.659	63.931	0	0	0
2.119	5.352	143.251	63.638	5	3	14
2.172	5.372	142.851	63.331	5	3	14
2.226	5.390	142.459	63.011	4	4	11
2.281	5.407	142.075	62.679	4	4	11
2.336	5.421	141.699	62.334	4	4	11
2.391	5.434	141.332	61.976	4	4	11
2.447	5.445	140.973	61.607	4	4	11
2.503	5.454	140.624	61.226	4	4	11
2.560	5.462	140.284	60.833	4	4	11
2.617	5.467	139.954	60.429	4	5	14
2.673	5.470	139.633	60.014	4	5	14
2.730	5.472	139.322	59.589	4	5	14
2.787	5.471	139.022	59.154	3	5	14
2.844	5.469	138.732	58.709	3	5	14
2.901	5.464	138.453	58.254	3	5	14
2.958	5.458	138.185	57.791	3	5	14
2.958	5.458	138.185	57.791	0	0	0
3.017	5.442	137.959	57.255	3	6	17
3.077	5.432	137.688	56.744	3	6	17
3.138	5.428	137.375	56.265	4	5	14
3.199	5.430	137.023	55.822	4	5	14
3.199	5.430	137.023	55.822	0	0	0
3.227	5.430	136.866	55.613	2	2	5
3.255	5.430	136.709	55.404	2	2	5
3.283	5.429	136.550	55.196	2	2	5
3.311	5.429	136.392	54.988	2	2	5
3.339	5.429	136.233	54.780	2	2	5
3.339	5.429	136.233	54.780	0	0	0
3.373	5.429	136.041	54.535	2	3	8
3.406	5.429	135.849	54.291	2	3	8
3.440	5.430	135.656	54.047	2	3	8
3.473	5.430	135.463	53.804	2	3	8
3.473	5.430	135.463	53.804	0	0	0
3.502	5.430	135.294	53.594	2	2	5
3.531	5.430	135.125	53.386	2	2	5
3.560	5.431	134.955	53.177	2	2	5
3.589	5.431	134.785	52.969	2	2	5
3.618	5.431	134.615	52.761	2	2	5
3.647	5.431	134.444	52.554	2	2	5
3.676	5.432	134.273	52.347	2	2	5
3.705	5.432	134.101	52.141	2	2	5
3.734	5.432	133.929	51.935	2	2	5
3.763	5.432	133.756	51.729	2	2	5
3.791	5.433	133.583	51.524	2	2	5
3.820	5.433	133.410	51.319	2	2	5
3.849	5.433	133.236	51.114	2	2	5
3.878	5.433	133.061	50.910	2	2	5
3.878	5.433	133.061	50.910	0	0	0
3.906	5.433	132.898	50.716	2	2	5
3.933	5.433	132.733	50.523	2	2	5
3.960	5.433	132.569	50.330	2	2	5
3.988	5.433	132.404	50.137	2	2	5
4.015	5.433	132.239	49.945	2	2	5
4.015	5.433	132.239	49.945	0	0	0
4.043	5.433	132.069	49.744	2	2	5
4.072	5.433	131.900	49.543	2	2	5
4.100	5.432	131.730	49.343	2	2	5
4.128	5.432	131.560	49.143	2	2	5
4.156	5.432	131.389	48.944	2	2	5
4.156	5.432	131.389	48.944	0	0	0
4.183	5.432	131.223	48.755	2	2	5
4.211	5.432	131.056	48.567	2	2	5
4.238	5.432	130.889	48.379	2	2	5
4.265	5.432	130.722	48.191	2	2	5
4.292	5.432	130.554	48.004	2	2	5
4.319	5.432	130.386	47.817	2	2	5
4.346	5.432	130.218	47.631	2	2	5
4.373	5.432	130.050	47.444	2	2	5
4.401	5.432	129.881	47.259	2	2	5
4.428	5.432	129.711	47.073	2	2	5
4.455	5.432	129.542	46.889	2	2	5
4.482	5.432	129.372	46.704	2	2	5
4.509	5.432	129.202	46.520	2	2	5
4.536	5.432	129.031	46.336	2	2	5
4.563	5.432	128.860	46.153	2	2	5
4.591	5.432	128.689	45.970	2	2	5
4.618	5.432	128.517	45.787	2	2	5
4.645	5.432	128.345	45.605	2	2	5
4.672	5.432	128.173	45.424	2	2	5
4.699	5.432	128.001	45.242	2	2	5
4.726	5.432	127.828	45.061	2	2	5
4.753	5.432	127.655	44.881	2	2	5
4.781	5.432	127.481	44.701	2	2	5
4.808	5.432	127.307	44.521	2	2	5
4.835	5.432	127.133	44.342	2	2	5
4.862	5.432	126.959	44.163	2	2	5
4.889	5.432	126.784	43.985	2	2	5
4.916	5.432	126.609	43.807	2	2	5
4.943	5.432	126.434	43.629	2	2	5
4.971	5.432	126.258	43.452	2	2	5
4.998	5.432	126.082	43.276	2	2	5
5.025	5.432	125.906	43.100	2	2	5
5.052	5.432	125.730	42.924	2	2	5
5.079	5.432	125.553	42.749	2	2	5
5.106	5.432	125.376	42.574	2	2	5
5.133	5.432	125.198	42.399	2	2	5
5.161	5.432	125.021	42.225	2	2	5
5.188	5.432	124.843	42.052	2	2	5
5.215	5.432	124.665	41.879	2	2	5
5.242	5.432	124.486	41.706	2	2	5
5.269	5.432	124.307	41.534	2	2	5
5.296	5.432	124.128	41.362	2	2	5
5.323	5.432	123.949	41.191	2	2	5
5.351	5.432	123.769	41.020	2	2	5
5.378	5.432	123.589	40.850	2	2	5
5.405	5.432	123.409	40.680	2	2	5
5.432	5.432	123.229	40.510	2	2	5
5.459	5.432	123.048	40.341	2	2	5
5.486	5.432	122.867	40.173	2	2	5
5.513	5.432	122.686	40.005	2	2	5
5.540	5.432	122.504	39.838	2	2	5
5.568	5.432	122.322	39.670	2	2	5
5.595	5.432	122.140	39.504	2	2	5
5.622	5.432	121.958	39.338	2	2	5
5.649	5.432	121.775	39.172	2	2	5
5.676	5.432	121.593	39.007	2	2	5
5.703	5.432	121.410	38.843	2	2	5
5.730	5.432	121.226	38.678	2	2	5
5.758	5.432	121.043	38.515	2	2	5
5.785	5.432	120.859	38.352	2	2	5
5.812	5.432	120.675	38.189	2	2	5
5.839	5.432	120.490	38.027	2	2	5
5.866	5.432	120.306	37.865	2	2	5
5.893	5.432	120.121	37.704	2	2	5
5.920	5.432	119.936	37.543	2	2	5
5.948	5.432	119.750	37.383	2	2	5
5.975	5.432	119.565	37.224	2	2	5
6.002	5.432	119.379	37.065	2	2	5
6.029	5.432	119.193	36.906	2	2	5
6.056	5.432	119.006	36.748	2	2	5
6.083	5.432	118.820	36.590	2	2	5
6.110	5.432	118.633	36.433	2	2	5
6.138	5.432	118.446	36.277	2	2	5
6.165	5.432	118.259	36.121	2	2	5
6.192	5.432	118.071	35.965	2	2	5
6.219	5.432	117.883	35.810	2	2	5
6.246	5.432	117.695	35.656	2	2	5
6.273	5.432	117.507	35.502	2	2	5
6.300	5.432	117.318	35.349	2	2	5
6.328	5.432	117.130	35.196	2	2	5
6.355	5.432	116.941	35.044	2	2	5
6.382	5.432	116.752	34.892	2	2	5
6.409	5.432	116.562	34.741	2	2	5
6.436	5.432	116.372	34.590	2	2	5
6.463	5.432	116.183	34.440	2	2	5
6.490	5.432	115.993	34.291	2	2	5
6.518	5.432	115.802	34.142	2	2	5
6.545	5.432	115.612	33.993	2	2	5
6.572	5.432	115.421	33.845	2	2	5
6.599	5.432	115.230	33.698	2	2	5
6.626	5.432	115.039	33.551	2	2	5
6.653	5.432	114.847	33.405	2	2	5
6.680	5.432	114.655	33.259	2	2	5
6.708	5.432	114.463	33.114	2	2	5
6.735	5.432	114.271	32.970	2	2	5
6.762	5.432	114.079	32.826	2	2	5
6.789	5.432	113.886	32.683	2	2	5
6.816	5.432	113.694	32.540	2	2	5
6.843	5.432	113.501	32.398	2	2	5
6.870	5.432	113.307	32.256	2	2	5
6.898	5.432	113.114	32.115	2	2	5
6.925	5.432	112.920	31.974	2	2	5
6.952	5.432	112.726	31.834	2	2	5
6.979	5.432	112.532	31.695	2	2	5
7.006	5.432	112.338	31.556	2	2	5
7.033	5.432	112.143	31.418	2	2	5
7.060	5.432	111.948	31.281	2	2	5
7.087	5.432	111.753	31.144	2	2	5
7.115	5.432	111.558	31.007	2	2	5
7.142	5.432	111.363	30.872	2	2	5
7.169	5.432	111.167	30.736	2	2	5
7.196	5.432	110.971	30.602	2	2	5
7.223	5.432	110.775	30.468	2	2	5
7.250	5.432	110.579	30.334	2	2	5
7.277	5.432	110.382	30.202	2	2	5
7.305	5.432	110.186	30.070	2	2	5
7.332	5.432	109.989	29.938	2	1	5
7.359	5.432	109.791	29.807	2	1	5
7.386	5.432	109.594	29.677	2	1	5
7.413	5.432	109.396	29.547	2	1	5
7.440	5.432	109.199	29.418	2	1	5
7.467	5.432	109.000	29.289	2	1	5
7.495	5.432	108.802	29.162	2	1	5
7.522	5.432	108.604	29.034	2	1	5
7.549	5.432	108.405	28.908	2	1	5
7.576	5.432	108.206	28.782	2	1	5
7.603	5.432	108.007	28.656	2	1	5
7.630	5.432	107.807	28.532	2	1	5
7.657	5.432	107.608	28.407	2	1	5
7.685	5.432	107.408	28.284	2	1	5
7.712	5.432	107.208	28.161	2	1	5
7.739	5.432	107.008	28.039	2	1	5
7.766	5.432	106.807	27.917	2	1	5
7.793	5.432	106.607	27.796	2	1	5
7.820	5.432	106.406	27.676	2	1	5
7.847	5.432	106.204	27.556	2	1	5
7.875	5.432	106.003	27.437	2	1	5
7.902	5.432	105.801	27.319	2	1	5
7.929	5.432	105.600	27.201	2	1	5
7.956	5.432	105.397	27.084	2	1	5
7.983	5.432	105.195	26.968	2	1	5
8.010	5.432	104.993	26.852	2	1	5
8.037	5.432	104.790	26.737	2	1	5
8.065	5.432	104.587	26.622	2	1	5
8.092	5.432	104.384	26.508	2	1	5
8.119	5.432	104.180	26.395	2	1	5
8.146	5.432	103.976	26.283	2	1	5
8.173	5.432	103.772	26.171	2	1	5
8.200	5.432	103.568	26.060	2	1	5
8.227	5.432	103.364	25.949	2	1	5
8.255	5.432	103.159	25.839	2	1	5
8.282	5.432	102.954	25.730	2	1	5
8.309	5.432	102.749	25.621	2	1	5
8.336	5.432	102.544	25.513	2	1	5
8.363	5.432	102.338	25.406	2	1	5
8.390	5.432	102.132	25.300	2	1	5
8.417	5.432	101.926	25.194	2	1	5
8.445	5.432	101.720	25.089	2	1	5
8.472	5.432	101.513	24.984	2	1	5
8.499	5.432	101.306	24.880	2	1	5
8.526	5.432	101.099	24.777	2	1	5
8.553	5.432	100.892	24.674	2	1	5
8.580	5.432	100.684	24.573	2	1	5
8.607	5.432	100.476	24.471	2	1	5
8.634	5.432	100.268	24.371	2	1	5
8.662	5.432	100.059	24.271	2	1	5
8.689	5.432	99.851	24.172	2	1	5
8.716	5.432	99.642	24.074	2	1	5
8.743	5.432	99.433	23.976	2	1	5
8.770	5.432	99.223	23.879	2	1	5
8.797	5.432	99.013	23.783	2	1	5
8.824	5.432	98.803	23.687	2	1	5
8.852	5.432	98.593	23.592	2	1	5
8.879	5.432	98.382	23.498	2	1	5
8.906	5.432	98.171	23.404	2	1	5
8.933	5.432	97.960	23.311	2	1	5
8.960	5.432	97.748	23.219	2	1	5
8.987	5.432	97.537	23.127	2	1	5
9.014	5.432	97.325	23.037	2	1	5
9.042	5.432	97.112	22.947	2	1	5
9.069	5.432	96.899	22.857	2	1	5
9.096	5.432	96.686	22.768	2	1	5
9.123	5.432	96.473	22.680	2	1	5
9.150	5.432	96.260	22.593	2	1	5
9.177	5.432	96.046	22.507	2	1	5
9.204	5.432	95.831	22.421	2	1	5
9.232	5.432	95.617	22.335	2	1	5
9.259	5.432	95.402	22.251	2	1	5
9.286	5.432	95.187	22.167	2	1	5
9.313	5.432	94.971	22.084	2	1	5
9.340	5.432	94.755	22.002	2	1	5
9.340	5.432	94.755	22.002	0	0	0
9.395	5.429	94.330	21.818	5	2	14
9.449	5.423	93.925	21.597	5	3	14
9.502	5.412	93.544	21.341	4	3	11
9.554	5.396	93.188	21.050	4	3	11
9.605	5.376	92.859	20.726	4	4	11
9.654	5.352	92.561	20.371	3	4	11
9.701	5.324	92.295	19.988	3	4	11
9.745	5.293	92.062	19.577	3	5	14
9.787	5.257	91.864	19.143	2	5	14
9.826	5.219	91.702	18.687	2	5	14
9.861	5.177	91.576	18.213	1	5	14
9.893	5.133	91.487	17.722	1	6	17
9.920	5.086	91.435	17.219	1	6	17
9.944	5.037	91.421	16.707	0	6	17
9.964	4.986	91.443	16.189	0	6	17
9.980	4.934	91.502	15.668	-1	6	17
9.991	4.880	91.597	15.149	-1	6	17
9.998	4.826	91.727	14.633	-1	6	17
10.000	4.772	91.891	14.126	-2	6	17
10.000	4.772	91.891	14.126	0	0	0
10.000	4.745	91.980	13.877	-1	3	8
10.000	4.718	92.068	13.627	-1	3	8
10.000	4.691	92.156	13.378	-1	3	8
10.000	4.663	92.242	13.128	-1	3	8
10.000	4.636	92.327	12.878	-1	3	8
10.000	4.609	92.411	12.629	-1	3	8
10.000	4.582	92.495	12.379	-1	3	8
10.000	4.555	92.577	12.130	-1	3	8
10.000	4.528	92.659	11.880	-1	3	8
10.000	4.501	92.739	11.630	-1	3	8
10.000	4.473	92.819	11.381	-1	3	8
10.000	4.446	92.898	11.131	-1	3	8
10.000	4.419	92.976	10.881	-1	3	8
10.000	4.392	93.053	10.631	-1	3	8
10.000	4.365	93.129	10.381	-1	3	8
10.000	4.338	93.204	10.131	-1	3	8
10.000	4.311	93.278	9.881	-1	3	8
10.000	4.284	93.351	9.630	-1	3	8
10.000	4.256	93.424	9.380	-1	3	8
10.000	4.229	93.495	9.129	-1	3	8
10.000	4.202	93.566	8.879	-1	3	8
10.000	4.175	93.636	8.628	-1	3	8
10.000	4.148	93.705	8.377	-1	3	8
10.000	4.121	93.773	8.126	-1	3	8
10.000	4.094	93.840	7.875	-1	3	8
10.000	4.067	93.906	7.624	-1	3	8
10.000	4.039	93.972	7.372	-1	3	8
10.000	4.012	94.037	7.121	-1	3	8
10.000	3.985	94.100	6.869	-1	3	8
10.000	3.958	94.163	6.617	-1	3	8
10.000	3.931	94.226	6.365	-1	3	8
10.000	3.904	94.287	6.112	-1	3	8
10.000	3.877	94.347	5.860	-1	3	8
10.000	3.850	94.407	5.607	-1	3	8
10.000	3.822	94.466	5.354	-1	3	8
10.000	3.795	94.524	5.101	-1	3	8
10.000	3.768	94.581	4.847	-1	3	8
10.000	3.741	94.637	4.594	-1	3	8
10.000	3.714	94.693	4.340	-1	3	8
10.000	3.687	94.748	4.086	-1	3	8
10.000	3.660	94.802	3.831	-1	3	8
10.000	3.633	94.855	3.577	-1	3	8
10.000	3.605	94.907	3.322	-1	3	8
10.000	3.578	94.959	3.067	-1	3	8
10.000	3.551	95.009	2.811	-1	3	8
10.000	3.524	95.059	2.556	-1	3	8
10.000	3.497	95.108	2.300	-1	3	8
10.000	3.470	95.157	2.043	-1	3	8
10.000	3.443	95.204	1.787	-1	3	8
10.000	3.416	95.251	1.530	-1	3	8
10.000	3.388	95.297	1.273	-1	3	8
10.000	3.361	95.342	1.015	-1	3	8
10.000	3.334	95.387	0.757	-1	3	8
10.000	3.307	95.430	0.499	0	3	8
10.000	3.280	95.473	0.241	0	3	8
10.000	3.253	95.515	-0.018	0	3	8
10.000	3.226	95.556	-0.277	0	3	8
10.000	3.199	95.597	-0.537	0	3	8
10.000	3.171	95.637	-0.797	0	3	8
10.000	3.144	95.676	-1.057	0	3	8
10.000	3.117	95.714	-1.318	0	3	8
10.000	3.090	95.751	-1.579	0	3	8
10.000	3.063	95.788	-1.841	0	3	8
10.000	3.036	95.824	-2.103	0	3	8
10.000	3.009	95.859	-2.365	0	3	8
10.000	2.982	95.893	-2.628	0	3	8
10.000	2.954	95.927	-2.891	0	3	8
10.000	2.927	95.960	-3.154	0	3	8
10.000	2.900	95.992	-3.419	0	3	8
10.000	2.873	96.023	-3.683	0	3	8
10.000	2.846	96.054	-3.948	0	3	8
10.000	2.819	96.083	-4.213	0	3	8
10.000	2.792	96.112	-4.479	0	3	8
10.000	2.765	96.141	-4.745	0	3	8
10.000	2.737	96.168	-5.012	0	3	8
10.000	2.710	96.195	-5.280	0	3	8
10.000	2.683	96.221	-5.547	0	3	8
10.000	2.656	96.246	-5.816	0	3	8
10.000	2.629	96.270	-6.084	0	3	8
10.000	2.602	96.294	-6.354	0	3	8
10.000	2.575	96.317	-6.624	0	3	8
10.000	2.548	96.339	-6.894	0	3	8
10.000	2.520	96.361	-7.165	0	3	8
10.000	2.493	96.381	-7.436	0	3	8
10.000	2.466	96.401	-7.708	0	3	8
10.000	2.439	96.420	-7.981	0	3	8
10.000	2.412	96.439	-8.254	0	3	8
10.000	2.385	96.456	-8.528	0	3	8
10.000	2.358	96.473	-8.802	0	3	8
10.000	2.331	96.490	-9.077	0	3	8
10.000	2.303	96.505	-9.353	0	3	8
10.000	2.276	96.520	-9.629	0	3	8
10.000	2.249	96.533	-9.905	0	3	8
10.000	2.222	96.547	-10.183	0	3	8
10.000	2.195	96.559	-10.461	0	3	8
10.000	2.168	96.571	-10.739	0	3	8
10.000	2.141	96.581	-11.019	0	3	8
10.000	2.114	96.591	-11.299	0	3	8
10.000	2.086	96.601	-11.579	0	3	8
10.000	2.059	96.609	-11.860	0	3	8
10.000	2.032	96.617	-12.142	0	3	8
10.000	2.005	96.624	-12.425	0	3	8
10.000	1.978	96.631	-12.708	0	3	8
10.000	1.951	96.636	-12.992	0	3	8
10.000	1.924	96.641	-13.277	0	3	8
10.000	1.897	96.645	-13.563	0	3	8
10.000	1.869	96.648	-13.849	0	3	8
10.000	1.842	96.651	-14.136	0	3	8
10.000	1.815	96.653	-14.423	0	3	8
10.000	1.788	96.654	-14.712	0	3	8
10.000	1.761	96.654	-15.001	0	3	8
10.000	1.734	96.653	-15.291	0	3	8
10.000	1.707	96.652	-15.582	0	3	8
10.000	1.680	96.650	-15.873	0	3	8
10.000	1.652	96.647	-16.166	0	3	8
10.000	1.625	96.644	-16.459	0	3	8
10.000	1.598	96.640	-16.753	0	3	8
10.000	1.571	96.635	-17.048	0	3	8
10.000	1.544	96.629	-17.343	0	3	8
10.000	1.517	96.622	-17.640	0	3	8
10.000	1.490	96.615	-17.937	0	3	8
10.000	1.463	96.607	-18.236	0	3	8
10.000	1.435	96.598	-18.535	0	3	8
10.000	1.408	96.588	-18.835	0	3	8
10.000	1.381	96.578	-19.136	0	3	8
10.000	1.354	96.567	-19.437	0	3	8
10.000	1.327	96.555	-19.740	0	3	8
10.000	1.300	96.542	-20.044	0	3	8
10.000	1.273	96.529	-20.348	0	3	8
10.000	1.246	96.515	-20.654	0	3	8
10.000	1.218	96.500	-20.960	0	3	8
10.000	1.191	96.484	-21.268	0	3	8
10.000	1.164	96.467	-21.576	0	4	11
10.000	1.137	96.450	-21.885	0	4	11
10.000	1.110	96.432	-22.196	0	4	11
10.000	1.083	96.413	-22.507	0	4	11
10.000	1.056	96.394	-22.820	0	4	11
10.000	1.028	96.373	-23.133	0	4	11
10.000	1.028	96.373	-23.133	0	0	0
9.973	1.028	96.601	-23.057	-3	-1	8
9.946	1.028	96.829	-22.979	-3	-1	8
9.918	1.028	97.058	-22.900	-3	-1	8
9.891	1.028	97.286	-22.820	-3	-1	8
9.864	1.028	97.515	-22.739	-3	-1	8
9.837	1.028	97.744	-22.656	-3	-1	8
9.810	1.028	97.973	-22.572	-3	-1	8
9.783	1.028	98.203	-22.487	-3	-1	8
9.755	1.028	98.432	-22.400	-3	-1	8
9.728	1.028	98.662	-22.312	-3	-1	8
9.701	1.028	98.892	-22.223	-3	-1	8
9.674	1.028	99.122	-22.132	-3	-1	8
9.647	1.028	99.353	-22.041	-3	-1	8
9.620	1.028	99.583	-21.947	-3	-1	8
9.592	1.028	99.814	-21.853	-3	-1	8
9.565	1.028	100.045	-21.757	-3	-1	8
9.538	1.028	100.277	-21.659	-3	-1	8
9.511	1.028	100.508	-21.561	-3	-1	8
9.484	1.028	100.740	-21.461	-3	-1	8
9.457	1.028	100.972	-21.359	-3	-1	8
9.429	1.028	101.204	-21.257	-3	-1	8
9.402	1.028	101.437	-21.153	-3	-1	8
9.375	1.028	101.669	-21.047	-3	-1	8
9.348	1.028	101.902	-20.940	-3	-1	8
9.321	1.028	102.136	-20.832	-3	-1	8
9.293	1.028	102.369	-20.722	-3	-1	8
9.266	1.028	102.603	-20.611	-3	-1	8
9.239	1.028	102.837	-20.499	-3	-1	8
9.212	1.028	103.071	-20.385	-3	-1	8
9.185	1.028	103.306	-20.270	-3	-1	8
9.158	1.028	103.540	-20.153	-3	-1	8
9.130	1.028	103.776	-20.035	-3	-1	8
9.103	1.028	104.011	-19.915	-3	-1	8
9.076	1.028	104.246	-19.794	-3	-1	8
9.049	1.028	104.482	-19.672	-3	-1	8
9.022	1.028	104.718	-19.548	-3	-1	8
8.995	1.028	104.955	-19.423	-3	-1	8
8.967	1.028	105.192	-19.296	-3	-1	8
8.940	1.028	105.429	-19.168	-3	-1	8
8.913	1.028	105.666	-19.038	-3	-1	8
8.886	1.028	105.903	-18.907	-3	-1	8
8.859	1.028	106.141	-18.774	-3	-2	8
8.832	1.028	106.379	-18.640	-3	-2	8
8.804	1.028	106.618	-18.505	-3	-2	8
8.777	1.028	106.856	-18.368	-3	-2	8
8.750	1.028	107.096	-18.230	-3	-2	8
8.723	1.028	107.335	-18.090	-3	-2	8
8.696	1.028	107.575	-17.948	-3	-2	8
8.668	1.028	107.814	-17.805	-3	-2	8
8.641	1.028	108.055	-17.661	-3	-2	8
8.614	1.028	108.295	-17.515	-3	-2	8
8.587	1.028	108.536	-17.368	-3	-2	8
8.560	1.028	108.777	-17.219	-3	-2	8
8.533	1.028	109.019	-17.068	-3	-2	8
8.505	1.028	109.261	-16.917	-3	-2	8
8.478	1.028	109.503	-16.763	-3	-2	8
8.451	1.028	109.745	-16.608	-3	-2	8
8.424	1.028	109.988	-16.452	-3	-2	8
8.397	1.028	110.231	-16.294	-3	-2	8
8.370	1.028	110.475	-16.135	-3	-2	8
8.342	1.028	110.719	-15.974	-3	-2	8
8.315	1.028	110.963	-15.812	-3	-2	8
8.288	1.028	111.207	-15.648	-3	-2	8
8.261	1.028	111.452	-15.482	-3	-2	8
8.234	1.028	111.697	-15.315	-3	-2	8
8.207	1.028	111.943	-15.147	-3	-2	8
8.179	1.028	112.188	-14.977	-3	-2	8
8.152	1.028	112.435	-14.805	-3	-2	8
8.125	1.028	112.681	-14.632	-3	-2	8
8.098	1.028	112.928	-14.458	-3	-2	8
8.071	1.028	113.175	-14.282	-3	-2	8
8.043	1.028	113.423	-14.104	-3	-2	8
8.016	1.028	113.671	-13.925	-3	-2	8
7.989	1.028	113.919	-13.745	-3	-2	8
7.962	1.028	114.167	-13.563	-3	-2	8
7.935	1.028	114.416	-13.379	-3	-2	8
7.908	1.028	114.666	-13.194	-3	-2	8
7.880	1.028	114.915	-13.007	-3	-2	8
7.853	1.028	115.166	-12.819	-3	-2	8
7.826	1.028	115.416	-12.630	-3	-2	8
7.799	1.028	115.667	-12.438	-3	-2	8
7.772	1.028	115.918	-12.246	-3	-2	8
7.745	1.028	116.169	-12.052	-3	-2	8
7.717	1.028	116.421	-11.856	-3	-2	8
7.690	1.028	116.673	-11.659	-3	-2	8
7.663	1.028	116.926	-11.460	-3	-2	8
7.636	1.028	117.179	-11.260	-3	-2	8
7.609	1.028	117.432	-11.059	-3	-2	8
7.582	1.028	117.686	-10.855	-3	-2	8
7.554	1.028	117.940	-10.651	-3	-2	8
7.527	1.028	118.195	-10.445	-3	-2	8
7.500	1.028	118.450	-10.237	-3	-2	8
7.473	1.028	118.705	-10.028	-3	-2	8
7.446	1.028	118.960	-9.818	-3	-2	8
7.418	1.028	119.216	-9.606	-3	-2	8
7.391	1.028	119.473	-9.392	-3	-2	8
7.364	1.028	119.729	-9.177	-3	-2	8
7.337	1.028	119.986	-8.961	-3	-2	8
7.310	1.028	120.244	-8.743	-3	-2	8
7.283	1.028	120.502	-8.524	-3	-2	8
7.255	1.028	120.760	-8.304	-3	-3	8
7.228	1.028	121.018	-8.081	-3	-3	8
7.201	1.028	121.277	-7.858	-3	-3	8
7.174	1.028	121.537	-7.633	-3	-3	8
7.147	1.028	121.797	-7.407	-3	-3	8
7.120	1.028	122.057	-7.179	-3	-3	8
7.092	1.028	122.317	-6.950	-3	-3	8
7.065	1.028	122.578	-6.719	-3	-3	8
7.038	1.028	122.839	-6.487	-3	-3	8
7.011	1.028	123.101	-6.254	-3	-3	8
6.984	1.028	123.363	-6.020	-3	-3	8
6.957	1.028	123.625	-5.783	-3	-3	8
6.929	1.028	123.888	-5.546	-3	-3	8
6.902	1.028	124.151	-5.307	-3	-3	8
6.875	1.028	124.414	-5.067	-3	-3	8
6.848	1.028	124.678	-4.826	-3	-3	8
6.821	1.028	124.942	-4.583	-3	-3	8
6.793	1.028	125.207	-4.339	-3	-3	8
6.766	1.028	125.472	-4.094	-3	-3	8
6.739	1.028	125.737	-3.847	-3	-3	8
6.712	1.028	126.003	-3.599	-3	-3	8
6.685	1.028	126.269	-3.350	-3	-3	8
6.658	1.028	126.535	-3.100	-3	-3	8
6.630	1.028	126.802	-2.848	-3	-3	8
6.603	1.028	127.069	-2.595	-3	-3	8
6.576	1.028	127.337	-2.341	-3	-3	8
6.549	1.028	127.604	-2.085	-3	-3	8
6.522	1.028	127.873	-1.828	-3	-3	8
6.495	1.028	128.141	-1.570	-3	-3	8
6.467	1.028	128.410	-1.311	-3	-3	8
6.440	1.028	128.679	-1.051	-3	-3	8
6.413	1.028	128.949	-0.790	-3	-3	8
6.386	1.028	129.219	-0.527	-3	-3	8
6.359	1.028	129.489	-0.263	-3	-3	8
6.332	1.028	129.760	0.002	-3	-3	8
6.304	1.028	130.031	0.268	-3	-3	8
6.277	1.028	130.302	0.535	-3	-3	8
6.250	1.028	130.573	0.803	-3	-3	8
6.223	1.028	130.845	1.073	-3	-3	8
6.196	1.028	131.117	1.343	-3	-3	8
6.168	1.028	131.390	1.615	-3	-3	8
6.141	1.028	131.663	1.888	-3	-3	8
6.114	1.028	131.936	2.161	-3	-3	8
6.087	1.028	132.209	2.436	-3	-3	8
6.060	1.028	132.483	2.712	-3	-3	8
6.033	1.028	132.757	2.989	-3	-3	8
6.005	1.028	133.032	3.266	-3	-3	8
5.978	1.028	133.306	3.545	-3	-3	8
5.951	1.028	133.581	3.825	-3	-3	8
5.924	1.028	133.856	4.106	-3	-3	8
5.897	1.028	134.132	4.387	-3	-3	8
5.870	1.028	134.408	4.670	-3	-3	8
5.842	1.028	134.684	4.953	-3	-3	8
5.815	1.028	134.960	5.238	-3	-3	8
5.788	1.028	135.237	5.523	-3	-3	8
5.761	1.028	135.514	5.809	-3	-3	8
5.734	1.028	135.791	6.097	-3	-3	8
5.707	1.028	136.068	6.384	-3	-3	8
5.679	1.028	136.345	6.673	-3	-3	8
5.652	1.028	136.623	6.963	-3	-3	8
5.625	1.028	136.901	7.253	-3	-3	8
5.598	1.028	137.180	7.545	-3	-3	8
5.571	1.028	137.458	7.837	-3	-3	8
5.543	1.028	137.737	8.130	-3	-3	8
5.516	1.028	138.016	8.423	-3	-3	8
5.489	1.028	138.295	8.717	-3	-3	8
5.462	1.028	138.574	9.013	-3	-3	8
5.435	1.028	138.853	9.308	-3	-3	8
5.408	1.028	139.133	9.605	-3	-3	8
5.380	1.028	139.413	9.902	-3	-3	8
5.353	1.028	139.693	10.200	-3	-3	8
5.326	1.028	139.973	10.498	-3	-3	8
5.299	1.028	140.253	10.798	-3	-3	8
5.272	1.028	140.533	11.097	-3	-3	8
5.245	1.028	140.814	11.398	-3	-3	8
5.217	1.028	141.095	11.699	-3	-3	8
5.190	1.028	141.375	12.001	-3	-3	8
5.163	1.028	141.656	12.303	-3	-3	8
5.136	1.028	141.937	12.606	-3	-3	8
5.109	1.028	142.218	12.909	-3	-3	8
5.082	1.028	142.500	13.213	-3	-3	8
5.054	1.028	142.781	13.517	-3	-3	8
5.027	1.028	143.062	13.822	-3	-3	8
5.000	1.028	143.344	14.128	-3	-3	8
4.973	1.028	143.625	14.434	-3	-3	8
4.946	1.028	143.907	14.740	-3	-3	8
4.918	1.028	144.188	15.047	-3	-3	8
4.891	1.028	144.470	15.354	-3	-3	8
4.864	1.028	144.751	15.662	-3	-4	11
4.837	1.028	145.033	15.970	-3	-4	11
4.810	1.028	145.315	16.279	-3	-4	11
4.783	1.028	145.596	16.588	-3	-4	11
4.755	1.028	145.878	16.897	-3	-4	11
4.728	1.028	146.159	17.207	-3	-4	11
4.701	1.028	146.441	17.517	-3	-4	11
4.674	1.028	146.722	17.827	-3	-4	11
4.647	1.028	147.004	18.138	-3	-4	11
4.620	1.028	147.285	18.449	-3	-4	11
4.592	1.028	147.567	18.761	-3	-4	11
4.565	1.028	147.848	19.072	-3	-4	11
4.538	1.028	148.129	19.384	-3	-4	11
4.511	1.028	148.410	19.696	-3	-4	11
4.484	1.028	148.691	20.009	-3	-4	11
4.457	1.028	148.972	20.321	-3	-4	11
4.429	1.028	149.252	20.634	-3	-4	11
4.402	1.028	149.533	20.947	-3	-4	11
4.375	1.028	149.813	21.261	-3	-4	11
4.348	1.028	150.093	21.574	-3	-4	11
4.321	1.028	150.374	21.888	-3	-4	11
4.293	1.028	150.653	22.202	-3	-4	11
4.266	1.028	150.933	22.516	-3	-4	11
4.239	1.028	151.212	22.830	-3	-4	11
4.212	1.028	151.492	23.144	-3	-4	11
4.185	1.028	151.771	23.459	-3	-4	11
4.158	1.028	152.049	23.773	-3	-4	11
4.130	1.028	152.328	24.088	-3	-4	11
4.103	1.028	152.606	24.403	-3	-4	11
4.076	1.028	152.884	24.718	-3	-4	11
4.049	1.028	153.162	25.032	-3	-4	11
4.022	1.028	153.439	25.347	-3	-4	11
3.995	1.028	153.716	25.662	-3	-4	11
3.967	1.028	153.993	25.977	-3	-4	11
3.940	1.028	154.270	26.292	-3	-4	11
3.913	1.028	154.546	26.608	-3	-4	11
3.886	1.028	154.821	26.923	-3	-4	11
3.859	1.028	155.097	27.238	-3	-4	11
3.832	1.028	155.372	27.553	-3	-4	11
3.804	1.028	155.646	27.868	-3	-4	11
3.777	1.028	155.921	28.183	-3	-4	11
3.750	1.028	156.194	28.498	-3	-4	11
3.723	1.028	156.468	28.813	-3	-4	11
3.696	1.028	156.741	29.128	-3	-4	11
3.668	1.028	157.013	29.442	-3	-4	11
3.641	1.028	157.285	29.757	-3	-4	11
3.614	1.028	157.557	30.072	-3	-4	11
3.587	1.028	157.828	30.386	-3	-4	11
3.560	1.028	158.099	30.701	-3	-4	11
3.533	1.028	158.369	31.015	-3	-4	11
3.505	1.028	158.639	31.329	-3	-4	11
3.478	1.028	158.908	31.644	-3	-4	11
3.451	1.028	159.176	31.957	-3	-4	11
3.424	1.028	159.444	32.271	-3	-4	11
3.397	1.028	159.712	32.585	-3	-4	11
3.370	1.028	159.979	32.899	-3	-4	11
3.342	1.028	160.245	33.212	-3	-4	11
3.315	1.028	160.511	33.525	-3	-4	11
3.288	1.028	160.776	33.838	-3	-4	11
3.261	1.028	161.040	34.151	-3	-4	11
3.234	1.028	161.304	34.464	-3	-4	11
3.207	1.028	161.567	34.776	-3	-4	11
3.179	1.028	161.830	35.088	-3	-4	11
3.152	1.028	162.092	35.400	-3	-4	11
3.125	1.028	162.353	35.712	-3	-4	11
3.098	1.028	162.614	36.024	-3	-4	11
3.071	1.028	162.874	36.335	-3	-4	11
3.043	1.028	163.133	36.646	-3	-4	11
3.016	1.028	163.391	36.957	-3	-4	11
2.989	1.028	163.649	37.268	-3	-4	11
2.962	1.028	163.906	37.578	-3	-4	11
2.935	1.028	164.162	37.889	-3	-4	11
2.908	1.028	164.418	38.198	-3	-4	11
2.880	1.028	164.673	38.508	-3	-4	11
2.853	1.028	164.927	38.818	-3	-4	11
2.826	1.028	165.180	39.127	-3	-4	11
2.799	1.028	165.432	39.435	-3	-4	11
2.772	1.028	165.684	39.744	-3	-4	11
2.745	1.028	165.935	40.052	-3	-4	11
2.717	1.028	166.185	40.360	-3	-4	11
2.690	1.028	166.434	40.668	-3	-4	11
2.663	1.028	166.682	40.975	-3	-3	8
2.636	1.028	166.929	41.282	-3	-3	8
2.609	1.028	167.176	41.589	-3	-3	8
2.582	1.028	167.422	41.895	-3	-3	8
2.554	1.028	167.667	42.201	-3	-3	8
2.527	1.028	167.910	42.507	-3	-3	8
2.500	1.028	168.153	42.813	-3	-3	8
2.473	1.028	168.396	43.118	-3	-3	8
2.446	1.028	168.637	43.423	-3	-3	8
2.418	1.028	168.877	43.727	-3	-3	8
2.391	1.028	169.116	44.031	-3	-3	8
2.364	1.028	169.355	44.335	-3	-3	8
2.337	1.028	169.592	44.639	-3	-3	8
2.310	1.028	169.829	44.942	-3	-3	8
2.283	1.028	170.064	45.244	-3	-3	8
2.255	1.028	170.299	45.547	-3	-3	8
2.228	1.028	170.532	45.849	-3	-3	8
2.201	1.028	170.765	46.151	-3	-3	8
2.174	1.028	170.996	46.452	-3	-3	8
2.147	1.028	171.227	46.753	-3	-3	8
2.120	1.028	171.456	47.054	-3	-3	8
2.092	1.028	171.685	47.354	-3	-3	8
2.065	1.028	171.912	47.654	-3	-3	8
2.038	1.028	172.139	47.953	-3	-3	8
2.011	1.028	172.364	48.253	-3	-3	8
1.984	1.028	172.588	48.551	-3	-3	8
1.957	1.028	172.811	48.850	-3	-3	8
1.929	1.028	173.034	49.148	-3	-3	8
1.902	1.028	173.255	49.446	-3	-3	8
1.875	1.028	173.475	49.743	-3	-3	8
1.848	1.028	173.694	50.040	-2	-3	8
1.821	1.028	173.912	50.336	-2	-3	8
1.793	1.028	174.128	50.633	-2	-3	8
1.766	1.028	174.344	50.928	-2	-3	8
1.739	1.028	174.559	51.224	-2	-3	8
1.712	1.028	174.772	51.519	-2	-3	8
1.685	1.028	174.984	51.814	-2	-3	8
1.658	1.028	175.196	52.108	-2	-3	8
1.630	1.028	175.406	52.402	-2	-3	8
1.603	1.028	175.615	52.695	-2	-3	8
1.576	1.028	175.822	52.988	-2	-3	8
1.549	1.028	176.029	53.281	-2	-3	8
1.522	1.028	176.234	53.574	-2	-3	8
1.495	1.028	176.439	53.866	-2	-3	8
1.467	1.028	176.642	54.157	-2	-3	8
1.440	1.028	176.844	54.448	-2	-3	8
1.413	1.028	177.045	54.739	-2	-3	8
1.386	1.028	177.245	55.030	-2	-3	8
1.359	1.028	177.443	55.320	-2	-3	8
1.332	1.028	177.640	55.609	-2	-3	8
1.304	1.028	177.837	55.899	-2	-3	8
1.277	1.028	178.032	56.188	-2	-3	8
1.250	1.028	178.225	56.476	-2	-3	8
1.223	1.028	178.418	56.764	-2	-3	8
1.196	1.028	178.609	57.052	-2	-3	8
1.168	1.028	178.800	57.340	-2	-3	8
1.141	1.028	178.989	57.627	-2	-3	8
1.114	1.028	179.176	57.913	-2	-3	8
1.087	1.028	179.363	58.200	-2	-3	8
1.060	1.028	179.548	58.486	-2	-3	8
1.033	1.028	179.733	58.771	-2	-3	8
1.005	1.028	179.916	59.056	-2	-3	8
0.978	1.028	180.097	59.341	-2	-3	8
0.951	1.028	180.278	59.626	-2	-3	8
0.924	1.028	180.457	59.910	-2	-3	8
0.897	1.028	180.635	60.193	-2	-3	8
0.870	1.028	180.812	60.477	-2	-3	8
0.842	1.028	180.988	60.760	-2	-3	8
0.815	1.028	181.162	61.042	-2	-3	8
0.788	1.028	181.336	61.324	-2	-3	8
0.761	1.028	181.508	61.606	-2	-3	8
0.734	1.028	181.678	61.888	-2	-3	8
0.707	1.028	181.848	62.169	-2	-3	8
0.679	1.028	182.016	62.450	-2	-3	8
0.652	1.028	182.183	62.730	-2	-3	8
0.625	1.028	182.349	63.010	-2	-3	8
0.598	1.028	182.514	63.290	-2	-3	8
0.571	1.028	182.677	63.569	-2	-3	8
0.543	1.028	182.839	63.848	-2	-3	8
0.516	1.028	183.000	64.127	-2	-3	8
0.489	1.028	183.160	64.405	-2	-3	8
0.462	1.028	183.319	64.683	-2	-3	8
0.435	1.028	183.476	64.961	-2	-3	8
0.408	1.028	183.632	65.238	-2	-3	8
0.380	1.028	183.787	65.515	-2	-3	8
0.353	1.028	183.940	65.792	-2	-3	8
0.326	1.028	184.093	66.068	-2	-3	8
0.299	1.028	184.244	66.344	-2	-3	8
0.272	1.028	184.394	66.620	-2	-3	8
0.245	1.028	184.542	66.895	-2	-3	8
0.217	1.028	184.690	67.170	-2	-3	8
0.190	1.028	184.836	67.445	-2	-3	8
0.163	1.028	184.981	67.719	-2	-3	8
0.136	1.028	185.125	67.993	-2	-3	8
0.109	1.028	185.267	68.267	-2	-3	8
0.082	1.028	185.408	68.540	-2	-3	8
0.054	1.028	185.549	68.814	-2	-3	8
0.027	1.028	185.687	69.086	-2	-3	8
0.000	1.028	185.825	69.359	-2	-3	8
0.465	1.781	177.054	65.497	100	44	292
0.426	1.822	176.938	65.946	1	-5	14
0.379	1.854	176.933	66.455	0	-6	17
0.326	1.875	177.037	67.000	-1	-6	17
0.326	1.875	177.037	67.000	0	0	0
0.275	1.921	176.924	67.566	1	-6	17
0.236	1.978	176.666	68.033	3	-5	14
0.236	1.978	176.666	68.033	0	0	0
0.213	2.038	176.298	68.349	4	-4	11
0.226	2.102	175.736	68.339	6	0	17
0.226	2.102	175.736	68.339	0	0	0
0.255	2.152	175.192	68.144	6	2	17
0.255	2.152	175.192	68.144	0	0	0
0.185	2.197	175.175	68.897	0	-9	26
0.185	2.197	175.175	68.897	0	0	0
0.160	2.261	174.796	69.255	4	-4	11
0.168	2.329	174.221	69.300	7	-1	20
0.168	2.329	174.221	69.300	0	0	0
0.179	2.382	173.754	69.302	5	0	14
0.191	2.435	173.284	69.296	5	0	14
0.204	2.488	172.813	69.282	5	0	14
0.218	2.540	172.341	69.262	5	0	14
0.233	2.592	171.868	69.234	5	0	14
0.249	2.644	171.393	69.199	5	0	14
0.267	2.696	170.918	69.157	5	0	14
0.285	2.747	170.443	69.107	5	1	14
0.304	2.797	169.966	69.050	5	1	14
0.324	2.848	169.490	68.987	5	1	14
0.346	2.898	169.013	68.916	5	1	14
0.346	2.898	169.013	68.916	0	0	0
0.360	2.932	168.682	68.868	4	1	11
0.375	2.967	168.353	68.822	4	1	11
0.375	2.967	168.353	68.822	0	0	0
0.391	3.002	168.023	68.774	4	1	11
0.406	3.036	167.693	68.726	4	1	11
0.406	3.036	167.693	68.726	0	0	0
0.421	3.071	167.364	68.677	4	1	11
0.437	3.105	167.035	68.629	4	1	11
0.437	3.105	167.035	68.629	0	0	0
0.450	3.132	166.772	68.589	3	0	8
0.463	3.160	166.510	68.550	3	0	8
0.475	3.187	166.247	68.511	3	0	8
0.488	3.214	165.986	68.474	3	0	8
0.501	3.242	165.724	68.438	3	0	8
0.501	3.242	165.724	68.438	0	0	0
0.517	3.276	165.398	68.393	4	1	11
0.533	3.310	165.072	68.348	4	1	11
0.533	3.310	165.072	68.348	0	0	0
0.567	3.358	164.559	68.196	6	2	17
0.589	3.413	164.056	68.159	6	0	17
0.589	3.413	164.056	68.159	0	0	0
0.595	3.479	163.543	68.318	6	-2	17
0.595	3.546	163.057	68.536	6	-2	17
0.589	3.613	162.601	68.810	5	-3	14
0.589	3.613	162.601	68.810	0	0	0
0.593	3.682	162.086	69.010	6	-2	17
0.610	3.749	161.525	69.085	6	-1	17
0.641	3.810	160.941	69.034	7	1	20
0.641	3.810	160.941	69.034	0	0	0
0.676	3.857	160.447	68.889	6	2	17
0.714	3.900	159.958	68.707	6	2	17
0.756	3.941	159.477	68.487	5	2	14
0.801	3.978	159.006	68.232	5	3	14
0.849	4.011	158.547	67.942	5	3	14
0.899	4.041	158.103	67.618	5	4	14
0.899	4.041	158.103	67.618	0	0	0
0.947	4.102	157.448	67.437	7	2	20
0.947	4.102	157.448	67.437	0	0	0
0.920	4.155	157.198	67.880	3	-5	14
0.920	4.155	157.198	67.880	0	0	0
0.934	4.208	156.762	67.970	5	-1	14
0.951	4.260	156.318	68.030	5	-1	14
0.972	4.310	155.868	68.061	5	0	14
0.996	4.359	155.413	68.062	5	0	14
1.023	4.407	154.957	68.034	5	0	14
1.052	4.453	154.499	67.975	5	1	14
1.052	4.453	154.499	67.975	0	0	0
1.104	4.508	153.871	67.776	7	2	20
1.133	4.578	153.247	67.838	7	-1	20
1.133	4.578	153.247	67.838	0	0	0
1.138	4.586	153.172	67.828	1	0	2
1.138	4.586	153.172	67.828	0	0	0
1.158	4.608	152.925	67.761	3	1	8
1.178	4.631	152.678	67.696	3	1	8
1.198	4.653	152.431	67.632	3	1	8
1.217	4.675	152.184	67.568	3	1	8
1.237	4.698	151.937	67.506	3	1	8
1.237	4.698	151.937	67.506	0	0	0
1.276	4.746	151.423	67.398	6	1	17
1.318	4.791	150.913	67.258	6	2	17
1.363	4.833	150.409	67.086	6	2	17
1.411	4.873	149.913	66.882	6	2	17
1.461	4.910	149.426	66.647	6	3	17
1.513	4.943	148.950	66.382	5	3	14
1.513	4.943	148.950	66.382	0	0	0
1.566	4.975	148.488	66.105	5	3	14
1.622	4.997	148.064	65.751	5	4	14
1.682	5.010	147.689	65.328	4	5	14
1.743	5.013	147.371	64.846	4	5	14
1.743	5.013	147.371	64.846	0	0	0
1.843	5.018	146.849	64.062	6	9	26
1.843	5.018	146.849	64.062	0	0	0
1.889	5.047	146.421	63.835	5	3	14
1.937	5.075	145.997	63.597	5	3	14
1.985	5.102	145.577	63.349	5	3	14
2.034	5.127	145.163	63.090	5	3	14
2.084	5.152	144.753	62.822	5	3	14
2.134	5.174	144.348	62.543	5	3	14
2.134	5.174	144.348	62.543	0	0	0
2.188	5.196	143.932	62.241	5	3	14
2.241	5.216	143.525	61.924	5	4	14
2.296	5.235	143.126	61.593	5	4	14
2.351	5.250	142.736	61.247	4	4	11
2.407	5.264	142.356	60.886	4	4	11
2.464	5.276	141.985	60.512	4	4	11
2.521	5.286	141.625	60.125	4	4	11
2.578	5.293	141.276	59.725	4	5	14
2.635	5.298	140.937	59.312	4	5	14
2.692	5.301	140.610	58.886	4	5	14
2.750	5.302	140.294	58.450	4	5	14
2.808	5.301	139.989	58.001	3	5	14
2.865	5.297	139.697	57.543	3	5	14
2.922	5.291	139.417	57.074	3	5	14
2.922	5.291	139.417	57.074	0	0	0
2.978	5.277	139.199	56.571	2	6	17
3.034	5.267	138.949	56.087	3	6	17
3.090	5.261	138.668	55.622	3	5	14
3.147	5.259	138.359	55.179	4	5	14
3.204	5.260	138.024	54.762	4	5	14
3.204	5.260	138.024	54.762	0	0	0
3.238	5.260	137.832	54.508	2	3	8
3.272	5.260	137.640	54.255	2	3	8
3.306	5.260	137.447	54.003	2	3	8
3.339	5.260	137.253	53.751	2	3	8
3.339	5.260	137.253	53.751	0	0	0
3.373	5.260	137.056	53.501	2	3	8
3.407	5.260	136.860	53.252	2	3	8
3.441	5.260	136.662	53.003	2	3	8
3.474	5.260	136.464	52.755	2	3	8
3.474	5.260	136.464	52.755	0	0	0
3.503	5.261	136.293	52.543	2	2	5
3.532	5.261	136.121	52.332	2	2	5
3.561	5.261	135.949	52.122	2	2	5
3.590	5.261	135.777	51.911	2	2	5
3.619	5.262	135.604	51.701	2	2	5
3.648	5.262	135.430	51.492	2	2	5
3.677	5.262	135.256	51.282	2	2	5
3.706	5.262	135.082	51.074	2	2	5
3.734	5.263	134.908	50.865	2	2	5
3.763	5.263	134.732	50.657	2	2	5
3.792	5.263	134.557	50.449	2	2	5
3.821	5.263	134.381	50.242	2	2	5
3.850	5.264	134.205	50.035	2	2	5
3.879	5.264	134.028	49.829	2	2	5
3.879	5.264	134.028	49.829	0	0	0
3.913	5.264	133.823	49.587	2	3	8
3.947	5.264	133.617	49.345	2	3	8
3.980	5.264	133.411	49.104	2	3	8
4.014	5.264	133.204	48.864	2	3	8
4.014	5.264	133.204	48.864	0	0	0
4.042	5.264	133.031	48.659	2	2	5
4.071	5.263	132.858	48.455	2	2	5
4.099	5.263	132.684	48.251	2	2	5
4.128	5.263	132.510	48.047	2	2	5
4.156	5.262	132.335	47.844	2	2	5
4.156	5.262	132.335	47.844	0	0	0
4.219	5.237	132.090	47.240	3	7	20
4.257	5.182	132.147	46.613	-1	7	20
4.260	5.114	132.491	46.159	-4	5	14
4.260	5.114	132.491	46.159	0	0	0
4.258	5.104	132.563	46.106	-1	1	2
4.258	5.104	132.563	46.106	0	0	0
4.251	5.075	132.764	45.975	-2	1	5
4.243	5.046	132.964	45.845	-2	1	5
4.236	5.018	133.165	45.716	-2	1	5
4.229	4.989	133.365	45.588	-2	1	5
4.221	4.961	133.564	45.460	-2	1	5
4.214	4.932	133.764	45.333	-2	1	5
4.207	4.903	133.963	45.207	-2	1	5
4.199	4.875	134.162	45.081	-2	1	5
4.199	4.875	134.162	45.081	0	0	0
4.192	4.846	134.362	44.957	-2	1	5
4.184	4.818	134.561	44.834	-2	1	5
4.177	4.789	134.760	44.712	-2	1	5
4.169	4.760	134.959	44.590	-2	1	5
4.162	4.732	135.158	44.470	-2	1	5
4.154	4.703	135.357	44.349	-2	1	5
4.147	4.675	135.555	44.230	-2	1	5
4.139	4.646	135.754	44.111	-2	1	5
4.139	4.646	135.754	44.111	0	0	0
4.135	4.629	135.875	44.040	-1	1	2
4.135	4.629	135.875	44.040	0	0	0
4.126	4.598	136.092	43.912	-2	1	5
4.118	4.566	136.309	43.786	-2	1	5
4.110	4.535	136.526	43.660	-2	1	5
4.110	4.535	136.526	43.660	0	0	0
4.102	4.506	136.730	43.542	-2	1	5
4.094	4.477	136.934	43.426	-2	1	5
4.086	4.447	137.137	43.310	-2	1	5
4.078	4.418	137.341	43.194	-2	1	5
4.078	4.418	137.341	43.194	0	0	0
4.071	4.391	137.528	43.090	-2	1	5
4.064	4.364	137.715	42.987	-2	1	5
4.056	4.337	137.902	42.885	-2	1	5
4.049	4.311	138.088	42.783	-2	1	5
4.042	4.284	138.275	42.682	-2	1	5
4.035	4.257	138.462	42.581	-2	1	5
4.027	4.230	138.648	42.481	-2	1	5
4.020	4.203	138.835	42.381	-2	1	5
4.013	4.176	139.021	42.282	-2	1	5
4.005	4.150	139.208	42.184	-2	1	5
3.998	4.123	139.394	42.086	-2	1	5
3.991	4.096	139.580	41.989	-2	1	5
3.984	4.069	139.767	41.893	-2	1	5
3.976	4.042	139.953	41.797	-2	1	5
3.969	4.015	140.139	41.702	-2	1	5
3.962	3.989	140.326	41.607	-2	1	5
3.954	3.962	140.512	41.513	-2	1	5
3.954	3.962	140.512	41.513	0	0	0
3.947	3.936	140.695	41.423	-2	1	5
3.940	3.909	140.879	41.333	-2	1	5
3.933	3.883	141.062	41.244	-2	1	5
3.925	3.857	141.246	41.155	-2	1	5
3.918	3.830	141.429	41.067	-2	1	5
3.911	3.804	141.613	40.980	-2	1	5
3.903	3.778	141.796	40.893	-2	1	5
3.896	3.752	141.980	40.806	-2	1	5
3.889	3.725	142.163	40.721	-2	1	5
3.882	3.699	142.347	40.636	-2	1	5
3.874	3.673	142.531	40.551	-2	1	5
3.867	3.646	142.714	40.467	-2	1	5
3.860	3.620	142.898	40.384	-2	1	5
3.852	3.594	143.082	40.301	-2	1	5
3.845	3.568	143.266	40.219	-2	1	5
3.838	3.541	143.450	40.138	-2	1	5
3.831	3.515	143.634	40.057	-2	1	5
3.823	3.489	143.818	39.977	-2	1	5
3.816	3.463	144.002	39.897	-2	1	5
3.809	3.436	144.187	39.818	-2	1	5
3.802	3.410	144.371	39.740	-2	1	5
3.794	3.384	144.556	39.662	-2	1	5
3.787	3.357	144.740	39.585	-2	1	5
3.780	3.331	144.925	39.508	-2	1	5
3.772	3.305	145.110	39.432	-2	1	5
3.765	3.279	145.295	39.357	-2	1	5
3.765	3.279	145.295	39.357	0	0	0
3.759	3.252	145.476	39.276	-2	1	5
3.752	3.226	145.657	39.195	-2	1	5
3.745	3.199	145.838	39.115	-2	1	5
3.739	3.173	146.019	39.036	-2	1	5
3.732	3.147	146.200	38.957	-2	1	5
3.726	3.120	146.382	38.879	-2	1	5
3.719	3.094	146.563	38.801	-2	1	5
3.712	3.067	146.745	38.724	-2	1	5
3.706	3.041	146.927	38.647	-2	1	5
3.699	3.014	147.109	38.572	-2	1	5
3.693	2.988	147.291	38.496	-2	1	5
3.686	2.962	147.473	38.422	-2	1	5
3.679	2.935	147.655	38.348	-2	1	5
3.673	2.909	147.838	38.274	-2	1	5
3.666	2.882	148.020	38.202	-2	1	5
3.659	2.856	148.203	38.129	-2	1	5
3.653	2.830	148.386	38.058	-2	1	5
3.653	2.830	148.386	38.058	0	0	0
3.646	2.802	148.582	37.984	-2	1	5
3.639	2.774	148.778	37.910	-2	1	5
3.631	2.745	148.974	37.838	-2	1	5
3.624	2.717	149.170	37.766	-2	1	5
3.617	2.689	149.366	37.695	-2	1	5
3.610	2.661	149.563	37.624	-2	1	5
3.603	2.633	149.760	37.554	-2	1	5
3.596	2.605	149.957	37.485	-2	1	5
3.596	2.605	149.957	37.485	0	0	0
3.588	2.577	150.155	37.419	-2	1	5
3.581	2.549	150.354	37.353	-2	1	5
3.574	2.521	150.553	37.287	-2	1	5
3.567	2.493	150.752	37.223	-2	1	5
3.559	2.465	150.952	37.159	-2	1	5
3.552	2.437	151.151	37.096	-2	1	5
3.545	2.409	151.351	37.034	-2	1	5
3.537	2.381	151.552	36.973	-2	1	5
3.537	2.381	151.552	36.973	0	0	0
3.530	2.353	151.754	36.914	-2	1	5
3.522	2.325	151.956	36.856	-2	1	5
3.515	2.298	152.159	36.799	-2	1	5
3.508	2.270	152.362	36.743	-2	1	5
3.500	2.242	152.566	36.688	-2	1	5
3.493	2.214	152.769	36.633	-2	1	5
3.485	2.186	152.974	36.580	-2	1	5
3.478	2.158	153.178	36.527	-2	1	5
3.478	2.158	153.178	36.527	0	0	0
3.470	2.130	153.385	36.477	-2	1	5
3.462	2.102	153.592	36.429	-2	1	5
3.454	2.074	153.799	36.381	-2	1	5
3.447	2.046	154.007	36.334	-2	1	5
3.439	2.018	154.216	36.288	-2	1	5
3.431	1.991	154.424	36.243	-2	1	5
3.423	1.963	154.634	36.199	-2	1	5
3.416	1.935	154.843	36.156	-2	0	5
3.416	1.935	154.843	36.156	0	0	0
3.408	1.907	155.056	36.116	-2	0	5
3.400	1.879	155.268	36.078	-2	0	5
3.392	1.851	155.482	36.041	-2	0	5
3.384	1.824	155.695	36.004	-2	0	5
3.376	1.796	155.910	35.969	-2	0	5
3.368	1.768	156.124	35.934	-2	0	5
3.360	1.740	156.340	35.901	-2	0	5
3.352	1.713	156.555	35.868	-2	0	5
3.352	1.713	156.555	35.868	0	0	0
3.343	1.685	156.774	35.840	-2	0	5
3.335	1.657	156.994	35.813	-2	0	5
3.327	1.629	157.214	35.787	-3	0	8
3.318	1.602	157.435	35.762	-3	0	8
3.310	1.574	157.656	35.739	-3	0	8
3.301	1.546	157.878	35.716	-3	0	8
3.293	1.519	158.100	35.694	-3	0	8
3.285	1.491	158.324	35.673	-3	0	8
3.285	1.491	158.324	35.673	0	0	0
3.222	1.437	159.181	36.140	-10	-5	29
3.222	1.437	159.181	36.140	0	0	0
3.162	1.426	159.783	36.748	-7	-7	20
3.102	1.426	160.332	37.408	-6	-8	23
3.102	1.426	160.332	37.408	0	0	0
3.071	1.424	160.618	37.739	-3	-4	11
3.040	1.423	160.904	38.069	-3	-4	11
3.009	1.421	161.188	38.400	-3	-4	11
3.009	1.421	161.188	38.400	0	0	0
2.950	1.419	161.725	39.035	-6	-7	20
2.891	1.418	162.255	39.672	-6	-7	20
2.831	1.418	162.776	40.312	-6	-7	20
2.772	1.418	163.289	40.953	-6	-7	20
2.713	1.419	163.793	41.597	-6	-7	20
2.654	1.422	164.288	42.241	-6	-7	20
2.595	1.425	164.773	42.887	-6	-7	20
2.536	1.428	165.249	43.533	-5	-7	20
2.477	1.433	165.713	44.179	-5	-7	20
2.418	1.439	166.168	44.825	-5	-7	20
2.359	1.445	166.611	45.471	-5	-7	20
2.359	1.445	166.611	45.471	0	0	0
2.306	1.457	166.971	46.077	-4	-7	20
2.252	1.471	167.312	46.680	-4	-7	20
2.199	1.486	167.633	47.281	-4	-7	20
2.147	1.503	167.936	47.879	-3	-7	20
2.095	1.521	168.218	48.472	-3	-7	20
2.044	1.541	168.480	49.061	-3	-7	20
1.993	1.562	168.721	49.644	-3	-7	20
1.943	1.585	168.941	50.222	-3	-7	20
1.894	1.610	169.141	50.793	-2	-6	17
1.845	1.636	169.319	51.358	-2	-6	17
1.797	1.663	169.476	51.915	-2	-6	17
1.750	1.692	169.612	52.464	-2	-6	17
1.704	1.722	169.727	53.006	-1	-6	17
1.659	1.754	169.820	53.539	-1	-6	17
1.615	1.787	169.893	54.063	-1	-6	17
1.572	1.821	169.945	54.578	-1	-6	17
1.530	1.856	169.976	55.083	0	-6	17
1.488	1.893	169.987	55.579	0	-6	17
1.488	1.893	169.987	55.579	0	0	0
1.435	1.962	169.843	56.273	2	-8	23
1.435	1.962	169.843	56.273	0	0	0
1.383	1.944	170.315	56.744	-5	-5	14
1.337	1.914	170.831	57.137	-6	-4	17
1.337	1.914	170.831	57.137	0	0	0
1.308	1.898	171.138	57.384	-3	-3	8
1.280	1.881	171.445	57.632	-3	-3	8
1.251	1.864	171.752	57.880	-3	-3	8
1.223	1.848	172.059	58.129	-3	-3	8
1.223	1.848	172.059	58.129	0	0	0
1.192	1.830	172.384	58.399	-4	-3	11
1.162	1.813	172.708	58.669	-4	-3	11
1.162	1.813	172.708	58.669	0	0	0
1.114	1.787	173.208	59.098	-6	-5	17
1.064	1.764	173.693	59.549	-6	-5	17
1.013	1.745	174.159	60.022	-5	-5	14
0.961	1.729	174.604	60.513	-5	-6	17
0.908	1.716	175.026	61.021	-5	-6	17
0.854	1.707	175.422	61.541	-5	-6	17
0.800	1.702	175.789	62.072	-4	-6	17
0.745	1.700	176.126	62.610	-4	-6	17
0.691	1.701	176.431	63.154	-3	-6	17
0.636	1.706	176.702	63.700	-3	-6	17
0.636	1.706	176.702	63.700	0	0	0
0.575	1.720	176.944	64.329	-3	-7	20
0.517	1.745	177.063	64.936	-1	-7	20
0.465	1.781	177.054	65.497	0	-6	17
0.499	1.857	176.260	65.283	9	2	26
0.444	1.914	176.105	65.914	2	-7	20
0.370	1.943	176.259	66.677	-2	-9	26
0.370	1.943	176.259	66.677	0	0	0
0.320	1.991	176.139	67.239	1	-6	17
0.290	2.053	175.804	67.637	4	-5	14
0.290	2.053	175.804	67.637	0	0	0
0.337	2.018	175.842	67.123	0	6	17
0.388	1.988	175.816	66.583	0	6	17
0.441	1.964	175.728	66.024	1	6	17
0.441	1.964	175.728	66.024	0	0	0
0.497	1.959	175.468	65.479	3	6	17
0.552	1.966	175.118	64.955	4	6	17
0.604	1.983	174.694	64.474	5	5	14
0.604	1.983	174.694	64.474	0	0	0
0.658	2.011	174.182	64.006	6	5	17
0.710	2.041	173.660	63.552	6	5	17
0.762	2.072	173.130	63.114	6	5	17
0.812	2.105	172.592	62.692	6	5	17
0.861	2.140	172.047	62.288	6	5	17
0.909	2.177	171.497	61.901	6	4	17
0.909	2.177	171.497	61.901	0	0	0
0.959	2.215	170.921	61.506	7	4	20
1.019	2.233	170.435	60.966	6	6	17
1.019	2.233	170.435	60.966	0	0	0
1.073	2.218	170.233	60.412	2	6	17
1.124	2.194	170.102	59.866	1	6	17
1.124	2.194	170.102	59.866	0	0	0
1.176	2.184	169.859	59.331	3	6	17
1.219	2.216	169.362	58.989	6	4	17
1.219	2.216	169.362	58.989	0	0	0
1.180	2.284	169.110	59.532	3	-6	17
1.180	2.284	169.110	59.532	0	0	0
1.117	2.310	169.294	60.200	-2	-8	23
1.050	2.323	169.590	60.873	-3	-8	23
0.982	2.323	169.986	61.526	-5	-7	20
0.982	2.323	169.986	61.526	0	0	0
0.928	2.301	170.458	61.994	-5	-5	14
0.876	2.275	170.950	62.435	-6	-5	17
0.826	2.244	171.459	62.846	-6	-5	17
0.779	2.210	171.983	63.225	-6	-4	17
0.735	2.171	172.519	63.570	-6	-4	17
0.735	2.171	172.519	63.570	0	0	0
0.688	2.133	173.076	63.943	-6	-4	17
0.637	2.100	173.609	64.375	-6	-5	17
0.582	2.074	174.109	64.860	-6	-6	17
0.524	2.056	174.565	65.386	-5	-6	17
0.524	2.056	174.565	65.386	0	0	0
0.467	2.056	174.863	65.933	-3	-6	17
0.414	2.075	174.992	66.480	-1	-6	17
0.370	2.111	174.939	66.967	1	-6	17
0.340	2.159	174.712	67.339	3	-4	11
0.340	2.159	174.712	67.339	0	0	0
0.356	2.172	174.523	67.213	2	1	5
0.356	2.172	174.523	67.213	0	0	0
0.414	2.177	174.191	66.668	4	6	17
0.469	2.194	173.771	66.171	5	6	17
0.520	2.223	173.284	65.746	6	5	17
0.520	2.223	173.284	65.746	0	0	0
0.549	2.277	172.720	65.578	6	2	17
0.561	2.337	172.200	65.589	6	0	17
0.561	2.337	172.200	65.589	0	0	0
0.577	2.389	171.711	65.546	6	0	17
0.577	2.389	171.711	65.546	0	0	0
0.592	2.416	171.432	65.459	3	1	8
0.607	2.442	171.153	65.373	3	1	8
0.623	2.468	170.874	65.288	3	1	8
0.638	2.495	170.596	65.204	3	1	8
0.653	2.521	170.319	65.121	3	1	8
0.668	2.547	170.042	65.039	3	1	8
0.668	2.547	170.042	65.039	0	0	0
0.684	2.573	169.771	64.958	3	1	8
0.699	2.598	169.501	64.877	3	1	8
0.714	2.624	169.232	64.797	3	1	8
0.729	2.649	168.963	64.719	3	1	8
0.744	2.675	168.694	64.641	3	1	8
0.759	2.700	168.426	64.565	3	1	8
0.774	2.726	168.158	64.489	3	1	8
0.774	2.726	168.158	64.489	0	0	0
0.788	2.749	167.913	64.419	3	1	8
0.802	2.772	167.668	64.350	3	1	8
0.816	2.796	167.423	64.281	3	1	8
0.831	2.819	167.178	64.213	3	1	8
0.845	2.842	166.934	64.147	3	1	8
0.859	2.865	166.690	64.081	3	1	8
0.873	2.889	166.447	64.015	3	1	8
0.887	2.912	166.203	63.951	3	1	8
0.887	2.912	166.203	63.951	0	0	0
0.902	2.938	165.932	63.879	3	1	8
0.918	2.964	165.661	63.807	3	1	8
0.934	2.990	165.391	63.737	3	1	8
0.950	3.016	165.121	63.668	3	1	8
0.966	3.042	164.851	63.600	3	1	8
0.982	3.068	164.582	63.533	3	1	8
0.997	3.094	164.313	63.466	3	1	8
0.997	3.094	164.313	63.466	0	0	0
1.012	3.117	164.070	63.406	3	1	8
1.026	3.140	163.828	63.347	3	1	8
1.041	3.164	163.585	63.288	3	1	8
1.055	3.187	163.343	63.230	3	1	8
1.069	3.211	163.101	63.173	3	1	8
1.084	3.234	162.860	63.117	3	1	8
1.098	3.257	162.619	63.062	3	1	8
1.098	3.257	162.619	63.062	0	0	0
1.115	3.284	162.343	62.998	3	1	8
1.132	3.311	162.068	62.935	3	1	8
1.148	3.337	161.794	62.873	3	1	8
1.165	3.364	161.520	62.812	3	1	8
1.182	3.390	161.246	62.752	3	1	8
1.182	3.390	161.246	62.752	0	0	0
1.201	3.420	160.937	62.681	4	1	11
1.220	3.450	160.628	62.612	4	1	11
1.239	3.480	160.320	62.545	4	1	11
1.239	3.480	160.320	62.545	0	0	0
1.263	3.513	159.967	62.447	4	1	11
1.263	3.513	159.967	62.447	0	0	0
1.299	3.457	160.157	61.933	-2	6	17
1.339	3.405	160.300	61.392	-2	6	17
1.339	3.405	160.300	61.392	0	0	0
1.436	3.373	159.981	60.407	4	11	32
1.436	3.373	159.981	60.407	0	0	0
1.441	3.363	160.025	60.327	0	1	2
1.441	3.363	160.025	60.327	0	0	0
1.448	3.335	160.173	60.168	-2	2	5
1.455	3.308	160.321	60.010	-2	2	5
1.462	3.280	160.469	59.852	-2	2	5
1.469	3.253	160.617	59.694	-2	2	5
1.476	3.225	160.764	59.536	-2	2	5
1.483	3.198	160.912	59.379	-2	2	5
1.490	3.171	161.059	59.223	-2	2	5
1.496	3.143	161.206	59.067	-2	2	5
1.503	3.116	161.353	58.911	-2	2	5
1.510	3.088	161.500	58.755	-2	2	5
1.510	3.088	161.500	58.755	0	0	0
1.519	3.031	161.835	58.488	-4	3	11
1.531	2.975	162.143	58.190	-4	3	11
1.547	2.920	162.423	57.864	-3	4	11
1.567	2.866	162.672	57.509	-3	4	11
1.590	2.814	162.889	57.127	-2	4	11
1.617	2.763	163.073	56.718	-2	5	14
1.647	2.714	163.221	56.285	-2	5	14
1.680	2.667	163.333	55.829	-1	5	14
1.716	2.623	163.408	55.350	-1	5	14
1.716	2.623	163.408	55.350	0	0	0
1.771	2.564	163.448	54.642	0	8	23
1.839	2.521	163.294	53.857	2	9	26
1.839	2.521	163.294	53.857	0	0	0
1.898	2.509	162.985	53.253	4	7	20
1.957	2.493	162.696	52.645	3	7	20
1.957	2.493	162.696	52.645	0	0	0
1.962	2.489	162.688	52.583	0	1	2
1.962	2.489	162.688	52.583	0	0	0
1.906	2.433	163.436	52.939	-9	-4	26
1.847	2.380	164.185	53.349	-9	-5	26
1.847	2.380	164.185	53.349	0	0	0
1.822	2.358	164.501	53.530	-4	-2	11
1.796	2.337	164.818	53.713	-4	-2	11
1.796	2.337	164.818	53.713	0	0	0
1.770	2.315	165.142	53.905	-4	-2	11
1.744	2.293	165.466	54.099	-4	-2	11
1.744	2.293	165.466	54.099	0	0	0
1.692	2.252	166.093	54.486	-7	-4	20
1.639	2.212	166.719	54.891	-7	-5	20
1.585	2.174	167.343	55.313	-7	-5	20
1.585	2.174	167.343	55.313	0	0	0
1.553	2.151	167.720	55.576	-4	-3	11
1.520	2.128	168.098	55.841	-4	-3	11
1.520	2.128	168.098	55.841	0	0	0
1.497	2.113	168.354	56.025	-3	-2	8
1.474	2.097	168.611	56.209	-3	-2	8
1.452	2.082	168.868	56.394	-3	-2	8
1.452	2.082	168.868	56.394	0	0	0
1.418	2.060	169.248	56.674	-4	-3	11
1.384	2.038	169.627	56.954	-4	-3	11
1.384	2.038	169.627	56.954	0	0	0
1.359	2.022	169.905	57.165	-3	-2	8
1.334	2.006	170.183	57.377	-3	-2	8
1.308	1.990	170.461	57.589	-3	-2	8
1.283	1.974	170.739	57.802	-3	-2	8
1.258	1.958	171.017	58.015	-3	-2	8
1.258	1.958	171.017	58.015	0	0	0
1.231	1.942	171.307	58.245	-3	-3	8
1.205	1.925	171.596	58.475	-3	-3	8
1.205	1.925	171.596	58.475	0	0	0
1.156	1.898	172.108	58.894	-6	-5	17
1.106	1.873	172.606	59.337	-6	-5	17
1.055	1.851	173.089	59.801	-5	-5	14
1.003	1.832	173.554	60.284	-5	-6	17
0.949	1.816	173.999	60.785	-5	-6	17
0.895	1.804	174.421	61.300	-5	-6	17
0.840	1.795	174.819	61.827	-5	-6	17
0.785	1.789	175.190	62.364	-4	-6	17
0.729	1.787	175.533	62.909	-4	-6	17
0.674	1.787	175.845	63.459	-4	-6	17
0.674	1.787	175.845	63.459	0	0	0
0.611	1.799	176.108	64.092	-3	-7	20
0.552	1.822	176.248	64.708	-2	-7	20
0.499	1.857	176.260	65.283	0	-7	20
0.284	2.246	174.309	68.046	22	-31	90
0.252	2.263	174.333	68.384	0	-4	11
0.284	2.246	174.309	68.046	0	4	11
0.339	2.272	173.835	67.567	5	5	14
0.389	2.306	173.318	67.154	6	5	17
0.434	2.347	172.771	66.817	6	4	17
0.471	2.396	172.211	66.567	6	3	17
0.471	2.396	172.211	66.567	0	0	0
0.486	2.421	171.942	66.473	3	1	8
0.502	2.445	171.674	66.380	3	1	8
0.517	2.470	171.406	66.288	3	1	8
0.533	2.495	171.138	66.198	3	1	8
0.548	2.520	170.871	66.108	3	1	8
0.548	2.520	170.871	66.108	0	0	0
0.563	2.545	170.604	66.023	3	1	8
0.579	2.570	170.338	65.939	3	1	8
0.594	2.595	170.072	65.856	3	1	8
0.609	2.620	169.807	65.774	3	1	8
0.624	2.645	169.542	65.693	3	1	8
0.624	2.645	169.542	65.693	0	0	0
0.639	2.670	169.277	65.616	3	1	8
0.654	2.695	169.013	65.540	3	1	8
0.668	2.720	168.749	65.465	3	1	8
0.683	2.746	168.486	65.391	3	1	8
0.698	2.771	168.222	65.317	3	1	8
0.698	2.771	168.222	65.317	0	0	0
0.712	2.794	167.976	65.251	3	1	8
0.726	2.818	167.731	65.186	3	1	8
0.739	2.842	167.485	65.121	3	1	8
0.753	2.866	167.240	65.057	3	1	8
0.767	2.889	166.995	64.994	3	1	8
0.781	2.913	166.751	64.932	3	1	8
0.795	2.937	166.506	64.871	3	1	8
0.808	2.960	166.263	64.810	3	1	8
0.822	2.984	166.019	64.750	3	1	8
0.836	3.008	165.776	64.692	3	1	8
0.850	3.031	165.533	64.634	3	1	8
0.864	3.055	165.291	64.577	3	1	8
0.877	3.079	165.048	64.520	3	1	8
0.891	3.103	164.806	64.465	3	1	8
0.905	3.126	164.565	64.410	3	1	8
0.919	3.150	164.323	64.357	3	1	8
0.919	3.150	164.323	64.357	0	0	0
0.934	3.175	164.066	64.297	3	1	8
0.949	3.200	163.809	64.239	3	1	8
0.964	3.225	163.553	64.182	3	1	8
0.979	3.250	163.297	64.126	3	1	8
0.993	3.276	163.041	64.071	3	1	8
0.993	3.276	163.041	64.071	0	0	0
1.008	3.299	162.797	64.015	3	1	8
1.023	3.323	162.553	63.961	3	1	8
1.037	3.347	162.310	63.907	3	1	8
1.052	3.371	162.066	63.855	3	1	8
1.066	3.394	161.824	63.803	3	1	8
1.081	3.418	161.581	63.752	3	1	8
1.095	3.442	161.339	63.702	3	1	8
1.110	3.466	161.097	63.652	3	1	8
1.125	3.489	160.855	63.604	3	1	8
1.125	3.489	160.855	63.604	0	0	0
1.156	3.535	160.379	63.485	5	1	14
1.191	3.576	159.905	63.313	5	2	14
1.231	3.613	159.438	63.092	5	3	14
1.275	3.646	158.982	62.822	5	3	14
1.275	3.646	158.982	62.822	0	0	0
1.333	3.666	158.542	62.392	5	5	14
1.392	3.679	158.140	61.918	5	5	14
1.452	3.685	157.781	61.405	4	6	17
1.513	3.682	157.470	60.863	4	6	17
1.513	3.682	157.470	60.863	0	0	0
1.573	3.679	157.166	60.320	3	6	17
1.633	3.677	156.841	59.785	4	6	17
1.693	3.678	156.498	59.261	4	6	17
1.754	3.682	156.137	58.746	4	6	17
1.814	3.688	155.759	58.244	4	6	17
1.814	3.688	155.759	58.244	0	0	0
1.862	3.740	155.141	58.033	7	2	20
1.862	3.740	155.141	58.033	0	0	0
1.921	3.770	154.610	57.644	6	4	17
1.986	3.782	154.159	57.131	5	6	17
1.986	3.782	154.159	57.131	0	0	0
2.047	3.788	153.763	56.621	5	6	17
2.109	3.792	153.378	56.100	4	6	17
2.171	3.793	153.005	55.569	4	6	17
2.233	3.792	152.644	55.029	4	6	17
2.295	3.788	152.295	54.480	4	6	17
2.295	3.788	152.295	54.480	0	0	0
2.325	3.788	152.116	54.229	2	3	8
2.354	3.789	151.937	53.979	2	3	8
2.354	3.789	151.937	53.979	0	0	0
2.383	3.790	151.752	53.734	2	3	8
2.412	3.791	151.566	53.488	2	3	8
2.412	3.791	151.566	53.488	0	0	0
2.474	3.797	151.156	52.986	5	6	17
2.534	3.810	150.703	52.531	5	5	14
2.592	3.831	150.218	52.129	6	5	17
2.647	3.859	149.708	51.790	6	4	17
2.698	3.894	149.183	51.519	6	3	17
2.745	3.934	148.652	51.321	6	2	17
2.786	3.980	148.123	51.199	6	1	17
2.786	3.980	148.123	51.199	0	0	0
2.765	3.983	148.235	51.380	-1	-2	5
2.765	3.983	148.235	51.380	0	0	0
2.713	3.983	148.561	51.820	-4	-5	14
2.713	3.983	148.561	51.820	0	0	0
2.684	3.982	148.741	52.058	-2	-3	8
2.656	3.982	148.921	52.296	-2	-3	8
2.627	3.981	149.100	52.535	-2	-3	8
2.598	3.981	149.278	52.774	-2	-3	8
2.570	3.980	149.456	53.013	-2	-3	8
2.541	3.980	149.633	53.252	-2	-3	8
2.541	3.980	149.633	53.252	0	0	0
2.484	3.979	149.985	53.733	-4	-5	14
2.426	3.979	150.328	54.220	-4	-6	17
2.369	3.981	150.661	54.712	-4	-6	17
2.311	3.983	150.986	55.208	-4	-6	17
2.254	3.986	151.302	55.710	-4	-6	17
2.197	3.991	151.607	56.216	-3	-6	17
2.140	3.996	151.903	56.726	-3	-6	17
2.140	3.996	151.903	56.726	0	0	0
2.107	4.024	151.919	57.131	0	-5	14
2.107	4.024	151.919	57.131	0	0	0
2.066	4.092	151.716	57.778	2	-7	20
1.996	4.129	151.865	58.535	-2	-9	26
1.996	4.129	151.865	58.535	0	0	0
1.922	4.140	152.211	59.216	-4	-8	23
1.846	4.143	152.600	59.873	-4	-7	20
1.846	4.143	152.600	59.873	0	0	0
1.815	4.145	152.759	60.147	-2	-3	8
1.783	4.147	152.917	60.422	-2	-3	8
1.783	4.147	152.917	60.422	0	0	0
1.752	4.148	153.078	60.694	-2	-3	8
1.721	4.149	153.239	60.967	-2	-3	8
1.689	4.150	153.398	61.239	-2	-3	8
1.658	4.151	153.557	61.512	-2	-3	8
1.658	4.151	153.557	61.512	0	0	0
1.626	4.152	153.718	61.783	-2	-3	8
1.595	4.153	153.879	62.055	-2	-3	8
1.563	4.153	154.039	62.326	-2	-3	8
1.532	4.154	154.197	62.598	-2	-3	8
1.501	4.155	154.355	62.870	-2	-3	8
1.469	4.155	154.513	63.142	-2	-3	8
1.469	4.155	154.513	63.142	0	0	0
1.411	4.157	154.796	63.650	-3	-6	17
1.353	4.154	155.112	64.138	-4	-6	17
1.295	4.146	155.456	64.601	-4	-5	14
1.238	4.133	155.828	65.038	-4	-5	14
1.182	4.115	156.225	65.444	-5	-5	14
1.129	4.092	156.645	65.818	-5	-4	14
1.129	4.092	156.645	65.818	0	0	0
1.075	4.069	157.070	66.191	-5	-4	14
1.023	4.042	157.509	66.541	-5	-4	14
0.972	4.012	157.959	66.868	-5	-4	14
0.923	3.980	158.421	67.170	-5	-3	14
0.876	3.944	158.893	67.447	-5	-3	14
0.831	3.906	159.373	67.698	-5	-3	14
0.789	3.866	159.861	67.922	-6	-3	17
0.749	3.823	160.354	68.120	-6	-2	17
0.749	3.823	160.354	68.120	0	0	0
0.711	3.771	160.901	68.267	-6	-2	17
0.685	3.712	161.443	68.294	-6	0	17
0.671	3.650	161.957	68.200	-6	1	17
0.671	3.585	162.421	67.987	-5	2	14
0.671	3.585	162.421	67.987	0	0	0
0.678	3.522	162.845	67.709	-5	3	14
0.678	3.458	163.309	67.502	-5	2	14
0.671	3.394	163.806	67.367	-6	2	17
0.671	3.394	163.806	67.367	0	0	0
0.652	3.340	164.283	67.366	-5	0	14
0.632	3.287	164.764	67.381	-5	0	14
0.611	3.235	165.248	67.412	-6	0	17
0.589	3.183	165.737	67.460	-6	-1	17
0.566	3.131	166.228	67.523	-6	-1	17
0.541	3.080	166.723	67.603	-6	-1	17
0.515	3.029	167.220	67.700	-6	-1	17
0.515	3.029	167.220	67.700	0	0	0
0.488	2.981	167.714	67.819	-6	-1	17
0.462	2.932	168.207	67.931	-6	-1	17
0.437	2.882	168.702	68.033	-6	-1	17
0.412	2.831	169.196	68.127	-6	-1	17
0.390	2.780	169.690	68.213	-6	-1	17
0.368	2.729	170.184	68.289	-6	-1	17
0.347	2.677	170.677	68.357	-6	-1	17
0.328	2.624	171.169	68.417	-6	-1	17
0.310	2.571	171.661	68.467	-6	-1	17
0.310	2.571	171.661	68.467	0	0	0
0.288	2.512	172.221	68.539	-6	-1	17
0.272	2.451	172.771	68.567	-6	0	17
0.260	2.389	173.309	68.551	-6	0	17
0.253	2.326	173.831	68.490	-6	1	17
0.252	2.263	174.333	68.384	-6	1	17
1.507	1.996	169.122	55.643	59	145	424
1.552	2.035	168.545	55.290	7	4	20
1.598	2.073	167.970	54.933	7	4	20
1.644	2.110	167.397	54.572	7	4	20
1.691	2.147	166.826	54.207	6	4	17
1.739	2.183	166.258	53.838	6	4	17
1.787	2.218	165.692	53.465	6	4	17
1.835	2.252	165.128	53.089	6	4	17
1.835	2.252	165.128	53.089	0	0	0
1.879	2.286	164.604	52.763	6	4	17
1.922	2.321	164.079	52.448	6	4	17
1.964	2.356	163.554	52.145	6	3	17
2.006	2.392	163.030	51.854	6	3	17
2.006	2.392	163.030	51.854	0	0	0
2.045	2.432	162.505	51.604	6	3	17
2.082	2.473	161.983	51.382	6	3	17
2.117	2.516	161.466	51.191	6	2	17
2.149	2.561	160.955	51.030	6	2	17
2.180	2.607	160.451	50.899	6	1	17
2.208	2.655	159.956	50.800	6	1	17
2.208	2.655	159.956	50.800	0	0	0
2.239	2.679	159.583	50.589	4	2	11
2.239	2.679	159.583	50.589	0	0	0
2.258	2.643	159.685	50.280	-1	4	11
2.258	2.643	159.685	50.280	0	0	0
2.277	2.587	159.904	49.899	-2	4	11
2.302	2.533	160.072	49.476	-2	5	14
2.332	2.482	160.184	49.012	-1	5	14
2.366	2.434	160.239	48.512	-1	6	17
2.405	2.389	160.236	47.980	0	6	17
2.405	2.389	160.236	47.980	0	0	0
2.452	2.345	160.169	47.366	1	7	20
2.501	2.303	160.070	46.739	1	7	20
2.552	2.262	159.939	46.099	1	7	20
2.604	2.224	159.776	45.447	2	7	20
2.604	2.224	159.776	45.447	0	0	0
2.635	2.152	159.977	44.877	-2	6	17
2.635	2.152	159.977	44.877	0	0	0
2.625	2.094	160.408	44.775	-5	1	14
2.613	2.036	160.853	44.697	-5	1	14
2.598	1.979	161.313	44.643	-5	1	14
2.582	1.922	161.788	44.615	-5	0	14
2.582	1.922	161.788	44.615	0	0	0
2.573	1.889	162.067	44.598	-3	0	8
2.564	1.855	162.348	44.583	-3	0	8
2.554	1.822	162.630	44.569	-3	0	8
2.554	1.822	162.630	44.569	0	0	0
2.544	1.788	162.921	44.561	-3	0	8
2.534	1.754	163.213	44.554	-3	0	8
2.524	1.720	163.507	44.549	-3	0	8
2.524	1.720	163.507	44.549	0	0	0
2.516	1.693	163.738	44.550	-3	0	8
2.508	1.667	163.970	44.553	-3	0	8
2.500	1.640	164.203	44.556	-3	0	8
2.492	1.614	164.437	44.561	-3	0	8
2.484	1.588	164.671	44.566	-3	0	8
2.476	1.561	164.906	44.573	-3	0	8
2.467	1.535	165.142	44.580	-3	0	8
2.467	1.535	165.142	44.580	0	0	0
2.424	1.519	165.600	44.997	-5	-5	14
2.424	1.519	165.600	44.997	0	0	0
2.361	1.533	166.017	45.698	-5	-8	23
2.299	1.549	166.413	46.396	-5	-8	23
2.238	1.566	166.788	47.091	-4	-8	23
2.177	1.585	167.142	47.782	-4	-8	23
2.177	1.585	167.142	47.782	0	0	0
2.123	1.603	167.442	48.392	-3	-7	20
2.070	1.623	167.719	48.998	-3	-7	20
2.017	1.644	167.972	49.598	-3	-7	20
1.966	1.668	168.200	50.192	-3	-7	20
1.915	1.693	168.404	50.779	-2	-7	20
1.865	1.720	168.583	51.359	-2	-7	20
1.816	1.749	168.737	51.930	-2	-6	17
1.768	1.779	168.866	52.492	-1	-6	17
1.721	1.811	168.970	53.044	-1	-6	17
1.676	1.845	169.050	53.586	-1	-6	17
1.631	1.881	169.104	54.118	-1	-6	17
1.588	1.918	169.134	54.638	0	-6	17
1.547	1.956	169.140	55.147	0	-6	17
1.507	1.996	169.122	55.643	0	-6	17
1.860	2.556	162.924	53.767	71	21	208
1.937	2.537	162.539	52.977	4	9	26
2.015	2.549	161.942	52.268	7	8	23
2.015	2.549	161.942	52.268	0	0	0
2.057	2.587	161.405	51.995	6	3	17
2.095	2.631	160.872	51.785	6	2	17
2.127	2.678	160.350	51.643	6	2	17
2.154	2.729	159.847	51.571	6	1	17
2.174	2.783	159.368	51.568	5	0	14
2.174	2.783	159.368	51.568	0	0	0
2.197	2.838	158.867	51.559	6	0	17
2.214	2.895	158.387	51.602	5	0	14
2.228	2.953	157.932	51.695	5	-1	14
2.237	3.013	157.503	51.838	5	-2	14
2.240	3.072	157.103	52.029	5	-2	14
2.240	3.132	156.733	52.266	4	-3	11
2.234	3.192	156.395	52.548	4	-3	11
2.224	3.250	156.090	52.871	3	-4	11
2.224	3.250	156.090	52.871	0	0	0
2.199	3.307	155.894	53.317	2	-5	14
2.168	3.360	155.759	53.809	2	-6	17
2.130	3.408	155.688	54.340	1	-6	17
2.130	3.408	155.688	54.340	0	0	0
2.120	3.464	155.389	54.650	3	-4	11
2.164	3.501	154.891	54.408	6	3	17
2.164	3.501	154.891	54.408	0	0	0
2.215	3.464	154.806	53.810	1	7	20
2.215	3.464	154.806	53.810	0	0	0
2.252	3.415	154.883	53.278	-1	6	17
2.283	3.361	155.028	52.789	-2	6	17
2.306	3.304	155.241	52.352	-2	5	14
2.321	3.243	155.518	51.976	-3	4	11
2.327	3.182	155.855	51.670	-4	3	11
2.326	3.120	156.249	51.439	-4	3	11
2.316	3.059	156.692	51.290	-5	2	14
2.316	3.059	156.692	51.290	0	0	0
2.306	3.000	157.127	51.154	-5	2	14
2.300	2.940	157.536	50.976	-5	2	14
2.300	2.880	157.916	50.756	-4	3	11
2.300	2.880	157.916	50.756	0	0	0
2.322	2.828	158.091	50.358	-2	5	14
2.353	2.781	158.164	49.888	-1	5	14
2.394	2.742	158.131	49.364	0	6	17
2.394	2.742	158.131	49.364	0	0	0
2.437	2.708	158.042	48.828	1	6	17
2.481	2.675	157.935	48.286	1	6	17
2.527	2.643	157.807	47.737	1	6	17
2.573	2.612	157.661	47.184	2	6	17
2.620	2.583	157.495	46.625	2	6	17
2.668	2.556	157.309	46.061	2	6	17
2.717	2.530	157.105	45.494	2	6	17
2.717	2.530	157.105	45.494	0	0	0
2.736	2.533	156.949	45.327	2	2	5
2.736	2.533	156.949	45.327	0	0	0
2.743	2.559	156.736	45.357	2	0	5
2.751	2.586	156.523	45.389	2	0	5
2.759	2.613	156.311	45.421	2	0	5
2.767	2.639	156.100	45.453	2	0	5
2.774	2.666	155.889	45.487	2	0	5
2.782	2.692	155.678	45.521	2	0	5
2.790	2.719	155.467	45.557	2	0	5
2.797	2.745	155.257	45.593	2	0	5
2.805	2.772	155.047	45.630	2	0	5
2.813	2.798	154.838	45.667	2	0	5
2.821	2.825	154.629	45.706	2	0	5
2.828	2.851	154.420	45.745	2	0	5
2.828	2.851	154.420	45.745	0	0	0
2.836	2.879	154.203	45.789	2	0	5
2.844	2.907	153.987	45.833	2	-1	5
2.852	2.934	153.771	45.879	2	-1	5
2.860	2.962	153.555	45.925	2	-1	5
2.860	2.962	153.555	45.925	0	0	0
2.877	3.024	153.077	46.034	5	-1	14
2.893	3.087	152.607	46.160	5	-1	14
2.908	3.149	152.145	46.302	5	-2	14
2.921	3.212	151.692	46.460	5	-2	14
2.921	3.212	151.692	46.460	0	0	0
2.896	3.276	151.500	46.975	2	-6	17
2.896	3.276	151.500	46.975	0	0	0
2.851	3.310	151.615	47.522	-1	-6	17
2.805	3.341	151.744	48.072	-1	-6	17
2.757	3.371	151.887	48.623	-2	-6	17
2.757	3.371	151.887	48.623	0	0	0
2.715	3.406	151.961	49.156	-1	-6	17
2.675	3.445	151.992	49.676	0	-6	17
2.639	3.487	151.980	50.180	0	-6	17
2.606	3.532	151.924	50.664	1	-6	17
2.606	3.532	151.924	50.664	0	0	0
2.549	3.578	152.008	51.361	-1	-8	23
2.479	3.599	152.326	52.061	-4	-8	23
2.479	3.599	152.326	52.061	0	0	0
2.425	3.602	152.648	52.549	-4	-6	17
2.371	3.605	152.971	53.034	-4	-6	17
2.316	3.607	153.296	53.517	-4	-5	14
2.262	3.608	153.623	53.998	-4	-5	14
2.207	3.608	153.951	54.477	-4	-5	14
2.153	3.608	154.282	54.953	-4	-5	14
2.098	3.607	154.615	55.426	-4	-5	14
2.098	3.607	154.615	55.426	0	0	0
2.039	3.607	154.966	55.941	-4	-6	17
1.981	3.606	155.320	56.452	-4	-6	17
1.922	3.604	155.677	56.960	-4	-6	17
1.863	3.601	156.037	57.464	-4	-6	17
1.805	3.598	156.400	57.966	-4	-6	17
1.746	3.593	156.765	58.464	-4	-6	17
1.688	3.587	157.133	58.959	-4	-6	17
1.688	3.587	157.133	58.959	0	0	0
1.652	3.491	157.977	58.911	-10	1	29
1.652	3.491	157.977	58.911	0	0	0
1.629	3.438	158.456	58.912	-5	0	14
1.586	3.400	158.954	59.159	-6	-3	17
1.586	3.400	158.954	59.159	0	0	0
1.534	3.373	159.432	59.527	-5	-4	14
1.508	3.321	159.934	59.572	-6	-1	17
1.508	3.321	159.934	59.572	0	0	0
1.512	3.265	160.290	59.342	-4	3	11
1.521	3.210	160.611	59.068	-4	3	11
1.536	3.156	160.893	58.751	-3	4	11
1.536	3.156	160.893	58.751	0	0	0
1.546	3.102	161.195	58.472	-3	3	8
1.559	3.049	161.480	58.176	-3	3	8
1.575	2.996	161.747	57.861	-3	4	11
1.592	2.944	161.994	57.530	-3	4	11
1.612	2.893	162.221	57.181	-3	4	11
1.634	2.843	162.428	56.815	-2	4	11
1.658	2.794	162.613	56.433	-2	4	11
1.684	2.746	162.775	56.035	-2	5	14
1.712	2.699	162.915	55.621	-2	5	14
1.712	2.699	162.915	55.621	0	0	0
1.754	2.644	163.019	55.051	-1	6	17
1.804	2.596	163.022	54.429	0	7	20
1.860	2.556	162.924	53.767	1	8	23
2.322	2.736	158.658	50.010	49	43	143
2.322	2.746	158.600	50.053	1	0	2
2.322	2.746	158.600	50.053	0	0	0
2.324	2.751	158.553	50.052	1	0	2
2.324	2.751	158.553	50.052	0	0	0
2.331	2.749	158.517	49.978	0	1	2
2.331	2.749	158.517	49.978	0	0	0
2.344	2.739	158.489	49.818	0	2	5
2.344	2.739	158.489	49.818	0	0	0
2.387	2.699	158.446	49.268	0	6	17
2.431	2.660	158.376	48.708	1	6	17
2.477	2.623	158.279	48.138	1	6	17
2.477	2.623	158.279	48.138	0	0	0
2.527	2.592	158.109	47.540	2	7	20
2.579	2.563	157.915	46.937	2	7	20
2.632	2.535	157.698	46.329	2	7	20
2.685	2.510	157.458	45.717	3	7	20
2.685	2.510	157.458	45.717	0	0	0
2.718	2.467	157.469	45.236	0	5	14
2.718	2.467	157.469	45.236	0	0	0
2.707	2.404	157.922	45.108	-5	1	14
2.688	2.344	158.426	45.067	-6	0	17
2.661	2.287	158.971	45.115	-6	-1	17
2.661	2.287	158.971	45.115	0	0	0
2.616	2.324	159.085	45.693	-1	-7	20
2.572	2.363	159.175	46.260	-1	-6	17
2.530	2.403	159.239	46.817	-1	-6	17
2.489	2.445	159.279	47.362	0	-6	17
2.450	2.489	159.293	47.895	0	-6	17
2.413	2.534	159.284	48.417	0	-6	17
2.413	2.534	159.284	48.417	0	0	0
2.382	2.580	159.215	48.880	1	-5	14
2.356	2.630	159.086	49.303	1	-5	14
2.336	2.682	158.899	49.681	2	-4	11
2.322	2.736	158.658	50.010	3	-4	11
2.750	3.478	151.307	49.162	84	10	246
2.697	3.525	151.377	49.838	-1	-8	23
2.646	3.575	151.409	50.503	0	-8	23
2.598	3.627	151.404	51.154	0	-7	20
2.750	3.478	151.307	49.162	1	23	67
2.795	3.437	151.255	48.588	1	7	20
2.842	3.399	151.158	48.002	1	7	20
2.892	3.365	151.016	47.408	2	7	20
2.945	3.335	150.832	46.807	2	7	20
2.945	3.335	150.832	46.807	0	0	0
2.955	3.368	150.569	46.867	3	-1	8
2.966	3.402	150.306	46.928	3	-1	8
2.966	3.402	150.306	46.928	0	0	0
2.974	3.431	150.086	46.990	3	-1	8
2.982	3.460	149.866	47.053	3	-1	8
2.990	3.488	149.646	47.117	3	-1	8
2.999	3.517	149.427	47.182	2	-1	5
3.007	3.546	149.207	47.248	2	-1	5
3.015	3.575	148.988	47.315	2	-1	5
3.015	3.575	148.988	47.315	0	0	0
3.023	3.603	148.783	47.380	2	-1	5
3.030	3.630	148.579	47.446	2	-1	5
3.037	3.657	148.375	47.513	2	-1	5
3.045	3.684	148.171	47.580	2	-1	5
3.052	3.712	147.967	47.649	2	-1	5
3.060	3.739	147.763	47.717	2	-1	5
3.067	3.766	147.559	47.787	2	-1	5
3.075	3.793	147.356	47.858	2	-1	5
3.082	3.821	147.152	47.929	2	-1	5
3.082	3.821	147.152	47.929	0	0	0
3.090	3.849	146.943	48.004	2	-1	5
3.098	3.877	146.735	48.080	2	-1	5
3.105	3.905	146.526	48.156	2	-1	5
3.113	3.933	146.317	48.234	2	-1	5
3.120	3.961	146.109	48.312	2	-1	5
3.128	3.989	145.900	48.391	2	-1	5
3.136	4.017	145.692	48.470	2	-1	5
3.143	4.045	145.484	48.551	2	-1	5
3.151	4.073	145.276	48.632	2	-1	5
3.159	4.102	145.067	48.714	2	-1	5
3.159	4.102	145.067	48.714	0	0	0
3.166	4.128	144.873	48.793	2	-1	5
3.173	4.154	144.679	48.872	2	-1	5
3.180	4.181	144.485	48.952	2	-1	5
3.187	4.207	144.290	49.033	2	-1	5
3.194	4.233	144.096	49.114	2	-1	5
3.201	4.260	143.902	49.196	2	-1	5
3.208	4.286	143.708	49.279	2	-1	5
3.215	4.312	143.514	49.362	2	-1	5
3.222	4.339	143.320	49.446	2	-1	5
3.229	4.365	143.125	49.531	2	-1	5
3.236	4.391	142.931	49.616	2	-1	5
3.243	4.418	142.737	49.702	2	-1	5
3.250	4.444	142.543	49.789	2	-1	5
3.257	4.471	142.349	49.876	2	-1	5
3.264	4.497	142.155	49.964	2	-1	5
3.271	4.523	141.961	50.053	2	-1	5
3.278	4.550	141.767	50.142	2	-1	5
3.285	4.576	141.573	50.232	2	-1	5
3.292	4.602	141.378	50.323	2	-1	5
3.299	4.629	141.184	50.414	2	-1	5
3.299	4.629	141.184	50.414	0	0	0
3.306	4.658	140.971	50.518	2	-1	5
3.314	4.687	140.757	50.623	2	-1	5
3.321	4.716	140.543	50.729	2	-1	5
3.329	4.746	140.329	50.835	2	-1	5
3.336	4.775	140.115	50.943	2	-1	5
3.344	4.804	139.901	51.051	2	-1	5
3.344	4.804	139.901	51.051	0	0	0
3.352	4.838	139.655	51.187	3	-2	8
3.360	4.873	139.409	51.324	3	-2	8
3.360	4.873	139.409	51.324	0	0	0
3.354	4.877	139.420	51.394	0	-1	2
3.354	4.877	139.420	51.394	0	0	0
3.295	4.896	139.663	51.953	-3	-6	17
3.233	4.905	139.974	52.474	-4	-6	17
3.233	4.905	139.974	52.474	0	0	0
3.179	4.910	140.269	52.922	-3	-5	14
3.124	4.913	140.574	53.360	-3	-5	14
3.069	4.914	140.891	53.789	-4	-5	14
3.014	4.912	141.217	54.208	-4	-5	14
2.959	4.909	141.553	54.616	-4	-5	14
2.904	4.904	141.899	55.013	-4	-5	14
2.904	4.904	141.899	55.013	0	0	0
2.842	4.901	142.276	55.482	-4	-5	14
2.780	4.893	142.673	55.929	-5	-5	14
2.718	4.882	143.089	56.352	-5	-5	14
2.657	4.867	143.523	56.749	-5	-5	14
2.598	4.848	143.973	57.120	-5	-4	14
2.539	4.825	144.438	57.463	-5	-4	14
2.539	4.825	144.438	57.463	0	0	0
2.481	4.801	144.914	57.799	-5	-4	14
2.423	4.775	145.394	58.129	-5	-4	14
2.366	4.749	145.877	58.451	-5	-4	14
2.366	4.749	145.877	58.451	0	0	0
2.337	4.735	146.120	58.610	-3	-2	8
2.309	4.721	146.363	58.769	-3	-2	8
2.309	4.721	146.363	58.769	0	0	0
2.281	4.707	146.608	58.925	-3	-2	8
2.252	4.692	146.852	59.082	-3	-2	8
2.224	4.678	147.096	59.240	-3	-2	8
2.196	4.664	147.340	59.398	-3	-2	8
2.196	4.664	147.340	59.398	0	0	0
2.180	4.623	147.684	59.324	-4	1	11
2.180	4.623	147.684	59.324	0	0	0
2.189	4.565	148.010	58.966	-4	4	11
2.201	4.507	148.313	58.588	-3	4	11
2.216	4.450	148.593	58.190	-3	5	14
2.216	4.450	148.593	58.190	0	0	0
2.222	4.395	148.914	57.872	-4	4	11
2.213	4.339	149.312	57.679	-5	2	14
2.191	4.288	149.764	57.623	-5	1	14
2.156	4.244	150.239	57.710	-5	-1	14
2.156	4.244	150.239	57.710	0	0	0
2.096	4.228	150.679	58.142	-5	-5	14
2.034	4.233	150.991	58.688	-4	-6	17
2.034	4.233	150.991	58.688	0	0	0
1.964	4.273	151.112	59.459	-1	-9	26
1.964	4.273	151.112	59.459	0	0	0
1.953	4.339	150.745	59.852	4	-4	11
1.958	4.406	150.284	60.115	5	-3	14
1.958	4.406	150.284	60.115	0	0	0
1.934	4.427	150.279	60.415	0	-3	8
1.934	4.427	150.279	60.415	0	0	0
1.897	4.381	150.770	60.509	-6	-1	17
1.863	4.334	151.261	60.584	-6	-1	17
1.830	4.286	151.751	60.640	-6	-1	17
1.800	4.236	152.240	60.676	-6	0	17
1.800	4.236	152.240	60.676	0	0	0
1.808	4.233	152.218	60.588	0	1	2
1.808	4.233	152.218	60.588	0	0	0
1.863	4.225	151.976	60.095	3	6	17
1.917	4.219	151.723	59.608	3	6	17
1.971	4.214	151.459	59.124	3	5	14
1.971	4.214	151.459	59.124	0	0	0
2.040	4.193	151.212	58.457	3	8	23
2.097	4.150	151.167	57.782	1	8	23
2.097	4.150	151.167	57.782	0	0	0
2.138	4.107	151.213	57.239	-1	6	17
2.190	4.077	151.103	56.666	1	7	20
2.190	4.077	151.103	56.666	0	0	0
2.250	4.070	150.804	56.126	3	6	17
2.310	4.066	150.479	55.600	4	6	17
2.370	4.065	150.130	55.088	4	6	17
2.430	4.068	149.758	54.593	4	6	17
2.430	4.068	149.758	54.593	0	0	0
2.488	4.072	149.391	54.131	4	5	14
2.545	4.075	149.030	53.662	4	5	14
2.603	4.076	148.677	53.186	4	5	14
2.660	4.075	148.331	52.704	4	5	14
2.718	4.073	147.991	52.215	4	6	17
2.775	4.070	147.660	51.720	4	6	17
2.832	4.065	147.335	51.219	4	6	17
2.832	4.065	147.335	51.219	0	0	0
2.846	4.060	147.282	51.083	1	2	5
2.846	4.060	147.282	51.083	0	0	0
2.856	4.050	147.273	50.951	0	2	5
2.856	4.050	147.273	50.951	0	0	0
2.881	4.000	147.414	50.499	-2	5	14
2.890	3.945	147.678	50.152	-3	4	11
2.883	3.889	148.043	49.937	-4	2	11
2.883	3.889	148.043	49.937	0	0	0
2.856	3.841	148.493	49.935	-5	0	14
2.824	3.797	148.958	49.998	-5	-1	14
2.787	3.757	149.432	50.127	-5	-1	14
2.745	3.722	149.907	50.318	-5	-2	14
2.745	3.722	149.907	50.318	0	0	0
2.697	3.689	150.410	50.580	-6	-3	17
2.646	3.661	150.903	50.892	-6	-4	17
2.592	3.637	151.382	51.251	-5	-4	14
2.592	3.637	151.382	51.251	0	0	0
2.598	3.627	151.404	51.154	0	1	2
2.483	3.690	151.748	52.431	-4	-15	43
2.542	3.708	151.271	52.001	5	5	14
2.599	3.731	150.774	51.610	6	4	17
2.655	3.758	150.262	51.261	6	4	17
2.708	3.790	149.739	50.957	6	3	17
2.708	3.790	149.739	50.957	0	0	0
2.750	3.826	149.260	50.767	5	2	14
2.784	3.869	148.786	50.677	5	1	14
2.811	3.918	148.334	50.689	5	0	14
2.811	3.918	148.334	50.689	0	0	0
2.778	3.907	148.609	50.911	-3	-3	8
2.778	3.907	148.609	50.911	0	0	0
2.736	3.864	149.123	51.064	-6	-2	17
2.689	3.827	149.637	51.292	-6	-3	17
2.637	3.797	150.140	51.591	-6	-3	17
2.582	3.774	150.623	51.954	-5	-4	14
2.525	3.758	151.077	52.376	-5	-5	14
2.525	3.758	151.077	52.376	0	0	0
2.460	3.747	151.544	52.886	-5	-6	17
2.394	3.740	151.991	53.417	-5	-6	17
2.329	3.736	152.417	53.968	-5	-6	17
2.263	3.736	152.818	54.535	-5	-6	17
2.263	3.736	152.818	54.535	0	0	0
2.233	3.736	152.996	54.793	-2	-3	8
2.203	3.736	153.173	55.052	-2	-3	8
2.173	3.736	153.350	55.311	-2	-3	8
2.143	3.736	153.526	55.571	-2	-3	8
2.114	3.737	153.701	55.830	-2	-3	8
2.084	3.737	153.876	56.089	-2	-3	8
2.084	3.737	153.876	56.089	0	0	0
2.055	3.736	154.053	56.339	-2	-3	8
2.026	3.735	154.230	56.588	-2	-3	8
1.996	3.734	154.406	56.838	-2	-3	8
1.996	3.734	154.406	56.838	0	0	0
1.936	3.721	154.837	57.309	-5	-5	14
1.883	3.689	155.347	57.640	-6	-4	17
1.883	3.689	155.347	57.640	0	0	0
1.881	3.684	155.396	57.640	-1	0	2
1.881	3.684	155.396	57.640	0	0	0
1.936	3.680	155.109	57.145	3	6	17
1.990	3.676	154.812	56.652	3	6	17
2.045	3.674	154.506	56.164	3	6	17
2.100	3.672	154.191	55.680	4	6	17
2.155	3.672	153.867	55.200	4	5	14
2.210	3.673	153.534	54.725	4	5	14
2.264	3.674	153.192	54.256	4	5	14
2.319	3.677	152.843	53.791	4	5	14
2.374	3.680	152.485	53.332	4	5	14
2.428	3.685	152.120	52.878	4	5	14
2.483	3.690	151.748	52.431	4	5	14
1.583	3.590	157.699	59.892	-68	-85	249
1.587	3.537	158.031	59.654	-4	3	11
1.587	3.537	158.031	59.654	0	0	0
1.556	3.474	158.632	59.695	-7	0	20
1.494	3.440	159.204	60.131	-7	-5	20
1.494	3.440	159.204	60.131	0	0	0
1.436	3.446	159.489	60.671	-3	-6	17
1.387	3.479	159.533	61.220	-1	-6	17
1.360	3.530	159.327	61.649	2	-5	14
1.360	3.530	159.327	61.649	0	0	0
1.357	3.569	159.081	61.816	3	-2	8
1.357	3.569	159.081	61.816	0	0	0
1.431	3.585	158.568	61.220	6	7	20
1.507	3.594	158.099	60.582	5	7	20
1.507	3.594	158.099	60.582	0	0	0
1.583	3.590	157.699	59.892	5	8	23
1.307	4.252	154.671	64.939	34	-57	166
1.309	4.263	154.588	64.971	1	0	2
1.307	4.252	154.671	64.939	-1	0	2
1.367	4.245	154.421	64.400	3	6	17
1.427	4.241	154.146	63.871	3	6	17
1.487	4.241	153.847	63.355	3	6	17
1.547	4.243	153.525	62.854	4	6	17
1.606	4.248	153.181	62.367	4	6	17
1.666	4.256	152.816	61.898	4	5	14
1.725	4.267	152.432	61.448	4	5	14
1.725	4.267	152.432	61.448	0	0	0
1.767	4.306	151.958	61.259	5	2	14
1.790	4.357	151.493	61.299	5	0	14
1.790	4.357	151.493	61.299	0	0	0
1.771	4.441	151.041	61.843	5	-6	17
1.771	4.441	151.041	61.843	0	0	0
1.720	4.503	150.898	62.550	2	-8	23
1.653	4.545	150.956	63.309	-1	-9	26
1.653	4.545	150.956	63.309	0	0	0
1.593	4.559	151.166	63.877	-2	-6	17
1.531	4.557	151.488	64.385	-4	-6	17
1.472	4.539	151.902	64.801	-5	-5	14
1.472	4.539	151.902	64.801	0	0	0
1.430	4.495	152.409	64.955	-6	-2	17
1.397	4.443	152.921	65.003	-6	-1	17
1.397	4.443	152.921	65.003	0	0	0
1.363	4.385	153.482	65.034	-6	0	17
1.334	4.325	154.039	65.024	-6	0	17
1.309	4.263	154.588	64.971	-6	1	17
1.331	4.439	153.275	65.540	15	-6	43
1.318	4.456	153.217	65.727	1	-2	5
1.331	4.439	153.275	65.540	-1	2	5
1.313	4.385	153.725	65.457	-5	1	14
1.290	4.335	154.189	65.439	-5	0	14
1.260	4.287	154.661	65.485	-5	-1	14
1.226	4.243	155.133	65.596	-5	-1	14
1.226	4.243	155.133	65.596	0	0	0
1.179	4.211	155.580	65.869	-5	-3	14
1.127	4.187	155.993	66.213	-5	-4	14
1.073	4.172	156.363	66.620	-4	-5	14
1.017	4.165	156.679	67.078	-4	-5	14
1.017	4.165	156.679	67.078	0	0	0
1.018	4.175	156.599	67.114	1	0	2
1.018	4.175	156.599	67.114	0	0	0
1.038	4.234	156.090	67.176	6	-1	17
1.063	4.292	155.574	67.203	6	0	17
1.091	4.347	155.054	67.195	6	0	17
1.123	4.401	154.531	67.152	6	0	17
1.123	4.401	154.531	67.152	0	0	0
1.170	4.456	153.927	66.985	7	2	20
1.170	4.456	153.927	66.985	0	0	0
1.244	4.470	153.475	66.419	5	6	17
1.318	4.456	153.217	65.727	3	8	23
1.323	4.514	152.799	65.947	5	-3	14
1.368	4.511	152.605	65.550	2	5	14
1.323	4.514	152.799	65.947	-2	-5	14
1.264	4.515	153.071	66.449	-3	-6	17
1.207	4.530	153.241	66.994	-2	-6	17
1.207	4.530	153.241	66.994	0	0	0
1.211	4.539	153.154	67.003	1	0	2
1.211	4.539	153.154	67.003	0	0	0
1.246	4.586	152.667	66.916	6	1	17
1.284	4.630	152.183	66.797	6	1	17
1.325	4.672	151.703	66.648	5	2	14
1.368	4.711	151.229	66.468	5	2	14
1.414	4.747	150.764	66.257	5	2	14
1.414	4.747	150.764	66.257	0	0	0
1.493	4.723	150.547	65.480	2	9	26
1.493	4.723	150.547	65.480	0	0	0
1.510	4.695	150.658	65.208	-1	3	8
1.510	4.695	150.658	65.208	0	0	0
1.479	4.645	151.145	65.226	-6	0	17
1.445	4.598	151.633	65.290	-6	-1	17
1.408	4.553	152.121	65.398	-6	-1	17
1.368	4.511	152.605	65.550	-6	-2	17
1.524	4.628	151.042	64.774	18	9	52
1.519	4.617	151.142	64.763	-1	0	2
1.524	4.628	151.042	64.774	1	0	2
1.571	4.691	150.383	64.677	8	1	23
1.624	4.750	149.727	64.515	7	2	20
1.624	4.750	149.727	64.515	0	0	0
1.671	4.792	149.215	64.337	6	2	17
1.726	4.821	148.747	64.020	5	4	14
1.726	4.821	148.747	64.020	0	0	0
1.791	4.817	148.445	63.468	3	6	17
1.853	4.798	148.261	62.861	2	7	20
1.909	4.763	148.207	62.237	1	7	20
1.909	4.763	148.207	62.237	0	0	0
1.964	4.704	148.307	61.496	-1	8	23
2.006	4.636	148.537	60.817	-3	8	23
2.006	4.636	148.537	60.817	0	0	0
2.008	4.613	148.673	60.693	-2	1	5
2.008	4.613	148.673	60.693	0	0	0
1.960	4.561	149.266	60.836	-7	-2	20
1.910	4.511	149.857	61.009	-7	-2	20
1.858	4.462	150.446	61.211	-7	-2	20
1.858	4.462	150.446	61.211	0	0	0
1.828	4.451	150.680	61.412	-3	-2	8
1.828	4.451	150.680	61.412	0	0	0
1.809	4.480	150.588	61.705	1	-3	8
1.790	4.509	150.495	61.998	1	-3	8
1.790	4.509	150.495	61.998	0	0	0
1.772	4.534	150.426	62.266	1	-3	8
1.772	4.534	150.426	62.266	0	0	0
1.718	4.580	150.390	62.930	0	-8	23
1.650	4.600	150.605	63.590	-2	-8	23
1.650	4.600	150.605	63.590	0	0	0
1.584	4.608	150.879	64.174	-3	-7	20
1.519	4.617	151.142	64.763	-3	-7	20
1.547	4.755	150.071	65.179	12	-5	35
1.609	4.788	149.546	64.826	6	4	17
1.547	4.755	150.071	65.179	-6	-4	17
1.472	4.792	150.177	65.982	-1	-9	26
1.472	4.792	150.177	65.982	0	0	0
1.487	4.819	149.922	65.991	3	0	8
1.487	4.819	149.922	65.991	0	0	0
1.545	4.856	149.390	65.689	6	3	17
1.607	4.887	148.885	65.328	6	4	17
1.672	4.910	148.412	64.910	5	5	14
1.672	4.910	148.412	64.910	0	0	0
1.712	4.923	148.129	64.639	3	3	8
1.712	4.923	148.129	64.639	0	0	0
1.732	4.918	148.064	64.457	1	2	5
1.732	4.918	148.064	64.457	0	0	0
1.731	4.916	148.079	64.454	0	0	0
1.731	4.916	148.079	64.454	0	0	0
1.694	4.870	148.572	64.528	-6	-1	17
1.653	4.827	149.063	64.653	-6	-1	17
1.609	4.788	149.546	64.826	-5	-2	14
1.775	4.873	148.155	63.878	16	11	46
1.839	4.852	147.969	63.250	2	7	20
1.903	4.831	147.784	62.620	2	7	20
1.903	4.831	147.784	62.620	0	0	0
1.960	4.799	147.708	62.002	1	7	20
2.002	4.750	147.812	61.414	-1	7	20
2.002	4.750	147.812	61.414	0	0	0
2.021	4.719	147.913	61.103	-1	4	11
2.040	4.688	148.012	60.792	-1	4	11
2.040	4.688	148.012	60.792	0	0	0
2.050	4.676	148.042	60.647	0	2	5
2.050	4.676	148.042	60.647	0	0	0
2.090	4.680	147.802	60.346	3	3	8
2.090	4.680	147.802	60.346	0	0	0
2.148	4.713	147.278	60.038	6	3	17
2.204	4.750	146.746	59.763	6	3	17
2.258	4.788	146.205	59.522	6	3	17
2.258	4.788	146.205	59.522	0	0	0
2.259	4.860	145.745	59.888	5	-4	14
2.259	4.860	145.745	59.888	0	0	0
2.229	4.935	145.421	60.515	4	-7	20
2.176	4.996	145.303	61.256	1	-8	23
2.176	4.996	145.303	61.256	0	0	0
2.130	5.024	145.357	61.780	-1	-6	17
2.077	5.038	145.536	62.278	-2	-6	17
2.077	5.038	145.536	62.278	0	0	0
2.019	5.022	145.938	62.662	-5	-4	14
1.964	4.996	146.384	62.968	-5	-3	14
1.964	4.996	146.384	62.968	0	0	0
1.901	4.963	146.926	63.309	-6	-4	17
1.840	4.925	147.486	63.608	-6	-3	17
1.782	4.882	148.059	63.862	-7	-3	20
1.782	4.882	148.059	63.862	0	0	0
1.775	4.873	148.155	63.878	-1	0	2
2.086	4.603	148.319	60.000	-2	44	128
2.035	4.572	148.796	60.270	-5	-3	14
1.999	4.523	149.300	60.327	-6	-1	17
2.086	4.603	148.319	60.000	11	4	32
2.093	4.604	148.275	59.947	1	1	2
2.093	4.604	148.275	59.947	0	0	0
2.126	4.541	148.508	59.364	-3	7	20
2.143	4.471	148.864	58.886	-4	5	14
2.143	4.399	149.326	58.545	-5	4	14
2.143	4.399	149.326	58.545	0	0	0
2.120	4.337	149.850	58.449	-6	1	17
2.061	4.307	150.368	58.798	-6	-4	17
2.061	4.307	150.368	58.798	0	0	0
2.036	4.334	150.329	59.134	0	-4	11
2.036	4.334	150.329	59.134	0	0	0
2.012	4.394	150.068	59.614	3	-5	14
2.000	4.458	149.720	60.016	4	-5	14
1.999	4.523	149.300	60.327	5	-4	14
2.322	4.845	145.505	59.301	43	12	125
2.316	4.858	145.450	59.419	1	-1	2
2.316	4.858	145.450	59.419	0	0	0
2.304	4.891	145.299	59.684	2	-3	8
2.293	4.925	145.147	59.948	2	-3	8
2.293	4.925	145.147	59.948	0	0	0
2.269	4.977	144.940	60.418	2	-5	14
2.232	5.021	144.849	60.947	1	-6	17
2.232	5.021	144.849	60.947	0	0	0
2.149	5.085	144.859	61.945	0	-11	32
2.149	5.085	144.859	61.945	0	0	0
2.204	5.108	144.425	61.630	5	4	14
2.260	5.129	143.997	61.301	5	4	14
2.317	5.149	143.578	60.959	5	4	14
2.374	5.166	143.167	60.604	5	4	14
2.374	5.166	143.167	60.604	0	0	0
2.410	5.171	142.943	60.350	3	3	8
2.410	5.171	142.943	60.350	0	0	0
2.456	5.141	142.896	59.819	1	6	17
2.491	5.098	142.983	59.308	-1	6	17
2.491	5.098	142.983	59.308	0	0	0
2.525	5.026	143.256	58.649	-3	7	20
2.543	4.948	143.647	58.090	-4	6	17
2.543	4.948	143.647	58.090	0	0	0
2.531	4.914	143.931	57.997	-3	1	8
2.531	4.914	143.931	57.997	0	0	0
2.477	4.887	144.390	58.284	-5	-3	14
2.422	4.865	144.834	58.608	-5	-4	14
2.365	4.847	145.259	58.967	-5	-4	14
2.365	4.847	145.259	58.967	0	0	0
2.322	4.845	145.505	59.301	-3	-4	11
2.617	4.938	143.303	57.449	25	21	73
2.719	4.955	142.628	56.738	8	8	23
2.617	4.938	143.303	57.449	-8	-8	23
2.597	4.982	143.138	57.845	2	-5	14
2.597	4.982	143.138	57.845	0	0	0
2.577	5.053	142.804	58.392	4	-6	17
2.548	5.121	142.532	58.992	3	-7	20
2.548	5.121	142.532	58.992	0	0	0
2.492	5.185	142.421	59.778	1	-9	26
2.492	5.185	142.421	59.778	0	0	0
2.500	5.189	142.355	59.743	1	0	2
2.500	5.189	142.355	59.743	0	0	0
2.553	5.199	142.006	59.383	4	4	11
2.607	5.203	141.689	58.987	4	5	14
2.607	5.203	141.689	58.987	0	0	0
2.665	5.210	141.336	58.581	4	5	14
2.723	5.208	141.035	58.122	3	5	14
2.779	5.197	140.792	57.623	3	6	17
2.779	5.197	140.792	57.623	0	0	0
2.773	5.103	141.416	57.143	-7	5	20
2.773	5.103	141.416	57.143	0	0	0
2.753	5.027	141.997	56.865	-7	3	20
2.719	4.955	142.628	56.738	-7	1	20
4.611	4.629	132.700	40.550	113	184	539
4.633	4.702	132.185	40.861	6	-4	17
4.659	4.775	131.655	41.151	6	-3	17
4.611	4.629	132.700	40.550	-12	7	35
4.602	4.598	132.913	40.414	-2	2	5
4.593	4.566	133.125	40.279	-2	2	5
4.584	4.535	133.338	40.144	-2	2	5
4.584	4.535	133.338	40.144	0	0	0
4.577	4.509	133.517	40.031	-2	1	5
4.570	4.482	133.697	39.918	-2	1	5
4.562	4.456	133.876	39.806	-2	1	5
4.555	4.430	134.056	39.695	-2	1	5
4.547	4.403	134.235	39.584	-2	1	5
4.540	4.377	134.414	39.473	-2	1	5
4.532	4.350	134.593	39.363	-2	1	5
4.532	4.350	134.593	39.363	0	0	0
4.524	4.318	134.810	39.229	-2	2	5
4.515	4.286	135.027	39.095	-2	2	5
4.506	4.254	135.243	38.962	-2	2	5
4.497	4.221	135.460	38.829	-2	2	5
4.497	4.221	135.460	38.829	0	0	0
4.489	4.194	135.644	38.715	-2	1	5
4.482	4.166	135.828	38.602	-2	1	5
4.474	4.139	136.012	38.490	-2	1	5
4.467	4.111	136.196	38.378	-2	1	5
4.459	4.083	136.380	38.266	-2	1	5
4.459	4.083	136.380	38.266	0	0	0
4.452	4.055	136.566	38.152	-2	1	5
4.445	4.027	136.751	38.038	-2	1	5
4.437	3.999	136.937	37.925	-2	1	5
4.430	3.971	137.122	37.812	-2	1	5
4.422	3.943	137.307	37.700	-2	1	5
4.422	3.943	137.307	37.700	0	0	0
4.416	3.916	137.485	37.590	-2	1	5
4.409	3.888	137.663	37.480	-2	1	5
4.402	3.861	137.841	37.371	-2	1	5
4.395	3.834	138.018	37.262	-2	1	5
4.388	3.807	138.196	37.154	-2	1	5
4.388	3.807	138.196	37.154	0	0	0
4.367	3.743	138.645	36.946	-5	2	14
4.353	3.678	139.051	36.673	-5	3	14
4.346	3.612	139.411	36.339	-4	4	11
4.346	3.545	139.718	35.947	-3	4	11
4.346	3.545	139.718	35.947	0	0	0
4.354	3.487	139.927	35.543	-2	5	14
4.370	3.431	140.062	35.080	-2	5	14
4.394	3.377	140.119	34.566	-1	6	17
4.426	3.328	140.095	34.011	0	6	17
4.465	3.284	139.991	33.427	1	7	20
4.510	3.247	139.808	32.827	2	7	20
4.560	3.216	139.552	32.226	3	7	20
4.614	3.194	139.227	31.636	4	7	20
4.614	3.194	139.227	31.636	0	0	0
4.679	3.182	138.764	31.022	5	7	20
4.745	3.178	138.264	30.444	6	7	20
4.811	3.180	137.734	29.909	6	6	17
4.811	3.180	137.734	29.909	0	0	0
4.840	3.180	137.510	29.670	3	3	8
4.868	3.180	137.285	29.431	3	3	8
4.897	3.179	137.060	29.193	3	3	8
4.925	3.179	136.835	28.955	3	3	8
4.954	3.178	136.610	28.718	3	3	8
4.983	3.178	136.385	28.481	3	3	8
4.983	3.178	136.385	28.481	0	0	0
5.013	3.178	136.147	28.235	3	3	8
5.043	3.178	135.909	27.989	3	3	8
5.073	3.178	135.671	27.744	3	3	8
5.103	3.178	135.432	27.499	3	3	8
5.133	3.178	135.193	27.256	3	3	8
5.163	3.177	134.954	27.012	3	3	8
5.163	3.177	134.954	27.012	0	0	0
5.190	3.178	134.736	26.792	2	3	8
5.217	3.178	134.517	26.572	2	3	8
5.245	3.178	134.298	26.353	2	2	5
5.272	3.178	134.079	26.134	2	2	5
5.299	3.178	133.859	25.916	2	2	5
5.327	3.178	133.640	25.698	2	2	5
5.354	3.178	133.420	25.481	2	2	5
5.381	3.178	133.200	25.264	3	2	8
5.409	3.178	132.980	25.048	3	2	8
5.436	3.178	132.760	24.832	3	2	8
5.463	3.178	132.540	24.617	3	2	8
5.491	3.178	132.320	24.402	3	2	8
5.518	3.178	132.099	24.188	3	2	8
5.545	3.179	131.879	23.975	3	2	8
5.573	3.179	131.658	23.762	3	2	8
5.600	3.179	131.437	23.550	3	2	8
5.627	3.179	131.216	23.338	3	2	8
5.627	3.179	131.216	23.338	0	0	0
5.657	3.179	130.980	23.108	3	3	8
5.686	3.178	130.743	22.880	3	3	8
5.715	3.178	130.506	22.652	3	3	8
5.715	3.178	130.506	22.652	0	0	0
5.749	3.176	130.239	22.374	3	3	8
5.749	3.176	130.239	22.374	0	0	0
5.742	3.136	130.431	22.151	-2	3	8
5.742	3.136	130.431	22.151	0	0	0
5.733	3.102	130.611	21.974	-2	2	5
5.724	3.069	130.791	21.798	-2	2	5
5.716	3.035	130.970	21.623	-2	2	5
5.716	3.035	130.970	21.623	0	0	0
5.708	3.005	131.131	21.471	-2	2	5
5.700	2.975	131.292	21.319	-2	2	5
5.692	2.945	131.453	21.168	-2	2	5
5.684	2.915	131.613	21.017	-2	2	5
5.676	2.885	131.774	20.867	-2	2	5
5.676	2.885	131.774	20.867	0	0	0
5.669	2.858	131.922	20.730	-2	2	5
5.661	2.831	132.071	20.594	-2	2	5
5.654	2.803	132.219	20.458	-2	2	5
5.646	2.776	132.368	20.322	-2	2	5
5.639	2.748	132.516	20.186	-2	2	5
5.631	2.721	132.664	20.051	-2	2	5
5.624	2.693	132.812	19.916	-2	2	5
5.616	2.666	132.959	19.781	-2	2	5
5.609	2.638	133.107	19.646	-2	2	5
5.601	2.611	133.254	19.512	-2	2	5
5.594	2.583	133.401	19.378	-2	2	5
5.586	2.556	133.548	19.244	-2	2	5
5.579	2.528	133.695	19.111	-2	2	5
5.572	2.501	133.842	18.977	-2	2	5
5.572	2.501	133.842	18.977	0	0	0
5.564	2.473	133.991	18.844	-2	2	5
5.556	2.446	134.139	18.712	-2	2	5
5.549	2.418	134.288	18.579	-2	2	5
5.541	2.390	134.436	18.447	-2	2	5
5.533	2.362	134.585	18.315	-2	2	5
5.526	2.335	134.733	18.183	-2	1	5
5.518	2.307	134.881	18.052	-2	1	5
5.510	2.279	135.029	17.920	-2	1	5
5.503	2.252	135.176	17.790	-2	1	5
5.495	2.224	135.324	17.659	-2	1	5
5.487	2.196	135.472	17.529	-2	1	5
5.480	2.169	135.619	17.399	-2	1	5
5.472	2.141	135.767	17.269	-2	1	5
5.464	2.113	135.914	17.139	-2	1	5
5.457	2.086	136.061	17.010	-2	1	5
5.449	2.058	136.208	16.881	-2	1	5
5.449	2.058	136.208	16.881	0	0	0
5.442	2.031	136.350	16.757	-2	1	5
5.434	2.005	136.491	16.634	-2	1	5
5.427	1.978	136.633	16.510	-2	1	5
5.420	1.951	136.774	16.387	-2	1	5
5.412	1.925	136.915	16.264	-2	1	5
5.412	1.925	136.915	16.264	0	0	0
5.380	1.863	137.388	16.128	-5	2	14
5.330	1.813	137.986	16.248	-7	-1	20
5.268	1.781	138.657	16.617	-8	-4	23
5.268	1.781	138.657	16.617	0	0	0
5.208	1.775	139.232	17.164	-7	-6	20
5.148	1.772	139.804	17.726	-7	-6	20
5.088	1.770	140.373	18.304	-6	-7	20
5.028	1.769	140.936	18.896	-6	-7	20
4.968	1.771	141.495	19.500	-6	-7	20
4.908	1.773	142.047	20.117	-6	-7	20
4.908	1.773	142.047	20.117	0	0	0
4.881	1.775	142.300	20.405	-3	-3	8
4.853	1.777	142.553	20.693	-3	-3	8
4.853	1.777	142.553	20.693	0	0	0
4.784	1.785	143.173	21.439	-7	-8	23
4.784	1.785	143.173	21.439	0	0	0
4.735	1.832	143.463	22.218	-3	-9	26
4.719	1.897	143.386	22.787	1	-6	17
4.719	1.897	143.386	22.787	0	0	0
4.724	1.945	143.168	23.032	2	-3	8
4.724	1.945	143.168	23.032	0	0	0
4.733	1.974	142.982	23.128	2	-1	5
4.742	2.004	142.796	23.224	2	-1	5
4.751	2.033	142.611	23.321	2	-1	5
4.760	2.063	142.425	23.419	2	-1	5
4.769	2.092	142.239	23.517	2	-1	5
4.778	2.122	142.054	23.616	2	-1	5
4.786	2.152	141.869	23.715	2	-1	5
4.786	2.152	141.869	23.715	0	0	0
4.806	2.209	141.491	23.887	4	-2	11
4.823	2.266	141.132	24.089	4	-2	11
4.838	2.325	140.791	24.319	4	-3	11
4.851	2.384	140.469	24.576	4	-3	11
4.861	2.443	140.166	24.860	3	-3	8
4.861	2.443	140.166	24.860	0	0	0
4.850	2.495	140.067	25.285	1	-5	14
4.850	2.495	140.067	25.285	0	0	0
4.792	2.502	140.540	25.853	-5	-6	17
4.733	2.507	141.016	26.416	-5	-6	17
4.675	2.512	141.495	26.976	-5	-6	17
4.616	2.515	141.978	27.531	-5	-6	17
4.558	2.518	142.463	28.081	-6	-6	17
4.499	2.519	142.951	28.628	-6	-6	17
4.440	2.520	143.442	29.170	-6	-6	17
4.382	2.520	143.936	29.708	-6	-6	17
4.382	2.520	143.936	29.708	0	0	0
4.351	2.519	144.196	29.989	-3	-3	8
4.320	2.518	144.455	30.270	-3	-3	8
4.289	2.518	144.715	30.551	-3	-3	8
4.289	2.518	144.715	30.551	0	0	0
4.259	2.517	144.975	30.830	-3	-3	8
4.228	2.516	145.236	31.109	-3	-3	8
4.197	2.514	145.496	31.389	-3	-3	8
4.167	2.513	145.756	31.669	-3	-3	8
4.136	2.512	146.016	31.949	-3	-3	8
4.105	2.511	146.275	32.230	-3	-3	8
4.105	2.511	146.275	32.230	0	0	0
4.040	2.464	147.028	32.595	-9	-4	26
4.040	2.464	147.028	32.595	0	0	0
4.021	2.413	147.416	32.501	-4	1	11
4.003	2.361	147.799	32.399	-4	1	11
3.987	2.309	148.175	32.287	-4	1	11
3.971	2.257	148.544	32.165	-4	1	11
3.957	2.204	148.907	32.034	-4	1	11
3.943	2.152	149.262	31.892	-4	2	11
3.943	2.152	149.262	31.892	0	0	0
3.936	2.120	149.468	31.807	-2	1	5
3.928	2.089	149.675	31.722	-2	1	5
3.921	2.058	149.882	31.637	-2	1	5
3.921	2.058	149.882	31.637	0	0	0
3.914	2.031	150.066	31.567	-2	1	5
3.907	2.003	150.250	31.497	-2	1	5
3.901	1.976	150.434	31.427	-2	1	5
3.894	1.949	150.618	31.358	-2	1	5
3.887	1.921	150.803	31.290	-2	1	5
3.887	1.921	150.803	31.290	0	0	0
3.879	1.879	151.065	31.158	-3	1	8
3.879	1.879	151.065	31.158	0	0	0
3.876	1.823	151.350	30.915	-3	3	8
3.881	1.767	151.563	30.590	-2	4	11
3.893	1.713	151.697	30.189	-2	5	14
3.913	1.660	151.749	29.718	-1	5	14
3.940	1.611	151.716	29.185	0	6	17
3.974	1.567	151.596	28.599	1	7	20
4.014	1.527	151.392	27.972	2	7	20
4.059	1.494	151.108	27.316	3	7	20
4.059	1.494	151.108	27.316	0	0	0
4.113	1.468	150.706	26.605	5	8	23
4.169	1.449	150.245	25.895	5	8	23
4.227	1.437	149.735	25.201	6	8	23
4.286	1.432	149.184	24.532	6	8	23
4.286	1.432	149.184	24.532	0	0	0
4.313	1.431	148.924	24.234	3	3	8
4.340	1.430	148.664	23.936	3	3	8
4.368	1.430	148.403	23.639	3	3	8
4.395	1.429	148.142	23.341	3	3	8
4.422	1.428	147.881	23.044	3	3	8
4.449	1.427	147.620	22.747	3	3	8
4.449	1.427	147.620	22.747	0	0	0
4.476	1.427	147.357	22.452	3	3	8
4.503	1.427	147.094	22.157	3	3	8
4.531	1.426	146.831	21.863	3	3	8
4.558	1.426	146.567	21.569	3	3	8
4.585	1.425	146.304	21.275	3	3	8
4.612	1.425	146.040	20.981	3	3	8
4.612	1.425	146.040	20.981	0	0	0
4.639	1.425	145.775	20.689	3	3	8
4.666	1.425	145.510	20.397	3	3	8
4.694	1.424	145.245	20.106	3	3	8
4.721	1.424	144.980	19.815	3	3	8
4.748	1.424	144.714	19.525	3	3	8
4.775	1.424	144.449	19.234	3	3	8
4.775	1.424	144.449	19.234	0	0	0
4.802	1.424	144.183	18.946	3	3	8
4.829	1.424	143.916	18.658	3	3	8
4.857	1.424	143.650	18.370	3	3	8
4.884	1.424	143.384	18.083	3	3	8
4.911	1.424	143.117	17.796	3	3	8
4.938	1.424	142.851	17.510	3	3	8
4.938	1.424	142.851	17.510	0	0	0
4.965	1.424	142.584	17.225	3	3	8
4.992	1.425	142.317	16.940	3	3	8
5.020	1.425	142.050	16.656	3	3	8
5.047	1.425	141.783	16.373	3	3	8
5.074	1.425	141.516	16.090	3	3	8
5.101	1.425	141.249	15.808	3	3	8
5.101	1.425	141.249	15.808	0	0	0
5.128	1.426	140.981	15.527	3	3	8
5.155	1.426	140.714	15.247	3	3	8
5.183	1.427	140.447	14.967	3	3	8
5.210	1.427	140.180	14.688	3	3	8
5.237	1.427	139.913	14.410	3	3	8
5.264	1.428	139.646	14.132	3	3	8
5.291	1.428	139.379	13.854	3	3	8
5.318	1.428	139.112	13.578	3	3	8
5.346	1.429	138.845	13.302	3	3	8
5.373	1.429	138.578	13.027	3	3	8
5.400	1.429	138.312	12.752	3	3	8
5.427	1.430	138.045	12.478	3	3	8
5.454	1.430	137.779	12.205	3	3	8
5.482	1.430	137.512	11.932	3	3	8
5.509	1.431	137.246	11.660	3	3	8
5.536	1.431	136.980	11.389	3	3	8
5.563	1.431	136.714	11.119	3	3	8
5.590	1.432	136.448	10.849	3	3	8
5.590	1.432	136.448	10.849	0	0	0
5.625	1.433	136.107	10.514	4	4	11
5.625	1.433	136.107	10.514	0	0	0
5.683	1.440	135.528	9.990	7	6	20
5.740	1.453	134.947	9.527	7	5	20
5.796	1.471	134.373	9.130	7	5	20
5.849	1.494	133.810	8.803	6	4	17
5.900	1.523	133.266	8.550	6	3	17
5.948	1.557	132.744	8.374	6	2	17
5.948	1.557	132.744	8.374	0	0	0
5.994	1.587	132.244	8.192	6	2	17
6.038	1.621	131.763	8.068	5	1	14
6.080	1.659	131.304	8.000	5	1	14
6.118	1.699	130.869	7.990	5	0	14
6.153	1.742	130.461	8.036	5	-1	14
6.185	1.788	130.080	8.137	4	-1	11
6.213	1.836	129.729	8.291	4	-2	11
6.213	1.836	129.729	8.291	0	0	0
6.248	1.922	129.242	8.700	6	-5	17
6.248	1.922	129.242	8.700	0	0	0
6.256	1.949	129.117	8.860	1	-2	5
6.264	1.976	128.992	9.020	1	-2	5
6.272	2.003	128.866	9.179	1	-2	5
6.280	2.031	128.740	9.339	1	-2	5
6.288	2.058	128.614	9.498	1	-2	5
6.288	2.058	128.614	9.498	0	0	0
6.297	2.089	128.470	9.681	2	-2	5
6.306	2.120	128.325	9.863	2	-2	5
6.315	2.152	128.179	10.046	2	-2	5
6.315	2.152	128.179	10.046	0	0	0
6.323	2.178	128.057	10.199	1	-2	5
6.323	2.178	128.057	10.199	0	0	0
6.331	2.206	127.926	10.368	1	-2	5
6.339	2.235	127.795	10.537	1	-2	5
6.347	2.263	127.664	10.706	1	-2	5
6.355	2.292	127.532	10.875	1	-2	5
6.363	2.320	127.400	11.045	2	-2	5
6.371	2.349	127.267	11.214	2	-2	5
6.379	2.377	127.135	11.383	2	-2	5
6.387	2.406	127.002	11.552	2	-2	5
6.395	2.434	126.868	11.721	2	-2	5
6.395	2.434	126.868	11.721	0	0	0
6.403	2.463	126.736	11.893	2	-2	5
6.411	2.492	126.604	12.064	2	-2	5
6.418	2.520	126.472	12.236	2	-2	5
6.426	2.549	126.339	12.408	2	-2	5
6.434	2.577	126.205	12.579	2	-2	5
6.442	2.606	126.072	12.751	2	-2	5
6.450	2.635	125.938	12.922	2	-2	5
6.457	2.663	125.804	13.094	2	-2	5
6.465	2.692	125.669	13.266	2	-2	5
6.465	2.692	125.669	13.266	0	0	0
6.473	2.720	125.536	13.439	2	-2	5
6.480	2.749	125.402	13.613	2	-2	5
6.488	2.778	125.268	13.787	2	-2	5
6.496	2.806	125.134	13.960	2	-2	5
6.503	2.835	124.999	14.134	2	-2	5
6.511	2.864	124.864	14.308	2	-2	5
6.518	2.892	124.728	14.482	2	-2	5
6.526	2.921	124.592	14.656	2	-2	5
6.534	2.950	124.456	14.830	2	-2	5
6.534	2.950	124.456	14.830	0	0	0
6.541	2.978	124.321	15.005	2	-2	5
6.549	3.007	124.185	15.181	2	-2	5
6.556	3.036	124.049	15.356	2	-2	5
6.564	3.064	123.912	15.532	2	-2	5
6.571	3.093	123.775	15.708	2	-2	5
6.578	3.122	123.638	15.883	2	-2	5
6.586	3.150	123.500	16.059	2	-2	5
6.593	3.179	123.362	16.235	2	-2	5
6.601	3.208	123.224	16.411	2	-2	5
6.601	3.208	123.224	16.411	0	0	0
6.608	3.237	123.086	16.588	2	-2	5
6.616	3.265	122.948	16.766	2	-2	5
6.623	3.294	122.809	16.943	2	-2	5
6.630	3.323	122.670	17.120	2	-2	5
6.638	3.351	122.530	17.298	2	-2	5
6.645	3.380	122.390	17.476	2	-2	5
6.652	3.409	122.250	17.653	2	-2	5
6.660	3.438	122.109	17.831	2	-2	5
6.667	3.466	121.968	18.009	2	-2	5
6.667	3.466	121.968	18.009	0	0	0
6.674	3.494	121.835	18.179	2	-2	5
6.681	3.521	121.701	18.348	2	-2	5
6.688	3.548	121.567	18.518	2	-2	5
6.694	3.575	121.432	18.688	2	-2	5
6.701	3.602	121.297	18.858	2	-2	5
6.708	3.630	121.162	19.028	2	-2	5
6.715	3.657	121.026	19.198	2	-2	5
6.722	3.684	120.890	19.368	2	-2	5
6.729	3.711	120.754	19.539	2	-2	5
6.736	3.739	120.617	19.710	2	-2	5
6.743	3.766	120.480	19.880	2	-2	5
6.749	3.793	120.342	20.051	2	-2	5
6.756	3.820	120.204	20.222	2	-2	5
6.763	3.847	120.066	20.394	2	-2	5
6.770	3.875	119.927	20.565	2	-2	5
6.777	3.902	119.788	20.737	2	-2	5
6.784	3.929	119.648	20.908	2	-2	5
6.791	3.956	119.508	21.080	2	-2	5
6.797	3.984	119.368	21.252	2	-2	5
6.797	3.984	119.368	21.252	0	0	0
6.805	4.011	119.218	21.422	2	-2	5
6.813	4.039	119.068	21.592	2	-2	5
6.821	4.067	118.917	21.762	2	-2	5
6.829	4.094	118.766	21.932	2	-2	5
6.837	4.122	118.615	22.102	2	-2	5
6.845	4.149	118.463	22.273	2	-2	5
6.853	4.177	118.310	22.444	2	-2	5
6.860	4.205	118.158	22.615	2	-2	5
6.868	4.232	118.004	22.787	2	-2	5
6.876	4.260	117.851	22.958	2	-2	5
6.884	4.288	117.697	23.130	2	-2	5
6.884	4.288	117.697	23.130	0	0	0
6.892	4.317	117.537	23.313	2	-2	5
6.900	4.346	117.377	23.497	2	-2	5
6.908	4.375	117.216	23.680	2	-2	5
6.916	4.404	117.055	23.864	2	-2	5
6.924	4.433	116.893	24.048	2	-2	5
6.932	4.462	116.731	24.233	2	-2	5
6.939	4.491	116.568	24.418	2	-2	5
6.939	4.491	116.568	24.418	0	0	0
6.951	4.535	116.324	24.702	3	-3	8
6.951	4.535	116.324	24.702	0	0	0
6.959	4.566	116.151	24.904	2	-2	5
6.967	4.598	115.978	25.107	2	-2	5
6.975	4.629	115.804	25.309	2	-2	5
6.975	4.629	115.804	25.309	0	0	0
6.983	4.662	115.620	25.527	2	-2	5
6.992	4.695	115.434	25.746	2	-2	5
6.992	4.695	115.434	25.746	0	0	0
7.011	4.753	115.072	26.094	4	-4	11
7.023	4.812	114.762	26.507	4	-5	14
7.025	4.873	114.508	26.977	3	-5	14
7.019	4.934	114.317	27.491	2	-6	17
7.005	4.992	114.191	28.040	1	-6	17
6.982	5.049	114.133	28.611	1	-6	17
6.951	5.101	114.143	29.192	0	-7	20
6.913	5.148	114.222	29.771	-1	-7	20
6.913	5.148	114.222	29.771	0	0	0
6.869	5.187	114.378	30.313	-2	-6	17
6.819	5.218	114.601	30.826	-3	-6	17
6.766	5.242	114.885	31.300	-3	-5	14
6.709	5.257	115.226	31.724	-4	-5	14
6.651	5.263	115.615	32.088	-4	-4	11
6.651	5.263	115.615	32.088	0	0	0
6.624	5.263	115.808	32.242	-2	-2	5
6.596	5.264	116.000	32.396	-2	-2	5
6.569	5.264	116.192	32.551	-2	-2	5
6.541	5.265	116.383	32.707	-2	-2	5
6.514	5.265	116.575	32.863	-2	-2	5
6.487	5.266	116.766	33.020	-2	-2	5
6.459	5.266	116.957	33.177	-2	-2	5
6.432	5.267	117.148	33.335	-2	-2	5
6.405	5.267	117.338	33.493	-2	-2	5
6.377	5.268	117.529	33.652	-2	-2	5
6.350	5.268	117.719	33.812	-2	-2	5
6.323	5.269	117.909	33.972	-2	-2	5
6.295	5.269	118.098	34.132	-2	-2	5
6.295	5.269	118.098	34.132	0	0	0
6.266	5.270	118.304	34.306	-2	-2	5
6.236	5.270	118.510	34.480	-2	-2	5
6.206	5.271	118.715	34.654	-2	-2	5
6.177	5.271	118.920	34.830	-2	-2	5
6.147	5.271	119.125	35.006	-2	-2	5
6.117	5.272	119.330	35.182	-2	-2	5
6.117	5.272	119.330	35.182	0	0	0
6.088	5.272	119.535	35.358	-2	-2	5
6.058	5.272	119.740	35.534	-2	-2	5
6.028	5.272	119.944	35.711	-2	-2	5
5.999	5.273	120.149	35.888	-2	-2	5
5.969	5.273	120.353	36.066	-2	-2	5
5.939	5.273	120.556	36.245	-2	-2	5
5.939	5.273	120.556	36.245	0	0	0
5.910	5.273	120.761	36.422	-2	-2	5
5.880	5.273	120.966	36.600	-2	-2	5
5.850	5.273	121.170	36.778	-2	-2	5
5.821	5.273	121.374	36.957	-2	-2	5
5.791	5.273	121.577	37.137	-2	-2	5
5.761	5.273	121.781	37.317	-2	-2	5
5.761	5.273	121.781	37.317	0	0	0
5.732	5.272	121.985	37.495	-2	-2	5
5.702	5.272	122.190	37.673	-2	-2	5
5.673	5.271	122.394	37.853	-2	-2	5
5.643	5.271	122.598	38.033	-2	-2	5
5.613	5.270	122.801	38.213	-2	-2	5
5.584	5.270	123.004	38.394	-2	-2	5
5.584	5.270	123.004	38.394	0	0	0
5.554	5.269	123.209	38.572	-2	-2	5
5.524	5.268	123.414	38.751	-2	-2	5
5.495	5.267	123.618	38.931	-2	-2	5
5.465	5.266	123.822	39.111	-2	-2	5
5.436	5.266	124.026	39.292	-2	-2	5
5.406	5.265	124.230	39.473	-2	-2	5
5.406	5.265	124.230	39.473	0	0	0
5.346	5.267	124.623	39.874	-4	-5	14
5.285	5.265	125.037	40.243	-5	-4	14
5.225	5.258	125.471	40.580	-5	-4	14
5.166	5.246	125.923	40.883	-5	-3	14
5.166	5.246	125.923	40.883	0	0	0
5.114	5.229	126.357	41.105	-5	-3	14
5.063	5.208	126.801	41.296	-5	-2	14
5.013	5.184	127.253	41.454	-5	-2	14
4.965	5.156	127.709	41.578	-5	-1	14
4.920	5.124	128.168	41.669	-5	-1	14
4.877	5.090	128.628	41.725	-5	-1	14
4.836	5.052	129.085	41.746	-5	0	14
4.799	5.012	129.538	41.733	-5	0	14
4.764	4.969	129.985	41.685	-5	1	14
4.732	4.923	130.422	41.603	-5	1	14
4.704	4.875	130.848	41.486	-5	1	14
4.680	4.826	131.260	41.335	-5	2	14
4.659	4.775	131.655	41.151	-4	2	11
5.493	4.794	125.851	35.574	66	63	193
5.487	4.779	125.955	35.508	-1	1	2
5.487	4.779	125.955	35.508	0	0	0
5.479	4.752	126.133	35.375	-2	2	5
5.471	4.726	126.310	35.242	-2	2	5
5.463	4.699	126.488	35.109	-2	2	5
5.454	4.672	126.665	34.977	-2	2	5
5.446	4.645	126.842	34.846	-2	1	5
5.446	4.645	126.842	34.846	0	0	0
5.438	4.619	127.016	34.712	-2	2	5
5.430	4.592	127.190	34.578	-2	2	5
5.423	4.565	127.364	34.445	-2	2	5
5.415	4.538	127.538	34.312	-2	2	5
5.407	4.511	127.711	34.180	-2	2	5
5.407	4.511	127.711	34.180	0	0	0
5.399	4.484	127.883	34.046	-2	2	5
5.392	4.457	128.054	33.912	-2	2	5
5.384	4.431	128.225	33.779	-2	2	5
5.377	4.404	128.396	33.646	-2	2	5
5.369	4.377	128.566	33.513	-2	2	5
5.369	4.377	128.566	33.513	0	0	0
5.362	4.350	128.735	33.379	-2	2	5
5.355	4.323	128.904	33.245	-2	2	5
5.347	4.296	129.072	33.111	-2	2	5
5.340	4.269	129.240	32.978	-2	2	5
5.333	4.242	129.408	32.846	-2	2	5
5.333	4.242	129.408	32.846	0	0	0
5.326	4.215	129.574	32.711	-2	2	5
5.319	4.188	129.740	32.577	-2	2	5
5.312	4.160	129.905	32.443	-2	2	5
5.305	4.133	130.070	32.310	-2	2	5
5.297	4.106	130.236	32.177	-2	2	5
5.290	4.079	130.400	32.045	-2	2	5
5.283	4.052	130.565	31.913	-2	2	5
5.276	4.025	130.730	31.781	-2	1	5
5.269	3.998	130.894	31.650	-2	1	5
5.262	3.971	131.058	31.520	-2	1	5
5.262	3.971	131.058	31.520	0	0	0
5.256	3.944	131.221	31.388	-2	2	5
5.249	3.917	131.383	31.256	-2	1	5
5.242	3.890	131.546	31.125	-2	1	5
5.235	3.862	131.708	30.994	-2	1	5
5.228	3.835	131.870	30.864	-2	1	5
5.221	3.808	132.032	30.734	-2	1	5
5.215	3.781	132.193	30.605	-2	1	5
5.208	3.754	132.355	30.475	-2	1	5
5.201	3.727	132.516	30.347	-2	1	5
5.194	3.700	132.677	30.218	-2	1	5
5.194	3.700	132.677	30.218	0	0	0
5.190	3.678	132.796	30.106	-1	1	2
5.190	3.678	132.796	30.106	0	0	0
5.191	3.606	133.078	29.620	-3	6	17
5.232	3.546	132.999	28.909	1	8	23
5.232	3.546	132.999	28.909	0	0	0
5.296	3.525	132.582	28.270	5	7	20
5.364	3.517	132.086	27.702	6	6	17
5.364	3.517	132.086	27.702	0	0	0
5.394	3.516	131.859	27.468	3	3	8
5.423	3.515	131.632	27.236	3	3	8
5.453	3.514	131.404	27.004	3	3	8
5.483	3.513	131.176	26.772	3	3	8
5.513	3.512	130.948	26.541	3	3	8
5.542	3.511	130.720	26.311	3	3	8
5.572	3.510	130.491	26.081	3	3	8
5.602	3.509	130.262	25.852	3	3	8
5.602	3.509	130.262	25.852	0	0	0
5.636	3.509	129.999	25.594	3	3	8
5.670	3.508	129.734	25.336	3	3	8
5.670	3.508	129.734	25.336	0	0	0
5.746	3.507	129.135	24.765	7	6	20
5.823	3.513	128.515	24.243	7	6	20
5.823	3.513	128.515	24.243	0	0	0
5.843	3.519	128.337	24.140	2	1	5
5.843	3.519	128.337	24.140	0	0	0
5.863	3.576	127.980	24.406	4	-3	11
5.882	3.634	127.630	24.685	4	-3	11
5.900	3.692	127.288	24.978	4	-3	11
5.917	3.750	126.952	25.284	4	-3	11
5.932	3.809	126.624	25.602	4	-4	11
5.932	3.809	126.624	25.602	0	0	0
5.940	3.839	126.456	25.764	2	-2	5
5.948	3.869	126.287	25.925	2	-2	5
5.956	3.899	126.117	26.088	2	-2	5
5.964	3.929	125.948	26.250	2	-2	5
5.972	3.959	125.778	26.413	2	-2	5
5.980	3.988	125.607	26.576	2	-2	5
5.980	3.988	125.607	26.576	0	0	0
5.987	4.017	125.447	26.732	2	-2	5
5.994	4.045	125.287	26.889	2	-2	5
6.002	4.073	125.126	27.046	2	-2	5
6.009	4.102	124.965	27.203	2	-2	5
6.016	4.130	124.804	27.360	2	-2	5
6.024	4.158	124.643	27.518	2	-2	5
6.031	4.186	124.481	27.676	2	-2	5
6.031	4.186	124.481	27.676	0	0	0
6.039	4.215	124.316	27.839	2	-2	5
6.046	4.244	124.150	28.003	2	-2	5
6.053	4.273	123.984	28.167	2	-2	5
6.061	4.302	123.818	28.332	2	-2	5
6.068	4.331	123.651	28.496	2	-2	5
6.075	4.360	123.484	28.662	2	-2	5
6.083	4.389	123.317	28.827	2	-2	5
6.083	4.389	123.317	28.827	0	0	0
6.090	4.417	123.155	28.989	2	-2	5
6.097	4.445	122.994	29.151	2	-2	5
6.104	4.473	122.831	29.314	2	-2	5
6.111	4.501	122.669	29.477	2	-2	5
6.118	4.530	122.506	29.641	2	-2	5
6.125	4.558	122.342	29.804	2	-2	5
6.132	4.586	122.179	29.969	2	-2	5
6.139	4.614	122.014	30.133	2	-2	5
6.146	4.642	121.850	30.298	2	-2	5
6.153	4.670	121.685	30.464	2	-2	5
6.160	4.698	121.519	30.629	2	-2	5
6.167	4.726	121.353	30.795	2	-2	5
6.174	4.754	121.187	30.962	2	-2	5
6.174	4.754	121.187	30.962	0	0	0
6.180	4.809	120.909	31.334	3	-4	11
6.164	4.863	120.800	31.830	1	-6	17
6.128	4.905	120.879	32.365	-1	-6	17
6.128	4.905	120.879	32.365	0	0	0
6.070	4.916	121.243	32.796	-4	-5	14
6.012	4.923	121.623	33.209	-4	-5	14
5.954	4.928	122.016	33.604	-4	-4	11
5.895	4.930	122.423	33.980	-5	-4	14
5.895	4.930	122.423	33.980	0	0	0
5.837	4.931	122.821	34.349	-5	-4	14
5.780	4.930	123.229	34.702	-5	-4	14
5.722	4.927	123.647	35.040	-5	-4	14
5.665	4.921	124.073	35.362	-5	-4	14
5.665	4.921	124.073	35.362	0	0	0
5.612	4.906	124.513	35.599	-5	-3	14
5.563	4.879	124.975	35.717	-5	-1	14
5.523	4.840	125.430	35.708	-5	0	14
5.493	4.794	125.851	35.574	-5	2	14
7.431	4.535	112.710	22.096	150	153	448
7.424	4.509	112.855	21.918	-2	2	5
7.417	4.483	112.999	21.741	-2	2	5
7.409	4.456	113.143	21.564	-2	2	5
7.402	4.430	113.287	21.388	-2	2	5
7.395	4.404	113.430	21.211	-2	2	5
7.387	4.377	113.573	21.035	-2	2	5
7.380	4.351	113.715	20.859	-2	2	5
7.373	4.325	113.857	20.683	-2	2	5
7.365	4.298	113.998	20.507	-2	2	5
7.358	4.272	114.139	20.332	-2	2	5
7.351	4.246	114.279	20.156	-2	2	5
7.343	4.219	114.419	19.981	-2	2	5
7.336	4.193	114.558	19.806	-2	2	5
7.329	4.167	114.697	19.631	-2	2	5
7.321	4.140	114.835	19.457	-2	2	5
7.314	4.114	114.973	19.282	-2	2	5
7.307	4.088	115.111	19.108	-2	2	5
7.299	4.061	115.248	18.934	-2	2	5
7.292	4.035	115.385	18.760	-2	2	5
7.285	4.009	115.521	18.586	-2	2	5
7.277	3.982	115.657	18.412	-2	2	5
7.270	3.956	115.792	18.238	-2	2	5
7.263	3.930	115.927	18.065	-2	2	5
7.255	3.903	116.061	17.892	-2	2	5
7.248	3.877	116.195	17.718	-2	2	5
7.241	3.851	116.329	17.545	-2	2	5
7.233	3.824	116.462	17.372	-2	2	5
7.226	3.798	116.595	17.199	-2	2	5
7.219	3.772	116.728	17.027	-2	2	5
7.211	3.745	116.860	16.854	-2	2	5
7.204	3.719	116.991	16.681	-1	2	5
7.204	3.719	116.991	16.681	0	0	0
7.197	3.692	117.126	16.502	-2	2	5
7.189	3.664	117.261	16.323	-2	2	5
7.182	3.637	117.396	16.143	-2	2	5
7.174	3.610	117.530	15.964	-2	2	5
7.167	3.583	117.663	15.785	-2	2	5
7.159	3.555	117.796	15.606	-2	2	5
7.152	3.528	117.929	15.427	-2	2	5
7.144	3.501	118.061	15.248	-2	2	5
7.137	3.473	118.193	15.069	-2	2	5
7.129	3.446	118.325	14.890	-1	2	5
7.122	3.419	118.456	14.712	-1	2	5
7.114	3.391	118.586	14.533	-1	2	5
7.114	3.391	118.586	14.533	0	0	0
7.107	3.364	118.716	14.354	-1	2	5
7.099	3.337	118.845	14.175	-1	2	5
7.092	3.309	118.974	13.995	-1	2	5
7.084	3.282	119.102	13.816	-1	2	5
7.077	3.255	119.230	13.637	-1	2	5
7.070	3.227	119.357	13.458	-1	2	5
7.062	3.200	119.485	13.279	-1	2	5
7.055	3.173	119.611	13.100	-1	2	5
7.047	3.145	119.738	12.921	-1	2	5
7.040	3.118	119.864	12.741	-1	2	5
7.032	3.091	119.989	12.562	-1	2	5
7.025	3.063	120.114	12.383	-1	2	5
7.025	3.063	120.114	12.383	0	0	0
7.018	3.036	120.238	12.203	-1	2	5
7.010	3.009	120.362	12.023	-1	2	5
7.003	2.981	120.485	11.843	-1	2	5
6.996	2.954	120.608	11.663	-1	2	5
6.988	2.927	120.730	11.483	-1	2	5
6.981	2.899	120.852	11.303	-1	2	5
6.974	2.872	120.973	11.123	-1	2	5
6.967	2.845	121.095	10.942	-1	2	5
6.959	2.817	121.215	10.762	-1	2	5
6.952	2.790	121.336	10.582	-1	2	5
6.945	2.763	121.456	10.401	-1	2	5
6.937	2.735	121.575	10.221	-1	2	5
6.937	2.735	121.575	10.221	0	0	0
6.930	2.708	121.694	10.039	-1	2	5
6.923	2.680	121.812	9.857	-1	2	5
6.916	2.653	121.929	9.675	-1	2	5
6.908	2.626	122.046	9.493	-1	2	5
6.901	2.598	122.163	9.311	-1	2	5
6.894	2.571	122.279	9.129	-1	2	5
6.887	2.544	122.395	8.947	-1	2	5
6.880	2.516	122.511	8.764	-1	2	5
6.873	2.489	122.626	8.582	-1	2	5
6.865	2.461	122.740	8.399	-1	2	5
6.858	2.434	122.855	8.216	-1	2	5
6.851	2.407	122.969	8.033	-1	2	5
6.851	2.407	122.969	8.033	0	0	0
6.844	2.378	123.085	7.842	-1	2	5
6.836	2.350	123.201	7.651	-1	2	5
6.829	2.322	123.316	7.460	-1	2	5
6.822	2.293	123.431	7.269	-1	2	5
6.814	2.265	123.545	7.078	-1	2	5
6.807	2.237	123.659	6.886	-1	2	5
6.800	2.208	123.773	6.694	-1	2	5
6.793	2.180	123.886	6.502	-1	2	5
6.785	2.152	123.999	6.310	-1	2	5
6.785	2.152	123.999	6.310	0	0	0
6.777	2.120	124.121	6.096	-1	2	5
6.770	2.089	124.243	5.883	-1	2	5
6.762	2.058	124.364	5.669	-1	2	5
6.762	2.058	124.364	5.669	0	0	0
6.760	2.050	124.392	5.613	0	1	2
6.760	2.050	124.392	5.613	0	0	0
6.749	1.994	124.579	5.205	-2	5	14
6.745	1.938	124.707	4.737	-1	5	14
6.747	1.881	124.774	4.213	-1	6	17
6.755	1.825	124.778	3.638	0	7	20
6.770	1.770	124.718	3.020	1	7	20
6.791	1.717	124.595	2.366	1	7	20
6.818	1.667	124.411	1.684	2	8	23
6.850	1.621	124.167	0.984	3	8	23
6.888	1.578	123.868	0.275	3	8	23
6.930	1.540	123.517	-0.432	4	8	23
6.976	1.507	123.121	-1.126	5	8	23
7.025	1.479	122.685	-1.796	5	8	23
7.078	1.457	122.216	-2.431	5	7	20
7.078	1.457	122.216	-2.431	0	0	0
7.139	1.444	121.659	-3.052	6	7	20
7.201	1.435	121.090	-3.628	6	7	20
7.264	1.431	120.515	-4.152	7	6	20
7.326	1.432	119.936	-4.622	7	5	20
7.326	1.432	119.936	-4.622	0	0	0
7.356	1.431	119.659	-4.860	3	3	8
7.387	1.430	119.381	-5.096	3	3	8
7.417	1.429	119.104	-5.331	3	3	8
7.447	1.429	118.827	-5.564	3	3	8
7.477	1.428	118.550	-5.796	3	3	8
7.477	1.428	118.550	-5.796	0	0	0
7.508	1.427	118.274	-6.023	3	3	8
7.538	1.427	117.998	-6.249	3	3	8
7.568	1.426	117.722	-6.472	3	3	8
7.599	1.426	117.446	-6.695	3	3	8
7.629	1.425	117.171	-6.915	3	3	8
7.629	1.425	117.171	-6.915	0	0	0
7.659	1.425	116.896	-7.131	3	2	8
7.689	1.425	116.621	-7.345	3	2	8
7.720	1.424	116.347	-7.557	3	2	8
7.750	1.424	116.073	-7.767	3	2	8
7.780	1.424	115.800	-7.976	3	2	8
7.780	1.424	115.800	-7.976	0	0	0
7.810	1.424	115.526	-8.180	3	2	8
7.841	1.424	115.253	-8.382	3	2	8
7.871	1.424	114.981	-8.582	3	2	8
7.901	1.425	114.709	-8.781	3	2	8
7.932	1.425	114.437	-8.978	3	2	8
7.932	1.425	114.437	-8.978	0	0	0
7.962	1.425	114.165	-9.170	3	2	8
7.992	1.426	113.894	-9.359	3	2	8
8.022	1.426	113.623	-9.547	3	2	8
8.053	1.427	113.353	-9.734	3	2	8
8.083	1.427	113.083	-9.919	3	2	8
8.083	1.427	113.083	-9.919	0	0	0
8.113	1.428	112.813	-10.098	3	2	8
8.143	1.429	112.544	-10.275	3	2	8
8.174	1.430	112.275	-10.451	3	2	8
8.204	1.431	112.006	-10.625	3	2	8
8.234	1.432	111.738	-10.797	3	2	8
8.234	1.432	111.738	-10.797	0	0	0
8.290	1.431	111.248	-11.137	6	4	17
8.345	1.433	110.759	-11.429	6	3	17
8.400	1.440	110.274	-11.672	6	3	17
8.454	1.451	109.795	-11.864	5	2	14
8.508	1.465	109.325	-12.005	5	2	14
8.561	1.483	108.866	-12.095	5	1	14
8.561	1.483	108.866	-12.095	0	0	0
8.611	1.504	108.428	-12.127	5	0	14
8.660	1.528	108.001	-12.119	5	0	14
8.707	1.555	107.587	-12.070	5	-1	14
8.753	1.585	107.187	-11.981	5	-1	14
8.798	1.617	106.803	-11.855	4	-1	11
8.840	1.651	106.434	-11.691	4	-2	11
8.881	1.688	106.082	-11.490	4	-2	11
8.919	1.727	105.747	-11.255	4	-3	11
8.955	1.768	105.430	-10.987	4	-3	11
8.989	1.811	105.132	-10.687	3	-3	8
9.021	1.856	104.853	-10.357	3	-4	11
9.050	1.902	104.594	-9.999	3	-4	11
9.076	1.950	104.355	-9.614	3	-4	11
9.100	2.000	104.137	-9.204	2	-5	14
9.100	2.000	104.137	-9.204	0	0	0
9.107	2.026	104.064	-8.963	1	-3	8
9.114	2.052	103.990	-8.722	1	-3	8
9.122	2.078	103.916	-8.483	1	-3	8
9.129	2.105	103.841	-8.243	1	-3	8
9.136	2.131	103.766	-8.005	1	-3	8
9.144	2.157	103.690	-7.767	1	-3	8
9.151	2.184	103.614	-7.529	1	-3	8
9.159	2.210	103.537	-7.292	1	-3	8
9.166	2.236	103.459	-7.056	1	-3	8
9.173	2.263	103.381	-6.820	1	-3	8
9.181	2.289	103.302	-6.585	1	-3	8
9.188	2.315	103.222	-6.350	1	-3	8
9.195	2.342	103.142	-6.115	1	-3	8
9.203	2.368	103.061	-5.882	1	-3	8
9.210	2.394	102.980	-5.648	1	-3	8
9.217	2.421	102.898	-5.415	1	-3	8
9.225	2.447	102.816	-5.183	1	-3	8
9.232	2.473	102.733	-4.951	1	-3	8
9.239	2.500	102.649	-4.719	1	-3	8
9.247	2.526	102.565	-4.488	1	-3	8
9.254	2.552	102.480	-4.257	1	-3	8
9.261	2.578	102.394	-4.027	1	-3	8
9.269	2.605	102.308	-3.797	1	-3	8
9.276	2.631	102.221	-3.567	1	-3	8
9.283	2.657	102.134	-3.338	1	-3	8
9.283	2.657	102.134	-3.338	0	0	0
9.291	2.684	102.046	-3.109	1	-3	8
9.298	2.710	101.958	-2.880	1	-3	8
9.305	2.736	101.870	-2.652	1	-3	8
9.312	2.763	101.780	-2.423	1	-3	8
9.320	2.789	101.691	-2.196	1	-3	8
9.327	2.815	101.600	-1.968	1	-3	8
9.334	2.842	101.509	-1.741	1	-3	8
9.341	2.868	101.417	-1.514	1	-3	8
9.349	2.894	101.325	-1.288	1	-3	8
9.356	2.921	101.232	-1.062	1	-3	8
9.363	2.947	101.138	-0.836	1	-3	8
9.371	2.973	101.044	-0.611	1	-3	8
9.378	3.000	100.949	-0.385	1	-3	8
9.385	3.026	100.854	-0.160	1	-3	8
9.392	3.052	100.758	0.064	1	-3	8
9.400	3.079	100.661	0.289	1	-3	8
9.407	3.105	100.563	0.513	1	-3	8
9.414	3.131	100.465	0.737	1	-3	8
9.421	3.158	100.367	0.961	1	-3	8
9.429	3.184	100.267	1.184	1	-3	8
9.436	3.210	100.168	1.407	1	-3	8
9.443	3.237	100.067	1.630	1	-3	8
9.451	3.263	99.966	1.853	1	-3	8
9.458	3.289	99.864	2.075	1	-3	8
9.465	3.316	99.761	2.298	1	-3	8
9.465	3.316	99.761	2.298	0	0	0
9.473	3.343	99.655	2.530	1	-3	8
9.480	3.371	99.547	2.762	1	-3	8
9.488	3.398	99.439	2.993	1	-3	8
9.495	3.426	99.330	3.225	1	-3	8
9.503	3.453	99.221	3.456	1	-3	8
9.510	3.481	99.110	3.687	1	-3	8
9.517	3.508	98.999	3.918	1	-3	8
9.525	3.535	98.887	4.148	1	-3	8
9.532	3.563	98.775	4.379	1	-3	8
9.540	3.590	98.661	4.609	1	-3	8
9.547	3.618	98.547	4.839	1	-3	8
9.555	3.645	98.433	5.070	1	-3	8
9.555	3.645	98.433	5.070	0	0	0
9.562	3.673	98.318	5.300	1	-3	8
9.570	3.700	98.202	5.530	1	-3	8
9.577	3.728	98.086	5.761	1	-3	8
9.584	3.755	97.969	5.991	1	-3	8
9.592	3.783	97.851	6.221	1	-3	8
9.599	3.810	97.732	6.451	1	-3	8
9.607	3.838	97.613	6.681	1	-3	8
9.614	3.865	97.492	6.911	1	-3	8
9.621	3.893	97.371	7.140	1	-3	8
9.629	3.920	97.249	7.370	1	-3	8
9.636	3.948	97.127	7.600	1	-3	8
9.644	3.975	97.003	7.829	1	-3	8
9.644	3.975	97.003	7.829	0	0	0
9.651	4.003	96.880	8.059	1	-3	8
9.658	4.030	96.756	8.290	1	-3	8
9.666	4.058	96.630	8.520	1	-3	8
9.673	4.085	96.504	8.750	1	-3	8
9.680	4.113	96.378	8.980	1	-3	8
9.687	4.140	96.250	9.210	1	-3	8
9.695	4.168	96.122	9.440	1	-3	8
9.702	4.195	95.992	9.670	1	-3	8
9.709	4.223	95.862	9.900	1	-3	8
9.717	4.250	95.731	10.130	1	-3	8
9.724	4.278	95.599	10.360	2	-3	8
9.731	4.305	95.466	10.590	2	-3	8
9.731	4.305	95.466	10.590	0	0	0
9.748	4.358	95.185	11.027	3	-5	14
9.764	4.412	94.907	11.470	3	-5	14
9.779	4.466	94.634	11.920	3	-5	14
9.792	4.520	94.365	12.375	3	-5	14
9.805	4.574	94.099	12.836	3	-5	14
9.817	4.628	93.838	13.302	3	-5	14
9.827	4.683	93.580	13.774	3	-5	14
9.827	4.683	93.580	13.774	0	0	0
9.834	4.741	93.339	14.280	3	-6	17
9.835	4.798	93.147	14.809	2	-6	17
9.828	4.856	93.006	15.352	2	-6	17
9.815	4.912	92.919	15.904	1	-6	17
9.795	4.967	92.887	16.455	0	-6	17
9.770	5.018	92.911	16.999	0	-6	17
9.738	5.067	92.991	17.529	-1	-6	17
9.701	5.111	93.126	18.037	-2	-6	17
9.659	5.151	93.316	18.517	-2	-5	14
9.612	5.186	93.558	18.963	-3	-5	14
9.562	5.214	93.849	19.370	-3	-5	14
9.509	5.237	94.186	19.733	-4	-4	11
9.509	5.237	94.186	19.733	0	0	0
9.448	5.251	94.621	20.037	-5	-3	14
9.386	5.260	95.080	20.303	-5	-3	14
9.324	5.264	95.562	20.529	-5	-3	14
9.261	5.262	96.062	20.714	-6	-2	17
9.261	5.262	96.062	20.714	0	0	0
9.231	5.263	96.302	20.819	-3	-1	8
9.200	5.264	96.541	20.925	-3	-1	8
9.169	5.265	96.779	21.032	-3	-1	8
9.138	5.266	97.018	21.140	-3	-1	8
9.108	5.267	97.256	21.249	-3	-1	8
9.108	5.267	97.256	21.249	0	0	0
9.077	5.267	97.495	21.356	-3	-1	8
9.046	5.268	97.733	21.464	-3	-1	8
9.015	5.268	97.972	21.573	-3	-1	8
8.985	5.269	98.210	21.682	-3	-1	8
8.954	5.269	98.447	21.793	-3	-1	8
8.954	5.269	98.447	21.793	0	0	0
8.923	5.270	98.686	21.901	-3	-1	8
8.893	5.270	98.924	22.010	-3	-1	8
8.862	5.270	99.162	22.120	-3	-1	8
8.831	5.270	99.400	22.231	-3	-1	8
8.800	5.270	99.637	22.343	-3	-1	8
8.800	5.270	99.637	22.343	0	0	0
8.770	5.270	99.876	22.453	-3	-1	8
8.739	5.270	100.114	22.563	-3	-1	8
8.708	5.270	100.352	22.675	-3	-1	8
8.677	5.270	100.589	22.787	-3	-1	8
8.647	5.270	100.826	22.900	-3	-1	8
8.647	5.270	100.826	22.900	0	0	0
8.616	5.269	101.064	23.011	-3	-1	8
8.585	5.269	101.302	23.123	-3	-1	8
8.554	5.268	101.540	23.236	-3	-1	8
8.524	5.268	101.777	23.350	-3	-1	8
8.493	5.267	102.014	23.464	-3	-1	8
8.493	5.267	102.014	23.464	0	0	0
8.462	5.266	102.252	23.577	-3	-1	8
8.431	5.265	102.490	23.690	-3	-1	8
8.401	5.264	102.727	23.804	-3	-1	8
8.370	5.264	102.964	23.918	-3	-1	8
8.339	5.263	103.201	24.034	-3	-1	8
8.339	5.263	103.201	24.034	0	0	0
8.279	5.265	103.649	24.304	-5	-3	14
8.218	5.263	104.117	24.530	-5	-3	14
8.158	5.255	104.602	24.711	-6	-2	17
8.099	5.241	105.099	24.847	-6	-2	17
8.099	5.241	105.099	24.847	0	0	0
8.045	5.224	105.571	24.931	-5	-1	14
7.993	5.204	106.046	24.987	-5	-1	14
7.941	5.181	106.523	25.015	-5	0	14
7.891	5.154	106.999	25.016	-5	0	14
7.843	5.125	107.474	24.989	-5	0	14
7.796	5.094	107.945	24.934	-5	1	14
7.752	5.059	108.411	24.852	-5	1	14
7.709	5.022	108.870	24.742	-5	1	14
7.669	4.983	109.321	24.605	-5	2	14
7.631	4.941	109.762	24.441	-5	2	14
7.595	4.897	110.190	24.251	-5	2	14
7.562	4.851	110.606	24.034	-5	2	14
7.562	4.851	110.606	24.034	0	0	0
7.532	4.802	111.010	23.778	-5	3	14
7.504	4.752	111.403	23.507	-4	3	11
7.478	4.701	111.783	23.219	-4	3	11
7.478	4.701	111.783	23.219	0	0	0
7.468	4.665	111.987	22.973	-2	3	8
7.457	4.629	112.190	22.728	-2	3	8
7.457	4.629	112.190	22.728	0	0	0
7.449	4.598	112.364	22.517	-2	2	5
7.440	4.566	112.537	22.306	-2	2	5
7.431	4.535	112.710	22.096	-2	2	5
8.208	4.362	107.315	16.843	61	60	178
8.216	4.389	107.174	17.040	2	-2	5
8.224	4.416	107.032	17.237	2	-2	5
8.231	4.443	106.889	17.434	2	-2	5
8.239	4.470	106.746	17.632	2	-2	5
8.247	4.497	106.603	17.829	2	-2	5
8.255	4.524	106.458	18.027	2	-2	5
8.262	4.551	106.313	18.224	2	-2	5
8.270	4.578	106.168	18.422	2	-2	5
8.278	4.605	106.021	18.620	2	-2	5
8.286	4.632	105.874	18.819	2	-2	5
8.293	4.659	105.727	19.017	2	-2	5
8.301	4.686	105.578	19.216	2	-2	5
8.301	4.686	105.578	19.216	0	0	0
8.309	4.707	105.451	19.366	1	-2	5
8.309	4.707	105.451	19.366	0	0	0
8.318	4.727	105.311	19.502	2	-2	5
8.318	4.727	105.311	19.502	0	0	0
8.353	4.782	104.856	19.822	5	-4	14
8.398	4.829	104.354	20.047	6	-3	17
8.449	4.868	103.821	20.171	6	-1	17
8.507	4.898	103.274	20.191	6	0	17
8.569	4.916	102.729	20.106	6	1	17
8.569	4.916	102.729	20.106	0	0	0
8.626	4.925	102.260	19.955	5	2	14
8.684	4.929	101.801	19.772	5	2	14
8.742	4.930	101.353	19.556	5	2	14
8.799	4.926	100.919	19.309	5	3	14
8.856	4.919	100.501	19.031	5	3	14
8.856	4.919	100.501	19.031	0	0	0
8.913	4.898	100.133	18.646	4	4	11
8.952	4.853	99.981	18.104	2	6	17
8.952	4.853	99.981	18.104	0	0	0
8.983	4.797	99.925	17.489	1	7	20
8.997	4.733	100.027	16.878	-1	7	20
8.991	4.669	100.279	16.325	-3	6	17
8.991	4.669	100.279	16.325	0	0	0
8.984	4.642	100.418	16.113	-2	2	5
8.977	4.615	100.556	15.901	-2	2	5
8.970	4.589	100.693	15.689	-2	2	5
8.963	4.562	100.830	15.478	-2	2	5
8.956	4.535	100.966	15.266	-2	2	5
8.949	4.508	101.101	15.054	-2	2	5
8.942	4.482	101.236	14.843	-2	2	5
8.935	4.455	101.370	14.632	-2	2	5
8.928	4.428	101.502	14.420	-2	2	5
8.922	4.402	101.635	14.209	-2	2	5
8.915	4.375	101.766	13.998	-1	2	5
8.908	4.348	101.897	13.787	-1	2	5
8.901	4.321	102.027	13.576	-1	2	5
8.894	4.295	102.157	13.365	-1	2	5
8.887	4.268	102.285	13.154	-1	2	5
8.880	4.241	102.413	12.944	-1	2	5
8.873	4.214	102.541	12.733	-1	2	5
8.866	4.188	102.667	12.522	-1	2	5
8.859	4.161	102.793	12.312	-1	2	5
8.852	4.134	102.918	12.101	-1	2	5
8.845	4.107	103.043	11.890	-1	2	5
8.838	4.081	103.167	11.680	-1	2	5
8.831	4.054	103.290	11.469	-1	2	5
8.824	4.027	103.413	11.258	-1	2	5
8.817	4.001	103.535	11.048	-1	2	5
8.810	3.974	103.656	10.837	-1	2	5
8.803	3.947	103.777	10.627	-1	2	5
8.796	3.920	103.897	10.416	-1	2	5
8.789	3.894	104.016	10.205	-1	2	5
8.782	3.867	104.135	9.994	-1	2	5
8.775	3.840	104.253	9.784	-1	2	5
8.769	3.813	104.370	9.573	-1	2	5
8.762	3.787	104.487	9.362	-1	2	5
8.755	3.760	104.603	9.151	-1	2	5
8.748	3.733	104.719	8.940	-1	2	5
8.741	3.706	104.834	8.729	-1	2	5
8.734	3.680	104.948	8.518	-1	2	5
8.727	3.653	105.062	8.306	-1	2	5
8.727	3.653	105.062	8.306	0	0	0
8.719	3.625	105.180	8.087	-1	2	5
8.712	3.597	105.298	7.868	-1	2	5
8.705	3.570	105.415	7.648	-1	2	5
8.697	3.542	105.532	7.429	-1	2	5
8.690	3.514	105.647	7.209	-1	2	5
8.683	3.486	105.763	6.989	-1	3	8
8.675	3.458	105.877	6.769	-1	3	8
8.668	3.431	105.991	6.549	-1	3	8
8.661	3.403	106.104	6.329	-1	3	8
8.653	3.375	106.217	6.108	-1	3	8
8.646	3.347	106.329	5.888	-1	3	8
8.639	3.319	106.440	5.667	-1	3	8
8.639	3.319	106.440	5.667	0	0	0
8.631	3.292	106.552	5.447	-1	3	8
8.624	3.264	106.663	5.226	-1	3	8
8.616	3.236	106.773	5.006	-1	3	8
8.609	3.208	106.882	4.785	-1	3	8
8.601	3.181	106.991	4.564	-1	3	8
8.594	3.153	107.100	4.343	-1	3	8
8.587	3.125	107.208	4.121	-1	3	8
8.579	3.097	107.315	3.899	-1	3	8
8.572	3.070	107.421	3.677	-1	3	8
8.564	3.042	107.527	3.455	-1	3	8
8.557	3.014	107.633	3.233	-1	3	8
8.549	2.986	107.737	3.010	-1	3	8
8.549	2.986	107.737	3.010	0	0	0
8.542	2.959	107.842	2.788	-1	3	8
8.534	2.931	107.947	2.566	-1	3	8
8.527	2.903	108.051	2.343	-1	3	8
8.519	2.875	108.154	2.120	-1	3	8
8.511	2.848	108.257	1.897	-1	3	8
8.504	2.820	108.359	1.674	-1	3	8
8.496	2.792	108.461	1.450	-1	3	8
8.489	2.765	108.562	1.226	-1	3	8
8.481	2.737	108.662	1.002	-1	3	8
8.474	2.709	108.762	0.777	-1	3	8
8.466	2.681	108.861	0.552	-1	3	8
8.458	2.654	108.960	0.326	-1	3	8
8.458	2.654	108.960	0.326	0	0	0
8.451	2.626	109.059	0.102	-1	3	8
8.443	2.598	109.158	-0.123	-1	3	8
8.435	2.571	109.256	-0.349	-1	3	8
8.427	2.543	109.354	-0.574	-1	3	8
8.420	2.515	109.451	-0.800	-1	3	8
8.412	2.488	109.547	-1.027	-1	3	8
8.404	2.460	109.643	-1.254	-1	3	8
8.396	2.432	109.738	-1.481	-1	3	8
8.389	2.405	109.833	-1.709	-1	3	8
8.381	2.377	109.927	-1.937	-1	3	8
8.373	2.349	110.020	-2.166	-1	3	8
8.365	2.322	110.113	-2.395	-1	3	8
8.365	2.322	110.113	-2.395	0	0	0
8.357	2.294	110.207	-2.623	-1	3	8
8.350	2.266	110.301	-2.851	-1	3	8
8.342	2.239	110.393	-3.080	-1	3	8
8.334	2.211	110.486	-3.309	-1	3	8
8.326	2.183	110.577	-3.539	-1	3	8
8.318	2.156	110.668	-3.770	-1	3	8
8.310	2.128	110.759	-4.000	-1	3	8
8.302	2.101	110.849	-4.232	-1	3	8
8.294	2.073	110.938	-4.464	-1	3	8
8.286	2.045	111.027	-4.696	-1	3	8
8.278	2.018	111.115	-4.930	-1	3	8
8.270	1.990	111.203	-5.163	-1	3	8
8.270	1.990	111.203	-5.163	0	0	0
8.243	1.934	111.474	-5.579	-3	5	14
8.201	1.888	111.867	-5.806	-4	3	11
8.201	1.888	111.867	-5.806	0	0	0
8.147	1.841	112.359	-5.968	-6	2	17
8.087	1.804	112.909	-5.981	-6	0	17
8.021	1.779	113.502	-5.843	-7	-2	20
8.021	1.779	113.502	-5.843	0	0	0
7.964	1.772	114.000	-5.561	-6	-3	17
7.908	1.769	114.500	-5.238	-6	-4	17
7.851	1.769	115.000	-4.876	-6	-4	17
7.794	1.772	115.497	-4.477	-6	-5	17
7.738	1.778	115.991	-4.041	-6	-5	17
7.738	1.778	115.991	-4.041	0	0	0
7.674	1.796	116.546	-3.434	-6	-7	20
7.622	1.838	116.969	-2.669	-5	-9	26
7.592	1.898	117.187	-1.881	-2	-9	26
7.592	1.898	117.187	-1.881	0	0	0
7.582	1.960	117.217	-1.206	0	-8	23
7.585	2.023	117.121	-0.621	1	-7	20
7.602	2.084	116.907	-0.151	2	-5	14
7.602	2.084	116.907	-0.151	0	0	0
7.609	2.110	116.817	0.056	1	-2	5
7.616	2.137	116.727	0.263	1	-2	5
7.623	2.163	116.637	0.469	1	-2	5
7.630	2.189	116.546	0.675	1	-2	5
7.637	2.216	116.455	0.880	1	-2	5
7.644	2.242	116.363	1.085	1	-2	5
7.651	2.269	116.271	1.290	1	-2	5
7.657	2.295	116.178	1.495	1	-2	5
7.664	2.322	116.084	1.699	1	-2	5
7.671	2.348	115.991	1.902	1	-2	5
7.678	2.374	115.897	2.106	1	-2	5
7.685	2.401	115.802	2.309	1	-2	5
7.692	2.427	115.707	2.511	1	-2	5
7.699	2.454	115.611	2.714	1	-2	5
7.706	2.480	115.515	2.916	1	-2	5
7.713	2.507	115.418	3.117	1	-2	5
7.719	2.533	115.321	3.319	1	-2	5
7.726	2.559	115.224	3.520	1	-2	5
7.733	2.586	115.126	3.721	1	-2	5
7.740	2.612	115.027	3.921	1	-2	5
7.747	2.639	114.928	4.122	1	-2	5
7.754	2.665	114.829	4.322	1	-2	5
7.761	2.691	114.729	4.521	1	-2	5
7.768	2.718	114.629	4.721	1	-2	5
7.775	2.744	114.528	4.920	1	-2	5
7.781	2.771	114.427	5.119	1	-2	5
7.788	2.797	114.325	5.318	1	-2	5
7.795	2.824	114.222	5.517	1	-2	5
7.802	2.850	114.120	5.715	1	-2	5
7.809	2.876	114.016	5.913	1	-2	5
7.816	2.903	113.913	6.111	1	-2	5
7.823	2.929	113.809	6.309	1	-2	5
7.830	2.956	113.704	6.506	1	-2	5
7.837	2.982	113.599	6.704	1	-2	5
7.843	3.009	113.493	6.901	1	-2	5
7.850	3.035	113.387	7.098	1	-2	5
7.857	3.061	113.281	7.295	1	-2	5
7.857	3.061	113.281	7.295	0	0	0
7.864	3.089	113.170	7.497	1	-2	5
7.871	3.116	113.059	7.698	1	-2	5
7.879	3.143	112.948	7.900	1	-2	5
7.886	3.170	112.836	8.101	1	-2	5
7.893	3.197	112.723	8.302	1	-2	5
7.900	3.224	112.610	8.503	1	-2	5
7.907	3.251	112.497	8.704	1	-2	5
7.914	3.279	112.382	8.905	1	-2	5
7.921	3.306	112.268	9.105	1	-2	5
7.929	3.333	112.153	9.306	1	-2	5
7.936	3.360	112.037	9.506	1	-2	5
7.943	3.387	111.921	9.707	1	-2	5
7.943	3.387	111.921	9.707	0	0	0
7.950	3.414	111.804	9.906	1	-2	5
7.957	3.441	111.686	10.106	1	-2	5
7.964	3.468	111.567	10.305	1	-2	5
7.972	3.496	111.448	10.504	1	-2	5
7.979	3.523	111.329	10.703	1	-2	5
7.986	3.550	111.209	10.903	1	-2	5
7.993	3.577	111.089	11.102	1	-2	5
8.001	3.604	110.967	11.301	1	-2	5
8.008	3.631	110.846	11.500	1	-2	5
8.015	3.658	110.724	11.699	1	-2	5
8.022	3.685	110.601	11.898	1	-2	5
8.030	3.713	110.478	12.097	1	-2	5
8.030	3.713	110.478	12.097	0	0	0
8.037	3.740	110.353	12.295	1	-2	5
8.044	3.767	110.228	12.493	1	-2	5
8.052	3.794	110.102	12.691	1	-2	5
8.059	3.821	109.976	12.889	1	-2	5
8.066	3.848	109.849	13.087	1	-2	5
8.074	3.875	109.721	13.285	1	-2	5
8.081	3.902	109.593	13.483	1	-2	5
8.088	3.929	109.465	13.681	1	-2	5
8.096	3.956	109.336	13.879	1	-2	5
8.103	3.983	109.206	14.077	1	-2	5
8.111	4.010	109.076	14.275	1	-2	5
8.118	4.037	108.945	14.473	1	-2	5
8.118	4.037	108.945	14.473	0	0	0
8.125	4.065	108.812	14.670	2	-2	5
8.133	4.092	108.679	14.867	2	-2	5
8.140	4.119	108.545	15.064	2	-2	5
8.148	4.146	108.411	15.262	2	-2	5
8.156	4.173	108.276	15.459	2	-2	5
8.163	4.200	108.141	15.657	2	-2	5
8.171	4.227	108.004	15.854	2	-2	5
8.178	4.254	107.868	16.052	2	-2	5
8.186	4.281	107.730	16.250	2	-2	5
8.193	4.308	107.593	16.447	2	-2	5
8.201	4.335	107.454	16.645	2	-2	5
8.208	4.362	107.315	16.843	2	-2	5
