x	y	theta1	theta2	steps1	steps2	interval
4.995	5.118	127.700	41.119	771	323	2258
4.984	5.118	127.776	41.195	-1	-1	2
4.972	5.118	127.855	41.274	-1	-1	2
4.961	5.118	127.931	41.351	-1	-1	2
4.949	5.118	128.009	41.430	-1	-1	2
4.937	5.118	128.085	41.507	-1	-1	2
4.926	5.118	128.163	41.586	-1	-1	2
4.914	5.118	128.239	41.663	-1	-1	2
4.902	5.118	128.317	41.742	-1	-1	2
4.891	5.118	128.393	41.819	-1	-1	2
4.879	5.118	128.471	41.899	-1	-1	2
4.868	5.118	128.547	41.976	-1	-1	2
4.856	5.118	128.625	42.056	-1	-1	2
4.844	5.118	128.700	42.133	-1	-1	2
4.833	5.118	128.778	42.213	-1	-1	2
4.821	5.117	128.854	42.290	-1	-1	2
4.809	5.117	128.931	42.371	-1	-1	2
4.798	5.117	129.007	42.448	-1	-1	2
4.786	5.117	129.084	42.528	-1	-1	2
4.775	5.117	129.160	42.606	-1	-1	2
4.763	5.117	129.237	42.686	-1	-1	2
4.751	5.117	129.312	42.764	-1	-1	2
4.739	5.117	129.390	42.845	-1	-1	2
4.728	5.117	129.465	42.923	-1	-1	2
4.716	5.117	129.542	43.004	-1	-1	2
4.705	5.117	129.617	43.082	-1	-1	2
4.693	5.117	129.694	43.163	-1	-1	2
4.681	5.117	129.769	43.241	-1	-1	2
4.670	5.117	129.846	43.322	-1	-1	2
4.658	5.117	129.920	43.400	-1	-1	2
4.647	5.117	129.995	43.479	-1	-1	2
4.635	5.117	130.072	43.560	-1	-1	2
4.624	5.117	130.146	43.639	-1	-1	2
4.612	5.117	130.223	43.720	-1	-1	2
4.600	5.117	130.298	43.799	-1	-1	2
4.588	5.117	130.374	43.881	-1	-1	2
4.577	5.117	130.448	43.960	-1	-1	2
4.565	5.117	130.525	44.041	-1	-1	2
4.554	5.117	130.599	44.120	-1	-1	2
4.542	5.117	130.676	44.202	-1	-1	2
4.530	5.117	130.750	44.282	-1	-1	2
4.519	5.117	130.826	44.364	-1	-1	2
4.507	5.117	130.900	44.443	-1	-1	2
4.495	5.117	130.976	44.525	-1	-1	2
4.484	5.117	131.050	44.605	-1	-1	2
4.472	5.117	131.126	44.687	-1	-1	2
4.461	5.117	131.200	44.767	-1	-1	2
4.449	5.117	131.276	44.849	-1	-1	2
4.437	5.117	131.349	44.929	-1	-1	2
4.426	5.117	131.425	45.011	-1	-1	2
4.414	5.117	131.499	45.091	-1	-1	2
4.402	5.117	131.574	45.174	-1	-1	2
4.391	5.117	131.648	45.254	-1	-1	2
4.379	5.117	131.723	45.337	-1	-1	2
4.368	5.117	131.797	45.417	-1	-1	2
4.356	5.117	131.872	45.500	-1	-1	2
4.344	5.117	131.945	45.581	-1	-1	2
4.332	5.117	132.021	45.664	-1	-1	2
4.321	5.117	132.093	45.744	-1	-1	2
4.309	5.117	132.169	45.828	-1	-1	2
4.298	5.117	132.242	45.908	-1	-1	2
4.286	5.117	132.314	45.989	-1	-1	2
4.275	5.117	132.389	46.073	-1	-1	2
4.263	5.117	132.462	46.153	-1	-1	2
4.251	5.116	132.537	46.237	-1	-1	2
4.240	5.116	132.610	46.318	-1	-1	2
4.228	5.116	132.684	46.402	-1	-1	2
4.217	5.116	132.757	46.483	-1	-1	2
4.205	5.116	132.832	46.567	-1	-1	2
4.193	5.116	132.904	46.648	-1	-1	2
4.181	5.116	132.978	46.732	-1	-1	2
4.170	5.116	133.050	46.814	-1	-1	2
4.158	5.116	133.125	46.898	-1	-1	2
4.147	5.116	133.197	46.979	-1	-1	2
4.135	5.116	133.271	47.064	-1	-1	2
4.123	5.116	133.343	47.145	-1	-1	2
4.112	5.116	133.417	47.230	-1	-1	2
4.100	5.116	133.489	47.312	-1	-1	2
4.088	5.116	133.563	47.396	-1	-1	2
4.077	5.116	133.635	47.478	-1	-1	2
4.065	5.116	133.709	47.563	-1	-1	2
4.054	5.116	133.780	47.645	-1	-1	2
4.042	5.116	133.854	47.730	-1	-1	2
4.030	5.116	133.926	47.812	-1	-1	2
4.028	5.107	133.990	47.776	-1	0	2
4.028	5.096	134.052	47.703	-1	1	2
4.028	5.084	134.116	47.628	-1	1	2
4.028	5.073	134.178	47.555	-1	1	2
4.029	5.061	134.242	47.479	-1	1	2
4.029	5.049	134.303	47.406	-1	1	2
4.029	5.038	134.365	47.334	-1	1	2
4.029	5.026	134.429	47.259	-1	1	2
4.029	5.015	134.490	47.186	-1	1	2
4.029	5.003	134.554	47.111	-1	1	2
4.030	4.992	134.613	47.041	-1	1	2
4.030	4.980	134.677	46.966	-1	1	2
4.030	4.968	134.738	46.894	-1	1	2
4.030	4.957	134.801	46.819	-1	1	2
4.030	4.945	134.862	46.747	-1	1	2
4.031	4.933	134.925	46.673	-1	1	2
4.031	4.922	134.986	46.601	-1	1	2
4.031	4.910	135.049	46.526	-1	1	2
4.031	4.899	135.110	46.454	-1	1	2
4.034	4.889	135.145	46.379	0	1	2
4.045	4.888	135.079	46.287	1	1	2
4.057	4.887	135.011	46.193	1	1	2
4.068	4.885	134.945	46.102	1	1	2
4.080	4.884	134.880	46.010	1	1	2
4.091	4.882	134.822	45.913	1	1	2
4.102	4.879	134.761	45.813	1	1	2
4.114	4.877	134.702	45.716	1	1	2
4.125	4.874	134.642	45.616	1	1	2
4.136	4.872	134.583	45.519	1	1	2
4.148	4.869	134.522	45.419	1	1	2
4.159	4.867	134.463	45.323	1	1	2
4.171	4.864	134.402	45.223	1	1	2
4.182	4.862	134.342	45.126	1	1	2
4.193	4.859	134.281	45.026	1	1	2
4.205	4.857	134.222	44.930	1	1	2
4.216	4.854	134.160	44.830	1	1	2
4.226	4.850	134.120	44.728	0	1	2
4.237	4.845	134.080	44.621	0	1	2
4.247	4.839	134.039	44.511	0	1	2
4.257	4.834	133.999	44.405	0	1	2
4.268	4.829	133.957	44.295	0	1	2
4.278	4.824	133.917	44.189	0	1	2
4.289	4.819	133.875	44.079	0	1	2
4.299	4.814	133.834	43.972	0	1	2
4.310	4.808	133.792	43.862	0	1	2
4.320	4.803	133.751	43.756	0	1	2
4.331	4.798	133.709	43.646	0	1	2
4.340	4.791	133.687	43.541	0	1	2
4.348	4.783	133.673	43.427	0	1	2
4.356	4.775	133.660	43.317	0	1	2
4.365	4.767	133.646	43.203	0	1	2
4.373	4.759	133.632	43.094	0	1	2
4.382	4.751	133.617	42.980	0	1	2
4.390	4.743	133.603	42.870	0	1	2
4.399	4.735	133.588	42.756	0	1	2
4.407	4.727	133.574	42.646	0	1	2
4.415	4.719	133.564	42.537	0	1	2
4.419	4.708	133.591	42.440	0	1	2
4.423	4.697	133.620	42.340	0	1	2
4.427	4.686	133.647	42.243	0	1	2
4.431	4.675	133.675	42.142	0	1	2
4.435	4.664	133.702	42.045	0	1	2
4.440	4.653	133.730	41.945	0	1	2
4.444	4.642	133.757	41.848	0	1	2
4.447	4.632	133.788	41.755	0	1	2
4.447	4.620	133.848	41.685	-1	1	2
4.446	4.609	133.907	41.616	-1	1	2
4.446	4.597	133.969	41.544	-1	1	2
4.445	4.586	134.029	41.479	-1	1	2
4.443	4.574	134.101	41.421	-1	1	2
4.441	4.563	134.171	41.365	-1	1	2
4.439	4.551	134.243	41.306	-1	1	2
4.437	4.540	134.313	41.250	-1	1	2
4.435	4.528	134.385	41.192	-1	1	2
4.433	4.517	134.453	41.139	-1	1	2
4.431	4.506	134.528	41.086	-1	1	2
4.428	4.494	134.600	41.035	-1	1	2
4.426	4.483	134.676	40.982	-1	1	2
4.423	4.472	134.748	40.931	-1	1	2
4.420	4.460	134.823	40.879	-1	1	2
4.418	4.449	134.896	40.828	-1	1	2
4.415	4.437	134.971	40.776	-1	1	2
4.413	4.426	135.043	40.726	-1	1	2
4.410	4.415	135.118	40.674	-1	1	2
4.408	4.404	135.189	40.627	-1	1	2
4.405	4.392	135.265	40.577	-1	1	2
4.402	4.381	135.339	40.529	-1	1	2
4.399	4.370	135.415	40.480	-1	1	2
4.396	4.359	135.489	40.432	-1	1	2
4.393	4.347	135.565	40.383	-1	1	2
4.391	4.336	135.639	40.336	-1	1	2
4.388	4.325	135.715	40.287	-1	1	2
4.385	4.313	135.788	40.239	-1	1	2
4.382	4.302	135.865	40.191	-1	1	2
4.379	4.291	135.938	40.144	-1	1	2
4.377	4.279	136.014	40.095	-1	1	2
4.374	4.268	136.088	40.048	-1	1	2
4.371	4.257	136.161	40.001	-1	1	2
4.368	4.246	136.237	39.953	-1	1	2
4.365	4.234	136.310	39.906	-1	1	2
4.363	4.223	136.386	39.858	-1	1	2
4.360	4.212	136.457	39.813	-1	1	2
4.357	4.201	136.533	39.766	-1	1	2
4.354	4.190	136.607	39.721	-1	1	2
4.351	4.178	136.683	39.674	-1	1	2
4.348	4.167	136.757	39.629	-1	1	2
4.345	4.156	136.833	39.582	-1	1	2
4.342	4.145	136.907	39.537	-1	1	2
4.340	4.133	136.983	39.491	-1	1	2
4.337	4.122	137.057	39.446	-1	1	2
4.334	4.111	137.133	39.400	-1	1	2
4.331	4.100	137.207	39.355	-1	1	2
4.328	4.088	137.283	39.309	-1	1	2
4.325	4.077	137.357	39.265	-1	1	2
4.322	4.066	137.433	39.219	-1	1	2
4.319	4.054	137.506	39.174	-1	1	2
4.316	4.043	137.582	39.129	-1	1	2
4.314	4.032	137.656	39.085	-1	1	2
4.311	4.020	137.732	39.039	-1	1	2
4.308	4.009	137.805	38.995	-1	0	2
4.305	3.998	137.882	38.950	-1	1	2
4.302	3.987	137.955	38.906	-1	0	2
4.299	3.976	138.029	38.863	-1	0	2
4.296	3.965	138.103	38.820	-1	0	2
4.293	3.953	138.179	38.776	-1	1	2
4.290	3.942	138.254	38.734	-1	0	2
4.287	3.931	138.328	38.691	-1	0	2
4.284	3.920	138.404	38.648	-1	0	2
4.281	3.909	138.478	38.605	-1	0	2
4.278	3.897	138.555	38.562	-1	0	2
4.275	3.886	138.629	38.520	-1	0	2
4.272	3.875	138.705	38.477	-1	0	2
4.269	3.864	138.779	38.435	-1	0	2
4.266	3.852	138.856	38.392	-1	0	2
4.263	3.841	138.930	38.350	-1	0	2
4.260	3.830	139.006	38.307	-1	0	2
4.257	3.819	139.080	38.266	-1	0	2
4.254	3.807	139.157	38.223	-1	0	2
4.251	3.796	139.231	38.182	-1	0	2
4.248	3.785	139.308	38.139	-1	0	2
4.245	3.774	139.382	38.098	-1	0	2
4.242	3.762	139.458	38.056	-1	0	2
4.239	3.751	139.532	38.015	-1	0	2
4.236	3.740	139.606	37.974	-1	0	2
4.233	3.729	139.680	37.934	-1	0	2
4.230	3.718	139.757	37.893	-1	0	2
4.227	3.707	139.832	37.854	-1	0	2
4.224	3.695	139.909	37.813	-1	0	2
4.221	3.684	139.983	37.773	-1	0	2
4.218	3.673	140.060	37.733	-1	0	2
4.215	3.662	140.135	37.693	-1	0	2
4.212	3.650	140.212	37.653	-1	0	2
4.209	3.639	140.286	37.614	-1	0	2
4.206	3.628	140.363	37.574	-1	0	2
4.203	3.617	140.437	37.535	-1	0	2
4.200	3.605	140.514	37.495	-1	0	2
4.197	3.594	140.589	37.456	-1	0	2
4.193	3.583	140.663	37.418	-1	0	2
4.190	3.572	140.740	37.378	-1	0	2
4.187	3.561	140.815	37.340	-1	0	2
4.184	3.549	140.892	37.300	-1	0	2
4.181	3.538	140.966	37.262	-1	0	2
4.178	3.527	141.043	37.223	-1	0	2
4.175	3.516	141.117	37.185	-1	0	2
4.172	3.505	141.194	37.146	-1	0	2
4.169	3.494	141.266	37.109	-1	0	2
4.166	3.482	141.344	37.071	-1	0	2
4.163	3.471	141.419	37.034	-1	0	2
4.160	3.460	141.497	36.996	-1	0	2
4.156	3.449	141.572	36.960	-1	0	2
4.153	3.438	141.649	36.922	-1	0	2
4.150	3.427	141.724	36.885	-1	0	2
4.147	3.415	141.802	36.848	-1	0	2
4.144	3.404	141.877	36.812	-1	0	2
4.141	3.393	141.954	36.774	-1	0	2
4.137	3.382	142.030	36.738	-1	0	2
4.134	3.370	142.107	36.701	-1	0	2
4.131	3.359	142.182	36.665	-1	0	2
4.128	3.348	142.260	36.629	-1	0	2
4.125	3.337	142.335	36.593	-1	0	2
4.122	3.326	142.413	36.556	-1	0	2
4.119	3.315	142.488	36.521	-1	0	2
4.115	3.303	142.566	36.484	-1	0	2
4.112	3.292	142.641	36.449	-1	0	2
4.109	3.281	142.719	36.413	-1	0	2
4.106	3.270	142.794	36.378	-1	0	2
4.103	3.259	142.869	36.343	-1	0	2
4.100	3.247	142.947	36.307	-1	0	2
4.097	3.236	143.022	36.273	-1	0	2
4.093	3.225	143.098	36.239	-1	0	2
4.090	3.214	143.174	36.205	-1	0	2
4.087	3.203	143.252	36.170	-1	0	2
4.084	3.192	143.328	36.137	-1	0	2
4.081	3.180	143.406	36.102	-1	0	2
4.077	3.169	143.482	36.069	-1	0	2
4.074	3.158	143.561	36.034	-1	0	2
4.071	3.147	143.636	36.001	-1	0	2
4.068	3.136	143.715	35.967	-1	0	2
4.064	3.125	143.791	35.934	-1	0	2
4.061	3.113	143.869	35.901	-1	0	2
4.058	3.102	143.945	35.868	-1	0	2
4.055	3.091	144.024	35.834	-1	0	2
4.052	3.080	144.100	35.802	-1	0	2
4.048	3.069	144.179	35.768	-1	0	2
4.045	3.058	144.255	35.736	-1	0	2
4.042	3.046	144.333	35.703	-1	0	2
4.039	3.035	144.410	35.671	-1	0	2
4.035	3.024	144.488	35.638	-1	0	2
4.032	3.013	144.562	35.608	-1	0	2
4.029	3.002	144.641	35.576	-1	0	2
4.026	2.991	144.718	35.545	-1	0	2
4.022	2.979	144.797	35.513	-1	0	2
4.019	2.968	144.874	35.482	-1	0	2
4.016	2.957	144.953	35.451	-1	0	2
4.012	2.946	145.030	35.420	-1	0	2
4.009	2.935	145.109	35.389	-1	0	2
4.006	2.924	145.186	35.359	-1	0	2
4.003	2.913	145.262	35.329	-1	0	2
3.999	2.901	145.342	35.298	-1	0	2
3.996	2.891	145.418	35.268	-1	0	2
3.993	2.879	145.498	35.237	-1	0	2
3.989	2.868	145.575	35.208	-1	0	2
3.986	2.857	145.654	35.177	-1	0	2
3.983	2.846	145.731	35.148	-1	0	2
3.980	2.835	145.811	35.117	-1	0	2
3.976	2.824	145.888	35.088	-1	0	2
3.973	2.812	145.967	35.058	-1	0	2
3.970	2.801	146.044	35.029	-1	0	2
3.966	2.790	146.124	34.999	-1	0	2
3.963	2.779	146.201	34.971	-1	0	2
3.960	2.768	146.279	34.942	-1	0	2
3.957	2.757	146.356	34.914	-1	0	2
3.953	2.746	146.436	34.885	-1	0	2
3.950	2.735	146.514	34.857	-1	0	2
3.947	2.723	146.594	34.828	-1	0	2
3.943	2.712	146.671	34.800	-1	0	2
3.940	2.701	146.752	34.772	-1	0	2
3.937	2.690	146.829	34.744	-1	0	2
3.933	2.679	146.909	34.716	-1	0	2
3.930	2.668	146.987	34.688	-1	0	2
3.927	2.656	147.068	34.660	-1	0	2
3.923	2.645	147.145	34.633	-1	0	2
3.920	2.634	147.226	34.605	-1	0	2
3.917	2.623	147.304	34.578	-1	0	2
3.913	2.612	147.384	34.551	-1	0	2
3.910	2.601	147.462	34.524	-1	0	2
3.907	2.590	147.540	34.498	-1	0	2
3.903	2.578	147.621	34.470	-1	0	2
3.900	2.567	147.699	34.444	-1	0	2
3.897	2.556	147.780	34.417	-1	0	2
3.894	2.545	147.858	34.391	-1	0	2
3.890	2.534	147.939	34.364	-1	0	2
3.887	2.523	148.017	34.339	-1	0	2
3.882	2.512	148.104	34.328	-1	0	2
3.875	2.512	148.160	34.395	-1	-1	2
3.871	2.524	148.142	34.492	0	-1	2
3.867	2.534	148.125	34.584	0	-1	2
3.863	2.545	148.106	34.681	0	-1	2
3.859	2.556	148.089	34.770	0	-1	2
3.855	2.567	148.070	34.866	0	-1	2
3.851	2.578	148.051	34.958	0	-1	2
3.847	2.589	148.031	35.053	0	-1	2
3.843	2.599	148.012	35.146	0	-1	2
3.839	2.611	147.992	35.241	0	-1	2
3.835	2.621	147.972	35.333	0	-1	2
3.831	2.633	147.952	35.428	0	-1	2
3.827	2.643	147.933	35.517	0	-1	2
3.823	2.654	147.912	35.611	0	-1	2
3.819	2.665	147.892	35.702	0	-1	2
3.815	2.676	147.871	35.796	0	-1	2
3.811	2.687	147.850	35.887	0	-1	2
3.807	2.698	147.829	35.982	0	-1	2
3.803	2.708	147.808	36.072	0	-1	2
3.799	2.720	147.787	36.167	0	-1	2
3.795	2.730	147.766	36.257	0	-1	2
3.791	2.741	147.744	36.351	0	-1	2
3.787	2.752	147.723	36.442	0	-1	2
3.783	2.763	147.701	36.533	0	-1	2
3.779	2.774	147.679	36.626	0	-1	2
3.775	2.785	147.658	36.717	0	-1	2
3.771	2.796	147.635	36.811	0	-1	2
3.767	2.807	147.614	36.901	0	-1	2
3.763	2.818	147.591	36.995	0	-1	2
3.759	2.828	147.569	37.085	0	-1	2
3.755	2.840	147.546	37.179	0	-1	2
3.751	2.850	147.524	37.269	0	-1	2
3.747	2.861	147.501	37.362	0	-1	2
3.743	2.872	147.478	37.453	0	-1	2
3.739	2.883	147.455	37.546	0	-1	2
3.735	2.894	147.432	37.636	0	-1	2
3.731	2.905	147.408	37.729	0	-1	2
3.727	2.916	147.385	37.819	0	-1	2
3.723	2.927	147.362	37.912	0	-1	2
3.719	2.938	147.338	38.002	0	-1	2
3.715	2.949	147.314	38.095	0	-1	2
3.711	2.960	147.291	38.185	0	-1	2
3.707	2.971	147.266	38.278	0	-1	2
3.703	2.981	147.243	38.368	0	-1	2
3.699	2.993	147.218	38.461	0	-1	2
3.695	3.003	147.194	38.550	0	-1	2
3.691	3.014	147.170	38.643	0	-1	2
3.687	3.025	147.146	38.733	0	-1	2
3.683	3.036	147.120	38.825	0	-1	2
3.679	3.047	147.096	38.915	0	-1	2
3.675	3.058	147.071	39.008	0	-1	2
3.671	3.069	147.046	39.097	0	-1	2
3.667	3.080	147.022	39.186	0	-1	2
3.663	3.091	146.996	39.279	0	-1	2
3.659	3.101	146.972	39.365	0	-1	2
3.655	3.112	146.946	39.458	0	-1	2
3.651	3.123	146.921	39.547	0	-1	2
3.647	3.134	146.895	39.639	0	-1	2
3.643	3.145	146.870	39.729	0	-1	2
3.639	3.156	146.843	39.821	0	-1	2
3.636	3.167	146.818	39.910	0	-1	2
3.631	3.178	146.791	40.002	0	-1	2
3.628	3.188	146.766	40.092	0	-1	2
3.623	3.200	146.739	40.184	0	-1	2
3.620	3.210	146.713	40.273	0	-1	2
3.615	3.221	146.686	40.365	0	-1	2
3.612	3.232	146.660	40.454	0	-1	2
3.608	3.243	146.633	40.546	0	-1	2
3.604	3.254	146.606	40.635	0	-1	2
3.600	3.265	146.579	40.727	0	-1	2
3.596	3.276	146.552	40.816	0	-1	2
3.592	3.287	146.525	40.908	0	-1	2
3.588	3.298	146.498	40.997	0	-1	2
3.584	3.309	146.470	41.089	0	-1	2
3.580	3.320	146.443	41.177	0	-1	2
3.576	3.331	146.415	41.269	0	-1	2
3.572	3.341	146.387	41.358	0	-1	2
3.568	3.353	146.359	41.450	0	-1	2
3.564	3.363	146.332	41.538	0	-1	2
3.560	3.374	146.303	41.630	0	-1	2
3.556	3.385	146.275	41.719	0	-1	2
3.552	3.396	146.247	41.811	0	-1	2
3.548	3.407	146.219	41.899	0	-1	2
3.544	3.418	146.191	41.988	0	-1	2
3.540	3.429	146.162	42.079	0	-1	2
3.536	3.440	146.133	42.168	0	-1	2
3.532	3.451	146.104	42.260	0	-1	2
3.528	3.461	146.076	42.348	0	-1	2
3.524	3.472	146.047	42.437	0	-1	2
3.520	3.483	146.018	42.525	0	-1	2
3.516	3.494	145.989	42.617	0	-1	2
3.512	3.505	145.960	42.705	0	-1	2
3.508	3.516	145.930	42.797	0	-1	2
3.504	3.527	145.901	42.885	0	-1	2
3.500	3.538	145.871	42.977	0	-1	2
3.496	3.548	145.842	43.065	0	-1	2
3.492	3.560	145.811	43.157	0	-1	2
3.488	3.570	145.782	43.245	0	-1	2
3.484	3.581	145.751	43.337	0	-1	2
3.480	3.592	145.721	43.425	0	-1	2
3.476	3.603	145.691	43.517	0	-1	2
3.472	3.614	145.661	43.605	0	-1	2
3.468	3.625	145.630	43.696	0	-1	2
3.464	3.636	145.600	43.785	0	-1	2
3.460	3.647	145.568	43.876	0	-1	2
3.456	3.658	145.538	43.964	0	-1	2
3.452	3.669	145.507	44.056	0	-1	2
3.448	3.680	145.476	44.144	0	-1	2
3.444	3.691	145.445	44.235	0	-1	2
3.440	3.701	145.414	44.324	0	-1	2
3.436	3.713	145.382	44.415	0	-1	2
3.432	3.723	145.351	44.503	0	-1	2
3.428	3.734	145.320	44.592	0	-1	2
3.424	3.745	145.288	44.683	0	-1	2
3.420	3.756	145.257	44.771	0	-1	2
3.416	3.767	145.224	44.863	0	-1	2
3.412	3.778	145.193	44.951	0	-1	2
3.408	3.789	145.160	45.042	0	-1	2
3.404	3.800	145.129	45.130	0	-1	2
3.400	3.811	145.096	45.222	0	-1	2
3.396	3.821	145.064	45.310	0	-1	2
3.392	3.833	145.031	45.401	0	-1	2
3.388	3.843	144.999	45.489	0	-1	2
3.384	3.854	144.966	45.581	0	-1	2
3.380	3.865	144.934	45.666	0	-1	2
3.376	3.876	144.901	45.757	0	-1	2
3.372	3.887	144.869	45.845	0	-1	2
3.368	3.898	144.835	45.937	0	-1	2
3.364	3.908	144.802	46.025	0	-1	2
3.360	3.920	144.769	46.116	0	-1	2
3.356	3.930	144.736	46.204	0	-1	2
3.352	3.941	144.702	46.296	0	-1	2
3.348	3.952	144.669	46.384	0	-1	2
3.344	3.963	144.634	46.475	0	-1	2
3.340	3.974	144.601	46.564	0	-1	2
3.336	3.985	144.567	46.655	0	-1	2
3.332	3.996	144.533	46.743	0	-1	2
3.328	4.007	144.499	46.835	0	-1	2
3.324	4.018	144.465	46.923	0	-1	2
3.320	4.029	144.430	47.014	0	-1	2
3.316	4.040	144.396	47.102	0	-1	2
3.312	4.050	144.362	47.191	0	-1	2
3.308	4.061	144.327	47.282	0	-1	2
3.304	4.072	144.293	47.370	0	-1	2
3.300	4.083	144.258	47.462	0	-1	2
3.296	4.094	144.223	47.550	0	-1	2
3.292	4.105	144.188	47.641	0	-1	2
3.288	4.116	144.153	47.730	0	-1	2
3.284	4.127	144.117	47.821	0	-1	2
3.280	4.138	144.083	47.910	0	-1	2
3.276	4.149	144.047	48.001	0	-1	2
3.272	4.160	144.012	48.089	0	-1	2
3.268	4.171	143.975	48.181	0	-1	2
3.264	4.181	143.940	48.269	0	-1	2
3.260	4.193	143.904	48.361	0	-1	2
3.256	4.203	143.868	48.449	0	-1	2
3.252	4.214	143.832	48.541	0	-1	2
3.248	4.225	143.796	48.629	0	-1	2
3.244	4.236	143.759	48.721	0	-1	2
3.240	4.247	143.724	48.809	0	-1	2
3.236	4.258	143.687	48.901	0	-1	2
3.232	4.269	143.651	48.989	0	-1	2
3.228	4.280	143.613	49.081	0	-1	2
3.224	4.291	143.577	49.169	0	-1	2
3.220	4.302	143.540	49.261	0	-1	2
3.216	4.312	143.505	49.347	0	-1	2
3.212	4.323	143.467	49.438	0	-1	2
3.208	4.334	143.430	49.527	0	-1	2
3.204	4.345	143.393	49.619	0	-1	2
3.200	4.356	143.356	49.707	0	-1	2
3.196	4.367	143.318	49.799	0	-1	2
3.192	4.378	143.281	49.888	0	-1	2
3.188	4.388	143.244	49.977	0	-1	2
3.184	4.399	143.205	50.068	0	-1	2
3.180	4.410	143.168	50.157	0	-1	2
3.176	4.421	143.130	50.249	0	-1	2
3.172	4.432	143.092	50.338	0	-1	2
3.168	4.443	143.053	50.430	0	-1	2
3.164	4.454	143.016	50.519	0	-1	2
3.160	4.465	142.977	50.611	0	-1	2
3.156	4.476	142.939	50.700	0	-1	2
3.152	4.487	142.900	50.792	0	-1	2
3.148	4.498	142.862	50.881	0	-1	2
3.144	4.509	142.822	50.973	0	-1	2
3.140	4.519	142.784	51.062	0	-1	2
3.136	4.531	142.745	51.154	0	-1	2
3.132	4.541	142.706	51.243	0	-1	2
3.128	4.552	142.666	51.335	0	-1	2
3.124	4.563	142.628	51.424	0	-1	2
3.120	4.574	142.588	51.517	0	-1	2
3.116	4.585	142.549	51.606	0	-1	2
3.112	4.596	142.509	51.698	0	-1	2
3.108	4.607	142.470	51.787	0	-1	2
3.104	4.618	142.429	51.880	0	-1	2
3.100	4.629	142.390	51.969	0	-1	2
3.096	4.640	142.349	52.062	0	-1	2
3.092	4.650	142.310	52.151	0	-1	2
3.088	4.662	142.269	52.244	0	-1	2
3.084	4.672	142.229	52.333	0	-1	2
3.080	4.683	142.188	52.426	0	-1	2
3.076	4.694	142.148	52.515	0	-1	2
3.072	4.705	142.108	52.605	0	-1	2
3.068	4.716	142.067	52.697	0	-1	2
3.064	4.727	142.027	52.787	0	-1	2
3.060	4.738	141.985	52.880	0	-1	2
3.056	4.749	141.945	52.970	0	-1	2
3.052	4.760	141.903	53.062	0	-1	2
3.048	4.770	141.863	53.152	0	-1	2
3.044	4.782	141.821	53.245	0	-1	2
3.040	4.792	141.780	53.335	0	-1	2
3.036	4.803	141.738	53.428	0	-1	2
3.032	4.814	141.697	53.518	0	-1	2
3.028	4.825	141.654	53.611	0	-1	2
3.024	4.836	141.613	53.701	0	-1	2
3.020	4.847	141.571	53.794	0	-1	2
3.016	4.858	141.529	53.885	0	-1	2
3.012	4.869	141.486	53.978	0	-1	2
3.008	4.880	141.445	54.068	0	-1	2
3.004	4.891	141.402	54.161	0	-1	2
3.000	4.901	141.360	54.252	0	-1	2
2.996	4.912	141.318	54.342	0	-1	2
2.992	4.923	141.276	54.433	0	-1	2
2.988	4.934	141.233	54.527	0	-1	2
2.984	4.945	141.190	54.617	0	-1	2
2.980	4.956	141.147	54.711	0	-1	2
2.976	4.967	141.104	54.802	0	-1	2
2.972	4.978	141.060	54.896	1	-1	2
2.968	4.989	141.018	54.987	0	-1	2
2.964	5.000	140.973	55.081	1	-1	2
2.960	5.011	140.931	55.172	0	-1	2
2.956	5.022	140.886	55.266	1	-1	2
2.952	5.032	140.843	55.357	0	-1	2
2.948	5.043	140.800	55.448	0	-1	2
2.944	5.054	140.755	55.542	1	-1	2
2.940	5.065	140.712	55.634	0	-1	2
2.930	5.067	140.757	55.723	-1	-1	2
2.919	5.067	140.821	55.812	-1	-1	2
2.907	5.067	140.887	55.904	-1	-1	2
2.895	5.067	140.950	55.993	-1	-1	2
2.884	5.068	141.016	56.085	-1	-1	2
2.872	5.068	141.079	56.174	-1	-1	2
2.860	5.068	141.145	56.266	-1	-1	2
2.849	5.068	141.208	56.355	-1	-1	2
2.837	5.068	141.273	56.448	-1	-1	2
2.826	5.068	141.336	56.537	-1	-1	2
2.814	5.068	141.401	56.630	-1	-1	2
2.802	5.069	141.464	56.719	-1	-1	2
2.791	5.069	141.527	56.808	-1	-1	2
2.780	5.069	141.590	56.898	-1	-1	2
2.768	5.069	141.655	56.991	-1	-1	2
2.756	5.069	141.717	57.080	-1	-1	2
2.744	5.069	141.782	57.173	-1	-1	2
2.733	5.070	141.844	57.263	-1	-1	2
2.721	5.070	141.908	57.355	-1	-1	2
2.710	5.070	141.971	57.445	-1	-1	2
2.698	5.070	142.035	57.538	-1	-1	2
2.686	5.070	142.097	57.628	-1	-1	2
2.675	5.070	142.161	57.721	-1	-1	2
2.663	5.070	142.223	57.811	-1	-1	2
2.660	5.059	142.307	57.772	-1	0	2
2.658	5.049	142.389	57.733	-1	0	2
2.655	5.037	142.474	57.694	-1	0	2
2.652	5.027	142.561	57.660	-1	0	2
2.648	5.016	142.649	57.627	-1	0	2
2.645	5.004	142.739	57.593	-1	0	2
2.641	4.993	142.826	57.561	-1	0	2
2.637	4.982	142.916	57.527	-1	0	2
2.634	4.971	143.003	57.495	-1	0	2
2.630	4.960	143.094	57.462	-1	0	2
2.627	4.949	143.181	57.430	-1	0	2
2.623	4.938	143.271	57.397	-1	0	2
2.620	4.927	143.358	57.365	-1	0	2
2.616	4.916	143.448	57.333	-1	0	2
2.613	4.905	143.536	57.301	-1	0	2
2.609	4.893	143.626	57.269	-1	0	2
2.606	4.883	143.713	57.238	-1	0	2
2.602	4.871	143.803	57.206	-1	0	2
2.599	4.860	143.890	57.175	-1	0	2
2.595	4.849	143.980	57.143	-1	0	2
2.592	4.838	144.068	57.112	-1	0	2
2.588	4.827	144.158	57.081	-1	0	2
2.585	4.816	144.245	57.051	-1	0	2
2.581	4.805	144.335	57.019	-1	0	2
2.578	4.794	144.422	56.989	-1	0	2
2.574	4.782	144.512	56.958	-1	0	2
2.571	4.772	144.600	56.929	-1	0	2
2.567	4.760	144.690	56.898	-1	0	2
2.564	4.749	144.777	56.869	-1	0	2
2.560	4.738	144.867	56.838	-1	0	2
2.557	4.727	144.954	56.809	-1	0	2
2.553	4.716	145.045	56.779	-1	0	2
2.550	4.705	145.132	56.750	-1	0	2
2.546	4.694	145.219	56.721	-1	0	2
2.543	4.683	145.309	56.692	-1	0	2
2.539	4.672	145.396	56.663	-1	0	2
2.536	4.661	145.487	56.634	-1	0	2
2.532	4.650	145.574	56.605	-1	0	2
2.529	4.638	145.664	56.576	-1	0	2
2.525	4.628	145.751	56.548	-1	0	2
2.521	4.616	145.841	56.519	-1	0	2
2.518	4.605	145.929	56.492	-1	0	2
2.514	4.594	146.019	56.463	-1	0	2
2.511	4.583	146.106	56.436	-1	0	2
2.507	4.572	146.196	56.407	-1	0	2
2.504	4.561	146.284	56.380	-1	0	2
2.500	4.550	146.374	56.352	-1	0	2
2.497	4.539	146.461	56.325	-1	0	2
2.493	4.528	146.549	56.299	-1	0	2
2.490	4.517	146.636	56.272	-1	0	2
2.486	4.506	146.726	56.245	-1	0	2
2.483	4.495	146.814	56.218	-1	0	2
2.479	4.484	146.904	56.191	-1	0	2
2.476	4.473	146.991	56.165	-1	0	2
2.472	4.461	147.082	56.139	-1	0	2
2.469	4.450	147.169	56.113	-1	0	2
2.465	4.439	147.260	56.086	-1	0	2
2.462	4.428	147.347	56.061	-1	0	2
2.458	4.417	147.438	56.035	-1	0	2
2.455	4.406	147.525	56.009	-1	0	2
2.451	4.395	147.616	55.983	-1	0	2
2.448	4.384	147.703	55.958	-1	0	2
2.444	4.373	147.791	55.934	-1	0	2
2.441	4.362	147.881	55.908	-1	0	2
2.437	4.351	147.969	55.883	-1	0	2
2.434	4.340	148.059	55.858	-1	0	2
2.430	4.329	148.147	55.834	-1	0	2
2.427	4.317	148.238	55.809	-1	0	2
2.423	4.306	148.325	55.785	-1	0	2
2.420	4.295	148.416	55.760	-1	0	2
2.416	4.284	148.503	55.737	-1	0	2
2.412	4.273	148.594	55.712	-1	0	2
2.409	4.262	148.682	55.689	-1	0	2
2.405	4.251	148.773	55.665	-1	0	2
2.402	4.240	148.860	55.641	-1	0	2
2.398	4.229	148.951	55.618	-1	0	2
2.395	4.218	149.039	55.595	-1	0	2
2.391	4.206	149.130	55.571	-1	0	2
2.388	4.195	149.217	55.548	-1	0	2
2.384	4.184	149.308	55.525	-1	0	2
2.381	4.173	149.396	55.503	-1	0	2
2.377	4.162	149.487	55.480	-1	0	2
2.374	4.151	149.575	55.458	-1	0	2
2.370	4.140	149.666	55.435	-1	0	2
2.367	4.129	149.754	55.413	-1	0	2
2.363	4.118	149.845	55.391	-1	0	2
2.360	4.107	149.933	55.369	-1	0	2
2.356	4.095	150.024	55.347	-1	0	2
2.353	4.085	150.112	55.326	-1	0	2
2.349	4.074	150.200	55.305	-1	0	2
2.346	4.063	150.288	55.284	-1	0	2
2.342	4.051	150.380	55.262	-1	0	2
2.339	4.041	150.468	55.242	-1	0	2
2.335	4.030	150.556	55.221	-1	0	2
2.331	4.018	150.647	55.201	-1	0	2
2.328	4.008	150.736	55.180	-1	0	2
2.324	3.996	150.827	55.160	-1	0	2
2.321	3.985	150.916	55.140	-1	0	2
2.317	3.974	151.007	55.119	-1	0	2
2.314	3.963	151.096	55.100	-1	0	2
2.310	3.952	151.187	55.080	-1	0	2
2.307	3.941	151.276	55.060	-1	0	2
2.303	3.930	151.367	55.041	-1	0	2
2.300	3.919	151.456	55.022	-1	0	2
2.296	3.908	151.547	55.002	-1	0	2
2.292	3.897	151.636	54.983	-1	0	2
2.289	3.885	151.728	54.964	-1	0	2
2.285	3.874	151.816	54.946	-1	0	2
2.282	3.863	151.908	54.927	-1	0	2
2.278	3.852	151.997	54.908	-1	0	2
2.275	3.841	152.089	54.890	-1	0	2
2.271	3.830	152.178	54.872	-1	0	2
2.268	3.819	152.270	54.853	-1	0	2
2.264	3.808	152.359	54.836	-1	0	2
2.261	3.797	152.451	54.818	-1	0	2
2.257	3.786	152.540	54.800	-1	0	2
2.253	3.774	152.632	54.782	-1	0	2
2.250	3.764	152.718	54.766	-1	0	2
2.246	3.753	152.810	54.748	-1	0	2
2.243	3.742	152.899	54.732	-1	0	2
2.239	3.730	152.991	54.714	-1	0	2
2.236	3.720	153.081	54.698	-1	0	2
2.232	3.709	153.170	54.682	-1	0	2
2.229	3.697	153.263	54.665	-1	0	2
2.225	3.686	153.352	54.649	-1	0	2
2.222	3.675	153.445	54.632	-1	0	2
2.218	3.665	153.531	54.617	-1	0	2
2.215	3.653	153.624	54.601	-1	0	2
2.211	3.642	153.713	54.585	-1	0	2
2.207	3.631	153.806	54.569	-1	0	2
2.204	3.620	153.895	54.554	-1	0	2
2.200	3.609	153.988	54.538	-1	0	2
2.197	3.598	154.078	54.523	-1	0	2
2.193	3.587	154.170	54.508	-1	0	2
2.190	3.576	154.260	54.493	-1	0	2
2.186	3.565	154.353	54.478	-1	0	2
2.183	3.554	154.443	54.463	-1	0	2
2.179	3.542	154.536	54.448	-1	0	2
2.176	3.532	154.626	54.434	-1	0	2
2.172	3.520	154.719	54.420	-1	0	2
2.169	3.509	154.809	54.406	-1	0	2
2.165	3.498	154.899	54.392	-1	0	2
2.162	3.488	154.989	54.378	-1	0	2
2.158	3.476	155.082	54.364	-1	0	2
2.154	3.465	155.172	54.351	-1	0	2
2.151	3.454	155.266	54.337	-1	0	2
2.147	3.443	155.356	54.324	-1	0	2
2.144	3.432	155.449	54.311	-1	0	2
2.140	3.421	155.540	54.298	-1	0	2
2.137	3.410	155.633	54.285	-1	0	2
2.133	3.399	155.724	54.272	-1	0	2
2.130	3.388	155.817	54.259	-1	0	2
2.126	3.377	155.908	54.247	-1	0	2
2.123	3.366	155.999	54.235	-1	0	2
2.119	3.354	156.092	54.222	-1	0	2
2.116	3.344	156.183	54.210	-1	0	2
2.112	3.332	156.277	54.198	-1	0	2
2.108	3.321	156.368	54.187	-1	0	2
2.105	3.310	156.459	54.175	-1	0	2
2.101	3.300	156.550	54.164	-1	0	2
2.098	3.288	156.644	54.152	-1	0	2
2.094	3.277	156.735	54.141	-1	0	2
2.091	3.266	156.829	54.130	-1	0	2
2.087	3.255	156.920	54.119	-1	0	2
2.084	3.244	157.015	54.108	-1	0	2
2.080	3.233	157.106	54.098	-1	0	2
2.077	3.222	157.201	54.087	-1	0	2
2.073	3.211	157.292	54.077	-1	0	2
2.070	3.199	157.387	54.067	-1	0	2
2.066	3.189	157.478	54.057	-1	0	2
2.062	3.177	157.573	54.047	-1	0	2
2.059	3.166	157.665	54.037	-1	0	2
2.055	3.155	157.760	54.027	-1	0	2
2.052	3.144	157.851	54.018	-1	0	2
2.048	3.133	157.946	54.009	-1	0	2
2.045	3.122	158.038	53.999	-1	0	2
2.041	3.111	158.130	53.991	-1	0	2
2.038	3.100	158.222	53.982	-1	0	2
2.034	3.089	158.317	53.973	-1	0	2
2.031	3.078	158.409	53.965	-1	0	2
2.027	3.067	158.504	53.956	-1	0	2
2.024	3.056	158.597	53.948	-1	0	2
2.020	3.045	158.689	53.940	-1	0	2
2.017	3.034	158.784	53.932	-1	0	2
2.013	3.023	158.877	53.924	-1	0	2
2.010	3.011	158.972	53.916	-1	0	2
2.006	3.001	159.065	53.909	-1	0	2
2.002	2.989	159.160	53.901	-1	0	2
1.999	2.978	159.253	53.894	-1	0	2
1.995	2.967	159.349	53.887	-1	0	2
1.992	2.956	159.442	53.880	-1	0	2
1.988	2.945	159.538	53.873	-1	0	2
1.985	2.934	159.630	53.867	-1	0	2
1.981	2.923	159.727	53.860	-1	0	2
1.978	2.912	159.820	53.854	-1	0	2
1.974	2.901	159.916	53.848	-1	0	2
1.971	2.890	160.009	53.842	-1	0	2
1.967	2.878	160.105	53.836	-1	0	2
1.964	2.868	160.199	53.830	-1	0	2
1.960	2.856	160.295	53.824	-1	0	2
1.956	2.845	160.389	53.819	-1	0	2
1.953	2.834	160.485	53.814	-1	0	2
1.949	2.823	160.579	53.808	-1	0	2
1.946	2.812	160.676	53.803	-1	0	2
1.942	2.801	160.770	53.799	-1	0	2
1.939	2.790	160.867	53.794	-1	0	2
1.935	2.779	160.960	53.789	-1	0	2
1.932	2.768	161.058	53.785	-1	0	2
1.928	2.757	161.152	53.781	-1	0	2
1.925	2.745	161.249	53.777	-1	0	2
1.921	2.734	161.343	53.773	-1	0	2
1.917	2.723	161.441	53.769	-1	0	2
1.914	2.712	161.535	53.765	-1	0	2
1.911	2.701	161.629	53.762	-1	0	2
1.907	2.691	161.724	53.759	-1	0	2
1.903	2.680	161.819	53.757	-1	0	2
1.900	2.668	161.917	53.755	-1	0	2
1.896	2.657	162.013	53.753	-1	0	2
1.893	2.646	162.111	53.751	-1	0	2
1.889	2.635	162.207	53.749	-1	0	2
1.885	2.624	162.305	53.747	-1	0	2
1.882	2.613	162.401	53.746	-1	0	2
1.878	2.602	162.500	53.745	-1	0	2
1.874	2.591	162.595	53.744	-1	0	2
1.871	2.580	162.692	53.744	-1	0	2
1.867	2.569	162.789	53.745	-1	0	2
1.863	2.558	162.889	53.747	-1	0	2
1.859	2.547	162.987	53.749	-1	0	2
1.855	2.536	163.087	53.751	-1	0	2
1.849	2.528	163.178	53.783	-1	0	2
1.843	2.536	163.171	53.869	0	-1	2
1.840	2.546	163.121	53.932	1	-1	2
1.836	2.558	163.067	54.000	1	-1	2
1.833	2.569	163.015	54.066	1	-1	2
1.830	2.580	162.961	54.133	1	-1	2
1.826	2.591	162.909	54.199	1	-1	2
1.823	2.602	162.855	54.267	1	-1	2
1.820	2.613	162.803	54.333	1	-1	2
1.816	2.625	162.749	54.401	1	-1	2
1.813	2.636	162.697	54.467	1	-1	2
1.810	2.647	162.643	54.535	1	-1	2
1.807	2.658	162.590	54.601	1	-1	2
1.803	2.669	162.538	54.667	1	-1	2
1.800	2.680	162.484	54.735	1	-1	2
1.797	2.691	162.431	54.801	1	-1	2
1.793	2.702	162.377	54.870	1	-1	2
1.790	2.713	162.325	54.936	1	-1	2
1.787	2.725	162.270	55.004	1	-1	2
1.783	2.736	162.218	55.070	1	-1	2
1.780	2.747	162.163	55.139	1	-1	2
1.777	2.758	162.113	55.203	1	-1	2
1.773	2.769	162.058	55.271	1	-1	2
1.770	2.780	162.005	55.338	1	-1	2
1.767	2.791	161.950	55.406	1	-1	2
1.763	2.802	161.898	55.473	1	-1	2
1.760	2.814	161.843	55.541	1	-1	2
1.757	2.825	161.790	55.608	1	-1	2
1.754	2.836	161.735	55.677	1	-1	2
1.750	2.847	161.682	55.743	1	-1	2
1.747	2.858	161.627	55.812	1	-1	2
1.744	2.869	161.574	55.879	1	-1	2
1.740	2.881	161.519	55.948	1	-1	2
1.737	2.892	161.466	56.014	1	-1	2
1.734	2.903	161.411	56.083	1	-1	2
1.730	2.914	161.358	56.150	1	-1	2
1.727	2.925	161.302	56.219	1	-1	2
1.724	2.936	161.249	56.286	1	-1	2
1.720	2.948	161.194	56.356	1	-1	2
1.717	2.959	161.140	56.423	1	-1	2
1.714	2.970	161.085	56.492	1	-1	2
1.710	2.981	161.032	56.559	1	-1	2
1.707	2.992	160.976	56.629	1	-1	2
1.704	3.003	160.923	56.696	1	-1	2
1.701	3.014	160.871	56.761	1	-1	2
1.697	3.025	160.815	56.830	1	-1	2
1.694	3.036	160.761	56.897	1	-1	2
1.691	3.047	160.706	56.967	1	-1	2
1.688	3.058	160.652	57.034	1	-1	2
1.684	3.070	160.596	57.104	1	-1	2
1.681	3.081	160.542	57.171	1	-1	2
1.678	3.092	160.486	57.241	1	-1	2
1.674	3.103	160.432	57.308	1	-1	2
1.671	3.114	160.376	57.378	1	-1	2
1.668	3.125	160.322	57.446	1	-1	2
1.664	3.137	160.266	57.515	1	-1	2
1.661	3.148	160.212	57.583	1	-1	2
1.658	3.159	160.156	57.653	1	-1	2
1.655	3.170	160.102	57.721	1	-1	2
1.651	3.181	160.045	57.791	1	-1	2
1.648	3.192	159.991	57.859	1	-1	2
1.645	3.204	159.935	57.929	1	-1	2
1.641	3.215	159.880	57.997	1	-1	2
1.638	3.226	159.824	58.068	1	-1	2
1.635	3.237	159.769	58.136	1	-1	2
1.631	3.248	159.713	58.206	1	-1	2
1.628	3.259	159.658	58.274	1	-1	2
1.625	3.271	159.602	58.345	1	-1	2
1.622	3.282	159.547	58.413	1	-1	2
1.618	3.293	159.491	58.484	1	-1	2
1.615	3.304	159.438	58.550	1	-1	2
1.612	3.315	159.381	58.621	1	-1	2
1.609	3.326	159.326	58.689	1	-1	2
1.605	3.337	159.271	58.758	1	-1	2
1.602	3.348	159.214	58.829	1	-1	2
1.599	3.359	159.159	58.897	1	-1	2
1.595	3.371	159.102	58.969	1	-1	2
1.592	3.382	159.047	59.037	1	-1	2
1.589	3.393	158.990	59.109	1	-1	2
1.586	3.404	158.935	59.177	1	-1	2
1.582	3.415	158.878	59.249	1	-1	2
1.579	3.426	158.822	59.318	1	-1	2
1.576	3.438	158.765	59.389	1	-1	2
1.572	3.448	158.710	59.458	1	-1	2
1.569	3.460	158.652	59.530	1	-1	2
1.566	3.471	158.597	59.599	1	-1	2
1.562	3.482	158.540	59.671	1	-1	2
1.559	3.493	158.484	59.740	1	-1	2
1.556	3.504	158.427	59.812	1	-1	2
1.553	3.515	158.371	59.881	1	-1	2
1.549	3.527	158.313	59.953	1	-1	2
1.546	3.538	158.258	60.023	1	-1	2
1.543	3.549	158.200	60.095	1	-1	2
1.539	3.560	158.144	60.165	1	-1	2
1.536	3.571	158.086	60.237	1	-1	2
1.533	3.582	158.030	60.307	1	-1	2
1.530	3.594	157.973	60.379	1	-1	2
1.526	3.605	157.917	60.449	1	-1	2
1.523	3.616	157.861	60.519	1	-1	2
1.520	3.627	157.804	60.589	1	-1	2
1.516	3.638	157.746	60.662	1	-1	2
1.513	3.649	157.690	60.732	1	-1	2
1.510	3.660	157.634	60.803	1	-1	2
1.507	3.671	157.576	60.875	1	-1	2
1.503	3.682	157.520	60.946	1	-1	2
1.500	3.694	157.461	61.019	1	-1	2
1.497	3.705	157.405	61.089	1	-1	2
1.493	3.716	157.347	61.162	1	-1	2
1.490	3.727	157.290	61.233	1	-1	2
1.487	3.738	157.232	61.306	1	-1	2
1.484	3.749	157.175	61.377	1	-1	2
1.480	3.761	157.116	61.451	1	-1	2
1.477	3.772	157.060	61.522	1	-1	2
1.474	3.783	157.001	61.595	1	-1	2
1.470	3.794	156.944	61.666	1	-1	2
1.467	3.805	156.886	61.740	1	-1	2
1.464	3.816	156.829	61.811	1	-1	2
1.460	3.828	156.770	61.885	1	-1	2
1.457	3.839	156.713	61.956	1	-1	2
1.454	3.850	156.654	62.030	1	-1	2
1.451	3.861	156.597	62.102	1	-1	2
1.447	3.872	156.538	62.176	1	-1	2
1.444	3.883	156.481	62.248	1	-1	2
1.441	3.895	156.421	62.322	1	-1	2
1.437	3.906	156.364	62.394	1	-1	2
1.434	3.917	156.305	62.468	1	-1	2
1.431	3.928	156.250	62.538	1	-1	2
1.428	3.939	156.190	62.612	1	-1	2
1.424	3.950	156.133	62.684	1	-1	2
1.421	3.961	156.073	62.759	1	-1	2
1.418	3.972	156.016	62.831	1	-1	2
1.414	3.984	155.956	62.906	1	-1	2
1.411	3.995	155.899	62.979	1	-1	2
1.408	4.005	155.841	63.051	1	-1	2
1.404	4.017	155.781	63.126	1	-1	2
1.401	4.028	155.724	63.199	1	-1	2
1.398	4.039	155.664	63.274	1	-1	2
1.395	4.050	155.606	63.347	1	-1	2
1.391	4.061	155.546	63.422	1	-1	2
1.388	4.072	155.488	63.495	1	-1	2
1.385	4.084	155.428	63.571	1	-1	2
1.381	4.095	155.370	63.644	1	-1	2
1.378	4.106	155.310	63.720	1	-1	2
1.375	4.117	155.251	63.793	1	-1	2
1.371	4.128	155.191	63.869	1	-1	2
1.368	4.139	155.133	63.942	1	-1	2
1.365	4.151	155.073	64.018	1	-1	2
1.362	4.162	155.014	64.092	1	-1	2
1.358	4.173	154.954	64.168	1	-1	2
1.355	4.184	154.895	64.242	1	-1	2
1.352	4.195	154.837	64.316	1	-1	2
1.348	4.206	154.778	64.390	1	-1	2
1.345	4.217	154.718	64.467	1	-1	2
1.342	4.228	154.659	64.541	1	-1	2
1.338	4.240	154.598	64.617	1	-1	2
1.335	4.251	154.540	64.692	1	-1	2
1.332	4.262	154.479	64.769	1	-1	2
1.329	4.273	154.420	64.843	1	-1	2
1.325	4.284	154.359	64.920	1	-1	2
1.322	4.295	154.300	64.995	1	-1	2
1.319	4.307	154.239	65.072	1	-1	2
1.315	4.318	154.180	65.147	1	-1	2
1.312	4.329	154.121	65.222	1	-1	2
1.309	4.340	154.060	65.300	1	-1	2
1.306	4.351	154.002	65.372	1	-1	2
1.302	4.362	153.941	65.450	1	-1	2
1.299	4.373	153.881	65.525	1	-1	2
1.296	4.384	153.820	65.603	1	-1	2
1.292	4.395	153.760	65.679	1	-1	2
1.289	4.407	153.698	65.757	1	-1	2
1.286	4.418	153.638	65.832	1	-1	2
1.282	4.429	153.577	65.911	1	-1	2
1.279	4.440	153.517	65.987	1	-1	2
1.276	4.451	153.455	66.065	1	-1	2
1.273	4.462	153.395	66.141	1	-1	2
1.269	4.474	153.333	66.220	1	-1	2
1.266	4.485	153.272	66.296	1	-1	2
1.263	4.496	153.210	66.375	1	-1	2
1.259	4.507	153.150	66.451	1	-1	2
1.256	4.518	153.089	66.527	1	-1	2
1.253	4.529	153.027	66.602	1	-1	2
1.250	4.540	152.963	66.679	1	-1	2
1.247	4.552	152.901	66.755	1	-1	2
1.244	4.563	152.837	66.833	1	-1	2
1.241	4.574	152.775	66.908	1	-1	2
1.238	4.585	152.711	66.986	1	-1	2
1.235	4.596	152.649	67.057	1	-1	2
1.232	4.608	152.580	67.131	1	-1	2
1.230	4.619	152.514	67.203	1	-1	2
1.228	4.631	152.445	67.277	1	-1	2
1.226	4.642	152.379	67.343	1	-1	2
1.225	4.654	152.298	67.402	1	-1	2
1.225	4.665	152.221	67.460	1	-1	2
1.225	4.676	152.141	67.504	1	-1	2
1.227	4.688	152.050	67.543	1	0	2
1.229	4.699	151.963	67.580	1	0	2
1.233	4.710	151.870	67.600	1	0	2
1.237	4.721	151.776	67.618	1	0	2
1.242	4.732	151.682	67.624	1	0	2
1.248	4.741	151.586	67.617	1	0	2
1.254	4.751	151.488	67.611	1	0	2
1.261	4.760	151.396	67.588	1	0	2
1.269	4.768	151.297	67.563	1	0	2
1.277	4.777	151.202	67.539	1	0	2
1.286	4.784	151.111	67.496	1	0	2
1.295	4.791	151.021	67.452	1	1	2
1.305	4.798	150.928	67.407	1	1	2
1.314	4.805	150.838	67.363	1	0	2
1.323	4.812	150.744	67.318	1	1	2
1.333	4.817	150.665	67.257	1	1	2
1.344	4.822	150.581	67.191	1	1	2
1.354	4.826	150.500	67.127	1	1	2
1.365	4.831	150.416	67.061	1	1	2
1.376	4.836	150.334	66.997	1	1	2
1.386	4.841	150.250	66.931	1	1	2
1.397	4.844	150.177	66.860	1	1	2
1.408	4.848	150.101	66.781	1	1	2
1.419	4.851	150.027	66.705	1	1	2
1.431	4.854	149.951	66.627	1	1	2
1.442	4.857	149.877	66.551	1	1	2
1.453	4.861	149.801	66.473	1	1	2
1.464	4.864	149.727	66.397	1	1	2
1.475	4.866	149.661	66.317	1	1	2
1.487	4.868	149.592	66.229	1	1	2
1.498	4.870	149.526	66.143	1	1	2
1.510	4.871	149.458	66.055	1	1	2
1.521	4.873	149.391	65.970	1	1	2
1.533	4.875	149.322	65.882	1	1	2
1.544	4.877	149.256	65.797	1	1	2
1.555	4.879	149.190	65.712	1	1	2
1.567	4.880	149.125	65.624	1	1	2
1.578	4.882	149.058	65.538	1	1	2
1.589	4.884	148.987	65.460	1	1	2
1.599	4.890	148.903	65.411	1	1	2
1.599	4.901	148.829	65.462	1	-1	2
1.599	4.913	148.749	65.522	1	-1	2
1.599	4.924	148.673	65.580	1	-1	2
1.598	4.936	148.595	65.639	1	-1	2
1.598	4.947	148.518	65.697	1	-1	2
1.598	4.959	148.438	65.758	1	-1	2
1.598	4.970	148.363	65.814	1	-1	2
1.598	4.982	148.283	65.875	1	-1	2
1.598	4.993	148.206	65.934	1	-1	2
1.598	5.005	148.125	65.995	1	-1	2
1.598	5.016	148.051	66.051	1	-1	2
1.597	5.028	147.970	66.112	1	-1	2
1.597	5.040	147.893	66.172	1	-1	2
1.597	5.051	147.813	66.233	1	-1	2
1.597	5.063	147.735	66.292	1	-1	2
1.597	5.075	147.655	66.354	1	-1	2
1.597	5.086	147.577	66.413	1	-1	2
1.597	5.098	147.496	66.475	1	-1	2
1.597	5.109	147.419	66.535	1	-1	2
1.587	5.111	147.453	66.620	0	-1	2
1.575	5.111	147.509	66.717	-1	-1	2
1.564	5.111	147.563	66.810	-1	-1	2
1.552	5.111	147.619	66.906	-1	-1	2
1.541	5.111	147.673	67.000	-1	-1	2
1.529	5.111	147.729	67.096	-1	-1	2
1.517	5.111	147.783	67.190	-1	-1	2
1.506	5.110	147.839	67.286	-1	-1	2
1.494	5.110	147.892	67.380	-1	-1	2
1.482	5.110	147.948	67.477	-1	-1	2
1.471	5.110	148.001	67.570	-1	-1	2
1.459	5.110	148.057	67.667	-1	-1	2
1.448	5.110	148.110	67.761	-1	-1	2
1.436	5.110	148.165	67.858	-1	-1	2
1.424	5.110	148.218	67.952	-1	-1	2
1.413	5.110	148.273	68.049	-1	-1	2
1.401	5.110	148.326	68.143	-1	-1	2
1.389	5.110	148.380	68.240	-1	-1	2
1.378	5.110	148.433	68.334	-1	-1	2
1.366	5.110	148.487	68.431	-1	-1	2
1.355	5.110	148.540	68.525	-1	-1	2
1.343	5.109	148.594	68.623	-1	-1	2
1.331	5.109	148.646	68.717	-1	-1	2
1.319	5.109	148.700	68.814	-1	-1	2
1.308	5.109	148.752	68.909	-1	-1	2
1.296	5.109	148.806	69.006	-1	-1	2
1.285	5.109	148.858	69.101	-1	-1	2
1.273	5.109	148.911	69.198	-1	-1	2
1.261	5.109	148.963	69.293	-1	-1	2
1.250	5.109	149.014	69.387	-1	-1	2
1.238	5.109	149.068	69.485	-1	-1	2
1.227	5.109	149.119	69.580	-1	-1	2
1.215	5.109	149.172	69.678	-1	-1	2
1.203	5.109	149.223	69.772	-1	-1	2
1.192	5.109	149.276	69.870	-1	-1	2
1.180	5.109	149.327	69.965	-1	-1	2
1.168	5.108	149.380	70.063	-1	-1	2
1.157	5.108	149.430	70.158	-1	-1	2
1.145	5.108	149.483	70.257	-1	-1	2
1.134	5.108	149.533	70.352	-1	-1	2
1.122	5.108	149.585	70.450	-1	-1	2
1.110	5.108	149.636	70.545	-1	-1	2
1.099	5.108	149.688	70.644	-1	-1	2
1.087	5.108	149.738	70.739	-1	-1	2
1.075	5.108	149.789	70.838	-1	-1	2
1.064	5.108	149.839	70.933	-1	-1	2
1.052	5.108	149.891	71.032	-1	-1	2
1.041	5.108	149.941	71.127	-1	-1	2
1.029	5.108	149.992	71.226	-1	-1	2
1.017	5.108	150.041	71.321	-1	-1	2
1.005	5.107	150.092	71.420	-1	-1	2
0.994	5.107	150.142	71.516	-1	-1	2
0.982	5.107	150.193	71.615	-1	-1	2
0.971	5.107	150.242	71.711	-1	-1	2
0.959	5.107	150.292	71.810	-1	-1	2
0.948	5.107	150.341	71.906	-1	-1	2
0.936	5.107	150.392	72.005	-1	-1	2
0.924	5.107	150.440	72.101	-1	-1	2
0.912	5.107	150.491	72.200	-1	-1	2
0.901	5.107	150.539	72.296	-1	-1	2
0.890	5.107	150.587	72.392	-1	-1	2
0.878	5.107	150.637	72.492	-1	-1	2
0.866	5.107	150.685	72.588	-1	-1	2
0.854	5.107	150.735	72.688	-1	-1	2
0.843	5.106	150.783	72.784	-1	-1	2
0.831	5.106	150.832	72.884	-1	-1	2
0.820	5.106	150.880	72.980	-1	-1	2
0.808	5.106	150.929	73.080	-1	-1	2
0.797	5.106	150.975	73.173	-1	-1	2
0.785	5.106	151.024	73.273	-1	-1	2
0.774	5.106	151.072	73.370	-1	-1	2
0.762	5.106	151.120	73.470	-1	-1	2
0.750	5.106	151.168	73.567	-1	-1	2
0.738	5.106	151.216	73.667	-1	-1	2
0.727	5.106	151.263	73.764	-1	-1	2
0.715	5.106	151.311	73.864	-1	-1	2
0.704	5.106	151.358	73.961	-1	-1	2
0.692	5.106	151.406	74.061	-1	-1	2
0.680	5.105	151.453	74.158	-1	-1	2
0.669	5.105	151.501	74.259	-1	-1	2
0.657	5.105	151.547	74.356	-1	-1	2
0.645	5.105	151.595	74.457	-1	-1	2
0.634	5.105	151.641	74.554	-1	-1	2
0.622	5.105	151.688	74.655	-1	-1	2
0.611	5.105	151.734	74.752	-1	-1	2
0.599	5.105	151.781	74.853	-1	-1	2
0.587	5.105	151.827	74.950	-1	-1	2
0.576	5.105	151.874	75.051	-1	-1	2
0.564	5.105	151.919	75.149	-1	-1	2
0.553	5.105	151.965	75.247	-1	-1	2
0.541	5.105	152.011	75.348	-1	-1	2
0.529	5.104	152.056	75.445	-1	-1	2
0.518	5.104	152.103	75.547	-1	-1	2
0.506	5.104	152.148	75.645	-1	-1	2
0.494	5.104	152.194	75.746	-1	-1	2
0.483	5.104	152.237	75.841	0	-1	2
0.471	5.104	152.283	75.942	-1	-1	2
0.460	5.104	152.328	76.040	-1	-1	2
0.448	5.104	152.374	76.142	-1	-1	2
0.437	5.104	152.418	76.240	-1	-1	2
0.425	5.104	152.464	76.342	-1	-1	2
0.413	5.104	152.508	76.440	-1	-1	2
0.402	5.104	152.553	76.542	-1	-1	2
0.390	5.103	152.597	76.640	0	-1	2
0.378	5.103	152.643	76.742	-1	-1	2
0.367	5.103	152.686	76.841	0	-1	2
0.355	5.103	152.731	76.943	-1	-1	2
0.344	5.103	152.775	77.042	0	-1	2
0.332	5.103	152.820	77.144	-1	-1	2
0.320	5.103	152.863	77.243	0	-1	2
0.308	5.103	152.907	77.345	-1	-1	2
0.297	5.103	152.950	77.444	0	-1	2
0.285	5.103	152.995	77.547	-1	-1	2
0.274	5.103	153.038	77.646	0	-1	2
0.262	5.102	153.082	77.748	-1	-1	2
0.250	5.102	153.124	77.847	0	-1	2
0.239	5.102	153.168	77.950	0	-1	2
0.228	5.102	153.209	78.046	0	-1	2
0.216	5.102	153.253	78.149	0	-1	2
0.204	5.102	153.295	78.248	0	-1	2
0.193	5.102	153.337	78.347	0	-1	2
0.181	5.102	153.380	78.450	0	-1	2
0.170	5.102	153.422	78.550	0	-1	2
0.158	5.102	153.465	78.653	0	-1	2
0.146	5.101	153.507	78.752	0	-1	2
0.134	5.101	153.550	78.856	0	-1	2
0.123	5.101	153.591	78.955	0	-1	2
0.111	5.101	153.634	79.059	0	-1	2
0.100	5.101	153.675	79.159	0	-1	2
0.088	5.101	153.717	79.262	0	-1	2
0.077	5.101	153.758	79.362	0	-1	2
0.065	5.101	153.801	79.466	0	-1	2
0.053	5.101	153.841	79.566	0	-1	2
0.041	5.101	153.883	79.669	0	-1	2
0.030	5.100	153.924	79.770	0	-1	2
0.018	5.100	153.965	79.874	0	-1	2
0.007	5.100	154.006	79.974	0	-1	2
0.000	5.094	154.072	80.005	-1	0	2
0.000	5.083	154.158	79.947	-1	1	2
0.001	5.071	154.246	79.887	-1	1	2
0.001	5.060	154.329	79.830	-1	1	2
0.001	5.048	154.417	79.769	-1	1	2
0.001	5.037	154.503	79.711	-1	1	2
0.002	5.025	154.589	79.652	-1	1	2
0.002	5.014	154.673	79.593	-1	1	2
0.003	5.002	154.761	79.531	-1	1	2
0.003	4.990	154.846	79.473	-1	1	2
0.004	4.979	154.931	79.414	-1	1	2
0.004	4.967	155.015	79.355	-1	1	2
0.005	4.956	155.099	79.297	-1	1	2
0.005	4.944	155.186	79.236	-1	1	2
0.006	4.933	155.271	79.178	-1	1	2
0.006	4.921	155.358	79.118	-1	1	2
0.007	4.909	155.442	79.060	-1	1	2
0.007	4.897	155.529	79.001	-1	1	2
0.008	4.886	155.613	78.943	-1	1	2
0.014	4.880	155.633	78.859	0	1	2
0.026	4.879	155.601	78.753	0	1	2
0.038	4.878	155.568	78.644	0	1	2
0.049	4.877	155.535	78.538	0	1	2
0.060	4.875	155.507	78.430	0	1	2
0.072	4.873	155.484	78.321	0	1	2
0.083	4.870	155.460	78.208	0	1	2
0.094	4.868	155.436	78.099	0	1	2
0.106	4.866	155.412	77.986	0	1	2
0.117	4.863	155.388	77.877	0	1	2
0.129	4.861	155.364	77.764	0	1	2
0.140	4.859	155.340	77.655	0	1	2
0.152	4.856	155.315	77.542	0	1	2
0.163	4.854	155.290	77.433	0	1	2
0.175	4.852	155.265	77.320	0	1	2
0.186	4.850	155.241	77.212	0	1	2
0.197	4.846	155.228	77.100	0	1	2
0.207	4.841	155.224	76.988	0	1	2
0.218	4.836	155.221	76.871	0	1	2
0.228	4.831	155.217	76.758	0	1	2
0.239	4.826	155.213	76.642	0	1	2
0.249	4.822	155.209	76.529	0	1	2
0.260	4.817	155.205	76.412	0	1	2
0.271	4.812	155.200	76.300	0	1	2
0.281	4.807	155.196	76.187	0	1	2
0.292	4.802	155.191	76.071	0	1	2
0.302	4.798	155.186	75.959	0	1	2
0.312	4.792	155.190	75.847	0	1	2
0.321	4.785	155.210	75.737	0	1	2
0.330	4.777	155.230	75.624	0	1	2
0.339	4.770	155.249	75.514	0	1	2
0.348	4.762	155.269	75.400	0	1	2
0.357	4.755	155.288	75.291	0	1	2
0.366	4.748	155.307	75.177	0	1	2
0.375	4.740	155.326	75.068	0	1	2
0.384	4.733	155.345	74.954	0	1	2
0.393	4.726	155.364	74.845	0	1	2
0.402	4.718	155.383	74.732	0	1	2
0.409	4.709	155.421	74.636	0	1	2
0.416	4.699	155.466	74.534	-1	1	2
0.422	4.690	155.510	74.436	0	1	2
0.429	4.680	155.555	74.335	-1	1	2
0.435	4.671	155.598	74.238	0	1	2
0.442	4.661	155.643	74.137	-1	1	2
0.448	4.651	155.686	74.039	0	1	2
0.455	4.642	155.731	73.938	-1	1	2
0.461	4.632	155.774	73.841	0	1	2
0.468	4.622	155.818	73.741	-1	1	2
0.473	4.612	155.872	73.657	-1	1	2
0.477	4.601	155.934	73.571	-1	1	2
0.481	4.591	155.994	73.488	-1	1	2
0.485	4.580	156.057	73.408	-1	1	2
0.489	4.569	156.122	73.330	-1	1	2
0.492	4.558	156.186	73.253	-1	1	2
0.496	4.547	156.253	73.173	-1	1	2
0.499	4.536	156.317	73.096	-1	1	2
0.503	4.525	156.384	73.016	-1	1	2
0.507	4.514	156.449	72.940	-1	1	2
0.510	4.503	156.515	72.860	-1	1	2
0.514	4.492	156.579	72.784	-1	1	2
0.518	4.480	156.646	72.704	-1	1	2
0.521	4.470	156.710	72.628	-1	1	2
0.525	4.458	156.776	72.549	-1	1	2
0.528	4.447	156.841	72.473	-1	1	2
0.532	4.436	156.907	72.394	-1	1	2
0.535	4.426	156.969	72.321	-1	1	2
0.539	4.414	157.035	72.243	-1	1	2
0.542	4.403	157.100	72.168	-1	1	2
0.546	4.392	157.166	72.090	-1	1	2
0.549	4.381	157.230	72.015	-1	1	2
0.553	4.370	157.297	71.938	-1	1	2
0.556	4.359	157.361	71.863	-1	1	2
0.560	4.348	157.427	71.786	-1	1	2
0.564	4.337	157.491	71.711	-1	1	2
0.567	4.325	157.557	71.634	-1	1	2
0.571	4.315	157.621	71.559	-1	1	2
0.574	4.303	157.687	71.483	-1	1	2
0.578	4.292	157.751	71.408	-1	1	2
0.581	4.281	157.817	71.332	-1	1	2
0.585	4.270	157.881	71.258	-1	1	2
0.588	4.259	157.946	71.181	-1	1	2
0.592	4.248	158.008	71.110	-1	1	2
0.595	4.237	158.074	71.035	-1	1	2
0.599	4.226	158.138	70.962	-1	1	2
0.602	4.215	158.202	70.889	-1	1	2
0.606	4.204	158.268	70.813	-1	1	2
0.609	4.193	158.332	70.741	-1	1	2
0.612	4.182	158.398	70.666	-1	1	2
0.616	4.171	158.461	70.593	-1	1	2
0.619	4.159	158.527	70.518	-1	1	2
0.623	4.148	158.591	70.446	-1	1	2
0.626	4.137	158.657	70.371	-1	1	2
0.630	4.126	158.720	70.299	-1	1	2
0.633	4.115	158.786	70.225	-1	1	2
0.637	4.104	158.849	70.153	-1	1	2
0.640	4.093	158.915	70.079	-1	1	2
0.644	4.082	158.978	70.007	-1	1	2
0.647	4.070	159.044	69.933	-1	1	2
0.651	4.060	159.107	69.862	-1	1	2
0.654	4.048	159.172	69.788	-1	1	2
0.657	4.038	159.234	69.719	-1	1	2
0.661	4.026	159.299	69.646	-1	1	2
0.664	4.015	159.362	69.575	-1	1	2
0.668	4.004	159.428	69.502	-1	1	2
0.671	3.993	159.491	69.431	-1	1	2
0.675	3.982	159.556	69.358	-1	1	2
0.678	3.971	159.619	69.288	-1	1	2
0.681	3.960	159.684	69.215	-1	1	2
0.685	3.949	159.747	69.145	-1	1	2
0.688	3.937	159.812	69.072	-1	1	2
0.692	3.926	159.875	69.002	-1	1	2
0.695	3.915	159.940	68.930	-1	1	2
0.698	3.904	160.003	68.860	-1	1	2
0.702	3.893	160.066	68.790	-1	1	2
0.705	3.882	160.131	68.718	-1	1	2
0.709	3.871	160.194	68.649	-1	1	2
0.712	3.860	160.259	68.577	-1	1	2
0.716	3.849	160.321	68.507	-1	1	2
0.719	3.838	160.386	68.436	-1	1	2
0.722	3.827	160.449	68.366	-1	1	2
0.726	3.815	160.513	68.295	-1	1	2
0.729	3.804	160.576	68.226	-1	1	2
0.733	3.793	160.640	68.154	-1	1	2
0.736	3.782	160.701	68.088	-1	1	2
0.740	3.771	160.765	68.017	-1	1	2
0.743	3.760	160.828	67.948	-1	1	2
0.746	3.749	160.892	67.877	-1	1	2
0.750	3.738	160.954	67.808	-1	1	2
0.753	3.727	161.019	67.738	-1	1	2
0.757	3.716	161.081	67.669	-1	1	2
0.760	3.704	161.146	67.599	-1	1	2
0.764	3.693	161.208	67.530	-1	1	2
0.767	3.682	161.272	67.460	-1	1	2
0.770	3.671	161.334	67.392	-1	1	2
0.774	3.660	161.398	67.322	-1	1	2
0.777	3.649	161.460	67.254	-1	1	2
0.781	3.638	161.524	67.184	-1	1	2
0.784	3.627	161.586	67.116	-1	1	2
0.788	3.615	161.650	67.046	-1	1	2
0.791	3.604	161.712	66.979	-1	1	2
0.795	3.593	161.776	66.909	-1	1	2
0.798	3.582	161.838	66.842	-1	1	2
0.801	3.571	161.900	66.774	-1	1	2
0.805	3.560	161.964	66.705	-1	1	2
0.808	3.549	162.026	66.638	-1	1	2
0.812	3.538	162.089	66.568	-1	1	2
0.815	3.527	162.151	66.501	-1	1	2
0.818	3.516	162.215	66.432	-1	1	2
0.822	3.505	162.276	66.365	-1	1	2
0.825	3.493	162.340	66.297	-1	1	2
0.829	3.482	162.402	66.230	-1	1	2
0.832	3.471	162.463	66.163	-1	1	2
0.835	3.460	162.525	66.097	-1	1	2
0.839	3.449	162.588	66.028	-1	1	2
0.842	3.438	162.650	65.962	-1	1	2
0.846	3.427	162.713	65.893	-1	1	2
0.849	3.416	162.774	65.827	-1	1	2
0.853	3.405	162.838	65.759	-1	1	2
0.856	3.394	162.899	65.693	-1	1	2
0.860	3.382	162.963	65.625	-1	1	2
0.863	3.371	163.024	65.559	-1	1	2
0.866	3.360	163.087	65.491	-1	1	2
0.870	3.349	163.148	65.425	-1	1	2
0.873	3.338	163.211	65.358	-1	1	2
0.877	3.327	163.273	65.292	-1	1	2
0.880	3.316	163.336	65.224	-1	1	2
0.884	3.305	163.397	65.159	-1	1	2
0.887	3.293	163.460	65.091	-1	1	2
0.890	3.282	163.521	65.026	-1	1	2
0.894	3.271	163.584	64.959	-1	1	2
0.897	3.260	163.645	64.894	-1	1	2
0.901	3.249	163.708	64.827	-1	1	2
0.904	3.238	163.769	64.762	-1	1	2
0.908	3.227	163.830	64.697	-1	1	2
0.911	3.216	163.893	64.630	-1	1	2
0.914	3.205	163.953	64.565	-1	1	2
0.918	3.193	164.016	64.498	-1	1	2
0.921	3.183	164.077	64.434	-1	1	2
0.925	3.171	164.140	64.367	-1	1	2
0.928	3.161	164.198	64.305	-1	1	2
0.931	3.149	164.261	64.238	-1	1	2
0.935	3.138	164.322	64.174	-1	1	2
0.938	3.127	164.385	64.108	-1	1	2
0.942	3.116	164.445	64.043	-1	1	2
0.945	3.105	164.508	63.977	-1	1	2
0.949	3.094	164.568	63.913	-1	1	2
0.952	3.083	164.631	63.847	-1	1	2
0.955	3.072	164.691	63.783	-1	1	2
0.959	3.060	164.754	63.717	-1	1	2
0.962	3.049	164.814	63.654	-1	1	2
0.966	3.038	164.877	63.588	-1	1	2
0.969	3.027	164.937	63.524	-1	1	2
0.973	3.016	165.000	63.459	-1	1	2
0.976	3.005	165.060	63.395	-1	1	2
0.980	2.994	165.122	63.330	-1	1	2
0.983	2.983	165.183	63.266	-1	1	2
0.986	2.971	165.245	63.201	-1	1	2
0.990	2.960	165.305	63.138	-1	1	2
0.993	2.949	165.368	63.073	-1	1	2
0.997	2.938	165.428	63.010	-1	1	2
1.000	2.927	165.490	62.945	-1	1	2
1.004	2.916	165.550	62.882	-1	1	2
1.007	2.905	165.610	62.819	-1	1	2
1.010	2.894	165.673	62.754	-1	1	2
1.014	2.883	165.733	62.691	-1	1	2
1.017	2.872	165.793	62.629	-1	1	2
1.020	2.861	165.853	62.566	-1	1	2
1.024	2.850	165.915	62.502	-1	1	2
1.027	2.839	165.975	62.439	-1	1	2
1.031	2.827	166.037	62.375	-1	1	2
1.034	2.816	166.097	62.312	-1	1	2
1.038	2.805	166.159	62.248	-1	1	2
1.041	2.794	166.219	62.186	-1	1	2
1.045	2.783	166.281	62.122	-1	1	2
1.048	2.772	166.341	62.060	-1	1	2
1.051	2.761	166.402	61.995	-1	1	2
1.055	2.750	166.462	61.934	-1	1	2
1.058	2.738	166.524	61.870	-1	1	2
1.062	2.727	166.584	61.808	-1	1	2
1.065	2.716	166.646	61.744	-1	1	2
1.069	2.705	166.705	61.682	-1	1	2
1.072	2.694	166.767	61.619	-1	1	2
1.075	2.683	166.827	61.557	-1	1	2
1.079	2.672	166.889	61.494	-1	1	2
1.082	2.661	166.948	61.432	-1	1	2
1.086	2.649	167.010	61.369	-1	1	2
1.089	2.638	167.070	61.308	-1	1	2
1.093	2.627	167.131	61.244	-1	1	2
1.096	2.616	167.191	61.183	-1	1	2
1.099	2.605	167.251	61.122	-1	1	2
1.103	2.594	167.310	61.061	-1	1	2
1.106	2.583	167.372	60.998	-1	1	2
1.110	2.572	167.431	60.937	-1	1	2
1.113	2.561	167.491	60.876	-1	1	2
1.117	2.550	167.552	60.813	-1	1	2
1.120	2.539	167.611	60.752	-1	1	2
1.123	2.528	167.673	60.690	-1	1	2
1.127	2.517	167.732	60.629	-1	1	2
1.130	2.505	167.794	60.566	-1	1	2
1.134	2.494	167.853	60.506	-1	1	2
1.137	2.483	167.915	60.443	-1	1	2
1.141	2.472	167.974	60.383	-1	1	2
1.144	2.461	168.035	60.321	-1	1	2
1.147	2.450	168.095	60.260	-1	1	2
1.151	2.439	168.156	60.198	-1	1	2
1.154	2.428	168.215	60.138	-1	1	2
1.158	2.416	168.276	60.076	-1	1	2
1.161	2.406	168.336	60.016	-1	1	2
1.165	2.394	168.397	59.954	-1	1	2
1.168	2.383	168.456	59.894	-1	1	2
1.172	2.372	168.517	59.832	-1	1	2
1.175	2.361	168.577	59.772	-1	1	2
1.178	2.350	168.638	59.710	-1	1	2
1.182	2.339	168.697	59.651	-1	1	2
1.185	2.328	168.758	59.589	-1	1	2
1.189	2.317	168.817	59.529	-1	1	2
1.192	2.306	168.876	59.470	-1	1	2
1.195	2.295	168.936	59.410	-1	1	2
1.199	2.283	168.997	59.349	-1	1	2
1.202	2.272	169.056	59.290	-1	1	2
1.206	2.261	169.117	59.228	-1	1	2
1.209	2.250	169.176	59.169	-1	1	2
1.213	2.239	169.235	59.110	-1	1	2
1.216	2.228	169.296	59.049	-1	1	2
1.219	2.217	169.355	58.990	-1	1	2
1.223	2.206	169.416	58.929	-1	1	2
1.226	2.195	169.475	58.870	-1	1	2
1.230	2.184	169.536	58.809	-1	1	2
1.233	2.173	169.595	58.750	-1	1	2
1.237	2.161	169.656	58.689	-1	1	2
1.240	2.150	169.714	58.630	-1	1	2
1.244	2.139	169.775	58.570	-1	1	2
1.247	2.128	169.834	58.511	-1	1	2
1.250	2.117	169.895	58.450	-1	1	2
1.254	2.106	169.954	58.392	-1	1	2
1.257	2.095	170.015	58.331	-1	1	2
1.261	2.084	170.074	58.273	-1	1	2
1.264	2.072	170.135	58.213	-1	1	2
1.268	2.061	170.194	58.154	-1	1	2
1.271	2.050	170.254	58.094	-1	1	2
1.274	2.039	170.313	58.036	-1	1	2
1.278	2.028	170.374	57.976	-1	1	2
1.281	2.017	170.431	57.920	-1	1	2
1.285	2.006	170.492	57.859	-1	1	2
1.288	1.995	170.550	57.801	-1	1	2
1.292	1.984	170.611	57.741	-1	1	2
1.295	1.973	170.670	57.683	-1	1	2
1.298	1.962	170.731	57.623	-1	1	2
1.302	1.951	170.789	57.566	-1	1	2
1.305	1.939	170.850	57.506	-1	1	2
1.309	1.928	170.909	57.448	-1	1	2
1.312	1.917	170.970	57.388	-1	1	2
1.316	1.906	171.028	57.331	-1	1	2
1.319	1.895	171.087	57.273	-1	1	2
1.323	1.884	171.148	57.213	-1	1	2
1.326	1.873	171.207	57.156	-1	1	2
1.329	1.862	171.267	57.097	-1	1	2
1.333	1.851	171.326	57.039	-1	1	2
1.336	1.839	171.387	56.980	-1	1	2
1.340	1.828	171.445	56.923	-1	1	2
1.343	1.817	171.506	56.863	-1	1	2
1.347	1.807	171.563	56.808	-1	1	2
1.350	1.795	171.623	56.749	-1	1	2
1.353	1.784	171.682	56.692	-1	1	2
1.357	1.773	171.742	56.633	-1	1	2
1.360	1.762	171.801	56.576	-1	1	2
1.364	1.751	171.862	56.517	-1	1	2
1.367	1.740	171.920	56.460	-1	1	2
1.371	1.729	171.981	56.402	-1	1	2
1.374	1.718	172.039	56.345	-1	1	2
1.378	1.706	172.100	56.286	-1	1	2
1.381	1.695	172.158	56.229	-1	1	2
1.384	1.684	172.219	56.171	-1	1	2
1.388	1.673	172.277	56.114	-1	1	2
1.391	1.662	172.338	56.056	-1	1	2
1.395	1.651	172.396	55.999	-1	1	2
1.398	1.640	172.457	55.941	-1	1	2
1.402	1.629	172.515	55.885	-1	1	2
1.405	1.617	172.576	55.826	-1	1	2
1.409	1.607	172.635	55.770	-1	1	2
1.412	1.595	172.695	55.712	-1	1	2
1.415	1.584	172.754	55.656	-1	1	2
1.419	1.573	172.812	55.600	-1	1	2
1.422	1.562	172.873	55.542	-1	1	2
1.426	1.551	172.931	55.486	-1	1	2
1.429	1.540	172.992	55.428	-1	1	2
1.433	1.529	173.050	55.372	-1	1	2
1.436	1.518	173.111	55.314	-1	1	2
1.440	1.507	173.169	55.258	-1	1	2
1.443	1.495	173.230	55.201	-1	1	2
1.446	1.485	173.288	55.145	-1	1	2
1.450	1.473	173.349	55.087	-1	1	2
1.453	1.462	173.407	55.032	-1	1	2
1.457	1.451	173.468	54.974	-1	1	2
1.460	1.440	173.526	54.919	-1	1	2
1.464	1.429	173.587	54.861	-1	1	2
1.467	1.418	173.645	54.806	-1	1	2
1.471	1.407	173.706	54.749	-1	1	2
1.474	1.396	173.764	54.693	-1	1	2
1.478	1.384	173.825	54.636	-1	1	2
1.481	1.373	173.883	54.581	-1	1	2
1.490	1.371	173.835	54.477	1	1	2
1.502	1.371	173.753	54.358	1	1	2
1.514	1.371	173.668	54.234	1	1	2
1.525	1.371	173.586	54.115	1	1	2
1.537	1.371	173.500	53.991	1	1	2
1.548	1.371	173.417	53.871	1	1	2
1.560	1.371	173.332	53.747	1	1	2
1.572	1.371	173.248	53.628	1	1	2
1.584	1.371	173.162	53.504	1	1	2
1.595	1.371	173.079	53.384	1	1	2
1.607	1.371	172.992	53.260	1	1	2
1.618	1.371	172.908	53.140	1	1	2
1.629	1.371	172.827	53.024	1	1	2
1.641	1.371	172.740	52.900	1	1	2
1.653	1.371	172.655	52.780	1	1	2
1.664	1.371	172.568	52.656	1	1	2
1.676	1.371	172.483	52.536	1	1	2
1.688	1.371	172.395	52.411	1	1	2
1.699	1.371	172.310	52.291	1	1	2
1.711	1.371	172.221	52.166	1	1	2
1.722	1.371	172.136	52.046	1	1	2
1.734	1.371	172.047	51.921	1	1	2
1.746	1.371	171.961	51.801	1	1	2
1.758	1.371	171.872	51.676	1	1	2
1.769	1.371	171.786	51.556	1	1	2
1.774	1.379	171.684	51.519	1	0	2
1.778	1.390	171.578	51.504	1	0	2
1.781	1.401	171.469	51.490	1	0	2
1.785	1.412	171.363	51.475	1	0	2
1.789	1.424	171.254	51.461	1	0	2
1.792	1.434	171.149	51.447	1	0	2
1.796	1.446	171.040	51.433	1	0	2
1.799	1.457	170.935	51.419	1	0	2
1.803	1.468	170.826	51.405	1	0	2
1.807	1.479	170.722	51.392	1	0	2
1.810	1.490	170.613	51.379	1	0	2
1.814	1.501	170.509	51.366	1	0	2
1.818	1.512	170.401	51.353	1	0	2
1.821	1.523	170.297	51.341	1	0	2
1.825	1.534	170.189	51.328	1	0	2
1.828	1.545	170.085	51.316	1	0	2
1.832	1.556	169.982	51.304	1	0	2
1.836	1.567	169.874	51.292	1	0	2
1.839	1.578	169.771	51.280	1	0	2
1.843	1.589	169.664	51.269	1	0	2
1.846	1.600	169.561	51.257	1	0	2
1.850	1.611	169.454	51.246	1	0	2
1.854	1.622	169.351	51.235	1	0	2
1.857	1.633	169.245	51.224	1	0	2
1.861	1.644	169.142	51.214	1	0	2
1.865	1.656	169.036	51.203	1	0	2
1.868	1.666	168.933	51.193	1	0	2
1.872	1.678	168.827	51.183	1	0	2
1.875	1.688	168.729	51.173	1	0	2
1.879	1.699	168.623	51.163	1	0	2
1.882	1.710	168.521	51.154	1	0	2
1.886	1.722	168.415	51.144	1	0	2
1.890	1.732	168.313	51.135	1	0	2
1.893	1.744	168.208	51.125	1	0	2
1.897	1.755	168.107	51.116	1	0	2
1.901	1.766	168.002	51.107	1	0	2
1.904	1.777	167.900	51.099	1	0	2
1.908	1.788	167.796	51.090	1	0	2
1.911	1.799	167.694	51.082	1	0	2
1.915	1.810	167.590	51.074	1	0	2
1.919	1.821	167.489	51.066	1	0	2
1.922	1.832	167.385	51.058	1	0	2
1.926	1.843	167.284	51.051	1	0	2
1.930	1.854	167.180	51.043	1	0	2
1.933	1.865	167.080	51.036	1	0	2
1.937	1.876	166.976	51.029	1	0	2
1.941	1.887	166.876	51.022	1	0	2
1.944	1.898	166.776	51.015	1	0	2
1.948	1.909	166.673	51.009	1	0	2
1.951	1.920	166.573	51.002	1	0	2
1.955	1.931	166.470	50.996	1	0	2
1.959	1.942	166.370	50.990	1	0	2
1.962	1.954	166.267	50.984	1	0	2
1.966	1.964	166.168	50.978	1	0	2
1.970	1.976	166.065	50.973	1	0	2
1.973	1.987	165.966	50.967	1	0	2
1.977	1.998	165.863	50.962	1	0	2
1.980	2.008	165.768	50.957	1	0	2
1.984	2.020	165.666	50.952	1	0	2
1.988	2.030	165.567	50.947	1	0	2
1.991	2.042	165.465	50.943	1	0	2
1.995	2.053	165.366	50.938	1	0	2
1.998	2.064	165.265	50.934	1	0	2
2.002	2.075	165.166	50.930	1	0	2
2.006	2.086	165.065	50.926	1	0	2
2.009	2.097	164.967	50.922	1	0	2
2.013	2.108	164.865	50.918	1	0	2
2.017	2.119	164.768	50.915	1	0	2
2.020	2.130	164.666	50.911	1	0	2
2.024	2.141	164.569	50.908	1	0	2
2.028	2.152	164.468	50.905	1	0	2
2.031	2.163	164.370	50.903	1	0	2
2.035	2.174	164.270	50.900	1	0	2
2.038	2.185	164.172	50.897	1	0	2
2.042	2.196	164.072	50.895	1	0	2
2.046	2.207	163.975	50.893	1	0	2
2.049	2.218	163.878	50.891	1	0	2
2.053	2.229	163.778	50.889	1	0	2
2.056	2.240	163.681	50.887	1	0	2
2.060	2.251	163.581	50.886	1	0	2
2.064	2.262	163.484	50.885	1	0	2
2.067	2.274	163.385	50.883	1	0	2
2.071	2.284	163.288	50.882	1	0	2
2.075	2.296	163.189	50.881	1	0	2
2.078	2.307	163.092	50.881	1	0	2
2.082	2.318	162.993	50.880	1	0	2
2.086	2.329	162.897	50.880	1	0	2
2.089	2.340	162.798	50.880	1	0	2
2.093	2.351	162.702	50.880	1	0	2
2.097	2.362	162.603	50.880	1	0	2
2.100	2.373	162.507	50.880	1	0	2
2.104	2.384	162.409	50.880	1	0	2
2.107	2.395	162.313	50.881	1	0	2
2.111	2.406	162.215	50.882	1	0	2
2.115	2.417	162.119	50.883	1	0	2
2.118	2.428	162.021	50.884	1	0	2
2.122	2.439	161.926	50.885	1	0	2
2.126	2.450	161.827	50.886	1	0	2
2.129	2.461	161.732	50.888	1	0	2
2.133	2.472	161.634	50.889	1	0	2
2.136	2.483	161.540	50.891	1	0	2
2.140	2.495	161.442	50.893	1	0	2
2.144	2.505	161.347	50.895	1	0	2
2.147	2.517	161.249	50.898	1	0	2
2.151	2.528	161.155	50.900	1	0	2
2.155	2.539	161.057	50.903	1	0	2
2.158	2.550	160.963	50.906	1	0	2
2.162	2.560	160.869	50.909	1	0	2
2.166	2.572	160.772	50.912	1	0	2
2.169	2.583	160.678	50.915	1	0	2
2.173	2.594	160.581	50.918	1	0	2
2.176	2.605	160.487	50.922	1	0	2
2.180	2.616	160.390	50.926	1	0	2
2.184	2.627	160.296	50.930	1	0	2
2.187	2.638	160.199	50.934	1	0	2
2.191	2.649	160.106	50.938	1	0	2
2.195	2.660	160.009	50.942	1	0	2
2.198	2.671	159.916	50.947	1	0	2
2.202	2.682	159.822	50.951	1	0	2
2.205	2.693	159.729	50.956	1	0	2
2.209	2.704	159.633	50.961	1	0	2
2.213	2.715	159.540	50.966	1	0	2
2.216	2.726	159.444	50.971	1	0	2
2.220	2.737	159.351	50.976	1	0	2
2.224	2.748	159.255	50.982	1	0	2
2.227	2.759	159.162	50.988	1	0	2
2.231	2.770	159.066	50.994	1	0	2
2.234	2.781	158.973	50.999	1	0	2
2.238	2.792	158.878	51.006	1	0	2
2.242	2.803	158.785	51.012	1	0	2
2.245	2.814	158.690	51.018	1	0	2
2.249	2.825	158.597	51.025	1	0	2
2.253	2.837	158.502	51.032	1	0	2
2.256	2.847	158.410	51.039	1	0	2
2.260	2.859	158.314	51.046	1	0	2
2.263	2.870	158.222	51.053	1	0	2
2.267	2.880	158.130	51.060	1	0	2
2.271	2.892	158.035	51.068	1	0	2
2.274	2.902	157.944	51.075	1	0	2
2.278	2.914	157.849	51.083	1	0	2
2.282	2.925	157.757	51.091	1	0	2
2.285	2.936	157.662	51.099	1	0	2
2.289	2.947	157.571	51.107	1	0	2
2.293	2.958	157.476	51.116	1	0	2
2.296	2.969	157.384	51.124	1	0	2
2.300	2.980	157.290	51.133	1	0	2
2.303	2.991	157.199	51.142	1	0	2
2.307	3.002	157.104	51.151	1	0	2
2.311	3.013	157.013	51.160	1	0	2
2.314	3.024	156.919	51.169	1	0	2
2.318	3.035	156.828	51.178	1	0	2
2.322	3.046	156.734	51.188	1	0	2
2.325	3.057	156.643	51.198	1	0	2
2.329	3.068	156.549	51.208	1	0	2
2.332	3.079	156.458	51.218	1	0	2
2.336	3.090	156.364	51.228	1	0	2
2.340	3.101	156.273	51.238	1	0	2
2.343	3.113	156.180	51.249	1	0	2
2.347	3.123	156.089	51.259	1	0	2
2.351	3.135	155.995	51.270	1	0	2
2.354	3.146	155.905	51.281	1	0	2
2.358	3.157	155.811	51.292	1	0	2
2.362	3.168	155.721	51.303	1	0	2
2.365	3.179	155.628	51.314	1	0	2
2.369	3.190	155.537	51.326	1	0	2
2.373	3.201	155.444	51.337	1	0	2
2.376	3.212	155.354	51.349	1	0	2
2.380	3.223	155.264	51.361	1	0	2
2.383	3.234	155.171	51.373	1	0	2
2.387	3.245	155.081	51.385	1	0	2
2.391	3.256	154.988	51.397	1	0	2
2.394	3.267	154.898	51.410	1	0	2
2.398	3.278	154.805	51.422	1	0	2
2.402	3.289	154.715	51.435	1	0	2
2.405	3.300	154.623	51.448	1	0	2
2.409	3.311	154.533	51.461	1	0	2
2.412	3.322	154.440	51.474	1	0	2
2.416	3.333	154.351	51.487	1	0	2
2.420	3.344	154.258	51.501	1	0	2
2.423	3.355	154.172	51.514	1	0	2
2.427	3.366	154.079	51.528	1	0	2
2.431	3.377	153.990	51.542	1	0	2
2.434	3.388	153.897	51.556	1	0	2
2.438	3.399	153.808	51.570	1	0	2
2.441	3.410	153.716	51.584	1	0	2
2.445	3.421	153.627	51.598	1	0	2
2.449	3.432	153.534	51.613	1	0	2
2.452	3.443	153.445	51.628	1	0	2
2.456	3.455	153.353	51.643	1	0	2
2.460	3.465	153.264	51.657	1	0	2
2.463	3.477	153.172	51.673	1	0	2
2.467	3.488	153.083	51.688	1	0	2
2.471	3.499	152.991	51.703	1	0	2
2.474	3.510	152.902	51.719	1	0	2
2.478	3.521	152.810	51.735	1	0	2
2.482	3.532	152.722	51.750	1	0	2
2.485	3.543	152.633	51.766	1	0	2
2.489	3.554	152.541	51.782	1	0	2
2.492	3.565	152.453	51.798	1	0	2
2.496	3.576	152.361	51.815	1	0	2
2.500	3.587	152.272	51.831	1	0	2
2.503	3.598	152.181	51.848	1	0	2
2.507	3.609	152.092	51.865	1	0	2
2.511	3.620	152.001	51.882	1	0	2
2.514	3.631	151.912	51.899	1	0	2
2.518	3.642	151.821	51.916	1	0	2
2.522	3.653	151.733	51.933	1	0	2
2.525	3.664	151.641	51.951	1	0	2
2.529	3.675	151.553	51.968	1	0	2
2.533	3.686	151.462	51.986	1	0	2
2.536	3.697	151.374	52.004	1	0	2
2.540	3.709	151.283	52.022	1	0	2
2.543	3.719	151.195	52.040	1	0	2
2.547	3.731	151.104	52.059	1	0	2
2.551	3.742	151.016	52.077	1	0	2
2.554	3.753	150.925	52.096	1	0	2
2.558	3.763	150.840	52.114	1	0	2
2.562	3.775	150.748	52.133	1	0	2
2.565	3.785	150.660	52.151	1	0	2
2.569	3.797	150.569	52.170	1	0	2
2.573	3.808	150.481	52.189	1	0	2
2.576	3.819	150.390	52.208	1	0	2
2.580	3.830	150.302	52.227	1	0	2
2.584	3.841	150.211	52.247	1	0	2
2.587	3.852	150.123	52.266	1	0	2
2.591	3.863	150.035	52.286	1	0	2
2.595	3.873	149.946	52.302	1	0	2
2.599	3.884	149.856	52.317	1	0	2
2.603	3.895	149.763	52.332	1	0	2
2.610	3.904	149.670	52.315	1	0	2
2.619	3.902	149.620	52.228	1	1	2
2.624	3.892	149.659	52.141	0	1	2
2.628	3.881	149.698	52.056	0	1	2
2.632	3.870	149.739	51.973	0	1	2
2.636	3.859	149.780	51.887	0	1	2
2.640	3.848	149.820	51.804	0	1	2
2.644	3.837	149.861	51.717	0	1	2
2.648	3.826	149.901	51.634	0	1	2
2.652	3.815	149.942	51.548	0	1	2
2.656	3.804	149.982	51.465	0	1	2
2.660	3.793	150.023	51.379	0	1	2
2.664	3.782	150.062	51.295	0	1	2
2.668	3.771	150.103	51.209	0	1	2
2.672	3.761	150.142	51.126	0	1	2
2.676	3.749	150.183	51.040	0	1	2
2.680	3.739	150.222	50.957	0	1	2
2.684	3.728	150.263	50.871	0	1	2
2.688	3.717	150.301	50.788	0	1	2
2.692	3.706	150.342	50.702	0	1	2
2.696	3.695	150.380	50.619	0	1	2
2.700	3.684	150.419	50.536	0	1	2
2.704	3.673	150.458	50.453	0	1	2
2.708	3.662	150.498	50.368	0	1	2
2.711	3.652	150.536	50.285	0	1	2
2.716	3.640	150.576	50.199	0	1	2
2.719	3.630	150.614	50.116	0	1	2
2.723	3.619	150.652	50.033	0	1	2
2.727	3.608	150.692	49.948	0	1	2
2.731	3.597	150.730	49.865	0	1	2
2.735	3.586	150.769	49.779	0	1	2
2.739	3.575	150.807	49.697	0	1	2
2.743	3.564	150.846	49.611	0	1	2
2.747	3.553	150.883	49.528	0	1	2
2.751	3.542	150.922	49.443	0	1	2
2.755	3.531	150.960	49.360	0	1	2
2.759	3.520	150.998	49.274	0	1	2
2.763	3.510	151.036	49.192	0	1	2
2.767	3.499	151.074	49.106	0	1	2
2.771	3.488	151.111	49.024	0	1	2
2.775	3.477	151.150	48.938	0	1	2
2.779	3.466	151.187	48.855	0	1	2
2.783	3.455	151.223	48.773	0	1	2
2.787	3.444	151.260	48.690	0	1	2
2.791	3.433	151.298	48.605	0	1	2
2.795	3.423	151.335	48.522	0	1	2
2.799	3.411	151.373	48.437	0	1	2
2.803	3.401	151.409	48.354	0	1	2
2.807	3.390	151.447	48.268	0	1	2
2.811	3.379	151.483	48.186	0	1	2
2.815	3.368	151.521	48.100	0	1	2
2.819	3.357	151.557	48.018	0	1	2
2.823	3.346	151.594	47.932	0	1	2
2.827	3.335	151.630	47.850	0	1	2
2.831	3.324	151.667	47.764	0	1	2
2.835	3.313	151.703	47.682	0	1	2
2.839	3.302	151.739	47.599	0	1	2
2.843	3.291	151.776	47.514	0	1	2
2.847	3.281	151.811	47.431	0	1	2
2.851	3.269	151.848	47.346	0	1	2
2.855	3.259	151.883	47.263	0	1	2
2.859	3.248	151.920	47.178	0	1	2
2.863	3.237	151.955	47.095	0	1	2
2.867	3.226	151.991	47.010	0	1	2
2.871	3.215	152.026	46.927	0	1	2
2.875	3.204	152.062	46.842	0	1	2
2.878	3.193	152.096	46.762	0	1	2
2.882	3.182	152.132	46.677	0	1	2
2.886	3.172	152.167	46.594	0	1	2
2.890	3.160	152.202	46.509	0	1	2
2.894	3.150	152.237	46.426	0	1	2
2.898	3.139	152.272	46.341	0	1	2
2.902	3.128	152.307	46.258	0	1	2
2.906	3.117	152.342	46.173	0	1	2
2.910	3.106	152.376	46.090	0	1	2
2.914	3.095	152.411	46.005	0	1	2
2.918	3.084	152.445	45.922	0	1	2
2.922	3.073	152.480	45.837	0	1	2
2.926	3.062	152.514	45.754	0	1	2
2.930	3.051	152.548	45.669	0	1	2
2.934	3.040	152.582	45.586	0	1	2
2.938	3.029	152.617	45.501	0	1	2
2.942	3.019	152.650	45.418	0	1	2
2.946	3.007	152.684	45.332	0	1	2
2.950	2.997	152.717	45.250	0	1	2
2.954	2.986	152.752	45.164	0	1	2
2.958	2.975	152.785	45.082	0	1	2
2.962	2.964	152.818	44.999	0	1	2
2.966	2.953	152.851	44.913	0	1	2
2.970	2.942	152.884	44.831	0	1	2
2.974	2.931	152.918	44.745	0	1	2
2.978	2.920	152.950	44.662	0	1	2
2.982	2.909	152.984	44.577	0	1	2
2.986	2.898	153.016	44.494	0	1	2
2.990	2.887	153.050	44.408	0	1	2
2.994	2.877	153.082	44.326	0	1	2
2.998	2.866	153.115	44.240	0	1	2
3.002	2.855	153.147	44.157	0	1	2
3.006	2.844	153.180	44.071	0	1	2
3.010	2.833	153.212	43.988	0	1	2
3.014	2.822	153.244	43.903	0	1	2
3.018	2.811	153.276	43.820	0	1	2
3.022	2.800	153.308	43.734	0	1	2
3.026	2.789	153.340	43.651	0	1	2
3.030	2.778	153.372	43.565	0	1	2
3.034	2.767	153.403	43.482	0	1	2
3.038	2.756	153.436	43.397	0	1	2
3.042	2.745	153.467	43.314	0	1	2
3.046	2.734	153.499	43.228	0	1	2
3.049	2.724	153.529	43.145	0	1	2
3.054	2.712	153.561	43.059	0	1	2
3.057	2.702	153.592	42.976	0	1	2
3.061	2.691	153.623	42.890	0	1	2
3.065	2.680	153.654	42.806	0	1	2
3.069	2.669	153.685	42.720	0	1	2
3.073	2.658	153.715	42.637	0	1	2
3.077	2.647	153.745	42.554	0	1	2
3.081	2.636	153.776	42.468	0	1	2
3.085	2.625	153.806	42.385	0	1	2
3.089	2.614	153.837	42.299	0	1	2
3.093	2.604	153.867	42.215	0	1	2
3.097	2.592	153.898	42.129	0	1	2
3.101	2.582	153.927	42.046	0	1	2
3.105	2.571	153.958	41.960	0	1	2
3.109	2.560	153.987	41.876	0	1	2
3.113	2.549	154.017	41.790	0	1	2
3.117	2.538	154.046	41.706	0	1	2
3.121	2.527	154.076	41.620	0	1	2
3.125	2.516	154.105	41.536	0	1	2
3.129	2.505	154.135	41.450	0	1	2
3.133	2.494	154.164	41.366	0	1	2
3.137	2.483	154.194	41.280	0	1	2
3.141	2.472	154.222	41.196	0	1	2
3.145	2.462	154.251	41.113	0	1	2
3.149	2.451	154.279	41.029	0	1	2
3.153	2.440	154.308	40.942	0	1	2
3.157	2.429	154.336	40.858	0	1	2
3.161	2.418	154.365	40.771	0	1	2
3.165	2.407	154.393	40.687	0	1	2
3.169	2.396	154.421	40.600	0	1	2
3.173	2.385	154.449	40.516	0	1	2
3.177	2.374	154.478	40.429	0	1	2
3.181	2.363	154.505	40.345	0	1	2
3.185	2.352	154.533	40.258	0	1	2
3.189	2.342	154.560	40.174	0	1	2
3.193	2.330	154.589	40.087	0	1	2
3.197	2.320	154.616	40.003	0	1	2
3.201	2.309	154.642	39.919	0	1	2
3.205	2.298	154.670	39.831	0	1	2
3.209	2.287	154.697	39.747	0	1	2
3.213	2.276	154.724	39.660	0	1	2
3.217	2.265	154.751	39.575	0	1	2
3.221	2.254	154.778	39.488	0	1	2
3.225	2.243	154.804	39.403	0	1	2
3.229	2.232	154.831	39.316	0	1	2
3.233	2.222	154.858	39.231	0	1	2
3.237	2.210	154.884	39.144	0	1	2
3.241	2.200	154.910	39.059	0	1	2
3.245	2.189	154.937	38.971	0	1	2
3.249	2.178	154.962	38.886	0	1	2
3.253	2.167	154.989	38.799	0	1	2
3.257	2.156	155.014	38.714	0	1	2
3.261	2.145	155.040	38.626	0	1	2
3.265	2.134	155.066	38.541	0	1	2
3.269	2.123	155.092	38.453	0	1	2
3.273	2.112	155.117	38.368	0	1	2
3.277	2.101	155.142	38.280	0	1	2
3.280	2.090	155.167	38.195	0	1	2
3.285	2.079	155.193	38.107	0	1	2
3.288	2.068	155.217	38.021	0	1	2
3.293	2.057	155.242	37.933	0	1	2
3.296	2.047	155.267	37.848	0	1	2
3.301	2.036	155.292	37.759	0	1	2
3.304	2.025	155.316	37.674	0	1	2
3.309	2.014	155.341	37.585	0	1	2
3.312	2.003	155.364	37.500	0	1	2
3.316	1.992	155.388	37.414	0	1	2
3.320	1.981	155.413	37.326	0	1	2
3.324	1.970	155.436	37.240	0	1	2
3.328	1.959	155.460	37.151	0	1	2
3.332	1.948	155.484	37.065	0	1	2
3.336	1.937	155.508	36.976	0	1	2
3.340	1.927	155.531	36.890	0	1	2
3.344	1.915	155.554	36.801	0	1	2
3.348	1.905	155.577	36.715	0	1	2
3.352	1.894	155.600	36.629	0	1	2
3.356	1.883	155.622	36.543	0	1	2
3.360	1.872	155.645	36.454	0	1	2
3.364	1.861	155.668	36.367	0	1	2
3.368	1.850	155.691	36.278	0	1	2
3.372	1.840	155.713	36.191	0	1	2
3.376	1.828	155.735	36.102	0	1	2
3.380	1.818	155.757	36.015	0	1	2
3.384	1.807	155.780	35.926	0	1	2
3.388	1.796	155.801	35.839	0	1	2
3.392	1.785	155.823	35.749	0	1	2
3.396	1.774	155.845	35.662	0	1	2
3.400	1.763	155.867	35.572	0	1	2
3.404	1.752	155.888	35.485	0	1	2
3.408	1.741	155.909	35.395	0	1	2
3.412	1.730	155.930	35.308	0	1	2
3.416	1.719	155.952	35.218	0	1	2
3.420	1.708	155.972	35.130	0	1	2
3.424	1.697	155.993	35.040	0	1	2
3.428	1.687	156.014	34.952	0	1	2
3.432	1.675	156.035	34.862	0	1	2
3.436	1.665	156.055	34.774	0	1	2
3.440	1.654	156.075	34.687	0	1	2
3.444	1.643	156.095	34.596	0	1	2
3.448	1.632	156.115	34.508	0	1	2
3.452	1.621	156.135	34.417	0	1	2
3.456	1.610	156.155	34.329	0	1	2
3.460	1.599	156.174	34.238	0	1	2
3.464	1.588	156.194	34.150	0	1	2
3.468	1.577	156.213	34.059	0	1	2
3.472	1.566	156.232	33.971	0	1	2
3.476	1.555	156.252	33.879	0	1	2
3.480	1.545	156.270	33.791	0	1	2
3.484	1.534	156.290	33.699	0	1	2
3.488	1.523	156.308	33.611	0	1	2
3.492	1.512	156.327	33.519	0	1	2
3.496	1.501	156.345	33.430	0	1	2
3.500	1.490	156.364	33.338	0	1	2
3.504	1.479	156.382	33.249	0	1	2
3.508	1.468	156.400	33.157	0	1	2
3.512	1.457	156.418	33.068	0	1	2
3.516	1.446	156.436	32.976	0	1	2
3.520	1.435	156.453	32.887	0	1	2
3.524	1.424	156.471	32.794	0	1	2
3.528	1.413	156.488	32.705	0	1	2
3.532	1.402	156.506	32.612	0	1	2
3.537	1.392	156.513	32.518	0	1	2
3.543	1.383	156.506	32.411	0	1	2
3.553	1.378	156.435	32.283	1	1	2
3.564	1.377	156.330	32.147	1	2	5
3.576	1.376	156.229	32.021	1	1	2
3.587	1.376	156.121	31.893	1	1	2
3.599	1.376	156.010	31.761	1	2	5
3.610	1.375	155.905	31.637	1	1	2
3.622	1.376	155.793	31.507	1	1	2
3.634	1.376	155.683	31.382	1	1	2
3.645	1.376	155.570	31.252	1	1	2
3.657	1.376	155.461	31.126	1	1	2
3.669	1.376	155.348	30.996	1	1	2
3.680	1.376	155.238	30.871	1	1	2
3.692	1.376	155.129	30.745	1	1	2
3.703	1.377	155.019	30.620	1	1	2
3.715	1.377	154.905	30.491	1	1	2
3.726	1.377	154.796	30.366	1	1	2
3.738	1.377	154.682	30.237	1	1	2
3.749	1.378	154.575	30.117	1	1	2
3.761	1.378	154.460	29.988	1	1	2
3.773	1.378	154.349	29.863	1	1	2
3.785	1.379	154.235	29.734	1	1	2
3.796	1.379	154.127	29.614	1	1	2
3.808	1.379	154.012	29.486	1	1	2
3.819	1.380	153.901	29.362	1	1	2
3.830	1.381	153.790	29.246	1	1	2
3.834	1.392	153.704	29.254	1	0	2
3.837	1.403	153.620	29.271	1	0	2
3.841	1.414	153.538	29.288	1	0	2
3.844	1.425	153.454	29.306	1	0	2
3.847	1.436	153.373	29.323	1	0	2
3.851	1.448	153.289	29.340	1	0	2
3.854	1.459	153.208	29.358	1	0	2
3.858	1.470	153.124	29.376	1	0	2
3.861	1.481	153.043	29.393	1	0	2
3.864	1.492	152.962	29.411	1	0	2
3.867	1.503	152.882	29.429	1	0	2
3.871	1.514	152.801	29.447	1	0	2
3.874	1.525	152.718	29.466	1	0	2
3.877	1.536	152.638	29.484	1	0	2
3.881	1.548	152.555	29.504	1	0	2
3.884	1.559	152.475	29.522	1	0	2
3.888	1.570	152.392	29.542	1	0	2
3.891	1.581	152.312	29.561	1	0	2
3.894	1.592	152.229	29.581	1	0	2
3.897	1.603	152.150	29.600	1	0	2
3.901	1.615	152.067	29.620	1	0	2
3.904	1.625	151.990	29.639	1	0	2
3.907	1.636	151.908	29.660	1	0	2
3.911	1.647	151.829	29.680	1	0	2
3.914	1.659	151.747	29.701	1	0	2
3.917	1.670	151.668	29.721	1	0	2
3.921	1.681	151.586	29.742	1	0	2
3.924	1.692	151.507	29.763	1	0	2
3.927	1.703	151.425	29.785	1	0	2
3.931	1.714	151.346	29.805	1	0	2
3.934	1.726	151.265	29.827	1	0	2
3.937	1.737	151.186	29.848	1	0	2
3.941	1.748	151.104	29.870	1	0	2
3.944	1.759	151.026	29.892	1	0	2
3.947	1.770	150.947	29.913	1	0	2
3.950	1.781	150.869	29.935	1	0	2
3.954	1.792	150.787	29.957	1	0	2
3.957	1.803	150.709	29.979	1	0	2
3.960	1.814	150.630	30.000	1	0	2
3.964	1.826	150.549	30.023	1	0	2
3.967	1.837	150.471	30.045	1	0	2
3.970	1.848	150.390	30.068	1	0	2
3.974	1.859	150.312	30.090	1	0	2
3.977	1.870	150.231	30.114	1	0	2
3.980	1.881	150.153	30.136	1	0	2
3.984	1.892	150.072	30.160	1	0	2
3.987	1.903	149.994	30.183	1	0	2
3.990	1.915	149.914	30.206	1	0	2
3.994	1.926	149.836	30.229	1	0	2
3.997	1.937	149.756	30.253	1	0	2
4.000	1.948	149.678	30.277	1	0	2
4.004	1.959	149.597	30.301	1	0	2
4.007	1.970	149.520	30.324	1	0	2
4.010	1.982	149.440	30.349	1	0	2
4.014	1.992	149.362	30.373	1	0	2
4.017	2.004	149.282	30.398	1	0	2
4.020	2.015	149.205	30.422	1	0	2
4.024	2.026	149.125	30.447	1	0	2
4.027	2.037	149.047	30.471	1	0	2
4.030	2.048	148.967	30.496	1	0	2
4.034	2.059	148.890	30.521	1	0	2
4.037	2.071	148.811	30.546	1	0	2
4.040	2.082	148.733	30.571	1	0	2
4.044	2.093	148.654	30.597	1	0	2
4.047	2.104	148.577	30.622	1	0	2
4.050	2.115	148.497	30.648	1	0	2
4.054	2.126	148.420	30.673	1	0	2
4.057	2.138	148.341	30.700	1	0	2
4.060	2.148	148.264	30.725	1	0	2
4.064	2.159	148.187	30.751	1	0	2
4.067	2.171	148.108	30.777	1	0	2
4.070	2.182	148.031	30.803	1	0	2
4.074	2.193	147.952	30.830	1	0	2
4.077	2.204	147.876	30.856	1	0	2
4.080	2.215	147.797	30.884	1	0	2
4.084	2.226	147.720	30.910	1	0	2
4.087	2.238	147.641	30.937	1	0	2
4.090	2.249	147.565	30.964	1	0	2
4.094	2.260	147.486	30.992	1	0	2
4.097	2.271	147.409	31.018	1	0	2
4.100	2.282	147.331	31.046	1	0	2
4.104	2.293	147.254	31.073	1	0	2
4.107	2.304	147.176	31.101	1	0	2
4.110	2.315	147.100	31.129	1	0	2
4.114	2.327	147.021	31.157	1	0	2
4.117	2.338	146.945	31.185	1	0	2
4.120	2.349	146.866	31.213	1	0	2
4.124	2.360	146.790	31.241	1	0	2
4.127	2.371	146.712	31.270	1	0	2
4.130	2.382	146.636	31.298	1	0	2
4.134	2.394	146.557	31.327	1	0	2
4.137	2.405	146.482	31.355	1	0	2
4.140	2.416	146.403	31.384	1	0	2
4.144	2.426	146.330	31.412	1	0	2
4.147	2.438	146.251	31.440	1	0	2
4.150	2.449	146.175	31.468	1	0	2
4.154	2.460	146.096	31.497	1	0	2
4.157	2.471	146.020	31.525	1	0	2
4.161	2.482	145.944	31.553	1	0	2
4.164	2.493	145.866	31.583	1	0	2
4.167	2.504	145.789	31.611	1	0	2
4.171	2.515	145.711	31.641	1	0	2
4.174	2.526	145.635	31.669	1	0	2
4.178	2.538	145.556	31.699	1	0	2
4.181	2.549	145.481	31.728	1	0	2
4.185	2.560	145.402	31.758	1	0	2
4.188	2.571	145.326	31.787	1	0	2
4.191	2.582	145.248	31.817	1	0	2
4.195	2.593	145.172	31.846	1	0	2
4.198	2.604	145.094	31.877	1	0	2
4.202	2.615	145.018	31.906	1	0	2
4.205	2.627	144.940	31.937	1	0	2
4.208	2.638	144.864	31.966	1	0	2
4.212	2.649	144.786	31.997	1	0	2
4.215	2.660	144.711	32.027	1	0	2
4.219	2.671	144.633	32.058	1	0	2
4.222	2.682	144.557	32.089	1	0	2
4.226	2.693	144.479	32.120	1	0	2
4.229	2.704	144.404	32.150	1	0	2
4.232	2.716	144.326	32.182	1	0	2
4.236	2.727	144.250	32.212	1	0	2
4.239	2.738	144.172	32.244	1	0	2
4.243	2.749	144.097	32.275	1	0	2
4.246	2.760	144.019	32.307	1	0	2
4.249	2.771	143.944	32.338	1	0	2
4.253	2.782	143.866	32.370	1	0	2
4.256	2.793	143.791	32.402	1	0	2
4.260	2.805	143.713	32.434	1	0	2
4.263	2.816	143.638	32.465	1	0	2
4.266	2.827	143.563	32.497	1	0	2
4.270	2.838	143.485	32.530	1	0	2
4.273	2.849	143.410	32.562	1	0	2
4.277	2.860	143.332	32.595	1	0	2
4.280	2.871	143.257	32.627	1	0	2
4.284	2.882	143.180	32.660	1	0	2
4.287	2.893	143.105	32.692	1	0	2
4.290	2.905	143.027	32.725	1	0	2
4.294	2.916	142.952	32.758	1	0	2
4.297	2.927	142.875	32.792	1	0	2
4.301	2.938	142.800	32.824	1	0	2
4.304	2.949	142.723	32.858	1	0	2
4.307	2.960	142.648	32.891	1	0	2
4.311	2.971	142.570	32.925	1	0	2
4.314	2.982	142.496	32.958	1	0	2
4.318	2.994	142.418	32.992	1	0	2
4.321	3.005	142.343	33.026	1	0	2
4.325	3.015	142.268	33.058	1	0	2
4.328	3.026	142.193	33.091	1	0	2
4.332	3.038	142.115	33.124	1	0	2
4.335	3.049	142.040	33.157	1	0	2
4.339	3.060	141.962	33.191	1	0	2
4.342	3.071	141.887	33.224	1	0	2
4.346	3.082	141.809	33.258	1	0	2
4.349	3.093	141.734	33.291	1	0	2
4.353	3.104	141.656	33.326	1	0	2
4.356	3.115	141.581	33.359	1	0	2
4.360	3.126	141.503	33.393	1	0	2
4.363	3.137	141.428	33.427	1	0	2
4.367	3.148	141.353	33.461	1	0	2
4.370	3.159	141.275	33.495	1	0	2
4.374	3.170	141.200	33.529	1	0	2
4.377	3.182	141.122	33.564	1	0	2
4.381	3.192	141.047	33.598	1	0	2
4.384	3.204	140.970	33.634	1	0	2
4.388	3.215	140.895	33.668	1	0	2
4.391	3.226	140.817	33.704	1	0	2
4.395	3.237	140.742	33.738	1	0	2
4.398	3.248	140.665	33.774	1	0	2
4.402	3.259	140.590	33.808	1	0	2
4.405	3.270	140.512	33.844	1	0	2
4.409	3.281	140.437	33.879	1	0	2
4.412	3.292	140.360	33.915	1	0	2
4.416	3.303	140.285	33.950	1	0	2
4.419	3.315	140.207	33.987	1	0	2
4.423	3.326	140.132	34.022	1	0	2
4.426	3.337	140.055	34.059	1	0	2
4.430	3.348	139.980	34.094	1	0	2
4.433	3.359	139.903	34.131	1	0	2
4.437	3.370	139.828	34.167	1	0	2
4.440	3.381	139.750	34.204	1	0	2
4.444	3.392	139.676	34.240	1	0	2
4.447	3.403	139.598	34.277	1	0	2
4.451	3.414	139.523	34.313	1	0	2
4.454	3.426	139.446	34.350	1	0	2
4.458	3.436	139.371	34.387	1	0	2
4.461	3.448	139.294	34.424	1	0	2
4.465	3.459	139.219	34.461	1	0	2
4.468	3.470	139.144	34.497	1	0	2
4.472	3.481	139.067	34.535	1	0	2
4.475	3.492	138.992	34.572	1	0	2
4.479	3.503	138.915	34.610	1	0	2
4.482	3.514	138.840	34.647	1	0	2
4.486	3.525	138.763	34.686	1	0	2
4.489	3.536	138.688	34.723	1	0	2
4.493	3.547	138.613	34.759	1	0	2
4.497	3.558	138.537	34.796	1	0	2
4.500	3.569	138.459	34.833	1	0	2
4.504	3.580	138.384	34.870	1	0	2
4.507	3.591	138.306	34.908	1	0	2
4.511	3.602	138.231	34.944	1	0	2
4.515	3.613	138.153	34.982	1	0	2
4.518	3.624	138.077	35.019	1	0	2
4.522	3.635	137.999	35.058	1	0	2
4.526	3.646	137.924	35.095	1	0	2
4.529	3.657	137.846	35.133	1	0	2
4.533	3.668	137.771	35.171	1	0	2
4.536	3.680	137.693	35.209	1	0	2
4.540	3.690	137.618	35.247	1	0	2
4.544	3.702	137.540	35.286	1	0	2
4.547	3.713	137.464	35.323	1	0	2
4.551	3.724	137.386	35.363	1	0	2
4.555	3.735	137.311	35.401	1	0	2
4.558	3.746	137.233	35.440	1	0	2
4.562	3.757	137.158	35.478	1	0	2
4.565	3.768	137.080	35.518	1	0	2
4.569	3.779	137.005	35.556	1	0	2
4.573	3.790	136.927	35.596	1	0	2
4.576	3.801	136.851	35.634	1	0	2
4.580	3.812	136.776	35.673	1	0	2
4.583	3.823	136.698	35.713	1	0	2
4.587	3.834	136.623	35.752	1	0	2
4.591	3.845	136.545	35.792	1	0	2
4.594	3.856	136.470	35.831	1	0	2
4.598	3.867	136.392	35.872	1	0	2
4.602	3.878	136.316	35.911	1	0	2
4.605	3.889	136.238	35.952	1	0	2
4.609	3.900	136.163	35.991	1	0	2
4.612	3.912	136.085	36.032	1	0	2
4.616	3.922	136.010	36.072	1	0	2
4.620	3.934	135.932	36.113	1	0	2
4.623	3.945	135.856	36.153	1	0	2
4.627	3.956	135.778	36.194	1	0	2
4.631	3.967	135.703	36.234	1	0	2
4.634	3.978	135.625	36.276	1	0	2
4.638	3.989	135.550	36.316	1	0	2
4.641	4.000	135.472	36.358	1	0	2
4.645	4.011	135.396	36.398	1	0	2
4.649	4.022	135.318	36.440	1	0	2
4.652	4.033	135.243	36.481	1	0	2
4.656	4.044	135.167	36.521	1	0	2
4.660	4.055	135.091	36.561	1	0	2
4.663	4.066	135.012	36.602	1	0	2
4.667	4.077	134.936	36.643	1	0	2
4.671	4.088	134.858	36.684	1	0	2
4.674	4.099	134.782	36.725	1	0	2
4.678	4.110	134.703	36.767	1	0	2
4.682	4.121	134.627	36.807	1	0	2
4.685	4.132	134.551	36.848	1	0	2
4.689	4.143	134.472	36.890	1	0	2
4.693	4.154	134.396	36.931	1	0	2
4.697	4.165	134.318	36.974	1	0	2
4.700	4.176	134.241	37.015	1	0	2
4.704	4.187	134.163	37.058	1	0	2
4.708	4.198	134.087	37.099	1	0	2
4.712	4.209	134.008	37.142	1	0	2
4.715	4.220	133.932	37.184	1	0	2
4.719	4.231	133.853	37.227	1	0	2
4.723	4.242	133.777	37.268	1	0	2
4.726	4.253	133.698	37.312	1	0	2
4.730	4.264	133.622	37.354	1	0	2
4.734	4.275	133.543	37.397	1	0	2
4.737	4.286	133.467	37.439	1	0	2
4.741	4.297	133.391	37.482	1	0	2
4.745	4.308	133.313	37.522	1	0	2
4.749	4.319	133.234	37.565	1	0	2
4.753	4.330	133.156	37.606	1	0	2
4.757	4.341	133.076	37.648	1	0	2
4.760	4.352	132.999	37.690	1	0	2
4.764	4.363	132.919	37.732	1	0	2
4.768	4.374	132.842	37.774	1	0	2
4.772	4.385	132.762	37.817	1	0	2
4.776	4.396	132.685	37.859	1	0	2
4.780	4.407	132.605	37.902	1	0	2
4.784	4.418	132.528	37.944	1	0	2
4.788	4.429	132.448	37.987	1	0	2
4.791	4.440	132.370	38.029	1	0	2
4.796	4.450	132.292	38.069	1	0	2
4.800	4.461	132.212	38.107	1	0	2
4.804	4.472	132.133	38.146	1	0	2
4.808	4.483	132.051	38.187	1	0	2
4.812	4.493	131.971	38.226	1	0	2
4.817	4.504	131.889	38.266	1	0	2
4.821	4.515	131.809	38.306	1	0	2
4.825	4.526	131.727	38.346	1	0	2
4.830	4.537	131.648	38.386	1	0	2
4.834	4.547	131.566	38.421	1	0	2
4.839	4.558	131.484	38.455	1	0	2
4.844	4.568	131.398	38.490	1	0	2
4.849	4.579	131.316	38.523	1	0	2
4.854	4.590	131.230	38.558	1	0	2
4.859	4.600	131.148	38.592	1	0	2
4.864	4.611	131.062	38.628	1	0	2
4.868	4.621	130.982	38.660	1	0	2
4.875	4.631	130.890	38.679	1	0	2
4.881	4.640	130.801	38.697	1	0	2
4.888	4.650	130.710	38.716	1	0	2
4.894	4.660	130.621	38.735	1	0	2
4.900	4.669	130.529	38.754	1	0	2
4.907	4.679	130.440	38.773	1	0	2
4.913	4.689	130.348	38.793	1	0	2
4.920	4.698	130.259	38.812	1	0	2
4.926	4.708	130.167	38.832	1	0	2
4.932	4.718	130.079	38.852	1	0	2
4.940	4.726	129.986	38.856	1	0	2
4.948	4.734	129.892	38.849	1	0	2
4.957	4.742	129.793	38.842	1	0	2
4.966	4.750	129.699	38.835	1	0	2
4.974	4.758	129.604	38.828	1	0	2
4.983	4.766	129.506	38.821	1	0	2
4.991	4.773	129.411	38.814	1	0	2
5.000	4.781	129.313	38.807	1	0	2
5.009	4.789	129.218	38.801	1	0	2
5.017	4.797	129.120	38.795	1	0	2
5.027	4.803	129.029	38.771	1	0	2
5.037	4.808	128.931	38.735	1	0	2
5.047	4.814	128.837	38.700	1	0	2
5.058	4.819	128.739	38.664	1	0	2
5.068	4.824	128.645	38.630	1	0	2
5.079	4.830	128.547	38.595	1	0	2
5.089	4.835	128.453	38.560	1	0	2
5.099	4.840	128.355	38.525	1	0	2
5.110	4.845	128.261	38.491	1	0	2
5.120	4.851	128.163	38.457	1	0	2
5.131	4.854	128.076	38.407	1	1	2
5.142	4.856	127.984	38.347	1	1	2
5.153	4.859	127.896	38.289	1	1	2
5.165	4.862	127.804	38.230	1	1	2
5.176	4.864	127.716	38.172	1	1	2
5.188	4.867	127.624	38.113	1	1	2
5.199	4.869	127.536	38.055	1	1	2
5.210	4.872	127.444	37.996	1	1	2
5.221	4.875	127.356	37.939	1	1	2
5.233	4.877	127.264	37.880	1	1	2
5.244	4.879	127.180	37.823	1	1	2
5.256	4.880	127.098	37.744	1	1	2
5.267	4.880	127.019	37.668	1	1	2
5.279	4.880	126.937	37.590	1	1	2
5.290	4.880	126.858	37.514	1	1	2
5.302	4.880	126.779	37.439	1	1	2
5.314	4.880	126.697	37.361	1	1	2
5.325	4.880	126.617	37.285	1	1	2
5.337	4.880	126.535	37.207	1	1	2
5.348	4.880	126.456	37.132	1	1	2
5.360	4.879	126.385	37.046	1	1	2
5.371	4.876	126.318	36.956	1	1	2
5.383	4.874	126.249	36.863	1	1	2
5.394	4.872	126.182	36.772	1	1	2
5.405	4.869	126.113	36.679	1	1	2
5.417	4.867	126.046	36.589	1	1	2
5.428	4.864	125.976	36.496	1	1	2
5.440	4.862	125.909	36.406	1	1	2
5.451	4.860	125.840	36.313	1	1	2
5.462	4.857	125.777	36.224	1	1	2
5.473	4.852	125.724	36.119	1	1	2
5.483	4.848	125.672	36.018	1	1	2
5.494	4.843	125.618	35.913	1	1	2
5.505	4.838	125.565	35.812	1	1	2
5.516	4.834	125.511	35.707	1	1	2
5.526	4.829	125.459	35.606	1	1	2
5.537	4.824	125.405	35.501	1	1	2
5.547	4.820	125.352	35.400	1	1	2
5.558	4.815	125.297	35.295	1	1	2
5.567	4.808	125.263	35.191	0	1	2
5.577	4.801	125.228	35.079	0	1	2
5.586	4.795	125.194	34.971	0	1	2
5.595	4.787	125.159	34.859	0	1	2
5.605	4.781	125.125	34.751	0	1	2
5.614	4.774	125.091	34.643	0	1	2
5.623	4.767	125.055	34.531	0	1	2
5.632	4.760	125.021	34.422	0	1	2
5.642	4.753	124.985	34.310	0	1	2
5.650	4.745	124.966	34.204	0	1	2
5.658	4.736	124.948	34.090	0	1	2
5.665	4.728	124.930	33.979	0	1	2
5.673	4.719	124.911	33.865	0	1	2
5.680	4.711	124.897	33.759	0	1	2
5.687	4.701	124.892	33.645	0	1	2
5.694	4.691	124.887	33.535	0	1	2
5.700	4.682	124.882	33.421	0	1	2
5.707	4.672	124.877	33.311	0	1	2
5.712	4.662	124.883	33.203	0	1	2
5.717	4.651	124.892	33.096	0	1	2
5.722	4.641	124.901	32.986	0	1	2
5.727	4.630	124.910	32.879	0	1	2
5.731	4.620	124.927	32.776	0	1	2
5.735	4.609	124.952	32.676	0	1	2
5.738	4.597	124.977	32.573	0	1	2
5.741	4.586	125.001	32.473	0	1	2
5.743	4.575	125.034	32.379	0	1	2
5.744	4.563	125.075	32.290	0	1	2
5.745	4.552	125.117	32.199	0	1	2
5.746	4.540	125.157	32.111	0	1	2
5.747	4.528	125.199	32.019	0	1	2
5.748	4.517	125.239	31.931	0	1	2
5.749	4.506	125.280	31.843	0	1	2
5.749	4.494	125.327	31.761	-1	1	2
5.749	4.482	125.377	31.677	-1	1	2
5.749	4.471	125.424	31.595	-1	1	2
5.749	4.459	125.471	31.513	-1	1	2
5.749	4.448	125.520	31.429	-1	1	2
5.749	4.436	125.568	31.347	-1	1	2
5.749	4.424	125.616	31.263	-1	1	2
5.749	4.413	125.663	31.181	-1	1	2
5.749	4.401	125.712	31.097	-1	1	2
5.749	4.390	125.759	31.015	-1	1	2
5.749	4.378	125.807	30.931	-1	1	2
5.749	4.366	125.854	30.849	-1	1	2
5.749	4.355	125.902	30.765	-1	1	2
5.749	4.343	125.948	30.683	-1	1	2
5.749	4.331	125.996	30.599	-1	1	2
5.749	4.320	126.043	30.517	-1	1	2
5.749	4.308	126.090	30.433	-1	1	2
5.749	4.297	126.137	30.351	-1	1	2
5.749	4.285	126.184	30.267	-1	1	2
5.749	4.273	126.230	30.186	-1	1	2
5.749	4.261	126.278	30.101	-1	1	2
5.749	4.250	126.323	30.020	-1	1	2
5.749	4.238	126.371	29.936	-1	1	2
5.749	4.227	126.416	29.854	-1	1	2
5.749	4.215	126.463	29.770	-1	1	2
5.749	4.203	126.509	29.689	-1	1	2
5.749	4.192	126.555	29.605	-1	1	2
5.749	4.180	126.601	29.523	-1	1	2
5.750	4.168	126.647	29.439	-1	1	2
5.750	4.157	126.692	29.358	-1	1	2
5.750	4.145	126.739	29.274	-1	1	2
5.750	4.134	126.784	29.192	-1	1	2
5.750	4.122	126.828	29.111	-1	1	2
5.750	4.110	126.875	29.027	-1	1	2
5.750	4.099	126.919	28.945	-1	1	2
5.750	4.087	126.965	28.861	-1	1	2
5.750	4.076	127.010	28.780	-1	1	2
5.750	4.064	127.056	28.696	-1	1	2
5.750	4.052	127.100	28.615	-1	1	2
5.750	4.041	127.145	28.531	-1	1	2
5.750	4.029	127.189	28.449	-1	1	2
5.750	4.017	127.235	28.365	-1	1	2
5.750	4.006	127.279	28.284	0	1	2
5.750	3.994	127.324	28.200	-1	1	2
5.750	3.983	127.368	28.119	0	1	2
5.750	3.971	127.413	28.035	-1	1	2
5.750	3.959	127.456	27.953	0	1	2
5.750	3.948	127.501	27.869	-1	1	2
5.750	3.936	127.545	27.788	0	1	2
5.750	3.924	127.589	27.704	-1	1	2
5.750	3.913	127.633	27.623	0	1	2
5.750	3.901	127.677	27.539	-1	1	2
5.750	3.890	127.720	27.457	0	1	2
5.750	3.878	127.765	27.373	-1	1	2
5.750	3.866	127.807	27.292	0	1	2
5.750	3.854	127.852	27.208	-1	1	2
5.750	3.843	127.894	27.127	0	1	2
5.750	3.831	127.938	27.043	-1	1	2
5.750	3.820	127.981	26.961	0	1	2
5.750	3.808	128.025	26.877	0	1	2
5.750	3.796	128.067	26.796	0	1	2
5.750	3.785	128.111	26.712	0	1	2
5.750	3.773	128.153	26.631	0	1	2
5.750	3.762	128.195	26.549	0	1	2
5.750	3.750	128.238	26.465	0	1	2
5.750	3.739	128.280	26.384	0	1	2
5.750	3.727	128.323	26.300	0	1	2
5.750	3.715	128.365	26.219	0	1	2
5.750	3.703	128.408	26.134	0	1	2
5.750	3.692	128.449	26.053	0	1	2
5.750	3.680	128.492	25.969	0	1	2
5.750	3.669	128.533	25.888	0	1	2
5.750	3.657	128.576	25.804	0	1	2
5.750	3.645	128.617	25.722	0	1	2
5.750	3.634	128.660	25.638	0	1	2
5.750	3.622	128.701	25.557	0	1	2
5.750	3.610	128.743	25.472	0	1	2
5.750	3.599	128.784	25.391	0	1	2
5.750	3.587	128.826	25.307	0	1	2
5.750	3.576	128.867	25.225	0	1	2
5.750	3.564	128.908	25.141	0	1	2
5.750	3.552	128.949	25.060	0	1	2
5.750	3.541	128.991	24.976	0	1	2
5.750	3.529	129.031	24.894	0	1	2
5.750	3.517	129.073	24.810	0	1	2
5.750	3.506	129.113	24.728	0	1	2
5.750	3.494	129.154	24.644	0	1	2
5.750	3.483	129.194	24.562	0	1	2
5.750	3.471	129.235	24.478	0	1	2
5.750	3.459	129.275	24.397	0	1	2
5.750	3.447	129.316	24.312	0	1	2
5.750	3.436	129.355	24.231	0	1	2
5.750	3.425	129.395	24.149	0	1	2
5.750	3.413	129.436	24.065	0	1	2
5.750	3.401	129.475	23.983	0	1	2
5.750	3.390	129.516	23.898	0	1	2
5.750	3.378	129.555	23.817	0	1	2
5.750	3.366	129.595	23.732	0	1	2
5.750	3.355	129.634	23.651	0	1	2
5.750	3.343	129.674	23.566	0	1	2
5.750	3.332	129.713	23.484	0	1	2
5.750	3.320	129.753	23.400	0	1	2
5.750	3.308	129.792	23.318	0	1	2
5.750	3.296	129.832	23.233	0	1	2
5.750	3.285	129.870	23.151	0	1	2
5.750	3.273	129.910	23.067	0	1	2
5.750	3.262	129.947	22.988	0	1	2
5.750	3.250	129.986	22.903	0	1	2
5.750	3.239	130.024	22.821	0	1	2
5.750	3.227	130.063	22.736	0	1	2
5.750	3.216	130.101	22.655	0	1	2
5.750	3.204	130.141	22.570	0	1	2
5.750	3.192	130.178	22.488	0	1	2
5.750	3.181	130.217	22.403	0	1	2
5.750	3.169	130.255	22.321	0	1	2
5.750	3.157	130.294	22.236	0	1	2
5.750	3.146	130.331	22.154	0	1	2
5.750	3.134	130.370	22.069	0	1	2
5.750	3.123	130.407	21.987	0	1	2
5.750	3.111	130.445	21.902	0	1	2
5.750	3.099	130.482	21.820	0	1	2
5.750	3.087	130.521	21.735	0	1	2
5.750	3.076	130.557	21.652	0	1	2
5.750	3.065	130.594	21.570	0	1	2
5.750	3.053	130.632	21.485	0	1	2
5.750	3.041	130.669	21.403	0	1	2
5.750	3.029	130.707	21.317	0	1	2
5.750	3.018	130.743	21.235	0	1	2
5.750	3.006	130.781	21.150	0	1	2
5.750	2.995	130.817	21.067	0	1	2
5.750	2.983	130.854	20.982	0	1	2
5.750	2.972	130.890	20.899	0	1	2
5.750	2.960	130.927	20.814	0	1	2
5.750	2.948	130.963	20.731	0	1	2
5.750	2.936	131.000	20.646	0	1	2
5.750	2.925	131.036	20.563	0	1	2
5.750	2.913	131.073	20.478	0	1	2
5.750	2.902	131.108	20.395	0	1	2
5.750	2.890	131.145	20.309	0	1	2
5.750	2.878	131.180	20.226	0	1	2
5.750	2.867	131.217	20.141	0	1	2
5.750	2.855	131.252	20.058	0	1	2
5.750	2.843	131.288	19.972	0	1	2
5.750	2.832	131.323	19.889	0	1	2
5.750	2.820	131.359	19.803	0	1	2
5.750	2.809	131.394	19.720	0	1	2
5.750	2.797	131.430	19.634	0	1	2
5.750	2.785	131.465	19.551	0	1	2
5.750	2.774	131.500	19.465	0	1	2
5.750	2.762	131.535	19.382	0	1	2
5.750	2.750	131.570	19.296	0	1	2
5.750	2.739	131.605	19.212	0	1	2
5.750	2.727	131.639	19.129	0	1	2
5.750	2.716	131.674	19.043	0	1	2
5.750	2.704	131.708	18.959	0	1	2
5.750	2.692	131.743	18.873	0	1	2
5.750	2.681	131.777	18.789	0	1	2
5.750	2.669	131.812	18.703	0	1	2
5.750	2.658	131.845	18.619	0	1	2
5.750	2.646	131.880	18.533	0	1	2
5.750	2.634	131.913	18.449	0	1	2
5.750	2.623	131.948	18.362	0	1	2
5.750	2.611	131.981	18.278	0	1	2
5.750	2.599	132.016	18.192	0	1	2
5.750	2.588	132.049	18.108	0	1	2
5.750	2.576	132.083	18.021	0	1	2
5.750	2.565	132.116	17.937	0	1	2
5.750	2.553	132.149	17.850	0	1	2
5.750	2.541	132.182	17.766	0	1	2
5.750	2.530	132.216	17.679	0	1	2
5.750	2.518	132.248	17.594	0	1	2
5.750	2.506	132.282	17.507	0	1	2
5.750	2.495	132.314	17.423	0	1	2
5.750	2.483	132.347	17.335	0	1	2
5.750	2.472	132.380	17.251	0	1	2
5.750	2.460	132.413	17.163	0	1	2
5.750	2.448	132.445	17.079	0	1	2
5.750	2.436	132.478	16.991	0	1	2
5.750	2.425	132.509	16.907	0	1	2
5.750	2.413	132.542	16.819	0	1	2
5.750	2.402	132.574	16.734	0	1	2
5.750	2.390	132.606	16.646	0	1	2
5.750	2.379	132.637	16.561	0	1	2
5.750	2.367	132.669	16.476	0	1	2
5.750	2.355	132.701	16.388	0	1	2
5.750	2.344	132.732	16.303	0	1	2
5.750	2.332	132.764	16.215	0	1	2
5.750	2.321	132.795	16.130	0	1	2
5.750	2.309	132.827	16.042	0	1	2
5.750	2.297	132.858	15.956	0	1	2
5.750	2.285	132.889	15.868	0	1	2
5.750	2.274	132.920	15.782	0	1	2
5.750	2.262	132.951	15.694	0	1	2
5.750	2.251	132.981	15.608	0	1	2
5.750	2.239	133.013	15.520	0	1	2
5.750	2.227	133.043	15.434	0	1	2
5.750	2.216	133.074	15.345	0	1	2
5.750	2.204	133.104	15.259	0	1	2
5.750	2.192	133.134	15.170	0	1	2
5.750	2.181	133.164	15.084	0	1	2
5.750	2.169	133.195	14.995	0	1	2
5.750	2.158	133.224	14.909	0	1	2
5.750	2.146	133.255	14.819	0	1	2
5.750	2.134	133.284	14.733	0	1	2
5.750	2.123	133.314	14.644	0	1	2
5.750	2.111	133.343	14.557	0	1	2
5.750	2.099	133.373	14.468	0	1	2
5.750	2.088	133.402	14.381	0	1	2
5.750	2.076	133.432	14.291	0	1	2
5.750	2.065	133.461	14.204	0	1	2
5.750	2.053	133.490	14.115	0	1	2
5.750	2.041	133.519	14.028	0	1	2
5.750	2.030	133.547	13.941	0	1	2
5.750	2.019	133.580	13.858	0	1	2
5.749	2.007	133.616	13.779	0	1	2
5.748	1.995	133.654	13.697	0	1	2
5.747	1.984	133.689	13.617	0	1	2
5.746	1.972	133.726	13.535	0	1	2
5.745	1.961	133.762	13.455	0	1	2
5.745	1.949	133.799	13.373	0	1	2
5.744	1.937	133.834	13.293	0	1	2
5.742	1.926	133.880	13.224	-1	1	2
5.740	1.915	133.927	13.158	-1	1	2
5.737	1.903	133.975	13.089	-1	1	2
5.735	1.892	134.022	13.022	-1	1	2
5.732	1.881	134.074	12.961	-1	1	2
5.729	1.870	134.130	12.907	-1	1	2
5.726	1.858	134.189	12.850	-1	1	2
5.722	1.847	134.246	12.796	-1	1	2
5.718	1.837	134.309	12.751	-1	1	2
5.714	1.826	134.377	12.713	-1	0	2
5.709	1.815	134.448	12.674	-1	0	2
5.704	1.805	134.516	12.642	-1	0	2
5.697	1.795	134.601	12.628	-1	0	2
5.691	1.786	134.684	12.615	-1	0	2
5.684	1.777	134.771	12.613	-1	0	2
5.675	1.770	134.870	12.639	-1	0	2
5.666	1.762	134.973	12.665	-1	0	2
5.657	1.754	135.073	12.691	-1	0	2
5.648	1.747	135.176	12.718	-1	0	2
5.639	1.739	135.276	12.745	-1	0	2
5.629	1.734	135.385	12.805	-1	-1	2
5.619	1.730	135.494	12.870	-1	-1	2
5.608	1.725	135.604	12.934	-1	-1	2
5.597	1.721	135.717	13.002	-1	-1	2
5.587	1.716	135.827	13.067	-1	-1	2
5.576	1.711	135.937	13.132	-1	-1	2
5.565	1.709	136.049	13.221	-1	-1	2
5.554	1.706	136.164	13.314	-1	-1	2
5.542	1.704	136.276	13.403	-1	-1	2
5.531	1.701	136.392	13.496	-1	-1	2
5.520	1.699	136.504	13.586	-1	-1	2
5.508	1.697	136.620	13.679	-1	-1	2
5.497	1.694	136.732	13.769	-1	-1	2
5.485	1.692	136.848	13.863	-1	-1	2
5.474	1.690	136.955	13.956	-1	-1	2
5.463	1.688	137.070	14.059	-1	-1	2
5.451	1.687	137.182	14.158	-1	-1	2
5.439	1.685	137.297	14.262	-1	-1	2
5.428	1.684	137.408	14.362	-1	-1	2
5.416	1.683	137.523	14.465	-1	-1	2
5.405	1.681	137.634	14.566	-1	-1	2
5.393	1.680	137.749	14.670	-1	-1	2
5.382	1.678	137.861	14.770	-1	-1	2
5.370	1.677	137.976	14.875	-1	-1	2
5.359	1.675	138.088	14.976	-1	-1	2
5.347	1.674	138.203	15.080	-1	-1	2
5.336	1.672	138.315	15.182	-1	-1	2
5.324	1.671	138.430	15.287	-1	-1	2
5.313	1.670	138.538	15.385	-1	-1	2
5.301	1.668	138.654	15.492	-1	-1	2
5.290	1.667	138.765	15.596	-1	-1	2
5.278	1.666	138.877	15.700	-1	-1	2
5.276	1.656	138.922	15.650	-1	1	2
5.276	1.645	138.953	15.569	0	1	2
5.276	1.633	138.986	15.484	0	1	2
5.276	1.621	139.016	15.402	0	1	2
5.276	1.609	139.048	15.318	0	1	2
5.276	1.598	139.079	15.236	0	1	2
5.276	1.586	139.111	15.151	0	1	2
5.276	1.575	139.141	15.069	0	1	2
5.276	1.563	139.173	14.983	0	1	2
5.276	1.552	139.202	14.904	0	1	2
5.276	1.540	139.233	14.819	0	1	2
5.276	1.529	139.263	14.736	0	1	2
5.276	1.517	139.294	14.651	0	1	2
5.276	1.505	139.324	14.568	0	1	2
5.276	1.493	139.355	14.483	0	1	2
5.276	1.482	139.385	14.400	0	1	2
5.276	1.470	139.416	14.314	0	1	2
5.276	1.459	139.445	14.231	0	1	2
5.276	1.447	139.476	14.145	0	1	2
5.284	1.443	139.416	14.044	1	1	2
5.295	1.443	139.301	13.923	1	1	2
5.307	1.443	139.189	13.806	1	1	2
5.319	1.443	139.073	13.685	1	1	2
5.330	1.443	138.961	13.568	1	1	2
5.342	1.443	138.846	13.447	1	1	2
5.353	1.443	138.734	13.330	1	1	2
5.365	1.443	138.618	13.210	1	1	2
5.377	1.443	138.507	13.093	1	1	2
5.388	1.443	138.395	12.977	1	1	2
5.400	1.443	138.279	12.857	1	1	2
5.411	1.443	138.168	12.741	1	1	2
5.423	1.443	138.052	12.621	1	1	2
5.435	1.443	137.940	12.505	1	1	2
5.446	1.443	137.825	12.385	1	1	2
5.458	1.443	137.713	12.270	1	1	2
5.470	1.443	137.598	12.150	1	1	2
5.481	1.443	137.486	12.035	1	1	2
5.493	1.443	137.371	11.916	1	1	2
5.504	1.443	137.259	11.801	1	1	2
5.516	1.443	137.144	11.682	1	1	2
5.528	1.443	137.032	11.567	1	1	2
5.539	1.443	136.917	11.448	1	1	2
5.551	1.443	136.805	11.334	1	1	2
5.563	1.444	136.690	11.215	1	1	2
5.574	1.444	136.579	11.101	1	1	2
5.586	1.444	136.463	10.983	1	1	2
5.597	1.444	136.352	10.869	1	1	2
5.609	1.444	136.237	10.751	1	1	2
5.621	1.444	136.125	10.637	1	1	2
5.633	1.444	136.010	10.519	1	1	2
5.644	1.444	135.899	10.406	1	1	2
5.656	1.444	135.784	10.288	1	1	2
5.667	1.444	135.672	10.175	1	1	2
5.679	1.444	135.557	10.058	1	1	2
5.691	1.444	135.446	9.945	1	1	2
5.702	1.444	135.331	9.828	1	1	2
5.714	1.444	135.220	9.716	1	1	2
5.726	1.444	135.105	9.599	1	1	2
5.737	1.444	134.994	9.487	1	1	2
5.748	1.444	134.883	9.374	1	1	2
5.760	1.444	134.768	9.258	1	1	2
5.772	1.444	134.657	9.146	1	1	2
5.784	1.444	134.542	9.031	1	1	2
5.795	1.444	134.431	8.919	1	1	2
5.807	1.444	134.316	8.803	1	1	2
5.818	1.444	134.205	8.692	1	1	2
5.830	1.444	134.091	8.577	1	1	2
5.842	1.444	133.980	8.466	1	1	2
5.853	1.444	133.865	8.351	1	1	2
5.865	1.444	133.754	8.240	1	1	2
5.877	1.444	133.640	8.125	1	1	2
5.888	1.444	133.529	8.015	1	1	2
5.900	1.444	133.414	7.901	1	1	2
5.911	1.444	133.304	7.790	1	1	2
5.923	1.444	133.189	7.676	1	1	2
5.935	1.444	133.079	7.566	1	1	2
5.946	1.444	132.964	7.453	1	1	2
5.958	1.444	132.854	7.343	1	1	2
5.970	1.444	132.739	7.230	1	1	2
5.981	1.444	132.629	7.121	1	1	2
5.993	1.444	132.515	7.008	1	1	2
6.004	1.444	132.404	6.899	1	1	2
6.016	1.444	132.290	6.786	1	1	2
6.028	1.444	132.180	6.677	1	1	2
6.040	1.444	132.066	6.565	1	1	2
6.051	1.444	131.955	6.457	1	1	2
6.063	1.444	131.841	6.345	1	1	2
6.074	1.445	131.731	6.237	1	1	2
6.086	1.445	131.621	6.129	1	1	2
6.097	1.445	131.507	6.017	1	1	2
6.109	1.445	131.397	5.910	1	1	2
6.121	1.445	131.283	5.799	1	1	2
6.132	1.445	131.177	5.695	1	1	2
6.144	1.445	131.063	5.585	1	1	2
6.155	1.445	130.953	5.478	1	1	2
6.167	1.445	130.839	5.367	1	1	2
6.178	1.445	130.730	5.261	1	1	2
6.190	1.445	130.616	5.151	1	1	2
6.202	1.445	130.506	5.045	1	1	2
6.213	1.445	130.393	4.935	1	1	2
6.225	1.445	130.283	4.829	1	1	2
6.237	1.445	130.169	4.720	1	1	2
6.248	1.445	130.060	4.614	1	1	2
6.260	1.445	129.946	4.505	1	1	2
6.271	1.445	129.837	4.400	1	1	2
6.283	1.445	129.724	4.291	1	1	2
6.295	1.445	129.614	4.187	1	1	2
6.306	1.445	129.501	4.078	1	1	2
6.318	1.445	129.392	3.974	1	1	2
6.330	1.445	129.278	3.866	1	1	2
6.341	1.445	129.169	3.762	1	1	2
6.353	1.445	129.056	3.655	1	1	2
6.364	1.445	128.947	3.551	1	1	2
6.376	1.445	128.834	3.444	1	1	2
6.388	1.445	128.725	3.340	1	1	2
6.400	1.445	128.612	3.234	1	1	2
6.411	1.445	128.503	3.131	1	1	2
6.423	1.445	128.390	3.024	1	1	2
6.434	1.445	128.281	2.922	1	1	2
6.446	1.445	128.172	2.819	1	1	2
6.458	1.445	128.060	2.714	1	1	2
6.469	1.445	127.951	2.611	1	1	2
6.481	1.445	127.838	2.506	1	1	2
6.492	1.445	127.730	2.404	1	1	2
6.504	1.445	127.617	2.299	1	1	2
6.515	1.445	127.508	2.198	1	1	2
6.527	1.445	127.396	2.094	1	1	2
6.539	1.445	127.288	1.993	1	1	2
6.551	1.445	127.175	1.888	1	1	2
6.562	1.445	127.067	1.788	1	1	2
6.574	1.445	126.955	1.684	1	1	2
6.585	1.446	126.846	1.584	1	1	2
6.597	1.446	126.734	1.481	1	1	2
6.609	1.446	126.626	1.381	1	1	2
6.620	1.446	126.514	1.278	1	1	2
6.632	1.446	126.406	1.179	1	1	2
6.644	1.446	126.294	1.076	1	1	2
6.655	1.446	126.186	0.977	1	1	2
6.667	1.446	126.074	0.875	1	1	2
6.678	1.446	125.966	0.776	1	1	2
6.690	1.446	125.854	0.675	1	1	2
6.702	1.446	125.746	0.576	1	1	2
6.713	1.446	125.635	0.475	1	1	2
6.725	1.446	125.527	0.377	1	1	2
6.737	1.446	125.416	0.276	1	1	2
6.748	1.446	125.308	0.179	1	1	2
6.760	1.446	125.196	0.079	1	1	2
6.771	1.446	125.089	-0.018	1	1	2
6.783	1.446	124.981	-0.115	1	1	2
6.795	1.446	124.870	-0.215	1	1	2
6.806	1.446	124.763	-0.311	1	1	2
6.818	1.446	124.651	-0.411	1	1	2
6.829	1.446	124.544	-0.507	1	1	2
6.841	1.446	124.433	-0.606	1	1	2
6.853	1.446	124.326	-0.701	1	1	2
6.864	1.446	124.215	-0.800	1	1	2
6.876	1.446	124.108	-0.895	1	1	2
6.888	1.446	123.997	-0.993	1	1	2
6.899	1.446	123.890	-1.088	1	1	2
6.911	1.446	123.779	-1.185	1	1	2
6.922	1.446	123.672	-1.280	1	1	2
6.934	1.446	123.561	-1.377	1	1	2
6.946	1.446	123.455	-1.471	1	1	2
6.958	1.446	123.344	-1.568	1	1	2
6.969	1.446	123.237	-1.661	1	1	2
6.981	1.446	123.127	-1.757	1	1	2
6.982	1.457	123.109	-1.664	0	-1	2
6.982	1.468	123.097	-1.550	0	-1	2
6.982	1.480	123.085	-1.440	0	-1	2
6.982	1.492	123.073	-1.325	0	-1	2
6.983	1.503	123.061	-1.215	0	-1	2
6.983	1.515	123.048	-1.102	0	-1	2
6.983	1.527	123.036	-0.992	0	-1	2
6.983	1.538	123.023	-0.879	0	-1	2
6.983	1.550	123.010	-0.769	0	-1	2
6.983	1.561	122.997	-0.660	0	-1	2
6.984	1.573	122.984	-0.551	0	-1	2
6.984	1.585	122.971	-0.439	0	-1	2
6.984	1.596	122.957	-0.330	0	-1	2
6.984	1.608	122.944	-0.222	0	-1	2
6.984	1.619	122.930	-0.110	0	-1	2
6.985	1.631	122.917	-0.002	0	-1	2
6.985	1.643	122.902	0.110	0	-1	2
6.985	1.654	122.889	0.218	0	-1	2
6.985	1.666	122.874	0.329	0	-1	2
6.979	1.671	122.925	0.429	-1	-1	2
6.967	1.672	123.032	0.532	-1	-1	2
6.956	1.674	123.135	0.633	-1	-1	2
6.944	1.675	123.242	0.737	-1	-1	2
6.933	1.676	123.345	0.838	-1	-1	2
6.921	1.677	123.452	0.942	-1	-1	2
6.909	1.678	123.555	1.043	-1	-1	2
6.898	1.679	123.662	1.148	-1	-1	2
6.886	1.680	123.766	1.250	-1	-1	2
6.874	1.681	123.873	1.355	-1	-1	2
6.863	1.682	123.972	1.453	-1	-1	2
6.852	1.684	124.079	1.561	-1	-1	2
6.840	1.685	124.183	1.665	-1	-1	2
6.828	1.686	124.290	1.772	-1	-1	2
6.817	1.687	124.393	1.877	-1	-1	2
6.805	1.689	124.500	1.985	-1	-1	2
6.794	1.690	124.603	2.089	-1	-1	2
6.782	1.691	124.710	2.198	-1	-1	2
6.771	1.692	124.814	2.303	-1	-1	2
6.759	1.694	124.917	2.409	-1	-1	2
6.748	1.696	125.018	2.519	-1	-1	2
6.736	1.698	125.124	2.633	-1	-1	2
6.725	1.699	125.226	2.743	-1	-1	2
6.714	1.701	125.328	2.853	-1	-1	2
6.702	1.703	125.433	2.967	-1	-1	2
6.691	1.705	125.535	3.078	-1	-1	2
6.679	1.707	125.635	3.193	-1	-1	2
6.668	1.710	125.735	3.310	-1	-1	2
6.657	1.713	125.837	3.432	-1	-1	2
6.645	1.716	125.936	3.550	-1	-1	2
6.634	1.719	126.039	3.672	-1	-1	2
6.623	1.722	126.133	3.789	-1	-1	2
6.612	1.726	126.228	3.920	-1	-1	2
6.602	1.730	126.321	4.047	-1	-1	2
6.591	1.734	126.417	4.178	-1	-1	2
6.580	1.739	126.509	4.305	-1	-1	2
6.570	1.744	126.592	4.440	-1	-2	5
6.560	1.750	126.675	4.575	-1	-2	5
6.550	1.756	126.761	4.714	-1	-2	5
6.541	1.763	126.829	4.849	-1	-2	5
6.532	1.771	126.901	4.993	-1	-2	5
6.524	1.778	126.965	5.128	-1	-2	5
6.516	1.788	127.018	5.272	-1	-2	5
6.509	1.797	127.069	5.412	-1	-2	5
6.503	1.806	127.112	5.549	0	-2	5
6.498	1.816	127.146	5.683	0	-2	5
6.492	1.827	127.180	5.821	0	-2	5
6.487	1.837	127.210	5.949	0	-1	2
6.483	1.848	127.226	6.079	0	-1	2
6.480	1.859	127.241	6.204	0	-1	2
6.476	1.870	127.257	6.333	0	-1	2
6.472	1.881	127.272	6.458	0	-1	2
6.468	1.892	127.287	6.587	0	-1	2
6.466	1.903	127.294	6.702	0	-1	2
6.464	1.914	127.290	6.814	0	-1	2
6.462	1.926	127.284	6.929	0	-1	2
6.461	1.937	127.279	7.040	0	-1	2
6.459	1.949	127.273	7.155	0	-1	2
6.457	1.960	127.268	7.265	0	-1	2
6.456	1.972	127.262	7.380	0	-1	2
6.455	1.983	127.248	7.479	0	-1	2
6.455	1.995	127.230	7.584	0	-1	2
6.454	2.006	127.214	7.686	0	-1	2
6.454	2.018	127.196	7.790	0	-1	2
6.453	2.030	127.179	7.891	0	-1	2
6.453	2.042	127.161	7.996	0	-1	2
6.453	2.053	127.144	8.096	0	-1	2
6.452	2.065	127.125	8.201	0	-1	2
6.452	2.076	127.108	8.301	0	-1	2
6.451	2.088	127.089	8.405	0	-1	2
6.451	2.100	127.072	8.505	0	-1	2
6.451	2.111	127.051	8.603	0	-1	2
6.451	2.122	127.030	8.700	0	-1	2
6.450	2.134	127.008	8.800	0	-1	2
6.450	2.146	126.986	8.897	0	-1	2
6.450	2.158	126.964	8.998	0	-1	2
6.450	2.169	126.943	9.094	0	-1	2
6.450	2.181	126.920	9.194	0	-1	2
6.450	2.192	126.898	9.291	0	-1	2
6.450	2.204	126.875	9.390	0	-1	2
6.450	2.216	126.853	9.487	0	-1	2
6.450	2.227	126.830	9.586	0	-1	2
6.450	2.239	126.808	9.682	0	-1	2
6.449	2.250	126.786	9.778	0	-1	2
6.449	2.262	126.762	9.877	0	-1	2
6.449	2.274	126.739	9.973	0	-1	2
6.449	2.285	126.716	10.072	0	-1	2
6.449	2.297	126.693	10.167	0	-1	2
6.449	2.309	126.669	10.266	0	-1	2
6.449	2.320	126.646	10.362	0	-1	2
6.449	2.332	126.622	10.460	0	-1	2
6.449	2.343	126.599	10.555	0	-1	2
6.449	2.355	126.574	10.654	0	-1	2
6.449	2.367	126.551	10.749	0	-1	2
6.448	2.378	126.526	10.847	0	-1	2
6.448	2.390	126.502	10.941	0	-1	2
6.448	2.402	126.478	11.039	0	-1	2
6.448	2.413	126.454	11.134	0	-1	2
6.448	2.425	126.429	11.232	0	-1	2
6.448	2.436	126.404	11.326	0	-1	2
6.448	2.448	126.380	11.420	0	-1	2
6.448	2.459	126.355	11.514	0	-1	2
6.448	2.471	126.329	11.612	0	-1	2
6.448	2.483	126.304	11.705	0	-1	2
6.448	2.494	126.278	11.802	0	-1	2
6.448	2.506	126.253	11.896	0	-1	2
6.447	2.518	126.227	11.993	0	-1	2
6.447	2.529	126.202	12.086	0	-1	2
6.447	2.541	126.175	12.183	0	-1	2
6.447	2.552	126.150	12.276	0	-1	2
6.447	2.564	126.123	12.373	0	-1	2
6.447	2.576	126.097	12.466	0	-1	2
6.447	2.588	126.070	12.562	0	-1	2
6.447	2.599	126.044	12.655	0	-1	2
6.447	2.610	126.018	12.748	0	-1	2
6.447	2.622	125.991	12.845	0	-1	2
6.447	2.634	125.965	12.937	0	-1	2
6.447	2.646	125.937	13.033	0	-1	2
6.447	2.657	125.911	13.126	0	-1	2
6.447	2.669	125.883	13.222	0	-1	2
6.447	2.680	125.856	13.314	0	-1	2
6.446	2.692	125.828	13.410	0	-1	2
6.446	2.704	125.801	13.502	0	-1	2
6.446	2.715	125.773	13.597	0	-1	2
6.446	2.727	125.746	13.690	0	-1	2
6.446	2.739	125.718	13.785	0	-1	2
6.446	2.750	125.690	13.877	0	-1	2
6.446	2.762	125.661	13.972	0	-1	2
6.446	2.773	125.634	14.064	0	-1	2
6.446	2.785	125.605	14.159	0	-1	2
6.446	2.797	125.577	14.251	0	-1	2
6.446	2.809	125.548	14.346	0	-1	2
6.446	2.820	125.520	14.437	0	-1	2
6.446	2.832	125.491	14.532	0	-1	2
6.446	2.843	125.463	14.623	0	-1	2
6.445	2.855	125.433	14.718	0	-1	2
6.445	2.867	125.405	14.809	0	-1	2
6.445	2.878	125.375	14.904	0	-1	2
6.445	2.890	125.346	14.995	0	-1	2
6.445	2.902	125.316	15.089	0	-1	2
6.448	2.909	125.274	15.130	0	0	0
6.460	2.906	125.184	15.022	1	1	2
6.470	2.904	125.101	14.927	1	1	2
6.481	2.902	125.012	14.831	1	1	2
6.493	2.901	124.919	14.731	1	1	2
6.504	2.899	124.832	14.639	1	1	2
6.516	2.897	124.739	14.540	1	1	2
6.527	2.896	124.652	14.448	1	1	2
6.538	2.894	124.558	14.350	1	1	2
6.550	2.892	124.467	14.255	1	1	2
6.561	2.891	124.375	14.164	1	1	2
6.573	2.890	124.282	14.075	1	1	2
6.584	2.889	124.185	13.982	1	1	2
6.596	2.888	124.092	13.893	1	1	2
6.608	2.888	123.995	13.801	1	1	2
6.619	2.887	123.902	13.712	1	1	2
6.631	2.886	123.806	13.621	1	1	2
6.642	2.885	123.712	13.532	1	1	2
6.654	2.884	123.616	13.441	1	1	2
6.666	2.883	123.523	13.352	1	1	2
6.677	2.883	123.427	13.270	1	1	2
6.688	2.883	123.332	13.189	1	1	2
6.700	2.883	123.233	13.105	1	1	2
6.712	2.883	123.137	13.024	1	1	2
6.724	2.883	123.039	12.941	1	1	2
6.735	2.883	122.943	12.860	1	1	2
6.747	2.883	122.844	12.777	1	1	2
6.758	2.883	122.749	12.696	1	1	2
6.770	2.883	122.650	12.613	1	1	2
6.782	2.883	122.554	12.533	1	1	2
6.793	2.883	122.455	12.451	1	1	2
6.805	2.883	122.360	12.371	1	1	2
6.817	2.883	122.261	12.289	1	1	2
6.828	2.883	122.165	12.209	1	1	2
6.840	2.883	122.070	12.130	1	1	2
6.851	2.883	121.974	12.053	1	1	2
6.863	2.883	121.877	11.977	1	1	2
6.874	2.884	121.778	11.899	1	1	2
6.886	2.884	121.681	11.824	1	1	2
6.898	2.884	121.582	11.746	1	1	2
6.909	2.885	121.486	11.671	1	1	2
6.921	2.885	121.386	11.593	1	1	2
6.932	2.886	121.290	11.518	1	1	2
6.944	2.886	121.190	11.441	1	1	2
6.956	2.886	121.094	11.366	1	1	2
6.967	2.887	120.994	11.289	1	1	2
6.979	2.887	120.898	11.215	1	1	2
6.991	2.887	120.799	11.139	1	1	2
7.002	2.888	120.702	11.065	1	1	2
7.014	2.888	120.603	10.988	1	1	2
7.025	2.889	120.509	10.923	1	1	2
7.037	2.891	120.408	10.855	1	1	2
7.048	2.892	120.311	10.790	1	1	2
7.060	2.893	120.210	10.723	1	1	2
7.071	2.894	120.112	10.658	1	1	2
7.083	2.896	120.012	10.591	1	1	2
7.094	2.897	119.914	10.526	1	1	2
7.106	2.898	119.813	10.460	1	1	2
7.118	2.900	119.716	10.396	1	1	2
7.129	2.901	119.618	10.335	1	1	2
7.140	2.904	119.520	10.288	1	1	2
7.151	2.907	119.418	10.240	1	1	2
7.162	2.910	119.320	10.193	1	1	2
7.173	2.913	119.222	10.147	1	1	2
7.185	2.916	119.120	10.099	1	1	2
7.196	2.919	119.022	10.053	1	1	2
7.207	2.923	118.921	10.006	1	1	2
7.218	2.926	118.823	9.960	1	1	2
7.230	2.929	118.721	9.913	1	1	2
7.241	2.932	118.623	9.868	1	1	2
7.252	2.935	118.522	9.822	1	1	2
7.263	2.938	118.424	9.777	1	1	2
7.275	2.941	118.323	9.730	1	1	2
7.286	2.944	118.225	9.686	1	1	2
7.297	2.947	118.124	9.640	1	1	2
7.308	2.950	118.026	9.596	1	1	2
7.320	2.953	117.925	9.551	1	1	2
7.331	2.956	117.827	9.507	1	0	2
7.342	2.959	117.726	9.462	1	1	2
7.353	2.962	117.629	9.419	1	0	2
7.365	2.965	117.528	9.374	1	1	2
7.376	2.968	117.430	9.331	1	0	2
7.387	2.972	117.329	9.287	1	1	2
7.398	2.975	117.232	9.244	1	0	2
7.409	2.978	117.131	9.200	1	0	2
7.421	2.981	117.034	9.158	1	0	2
7.432	2.984	116.933	9.115	1	0	2
7.443	2.987	116.835	9.073	1	0	2
7.454	2.991	116.739	9.043	1	0	2
7.464	2.996	116.645	9.026	1	0	2
7.474	3.002	116.547	9.009	1	0	2
7.484	3.007	116.453	8.993	1	0	2
7.495	3.012	116.355	8.977	1	0	2
7.505	3.017	116.261	8.961	1	0	2
7.515	3.023	116.166	8.945	1	0	2
7.526	3.028	116.069	8.929	1	0	2
7.536	3.033	115.974	8.913	1	0	2
7.546	3.039	115.877	8.898	1	0	2
7.557	3.044	115.783	8.883	1	0	2
7.567	3.049	115.685	8.867	1	0	2
7.577	3.055	115.591	8.853	1	0	2
7.588	3.060	115.494	8.838	1	0	2
7.598	3.065	115.399	8.823	1	0	2
7.608	3.071	115.302	8.809	1	0	2
7.619	3.076	115.208	8.795	1	0	2
7.629	3.081	115.111	8.780	1	0	2
7.639	3.087	115.017	8.767	1	0	2
7.650	3.092	114.920	8.753	1	0	2
7.660	3.097	114.826	8.740	1	0	2
7.671	3.103	114.729	8.726	1	0	2
7.681	3.108	114.635	8.713	1	0	2
7.691	3.113	114.538	8.700	1	0	2
7.701	3.119	114.444	8.687	1	0	2
7.712	3.124	114.347	8.675	1	0	2
7.722	3.129	114.253	8.662	1	0	2
7.731	3.137	114.168	8.680	1	0	2
7.739	3.144	114.082	8.697	1	0	2
7.748	3.152	113.994	8.715	1	0	2
7.757	3.160	113.908	8.733	1	0	2
7.766	3.168	113.820	8.751	1	0	2
7.774	3.175	113.734	8.769	1	0	2
7.783	3.183	113.646	8.788	1	0	2
7.792	3.191	113.561	8.806	1	0	2
7.800	3.198	113.475	8.825	1	0	2
7.809	3.206	113.387	8.844	1	0	2
7.818	3.214	113.301	8.862	1	0	2
7.827	3.221	113.213	8.882	1	0	2
7.835	3.229	113.128	8.901	1	0	2
7.844	3.237	113.039	8.920	1	0	2
7.853	3.244	112.954	8.939	1	0	2
7.861	3.252	112.865	8.959	1	0	2
7.870	3.260	112.780	8.979	1	0	2
7.879	3.267	112.692	8.999	1	0	2
7.888	3.275	112.606	9.019	1	0	2
7.896	3.283	112.518	9.039	1	0	2
7.905	3.290	112.433	9.059	1	0	2
7.914	3.298	112.344	9.080	1	0	2
7.922	3.306	112.259	9.100	1	0	2
7.931	3.314	112.171	9.121	1	0	2
7.939	3.321	112.091	9.146	1	0	2
7.946	3.331	112.017	9.198	1	-1	2
7.952	3.341	111.946	9.249	1	-1	2
7.959	3.351	111.872	9.301	1	-1	2
7.965	3.360	111.801	9.352	1	-1	2
7.971	3.370	111.728	9.405	1	-1	2
7.978	3.380	111.656	9.455	1	-1	2
7.984	3.389	111.583	9.508	1	-1	2
7.990	3.399	111.511	9.559	1	-1	2
7.997	3.409	111.437	9.612	1	-1	2
8.003	3.418	111.366	9.663	1	-1	2
8.010	3.428	111.292	9.716	1	-1	2
8.016	3.438	111.221	9.767	1	-1	2
8.022	3.447	111.149	9.819	1	-1	2
8.029	3.457	111.075	9.872	1	-1	2
8.035	3.467	111.004	9.923	1	-1	2
8.042	3.477	110.929	9.976	1	-1	2
8.048	3.486	110.858	10.028	1	-1	2
8.054	3.496	110.784	10.081	1	-1	2
8.061	3.506	110.712	10.133	1	-1	2
8.067	3.516	110.638	10.187	1	-1	2
8.074	3.525	110.566	10.239	1	-1	2
8.080	3.535	110.491	10.292	1	-1	2
8.086	3.545	110.419	10.344	1	-1	2
8.092	3.555	110.350	10.400	1	-1	2
8.096	3.565	110.294	10.475	1	-1	2
8.100	3.576	110.236	10.551	1	-1	2
8.104	3.587	110.180	10.626	1	-1	2
8.108	3.598	110.122	10.703	1	-1	2
8.112	3.609	110.066	10.777	1	-1	2
8.116	3.620	110.007	10.854	1	-1	2
8.120	3.631	109.951	10.929	1	-1	2
8.124	3.642	109.892	11.006	1	-1	2
8.128	3.653	109.836	11.080	1	-1	2
8.132	3.664	109.777	11.157	1	-1	2
8.136	3.675	109.720	11.232	1	-1	2
8.140	3.686	109.661	11.309	1	-1	2
8.144	3.696	109.604	11.384	1	-1	2
8.148	3.708	109.545	11.461	1	-1	2
8.152	3.718	109.488	11.535	1	-1	2
8.157	3.729	109.429	11.612	1	-1	2
8.159	3.740	109.386	11.697	0	-1	2
8.161	3.752	109.341	11.788	1	-1	2
8.163	3.763	109.297	11.876	0	-1	2
8.165	3.774	109.253	11.964	1	-1	2
8.167	3.786	109.207	12.055	1	-1	2
8.169	3.797	109.163	12.143	1	-1	2
8.171	3.809	109.117	12.234	1	-1	2
8.173	3.820	109.073	12.322	1	-1	2
8.176	3.832	109.027	12.413	1	-1	2
8.178	3.843	108.982	12.501	1	-1	2
8.180	3.855	108.936	12.592	1	-1	2
8.182	3.866	108.891	12.679	1	-1	2
8.184	3.878	108.844	12.770	1	-1	2
8.186	3.889	108.799	12.858	1	-1	2
8.188	3.900	108.752	12.949	1	-1	2
8.190	3.912	108.707	13.037	1	-1	2
8.193	3.923	108.660	13.128	1	-1	2
8.193	3.934	108.627	13.221	0	-1	2
8.194	3.946	108.594	13.322	0	-1	2
8.194	3.958	108.561	13.420	0	-1	2
8.194	3.970	108.527	13.521	0	-1	2
8.195	3.981	108.495	13.619	0	-1	2
8.195	3.993	108.461	13.720	0	-1	2
8.195	4.004	108.428	13.818	0	-1	2
8.196	4.016	108.393	13.919	0	-1	2
8.196	4.028	108.360	14.016	0	-1	2
8.196	4.039	108.326	14.117	0	-1	2
8.197	4.051	108.292	14.215	0	-1	2
8.197	4.063	108.258	14.316	0	-1	2
8.197	4.074	108.224	14.413	0	-1	2
8.198	4.086	108.189	14.514	0	-1	2
8.198	4.097	108.155	14.612	0	-1	2
8.198	4.109	108.121	14.709	0	-1	2
8.199	4.121	108.085	14.810	0	-1	2
8.198	4.132	108.060	14.908	0	-1	2
8.196	4.143	108.039	15.016	0	-1	2
8.195	4.155	108.019	15.121	0	-1	2
8.193	4.167	107.998	15.230	0	-1	2
8.192	4.178	107.977	15.335	0	-1	2
8.190	4.190	107.956	15.443	0	-1	2
8.189	4.201	107.936	15.548	0	-1	2
8.187	4.213	107.914	15.656	0	-1	2
8.186	4.224	107.893	15.761	0	-1	2
8.184	4.236	107.871	15.869	0	-1	2
8.183	4.247	107.850	15.973	0	-1	2
8.181	4.259	107.828	16.081	0	-1	2
8.180	4.270	107.807	16.186	0	-1	2
8.178	4.282	107.784	16.294	0	-1	2
8.177	4.293	107.762	16.398	0	-1	2
8.175	4.305	107.740	16.506	0	-1	2
8.174	4.316	107.718	16.611	0	-1	2
8.171	4.328	107.703	16.717	0	-1	2
8.168	4.339	107.694	16.826	0	-1	2
8.165	4.350	107.683	16.938	0	-1	2
8.162	4.361	107.673	17.047	0	-1	2
8.159	4.372	107.663	17.159	0	-1	2
8.156	4.384	107.652	17.267	0	-1	2
8.153	4.395	107.642	17.380	0	-1	2
8.150	4.406	107.631	17.488	0	-1	2
8.147	4.417	107.622	17.597	0	-1	2
8.143	4.428	107.621	17.707	0	-1	2
8.139	4.439	107.619	17.821	0	-1	2
8.134	4.449	107.618	17.931	0	-1	2
8.130	4.460	107.616	18.042	0	-1	2
8.126	4.471	107.614	18.156	0	-1	2
8.122	4.482	107.612	18.266	0	-1	2
8.118	4.493	107.610	18.380	0	-1	2
8.114	4.504	107.608	18.490	0	-1	2
8.109	4.514	107.611	18.601	0	-1	2
8.104	4.524	107.618	18.711	0	-1	2
8.099	4.535	107.624	18.826	0	-1	2
8.093	4.545	107.631	18.937	0	-1	2
8.088	4.556	107.637	19.051	0	-1	2
8.083	4.566	107.643	19.162	0	-1	2
8.078	4.577	107.650	19.276	0	-1	2
8.073	4.587	107.656	19.387	0	-1	2
8.067	4.597	107.662	19.498	0	-1	2
8.061	4.607	107.677	19.608	0	-1	2
8.055	4.617	107.693	19.723	0	-1	2
8.049	4.626	107.708	19.833	0	-1	2
8.042	4.636	107.724	19.947	0	-1	2
8.036	4.646	107.738	20.058	0	-1	2
8.030	4.656	107.754	20.172	0	-1	2
8.024	4.666	107.768	20.283	0	-1	2
8.017	4.676	107.783	20.397	0	-1	2
8.011	4.685	107.805	20.502	0	-1	2
8.003	4.694	107.831	20.615	0	-1	2
7.996	4.703	107.855	20.723	0	-1	2
7.988	4.712	107.881	20.836	0	-1	2
7.981	4.721	107.905	20.945	0	-1	2
7.974	4.730	107.930	21.057	0	-1	2
7.967	4.739	107.956	21.162	0	-1	2
7.959	4.747	107.988	21.268	0	-1	2
7.950	4.755	108.021	21.378	0	-1	2
7.942	4.764	108.053	21.484	0	-1	2
7.934	4.772	108.086	21.594	0	-1	2
7.926	4.780	108.118	21.700	0	-1	2
7.918	4.789	108.150	21.810	0	-1	2
7.910	4.797	108.182	21.917	0	-1	2
7.902	4.805	108.213	22.023	0	-1	2
7.894	4.813	108.250	22.127	0	-1	2
7.885	4.821	108.288	22.236	0	-1	2
7.876	4.829	108.324	22.340	0	-1	2
7.868	4.837	108.362	22.449	0	-1	2
7.859	4.845	108.398	22.553	0	-1	2
7.850	4.853	108.435	22.662	0	-1	2
7.842	4.860	108.471	22.766	0	-1	2
7.834	4.868	108.507	22.871	0	-1	2
7.824	4.875	108.551	22.972	-1	-1	2
7.815	4.882	108.596	23.076	-1	-1	2
7.806	4.889	108.640	23.177	0	-1	2
7.796	4.896	108.685	23.282	-1	-1	2
7.787	4.903	108.729	23.383	0	-1	2
7.778	4.910	108.774	23.487	-1	-1	2
7.768	4.916	108.826	23.578	-1	-1	2
7.758	4.922	108.884	23.674	-1	-1	2
7.748	4.927	108.939	23.767	-1	-1	2
7.737	4.933	108.997	23.863	-1	-1	2
7.727	4.938	109.052	23.957	-1	-1	2
7.717	4.944	109.109	24.053	-1	-1	2
7.707	4.949	109.164	24.146	-1	-1	2
7.696	4.955	109.221	24.242	-1	-1	2
7.686	4.960	109.277	24.336	-1	-1	2
7.676	4.966	109.332	24.429	-1	-1	2
7.666	4.971	109.388	24.525	-1	-1	2
7.655	4.977	109.443	24.619	-1	-1	2
7.645	4.982	109.500	24.715	-1	-1	2
7.635	4.988	109.554	24.809	-1	-1	2
7.625	4.992	109.614	24.898	-1	-1	2
7.614	4.996	109.680	24.981	-1	-1	2
7.603	5.000	109.748	25.067	-1	-1	2
7.592	5.004	109.814	25.151	-1	-1	2
7.581	5.008	109.882	25.238	-1	-1	2
7.570	5.012	109.948	25.321	-1	-1	2
7.559	5.016	110.016	25.408	-1	-1	2
7.548	5.019	110.081	25.492	-1	-1	2
7.537	5.023	110.149	25.578	-1	-1	2
7.526	5.027	110.215	25.662	-1	-1	2
7.515	5.031	110.282	25.749	-1	-1	2
7.504	5.035	110.348	25.833	-1	-1	2
7.493	5.039	110.415	25.920	-1	-1	2
7.482	5.043	110.480	26.005	-1	-1	2
7.471	5.047	110.548	26.092	-1	-1	2
7.460	5.050	110.613	26.176	-1	-1	2
7.449	5.053	110.686	26.251	-1	-1	2
7.438	5.055	110.760	26.325	-1	-1	2
7.426	5.058	110.836	26.403	-1	-1	2
7.415	5.060	110.910	26.477	-1	-1	2
7.403	5.062	110.985	26.555	-1	-1	2
7.392	5.065	111.059	26.630	-1	-1	2
7.381	5.067	111.135	26.707	-1	-1	2
7.369	5.070	111.208	26.783	-1	-1	2
7.358	5.072	111.281	26.858	-1	-1	2
7.347	5.074	111.357	26.936	-1	-1	2
7.335	5.077	111.430	27.011	-1	-1	2
7.324	5.079	111.506	27.089	-1	-1	2
7.313	5.082	111.579	27.165	-1	-1	2
7.301	5.084	111.654	27.243	-1	-1	2
7.290	5.086	111.727	27.319	-1	-1	2
7.278	5.089	111.802	27.397	-1	-1	2
7.267	5.091	111.875	27.473	-1	-1	2
7.256	5.093	111.952	27.542	-1	-1	2
7.244	5.094	112.031	27.610	-1	-1	2
7.233	5.095	112.112	27.680	-1	-1	2
7.221	5.096	112.191	27.747	-1	-1	2
7.209	5.098	112.272	27.818	-1	-1	2
7.198	5.099	112.351	27.886	-1	-1	2
7.186	5.100	112.432	27.956	-1	-1	2
7.175	5.101	112.510	28.024	-1	-1	2
7.163	5.103	112.592	28.095	-1	-1	2
7.152	5.104	112.670	28.163	-1	-1	2
7.140	5.105	112.751	28.234	-1	-1	2
7.129	5.106	112.829	28.302	-1	-1	2
7.117	5.107	112.910	28.373	-1	-1	2
7.105	5.109	112.988	28.442	-1	-1	2
7.094	5.110	113.069	28.513	-1	-1	2
7.082	5.111	113.147	28.582	-1	-1	2
7.070	5.112	113.228	28.653	-1	-1	2
7.059	5.114	113.306	28.722	-1	-1	2
7.047	5.115	113.387	28.794	-1	-1	2
7.036	5.116	113.462	28.860	-1	-1	2
7.024	5.116	113.547	28.926	-1	-1	2
7.013	5.117	113.628	28.989	-1	-1	2
7.002	5.117	113.709	29.053	-1	-1	2
6.990	5.118	113.793	29.120	-1	-1	2
6.978	5.118	113.875	29.184	-1	-1	2
6.967	5.119	113.956	29.248	-1	-1	2
6.955	5.119	114.038	29.309	-1	-1	2
6.944	5.119	114.124	29.373	-1	-1	2
6.932	5.119	114.206	29.435	-1	-1	2
6.920	5.119	114.291	29.500	-1	-1	2
6.909	5.119	114.373	29.562	-1	-1	2
6.897	5.119	114.459	29.626	-1	-1	2
6.885	5.120	114.541	29.689	-1	-1	2
6.874	5.120	114.626	29.753	-1	-1	2
6.862	5.120	114.708	29.816	-1	-1	2
6.850	5.120	114.793	29.881	-1	-1	2
6.839	5.120	114.875	29.944	-1	-1	2
6.827	5.120	114.960	30.009	-1	-1	2
6.816	5.120	115.039	30.069	-1	-1	2
6.804	5.120	115.124	30.134	-1	-1	2
6.793	5.120	115.207	30.196	-1	-1	2
6.781	5.121	115.292	30.261	-1	-1	2
6.769	5.121	115.374	30.324	-1	-1	2
6.758	5.121	115.459	30.389	-1	-1	2
6.746	5.121	115.541	30.452	-1	-1	2
6.734	5.121	115.626	30.517	-1	-1	2
6.723	5.121	115.708	30.580	-1	-1	2
6.711	5.121	115.792	30.646	-1	-1	2
6.700	5.121	115.874	30.709	-1	-1	2
6.688	5.121	115.959	30.775	-1	-1	2
6.676	5.121	116.041	30.839	-1	-1	2
6.665	5.121	116.123	30.902	-1	-1	2
6.653	5.121	116.207	30.968	-1	-1	2
6.642	5.121	116.286	31.030	-1	-1	2
6.630	5.121	116.371	31.096	-1	-1	2
6.619	5.121	116.453	31.159	-1	-1	2
6.607	5.121	116.538	31.225	-1	-1	2
6.596	5.121	116.620	31.289	-1	-1	2
6.584	5.121	116.705	31.355	-1	-1	2
6.572	5.121	116.786	31.419	-1	-1	2
6.560	5.121	116.871	31.485	-1	-1	2
6.549	5.121	116.953	31.549	-1	-1	2
6.537	5.121	117.037	31.616	-1	-1	2
6.526	5.121	117.119	31.680	-1	-1	2
6.514	5.121	117.203	31.747	-1	-1	2
6.502	5.121	117.285	31.812	-1	-1	2
6.491	5.121	117.369	31.878	-1	-1	2
6.479	5.121	117.451	31.943	-1	-1	2
6.467	5.121	117.535	32.010	-1	-1	2
6.456	5.121	117.617	32.075	-1	-1	2
6.445	5.121	117.698	32.141	-1	-1	2
6.433	5.121	117.780	32.206	-1	-1	2
6.421	5.121	117.864	32.273	-1	-1	2
6.410	5.121	117.945	32.338	-1	-1	2
6.398	5.121	118.029	32.406	-1	-1	2
6.387	5.121	118.111	32.471	-1	-1	2
6.375	5.121	118.195	32.539	-1	-1	2
6.363	5.121	118.276	32.604	-1	-1	2
6.351	5.121	118.360	32.672	-1	-1	2
6.340	5.121	118.441	32.738	-1	-1	2
6.328	5.121	118.525	32.806	-1	-1	2
6.317	5.121	118.606	32.872	-1	-1	2
6.305	5.121	118.687	32.938	-1	-1	2
6.293	5.121	118.771	33.007	-1	-1	2
6.282	5.121	118.852	33.073	-1	-1	2
6.270	5.121	118.936	33.142	-1	-1	2
6.259	5.121	119.017	33.208	-1	-1	2
6.247	5.121	119.101	33.277	-1	-1	2
6.236	5.120	119.181	33.344	-1	-1	2
6.224	5.120	119.265	33.413	-1	-1	2
6.212	5.120	119.346	33.480	-1	-1	2
6.200	5.120	119.429	33.549	-1	-1	2
6.189	5.120	119.507	33.614	-1	-1	2
6.178	5.120	119.591	33.684	-1	-1	2
6.166	5.120	119.671	33.751	-1	-1	2
6.154	5.120	119.754	33.821	-1	-1	2
6.143	5.120	119.835	33.888	-1	-1	2
6.131	5.120	119.918	33.958	-1	-1	2
6.120	5.120	119.999	34.026	-1	-1	2
6.108	5.120	120.082	34.096	-1	-1	2
6.096	5.120	120.162	34.164	-1	-1	2
6.085	5.120	120.245	34.234	-1	-1	2
6.073	5.120	120.325	34.302	-1	-1	2
6.061	5.120	120.408	34.373	-1	-1	2
6.050	5.120	120.489	34.441	-1	-1	2
6.038	5.120	120.572	34.512	-1	-1	2
6.027	5.120	120.652	34.581	-1	-1	2
6.015	5.120	120.735	34.651	-1	-1	2
6.003	5.120	120.815	34.720	-1	-1	2
5.991	5.120	120.897	34.791	-1	-1	2
5.980	5.120	120.977	34.860	-1	-1	2
5.969	5.120	121.057	34.929	-1	-1	2
5.957	5.120	121.140	35.000	-1	-1	2
5.945	5.120	121.220	35.070	-1	-1	2
5.933	5.120	121.302	35.141	-1	-1	2
5.922	5.120	121.382	35.211	-1	-1	2
5.910	5.120	121.464	35.282	-1	-1	2
5.899	5.120	121.544	35.352	-1	-1	2
5.887	5.120	121.626	35.424	-1	-1	2
5.876	5.120	121.706	35.494	-1	-1	2
5.864	5.120	121.788	35.566	-1	-1	2
5.852	5.120	121.868	35.636	-1	-1	2
5.840	5.120	121.950	35.708	-1	-1	2
5.829	5.119	122.029	35.778	-1	-1	2
5.818	5.119	122.109	35.848	-1	-1	2
5.806	5.119	122.188	35.919	-1	-1	2
5.794	5.119	122.270	35.991	-1	-1	2
5.783	5.119	122.350	36.062	-1	-1	2
5.771	5.119	122.432	36.135	-1	-1	2
5.760	5.119	122.511	36.206	-1	-1	2
5.748	5.119	122.593	36.279	-1	-1	2
5.736	5.119	122.672	36.350	-1	-1	2
5.724	5.119	122.754	36.423	-1	-1	2
5.713	5.119	122.833	36.494	-1	-1	2
5.701	5.119	122.914	36.568	-1	-1	2
5.690	5.119	122.993	36.639	-1	-1	2
5.678	5.119	123.075	36.713	-1	-1	2
5.666	5.119	123.154	36.784	-1	-1	2
5.655	5.119	123.235	36.858	-1	-1	2
5.643	5.119	123.314	36.930	-1	-1	2
5.631	5.119	123.396	37.004	-1	-1	2
5.620	5.119	123.474	37.075	-1	-1	2
5.608	5.119	123.553	37.147	-1	-1	2
5.597	5.119	123.634	37.222	-1	-1	2
5.585	5.119	123.713	37.294	-1	-1	2
5.573	5.119	123.794	37.368	-1	-1	2
5.562	5.119	123.872	37.440	-1	-1	2
5.550	5.119	123.954	37.515	-1	-1	2
5.539	5.119	124.032	37.588	-1	-1	2
5.527	5.119	124.113	37.662	-1	-1	2
5.515	5.119	124.191	37.735	-1	-1	2
5.503	5.119	124.272	37.810	-1	-1	2
5.492	5.119	124.350	37.883	-1	-1	2
5.480	5.119	124.431	37.958	-1	-1	2
5.469	5.119	124.509	38.031	-1	-1	2
5.457	5.119	124.590	38.107	-1	-1	2
5.445	5.119	124.668	38.180	-1	-1	2
5.434	5.119	124.749	38.255	-1	-1	2
5.422	5.119	124.827	38.328	-1	-1	2
5.410	5.119	124.907	38.404	-1	-1	2
6.794	4.867	116.226	28.196	99	116	339
6.782	4.868	116.311	28.265	-1	-1	2
6.771	4.868	116.393	28.332	-1	-1	2
6.759	4.868	116.479	28.401	-1	-1	2
6.748	4.869	116.561	28.468	-1	-1	2
6.736	4.869	116.646	28.537	-1	-1	2
6.724	4.869	116.729	28.604	-1	-1	2
6.712	4.870	116.814	28.674	-1	-1	2
6.701	4.869	116.896	28.734	-1	-1	2
6.689	4.869	116.985	28.795	-1	-1	2
6.678	4.868	117.072	28.854	-1	-1	2
6.667	4.867	117.158	28.912	-1	-1	2
6.655	4.866	117.247	28.973	-1	-1	2
6.643	4.865	117.334	29.033	-1	-1	2
6.631	4.865	117.423	29.094	-1	-1	2
6.620	4.864	117.507	29.148	-1	-1	2
6.609	4.861	117.601	29.197	-1	-1	2
6.598	4.859	117.692	29.244	-1	-1	2
6.586	4.857	117.786	29.292	-1	-1	2
6.575	4.854	117.877	29.339	-1	-1	2
6.563	4.852	117.971	29.388	-1	-1	2
6.552	4.850	118.059	29.431	-1	0	2
6.541	4.845	118.157	29.459	-1	0	2
6.531	4.840	118.252	29.485	-1	0	2
6.520	4.836	118.346	29.511	-1	0	2
6.511	4.829	118.441	29.512	-1	0	2
6.501	4.822	118.539	29.514	-1	0	2
6.492	4.815	118.634	29.517	-1	0	2
6.484	4.807	118.725	29.499	-1	0	2
6.477	4.798	118.815	29.478	-1	0	2
6.469	4.789	118.908	29.456	-1	0	2
6.463	4.780	118.987	29.417	-1	0	2
6.458	4.769	119.068	29.367	-1	1	2
6.453	4.759	119.146	29.319	-1	1	2
6.451	4.748	119.207	29.247	-1	1	2
6.449	4.737	119.265	29.172	-1	1	2
6.447	4.725	119.326	29.094	-1	1	2
6.445	4.714	119.385	29.019	-1	1	2
6.444	4.702	119.438	28.939	-1	1	2
6.444	4.691	119.484	28.853	-1	1	2
6.444	4.679	119.532	28.763	-1	1	2
6.443	4.668	119.578	28.677	-1	1	2
6.443	4.656	119.624	28.591	-1	1	2
6.443	4.644	119.672	28.502	-1	1	2
6.443	4.633	119.718	28.415	-1	1	2
6.443	4.621	119.766	28.326	-1	1	2
6.443	4.610	119.811	28.240	-1	1	2
6.442	4.598	119.859	28.151	-1	1	2
6.442	4.586	119.904	28.065	-1	1	2
6.442	4.574	119.951	27.975	-1	1	2
6.442	4.563	119.996	27.889	-1	1	2
6.442	4.551	120.043	27.800	-1	1	2
6.442	4.540	120.088	27.714	-1	1	2
6.442	4.528	120.135	27.625	-1	1	2
6.441	4.516	120.180	27.539	-1	1	2
6.441	4.505	120.226	27.450	-1	1	2
6.441	4.493	120.271	27.364	-1	1	2
6.441	4.482	120.315	27.277	-1	1	2
6.441	4.470	120.359	27.191	0	1	2
6.441	4.458	120.404	27.101	-1	1	2
6.441	4.447	120.447	27.014	0	1	2
6.441	4.435	120.492	26.924	-1	1	2
6.441	4.424	120.535	26.838	0	1	2
6.441	4.412	120.579	26.748	-1	1	2
6.441	4.400	120.622	26.661	0	1	2
6.441	4.389	120.667	26.571	-1	1	2
6.441	4.377	120.709	26.485	0	1	2
6.441	4.365	120.754	26.395	-1	1	2
6.441	4.354	120.796	26.308	0	1	2
6.441	4.342	120.840	26.219	0	1	2
6.441	4.331	120.882	26.132	0	1	2
6.441	4.319	120.924	26.045	0	1	2
6.440	4.307	120.968	25.955	0	1	2
6.440	4.296	121.010	25.869	0	1	2
6.440	4.284	121.053	25.779	0	1	2
6.440	4.273	121.095	25.692	0	1	2
6.440	4.261	121.138	25.603	0	1	2
6.440	4.249	121.180	25.516	0	1	2
6.440	4.238	121.223	25.426	0	1	2
6.440	4.226	121.264	25.339	0	1	2
6.440	4.214	121.307	25.250	0	1	2
6.440	4.203	121.348	25.163	0	1	2
6.440	4.191	121.391	25.073	0	1	2
6.440	4.180	121.430	24.989	0	1	2
6.440	4.168	121.471	24.899	0	1	2
6.440	4.157	121.511	24.811	0	1	2
6.440	4.145	121.553	24.721	0	1	2
6.441	4.134	121.592	24.633	0	1	2
6.441	4.122	121.633	24.543	0	1	2
6.441	4.110	121.673	24.455	0	1	2
6.441	4.098	121.714	24.365	0	1	2
6.441	4.087	121.753	24.277	0	1	2
6.441	4.075	121.794	24.187	0	1	2
6.441	4.064	121.833	24.099	0	1	2
6.441	4.052	121.874	24.009	0	1	2
6.441	4.040	121.913	23.921	0	1	2
6.441	4.029	121.953	23.830	0	1	2
6.441	4.017	121.992	23.743	0	1	2
6.441	4.005	122.032	23.652	0	1	2
6.441	3.994	122.070	23.565	0	1	2
6.441	3.982	122.109	23.477	0	1	2
6.442	3.971	122.148	23.386	0	1	2
6.442	3.959	122.187	23.299	0	1	2
6.442	3.947	122.226	23.208	0	1	2
6.442	3.936	122.264	23.120	0	1	2
6.442	3.924	122.303	23.030	0	1	2
6.442	3.913	122.341	22.942	0	1	2
6.442	3.901	122.380	22.851	0	1	2
6.442	3.889	122.418	22.763	0	1	2
6.442	3.878	122.457	22.673	0	1	2
6.442	3.866	122.494	22.585	0	1	2
6.442	3.854	122.533	22.494	0	1	2
6.442	3.843	122.570	22.406	0	1	2
6.442	3.831	122.609	22.315	0	1	2
6.443	3.820	122.646	22.227	0	1	2
6.443	3.808	122.684	22.136	0	1	2
6.443	3.796	122.721	22.048	0	1	2
6.443	3.784	122.759	21.958	0	1	2
6.443	3.773	122.795	21.870	0	1	2
6.443	3.761	122.833	21.779	0	1	2
6.443	3.750	122.868	21.693	0	1	2
6.443	3.738	122.906	21.602	0	1	2
6.443	3.727	122.942	21.514	0	1	2
6.443	3.715	122.979	21.423	0	1	2
6.443	3.704	123.014	21.334	0	1	2
6.444	3.692	123.051	21.243	0	1	2
6.444	3.680	123.087	21.155	0	1	2
6.444	3.669	123.124	21.063	0	1	2
6.444	3.657	123.159	20.975	0	1	2
6.444	3.645	123.196	20.884	0	1	2
6.444	3.634	123.231	20.795	0	1	2
6.444	3.622	123.266	20.707	0	1	2
6.444	3.611	123.302	20.615	0	1	2
6.444	3.599	123.337	20.527	0	1	2
6.444	3.587	123.373	20.435	0	1	2
6.445	3.576	123.408	20.346	0	1	2
6.445	3.564	123.443	20.255	0	1	2
6.445	3.553	123.478	20.166	0	1	2
6.445	3.541	123.513	20.074	0	1	2
6.445	3.529	123.548	19.986	0	1	2
6.445	3.517	123.583	19.894	0	1	2
6.445	3.506	123.617	19.805	0	1	2
6.445	3.494	123.652	19.713	0	1	2
6.445	3.483	123.686	19.624	0	1	2
6.445	3.471	123.721	19.532	0	1	2
6.446	3.460	123.754	19.444	0	1	2
6.446	3.448	123.789	19.351	0	1	2
6.446	3.436	123.823	19.262	0	1	2
6.446	3.424	123.857	19.170	0	1	2
6.446	3.413	123.890	19.081	0	1	2
6.446	3.401	123.925	18.989	0	1	2
6.446	3.390	123.958	18.900	0	1	2
6.446	3.378	123.992	18.808	0	1	2
6.446	3.366	124.025	18.718	0	1	2
6.447	3.355	124.058	18.626	0	1	2
6.447	3.343	124.091	18.537	0	1	2
6.447	3.331	124.125	18.444	0	1	2
6.447	3.320	124.157	18.355	0	1	2
6.447	3.308	124.190	18.262	0	1	2
6.447	3.297	124.223	18.173	0	1	2
6.447	3.285	124.255	18.083	0	1	2
6.447	3.273	124.288	17.991	0	1	2
6.447	3.262	124.320	17.901	0	1	2
6.447	3.250	124.353	17.808	0	1	2
6.448	3.239	124.384	17.718	0	1	2
6.448	3.227	124.417	17.626	0	1	2
6.455	3.221	124.371	17.529	1	1	2
6.467	3.218	124.288	17.422	1	1	2
6.478	3.215	124.208	17.319	1	1	2
6.489	3.211	124.126	17.212	1	1	2
6.500	3.208	124.046	17.117	1	1	2
6.511	3.206	123.959	17.015	1	1	2
6.522	3.203	123.875	16.918	1	1	2
6.534	3.201	123.788	16.817	1	1	2
6.545	3.198	123.704	16.719	1	1	2
6.557	3.195	123.617	16.618	1	1	2
6.568	3.193	123.533	16.521	1	1	2
6.579	3.190	123.446	16.420	1	1	2
6.590	3.189	123.361	16.333	1	1	2
6.602	3.188	123.268	16.242	1	1	2
6.614	3.187	123.178	16.154	1	1	2
6.625	3.185	123.085	16.064	1	1	2
6.637	3.184	122.995	15.977	1	1	2
6.649	3.183	122.902	15.886	1	1	2
6.660	3.182	122.812	15.799	1	1	2
6.672	3.181	122.719	15.709	1	1	2
6.683	3.180	122.629	15.622	1	1	2
6.695	3.179	122.538	15.538	1	1	2
6.706	3.179	122.444	15.460	1	1	2
6.718	3.179	122.348	15.380	1	1	2
6.729	3.179	122.254	15.302	1	1	2
6.741	3.179	122.161	15.224	1	1	2
6.753	3.179	122.064	15.144	1	1	2
6.764	3.179	121.971	15.066	1	1	2
6.776	3.179	121.874	14.986	1	1	2
6.787	3.179	121.781	14.909	1	1	2
6.799	3.179	121.687	14.832	1	1	2
6.810	3.180	121.591	14.768	1	1	2
6.822	3.182	121.491	14.701	1	1	2
6.833	3.183	121.394	14.637	1	1	2
6.845	3.185	121.295	14.570	1	1	2
6.856	3.186	121.198	14.506	1	1	2
6.868	3.187	121.098	14.440	1	1	2
6.880	3.189	121.002	14.376	1	1	2
6.891	3.191	120.905	14.315	1	1	2
6.902	3.194	120.808	14.277	1	0	2
6.913	3.199	120.707	14.237	1	0	2
6.923	3.202	120.610	14.198	1	0	2
6.935	3.206	120.509	14.158	1	0	2
6.945	3.210	120.412	14.120	1	0	2
6.956	3.214	120.311	14.081	1	0	2
6.967	3.218	120.214	14.043	1	0	2
6.978	3.222	120.113	14.004	1	0	2
6.989	3.226	120.016	13.967	1	0	2
7.000	3.230	119.915	13.929	1	0	2
7.011	3.234	119.818	13.892	1	0	2
7.022	3.238	119.718	13.853	1	0	2
7.033	3.242	119.621	13.817	1	0	2
7.044	3.246	119.520	13.779	1	0	2
7.055	3.250	119.423	13.743	1	0	2
7.065	3.254	119.326	13.707	1	0	2
7.075	3.260	119.233	13.690	1	0	2
7.084	3.267	119.141	13.690	1	0	2
7.094	3.274	119.047	13.689	1	0	2
7.103	3.281	118.956	13.689	1	0	2
7.112	3.288	118.862	13.689	1	0	2
7.121	3.295	118.771	13.689	1	0	2
7.131	3.302	118.677	13.690	1	0	2
7.140	3.309	118.586	13.690	1	0	2
7.149	3.316	118.492	13.691	1	0	2
7.158	3.323	118.402	13.692	1	0	2
7.168	3.330	118.308	13.693	1	0	2
7.177	3.337	118.217	13.694	1	0	2
7.186	3.344	118.123	13.695	1	0	2
7.195	3.351	118.032	13.697	1	0	2
7.205	3.358	117.939	13.699	1	0	2
7.214	3.365	117.848	13.700	1	0	2
7.222	3.373	117.762	13.713	1	0	2
7.229	3.382	117.685	13.750	1	0	2
7.236	3.392	117.605	13.789	1	0	2
7.242	3.401	117.529	13.826	1	0	2
7.249	3.411	117.449	13.865	1	0	2
7.256	3.420	117.373	13.903	1	0	2
7.263	3.430	117.293	13.942	1	0	2
7.269	3.439	117.216	13.979	1	0	2
7.276	3.449	117.137	14.019	1	0	2
7.283	3.458	117.060	14.057	1	0	2
7.290	3.468	116.981	14.096	1	0	2
7.296	3.477	116.904	14.134	1	0	2
7.303	3.487	116.824	14.174	1	0	2
7.310	3.496	116.747	14.212	1	0	2
7.316	3.506	116.670	14.250	1	0	2
7.323	3.515	116.591	14.290	1	0	2
7.330	3.525	116.514	14.329	1	0	2
7.335	3.535	116.446	14.381	1	-1	2
7.339	3.545	116.386	14.448	1	-1	2
7.343	3.556	116.325	14.516	1	-1	2
7.347	3.567	116.266	14.583	1	-1	2
7.351	3.578	116.204	14.652	1	-1	2
7.355	3.589	116.145	14.718	1	-1	2
7.359	3.600	116.083	14.787	1	-1	2
7.363	3.611	116.024	14.854	1	-1	2
7.367	3.622	115.962	14.923	1	-1	2
7.371	3.633	115.902	14.990	1	-1	2
7.375	3.644	115.841	15.059	1	-1	2
7.379	3.655	115.781	15.125	1	-1	2
7.384	3.666	115.719	15.195	1	-1	2
7.387	3.677	115.659	15.261	1	-1	2
7.392	3.688	115.597	15.331	1	-1	2
7.395	3.698	115.537	15.397	1	-1	2
7.400	3.710	115.475	15.467	1	-1	2
7.404	3.720	115.414	15.534	1	-1	2
7.407	3.731	115.359	15.607	1	-1	2
7.409	3.743	115.313	15.689	1	-1	2
7.411	3.754	115.264	15.774	1	-1	2
7.413	3.766	115.217	15.857	1	-1	2
7.415	3.777	115.169	15.942	1	-1	2
7.417	3.789	115.122	16.024	1	-1	2
7.419	3.800	115.073	16.109	1	-1	2
7.421	3.812	115.026	16.192	1	-1	2
7.423	3.823	114.979	16.274	1	-1	2
7.425	3.834	114.930	16.359	1	-1	2
7.426	3.845	114.891	16.445	0	-1	2
7.427	3.857	114.850	16.537	0	-1	2
7.428	3.869	114.810	16.626	0	-1	2
7.429	3.880	114.768	16.718	0	-1	2
7.430	3.892	114.728	16.807	0	-1	2
7.431	3.904	114.687	16.899	0	-1	2
7.432	3.915	114.646	16.988	0	-1	2
7.433	3.927	114.604	17.080	0	-1	2
7.434	3.938	114.564	17.169	0	-1	2
7.435	3.950	114.522	17.261	0	-1	2
7.436	3.961	114.481	17.350	0	-1	2
7.437	3.973	114.445	17.443	0	-1	2
7.437	3.984	114.410	17.537	0	-1	2
7.437	3.996	114.374	17.634	0	-1	2
7.437	4.008	114.338	17.727	0	-1	2
7.438	4.020	114.302	17.824	0	-1	2
7.438	4.031	114.266	17.918	0	-1	2
7.438	4.043	114.230	18.015	0	-1	2
7.438	4.054	114.194	18.108	0	-1	2
7.438	4.066	114.157	18.205	0	-1	2
7.439	4.078	114.121	18.299	0	-1	2
7.439	4.090	114.084	18.395	0	-1	2
7.438	4.101	114.054	18.489	0	-1	2
7.438	4.112	114.025	18.591	0	-1	2
7.437	4.124	113.996	18.689	0	-1	2
7.436	4.136	113.966	18.791	0	-1	2
7.435	4.147	113.938	18.889	0	-1	2
7.434	4.159	113.908	18.991	0	-1	2
7.434	4.170	113.879	19.089	0	-1	2
7.433	4.182	113.849	19.187	0	-1	2
7.432	4.193	113.819	19.289	0	-1	2
7.431	4.205	113.790	19.387	0	-1	2
7.429	4.216	113.775	19.492	0	-1	2
7.426	4.227	113.761	19.599	0	-1	2
7.423	4.239	113.747	19.709	0	-1	2
7.420	4.250	113.734	19.815	0	-1	2
7.417	4.261	113.720	19.925	0	-1	2
7.414	4.272	113.706	20.031	0	-1	2
7.412	4.284	113.691	20.140	0	-1	2
7.409	4.295	113.677	20.246	0	-1	2
7.406	4.306	113.662	20.356	0	-1	2
7.403	4.317	113.648	20.462	0	-1	2
7.400	4.329	113.633	20.571	0	-1	2
7.397	4.340	113.618	20.677	0	-1	2
7.395	4.352	113.603	20.787	0	-1	2
7.392	4.363	113.588	20.892	0	-1	2
7.389	4.374	113.572	21.002	0	-1	2
7.386	4.385	113.557	21.107	0	-1	2
7.383	4.397	113.541	21.217	0	-1	2
7.380	4.408	113.525	21.322	0	-1	2
7.377	4.419	113.509	21.431	0	-1	2
7.375	4.430	113.493	21.537	0	-1	2
7.372	4.442	113.477	21.646	0	-1	2
7.368	4.452	113.472	21.750	0	-1	2
7.362	4.462	113.484	21.865	0	-1	2
7.356	4.472	113.495	21.976	0	-1	2
7.350	4.482	113.507	22.091	0	-1	2
7.344	4.492	113.517	22.203	0	-1	2
7.338	4.502	113.528	22.314	0	-1	2
7.332	4.512	113.539	22.429	0	-1	2
7.326	4.522	113.550	22.540	0	-1	2
7.320	4.532	113.560	22.654	0	-1	2
7.314	4.542	113.570	22.765	0	-1	2
7.308	4.552	113.581	22.880	0	-1	2
7.302	4.562	113.591	22.991	0	-1	2
7.296	4.572	113.601	23.106	0	-1	2
7.291	4.582	113.610	23.216	0	-1	2
7.285	4.592	113.620	23.331	0	-1	2
7.279	4.602	113.629	23.442	0	-1	2
7.273	4.612	113.639	23.556	0	-1	2
7.267	4.622	113.648	23.667	0	-1	2
7.261	4.632	113.657	23.781	0	-1	2
7.255	4.642	113.666	23.892	0	-1	2
7.246	4.649	113.704	23.998	0	-1	2
7.237	4.657	113.744	24.104	0	-1	2
7.228	4.664	113.785	24.213	0	-1	2
7.219	4.671	113.824	24.319	0	-1	2
7.210	4.679	113.865	24.429	0	-1	2
7.202	4.686	113.905	24.535	0	-1	2
7.192	4.694	113.945	24.644	0	-1	2
7.184	4.701	113.984	24.750	0	-1	2
7.174	4.709	114.025	24.859	0	-1	2
7.166	4.716	114.064	24.965	0	-1	2
7.157	4.723	114.104	25.075	0	-1	2
7.148	4.731	114.143	25.180	0	-1	2
7.139	4.738	114.182	25.290	0	-1	2
7.130	4.746	114.221	25.396	0	-1	2
7.121	4.753	114.261	25.505	0	-1	2
7.112	4.760	114.299	25.611	0	-1	2
7.103	4.768	114.337	25.717	0	-1	2
7.094	4.775	114.376	25.826	0	-1	2
7.085	4.781	114.421	25.923	-1	-1	2
7.074	4.785	114.488	26.016	-1	-1	2
7.063	4.789	114.553	26.105	-1	-1	2
7.052	4.793	114.620	26.197	-1	-1	2
7.041	4.797	114.684	26.287	-1	-1	2
7.030	4.801	114.751	26.380	-1	-1	2
7.019	4.805	114.815	26.469	-1	-1	2
7.008	4.809	114.882	26.562	-1	-1	2
6.997	4.813	114.946	26.651	-1	-1	2
6.986	4.817	115.012	26.744	-1	-1	2
6.975	4.821	115.076	26.834	-1	-1	2
6.964	4.825	115.143	26.927	-1	-1	2
6.954	4.829	115.207	27.017	-1	-1	2
6.942	4.833	115.273	27.110	-1	-1	2
6.932	4.837	115.336	27.200	-1	-1	2
6.921	4.841	115.402	27.293	-1	-1	2
6.910	4.845	115.466	27.383	-1	-1	2
6.899	4.849	115.532	27.476	-1	-1	2
6.888	4.853	115.595	27.567	-1	-1	2
8.429	5.124	103.048	22.473	143	58	418
8.418	5.124	103.136	22.516	-1	0	2
8.406	5.124	103.228	22.562	-1	-1	2
8.395	5.124	103.316	22.606	-1	-1	2
8.383	5.123	103.407	22.652	-1	-1	2
8.371	5.123	103.496	22.696	-1	-1	2
8.359	5.123	103.587	22.742	-1	-1	2
8.348	5.123	103.675	22.787	-1	-1	2
8.339	5.121	103.754	22.810	-1	0	2
8.339	5.109	103.799	22.707	-1	1	2
8.339	5.097	103.842	22.608	0	1	2
8.339	5.086	103.886	22.506	-1	1	2
8.339	5.074	103.929	22.407	0	1	2
8.339	5.062	103.973	22.304	-1	1	2
8.339	5.051	104.015	22.205	0	1	2
8.339	5.039	104.059	22.103	0	1	2
8.339	5.027	104.101	22.004	0	1	2
8.339	5.016	104.145	21.902	0	1	2
8.339	5.005	104.185	21.806	0	1	2
8.339	4.993	104.228	21.704	0	1	2
8.339	4.981	104.270	21.605	0	1	2
8.339	4.969	104.312	21.503	0	1	2
8.339	4.958	104.354	21.404	0	1	2
8.339	4.946	104.396	21.301	0	1	2
8.339	4.935	104.437	21.202	0	1	2
8.339	4.923	104.479	21.100	0	1	2
8.339	4.911	104.520	21.001	0	1	2
8.339	4.900	104.556	20.904	0	1	2
8.350	4.899	104.474	20.844	1	1	2
8.362	4.897	104.389	20.782	1	1	2
8.373	4.896	104.309	20.725	1	1	2
8.385	4.895	104.226	20.666	1	1	2
8.396	4.893	104.143	20.607	1	1	2
8.408	4.892	104.057	20.546	1	1	2
8.419	4.891	103.977	20.490	1	1	2
8.431	4.889	103.891	20.430	1	1	2
8.442	4.888	103.808	20.372	1	1	2
8.454	4.887	103.725	20.314	1	1	2
8.465	4.885	103.642	20.256	1	1	2
8.476	4.884	103.558	20.198	1	1	2
8.488	4.883	103.475	20.141	1	1	2
8.499	4.881	103.393	20.081	1	1	2
8.511	4.880	103.308	20.019	1	1	2
8.522	4.878	103.227	19.960	1	1	2
8.534	4.876	103.142	19.898	1	1	2
8.545	4.875	103.060	19.839	1	1	2
8.557	4.873	102.975	19.778	1	1	2
8.569	4.872	102.893	19.719	1	1	2
8.580	4.870	102.807	19.658	1	1	2
8.591	4.867	102.733	19.593	1	1	2
8.603	4.864	102.654	19.522	1	1	2
8.614	4.862	102.577	19.455	1	1	2
8.625	4.859	102.498	19.384	1	1	2
8.636	4.856	102.421	19.317	1	1	2
8.647	4.853	102.346	19.247	1	1	2
8.658	4.848	102.281	19.165	1	1	2
8.669	4.844	102.214	19.080	1	1	2
8.679	4.839	102.149	18.999	1	1	2
8.690	4.834	102.081	18.914	1	1	2
8.699	4.828	102.029	18.827	1	1	2
8.709	4.821	101.979	18.728	1	1	2
8.718	4.814	101.931	18.632	1	1	2
8.728	4.807	101.881	18.533	1	1	2
8.736	4.800	101.839	18.439	0	1	2
8.744	4.791	101.811	18.329	0	1	2
8.751	4.782	101.785	18.222	0	1	2
8.758	4.773	101.758	18.112	0	1	2
8.765	4.764	101.732	18.010	0	1	2
8.770	4.754	101.729	17.900	0	1	2
8.775	4.743	101.725	17.786	0	1	2
8.780	4.733	101.721	17.676	0	1	2
8.785	4.722	101.717	17.562	0	1	2
8.788	4.711	101.726	17.457	0	1	2
8.791	4.700	101.741	17.345	0	1	2
8.794	4.689	101.756	17.237	0	1	2
8.797	4.677	101.772	17.125	0	1	2
8.799	4.666	101.786	17.016	0	1	2
8.802	4.655	101.804	16.909	0	1	2
8.803	4.643	101.830	16.803	0	1	2
8.804	4.632	101.856	16.694	0	1	2
8.806	4.620	101.882	16.588	0	1	2
8.807	4.608	101.908	16.479	0	1	2
8.808	4.597	101.933	16.373	0	1	2
8.810	4.585	101.960	16.264	0	1	2
8.811	4.574	101.984	16.158	0	1	2
8.812	4.562	102.016	16.055	0	1	2
8.812	4.551	102.047	15.952	0	1	2
8.813	4.539	102.080	15.846	0	1	2
8.813	4.528	102.111	15.743	0	1	2
8.814	4.516	102.143	15.636	0	1	2
8.814	4.504	102.174	15.533	0	1	2
8.815	4.493	102.205	15.427	0	1	2
8.815	4.481	102.236	15.324	0	1	2
8.816	4.469	102.267	15.217	0	1	2
8.816	4.458	102.298	15.114	0	1	2
8.817	4.446	102.329	15.008	0	1	2
8.817	4.435	102.359	14.904	0	1	2
8.818	4.423	102.389	14.798	0	1	2
8.818	4.411	102.419	14.695	0	1	2
8.818	4.400	102.451	14.597	0	1	2
8.818	4.388	102.485	14.492	0	1	2
8.818	4.377	102.517	14.390	0	1	2
8.818	4.365	102.551	14.285	0	1	2
8.818	4.354	102.584	14.184	0	1	2
8.818	4.342	102.617	14.079	0	1	2
8.818	4.330	102.649	13.978	0	1	2
8.818	4.319	102.682	13.873	0	1	2
8.818	4.307	102.714	13.771	0	1	2
8.818	4.295	102.747	13.666	0	1	2
8.818	4.284	102.778	13.565	0	1	2
8.819	4.272	102.811	13.459	0	1	2
8.819	4.261	102.842	13.358	0	1	2
8.819	4.249	102.874	13.253	0	1	2
8.819	4.237	102.905	13.151	0	1	2
8.819	4.225	102.937	13.046	0	1	2
8.819	4.214	102.968	12.944	0	1	2
8.819	4.202	103.000	12.839	0	1	2
8.819	4.191	103.030	12.737	0	1	2
8.819	4.179	103.062	12.632	0	1	2
8.819	4.168	103.092	12.530	0	1	2
8.819	4.156	103.123	12.424	0	1	2
8.819	4.144	103.153	12.323	0	1	2
8.819	4.132	103.184	12.217	0	1	2
8.819	4.121	103.213	12.115	0	1	2
8.819	4.109	103.244	12.010	0	1	2
8.819	4.098	103.273	11.908	0	1	2
8.819	4.086	103.303	11.802	0	1	2
8.819	4.074	103.332	11.700	0	1	2
8.819	4.063	103.361	11.598	0	1	2
8.819	4.051	103.391	11.492	0	1	2
8.819	4.040	103.420	11.390	0	1	2
8.819	4.028	103.449	11.284	0	1	2
8.819	4.016	103.478	11.182	0	1	2
8.819	4.005	103.507	11.076	0	1	2
8.819	3.993	103.535	10.973	0	1	2
8.819	3.981	103.564	10.868	0	1	2
8.820	3.970	103.592	10.765	0	1	2
8.820	3.958	103.621	10.659	0	1	2
8.820	3.947	103.648	10.557	0	1	2
8.820	3.935	103.677	10.450	0	1	2
8.820	3.923	103.704	10.348	0	1	2
8.820	3.912	103.732	10.242	0	1	2
8.820	3.900	103.759	10.139	0	1	2
8.820	3.888	103.787	10.033	0	1	2
8.820	3.877	103.814	9.930	0	1	2
8.820	3.865	103.841	9.823	0	1	2
8.820	3.854	103.868	9.721	0	1	2
8.820	3.842	103.895	9.614	0	1	2
8.820	3.830	103.922	9.511	0	1	2
8.820	3.819	103.949	9.405	0	1	2
8.820	3.807	103.975	9.302	0	1	2
8.820	3.795	104.001	9.195	0	1	2
8.820	3.784	104.027	9.092	0	1	2
8.820	3.772	104.053	8.985	0	1	2
8.820	3.761	104.079	8.882	0	1	2
8.820	3.749	104.105	8.775	0	1	2
8.820	3.737	104.130	8.672	0	1	2
8.820	3.726	104.155	8.568	0	1	2
8.820	3.714	104.181	8.461	0	1	2
8.820	3.703	104.206	8.358	0	1	2
8.820	3.691	104.231	8.250	0	1	2
8.821	3.679	104.256	8.147	0	1	2
8.821	3.667	104.281	8.040	0	1	2
8.821	3.656	104.305	7.936	0	1	2
8.821	3.644	104.330	7.829	0	1	2
8.821	3.633	104.354	7.725	0	1	2
8.821	3.621	104.379	7.617	0	1	2
8.821	3.610	104.403	7.513	0	1	2
8.821	3.598	104.427	7.406	0	1	2
8.821	3.586	104.451	7.302	0	1	2
8.821	3.574	104.475	7.194	0	1	2
8.821	3.563	104.498	7.090	0	1	2
8.821	3.551	104.522	6.982	0	1	2
8.821	3.540	104.545	6.878	0	1	2
8.821	3.528	104.568	6.770	0	1	2
8.821	3.516	104.591	6.665	0	1	2
8.821	3.505	104.614	6.557	0	1	2
8.821	3.493	104.637	6.453	0	1	2
8.821	3.481	104.660	6.344	0	1	2
8.821	3.470	104.682	6.240	0	1	2
8.821	3.458	104.705	6.131	0	1	2
8.821	3.447	104.727	6.027	0	1	2
8.821	3.435	104.749	5.918	0	1	2
8.821	3.423	104.771	5.813	0	1	2
8.821	3.412	104.793	5.705	0	1	2
8.821	3.400	104.814	5.600	0	1	2
8.821	3.388	104.836	5.491	0	1	2
8.822	3.377	104.857	5.386	0	1	2
8.822	3.365	104.878	5.280	0	1	2
8.822	3.354	104.900	5.171	0	1	2
8.822	3.342	104.920	5.066	0	1	2
8.822	3.330	104.942	4.957	0	1	2
8.822	3.319	104.962	4.851	0	1	2
8.822	3.307	104.983	4.742	0	1	2
8.822	3.296	105.003	4.636	0	1	2
8.822	3.284	105.023	4.531	0	1	2
8.822	3.273	105.043	4.425	0	1	2
8.822	3.261	105.064	4.315	0	1	2
8.822	3.249	105.084	4.209	0	1	2
8.822	3.238	105.104	4.100	0	1	2
8.822	3.226	105.123	3.994	0	1	2
8.822	3.214	105.143	3.884	0	1	2
8.822	3.203	105.163	3.777	0	1	2
8.822	3.191	105.182	3.667	0	1	2
8.822	3.180	105.201	3.561	0	1	2
8.822	3.168	105.221	3.451	0	1	2
8.822	3.156	105.239	3.344	0	1	2
8.822	3.145	105.258	3.234	0	1	2
8.822	3.133	105.277	3.127	0	1	2
8.822	3.121	105.296	3.017	0	1	2
8.822	3.110	105.314	2.910	0	1	2
8.822	3.098	105.333	2.799	0	1	2
8.822	3.087	105.350	2.692	0	1	2
8.822	3.075	105.369	2.581	0	1	2
8.822	3.063	105.386	2.474	0	1	2
8.822	3.051	105.405	2.363	0	1	2
8.822	3.040	105.422	2.256	0	1	2
8.822	3.029	105.439	2.148	0	1	2
8.823	3.017	105.457	2.037	0	1	2
8.823	3.005	105.474	1.929	0	1	2
8.823	2.994	105.491	1.818	0	1	2
8.823	2.982	105.508	1.710	0	1	2
8.823	2.970	105.525	1.598	0	1	2
8.823	2.959	105.542	1.490	0	1	2
8.823	2.947	105.558	1.379	0	1	2
8.823	2.936	105.575	1.270	0	1	2
8.823	2.924	105.591	1.158	0	1	2
8.823	2.912	105.607	1.050	0	1	2
8.823	2.900	105.623	0.938	0	1	2
8.823	2.889	105.639	0.829	0	1	2
8.823	2.877	105.655	0.717	0	1	2
8.823	2.866	105.671	0.608	0	1	2
8.823	2.854	105.686	0.495	0	1	2
8.823	2.842	105.701	0.386	0	1	2
8.823	2.831	105.717	0.274	0	1	2
8.823	2.819	105.732	0.165	0	1	2
8.823	2.807	105.747	0.051	0	1	2
8.823	2.796	105.762	-0.058	0	1	2
8.823	2.784	105.777	-0.171	0	1	2
8.823	2.773	105.791	-0.281	0	1	2
8.823	2.761	105.806	-0.394	0	1	2
8.823	2.749	105.820	-0.504	0	1	2
8.823	2.738	105.834	-0.617	0	1	2
8.823	2.726	105.848	-0.727	0	1	2
8.823	2.714	105.862	-0.841	0	1	2
8.823	2.703	105.876	-0.951	0	1	2
8.823	2.691	105.890	-1.066	0	1	2
8.823	2.680	105.903	-1.176	0	1	2
8.823	2.668	105.916	-1.286	0	1	2
8.823	2.656	105.929	-1.401	0	1	2
8.823	2.645	105.942	-1.512	0	1	2
8.824	2.633	105.955	-1.626	0	1	2
8.824	2.622	105.968	-1.737	0	1	2
8.824	2.610	105.981	-1.852	0	1	2
8.824	2.598	105.993	-1.963	0	1	2
8.824	2.587	106.006	-2.078	0	1	2
8.824	2.575	106.018	-2.190	0	1	2
8.824	2.563	106.030	-2.305	0	1	2
8.824	2.552	106.042	-2.416	0	1	2
8.824	2.540	106.054	-2.532	0	1	2
8.824	2.529	106.066	-2.644	0	1	2
8.824	2.517	106.078	-2.760	0	1	2
8.824	2.505	106.089	-2.872	0	1	2
8.824	2.493	106.101	-2.988	0	1	2
8.824	2.482	106.112	-3.100	0	1	2
8.824	2.470	106.123	-3.216	0	1	2
8.824	2.459	106.134	-3.329	0	1	2
8.824	2.447	106.145	-3.445	0	1	2
8.824	2.435	106.155	-3.558	0	1	2
8.824	2.424	106.166	-3.675	0	1	2
8.824	2.412	106.176	-3.788	0	1	2
8.824	2.400	106.186	-3.905	0	1	2
8.824	2.389	106.196	-4.018	0	1	2
8.824	2.377	106.207	-4.136	0	1	2
8.824	2.366	106.216	-4.249	0	1	2
8.824	2.354	106.226	-4.367	0	1	2
8.824	2.342	106.236	-4.481	0	1	2
8.824	2.331	106.245	-4.595	0	1	2
8.824	2.319	106.254	-4.713	0	1	2
8.824	2.308	106.263	-4.827	0	1	2
8.824	2.296	106.273	-4.945	0	1	2
8.824	2.284	106.281	-5.059	0	1	2
8.824	2.273	106.290	-5.178	0	1	2
8.824	2.261	106.299	-5.293	0	1	2
8.825	2.249	106.307	-5.412	0	1	2
8.825	2.238	106.315	-5.527	0	1	2
8.825	2.226	106.324	-5.646	0	1	2
8.825	2.215	106.332	-5.761	0	1	2
8.825	2.203	106.340	-5.880	0	1	2
8.825	2.191	106.348	-5.996	0	1	2
8.825	2.180	106.355	-6.115	0	1	2
8.825	2.168	106.363	-6.231	0	1	2
8.825	2.156	106.370	-6.351	0	1	2
8.824	2.145	106.380	-6.462	0	1	2
8.824	2.133	106.391	-6.580	0	1	2
8.824	2.122	106.402	-6.694	0	1	2
8.823	2.110	106.414	-6.812	0	1	2
8.823	2.099	106.425	-6.927	0	1	2
8.822	2.087	106.436	-7.045	0	1	2
8.822	2.075	106.446	-7.160	0	1	2
8.821	2.064	106.457	-7.279	0	1	2
8.821	2.052	106.467	-7.394	0	1	2
8.820	2.040	106.478	-7.513	0	1	2
8.820	2.029	106.488	-7.628	0	1	2
8.819	2.017	106.498	-7.747	0	1	2
8.819	2.006	106.507	-7.859	0	1	2
8.817	1.994	106.526	-7.973	0	1	2
8.816	1.983	106.544	-8.083	0	1	2
8.814	1.971	106.562	-8.193	0	1	2
8.813	1.960	106.581	-8.308	0	1	2
8.811	1.948	106.599	-8.418	0	1	2
8.810	1.936	106.617	-8.533	0	1	2
8.808	1.925	106.634	-8.644	0	1	2
8.807	1.913	106.652	-8.759	0	1	2
8.805	1.902	106.670	-8.870	0	1	2
8.802	1.891	106.697	-8.973	0	1	2
8.799	1.880	106.731	-9.070	0	1	2
8.795	1.869	106.766	-9.170	0	1	2
8.792	1.858	106.800	-9.267	0	1	2
8.788	1.846	106.835	-9.368	0	1	2
8.785	1.835	106.869	-9.466	0	1	2
8.781	1.825	106.904	-9.562	0	1	2
8.774	1.815	106.964	-9.627	-1	1	2
8.767	1.806	107.027	-9.694	-1	1	2
8.760	1.796	107.088	-9.758	-1	1	2
8.753	1.787	107.150	-9.825	-1	1	2
8.747	1.777	107.211	-9.890	-1	1	2
8.738	1.770	107.287	-9.925	-1	0	2
8.729	1.763	107.369	-9.948	-1	0	2
8.719	1.757	107.454	-9.971	-1	0	2
8.710	1.750	107.537	-9.993	-1	0	2
8.700	1.743	107.622	-10.016	-1	0	2
8.690	1.737	107.705	-10.038	-1	0	2
8.680	1.732	107.797	-10.030	-1	0	2
8.669	1.728	107.889	-10.022	-1	0	2
8.658	1.724	107.985	-10.013	-1	0	2
8.648	1.720	108.075	-10.000	-1	0	2
8.637	1.717	108.172	-9.974	-1	0	2
8.625	1.714	108.271	-9.948	-1	0	2
8.614	1.711	108.368	-9.922	-1	0	2
8.603	1.708	108.465	-9.895	-1	0	2
8.592	1.706	108.563	-9.857	-1	0	2
8.580	1.704	108.664	-9.818	-1	0	2
8.569	1.702	108.762	-9.781	-1	0	2
8.557	1.700	108.864	-9.741	-1	0	2
8.546	1.698	108.962	-9.703	-1	0	2
8.534	1.696	109.060	-9.660	-1	0	2
8.523	1.695	109.159	-9.614	-1	-1	2
8.511	1.693	109.261	-9.568	-1	-1	2
8.500	1.692	109.360	-9.522	-1	-1	2
8.488	1.690	109.462	-9.475	-1	-1	2
8.477	1.689	109.561	-9.429	-1	-1	2
8.465	1.687	109.663	-9.381	-1	-1	2
8.454	1.686	109.759	-9.335	-1	-1	2
8.442	1.684	109.863	-9.285	-1	-1	2
8.431	1.683	109.962	-9.235	-1	-1	2
8.419	1.682	110.066	-9.185	-1	-1	2
8.408	1.680	110.162	-9.137	-1	-1	2
8.396	1.679	110.265	-9.086	-1	-1	2
8.385	1.678	110.364	-9.036	-1	-1	2
8.373	1.676	110.464	-8.986	-1	-1	2
8.362	1.675	110.565	-8.935	-1	-1	2
8.350	1.674	110.668	-8.883	-1	-1	2
8.346	1.666	110.706	-8.939	0	1	2
8.346	1.654	110.711	-9.064	0	1	2
8.346	1.643	110.716	-9.185	0	1	2
8.345	1.631	110.721	-9.306	0	1	2
8.345	1.620	110.725	-9.428	0	1	2
8.345	1.608	110.729	-9.549	0	1	2
8.345	1.597	110.732	-9.671	0	1	2
8.345	1.585	110.735	-9.794	0	1	2
8.345	1.573	110.738	-9.921	0	1	2
8.345	1.562	110.741	-10.044	0	1	2
8.345	1.550	110.743	-10.167	0	1	2
8.345	1.539	110.745	-10.290	0	1	2
8.345	1.527	110.747	-10.417	0	1	2
8.345	1.515	110.749	-10.540	0	1	2
8.345	1.504	110.751	-10.668	0	1	2
8.345	1.492	110.752	-10.792	0	1	2
8.345	1.480	110.754	-10.920	0	1	2
8.345	1.469	110.755	-11.044	0	1	2
8.345	1.457	110.756	-11.173	0	1	2
8.349	1.450	110.726	-11.275	0	1	2
8.360	1.450	110.621	-11.343	1	1	2
8.372	1.450	110.521	-11.408	1	1	2
8.384	1.450	110.417	-11.476	1	1	2
8.395	1.450	110.316	-11.541	1	1	2
8.407	1.450	110.212	-11.608	1	1	2
8.418	1.450	110.112	-11.672	1	1	2
8.430	1.450	110.008	-11.739	1	1	2
8.442	1.450	109.908	-11.803	1	1	2
8.454	1.450	109.804	-11.869	1	1	2
8.465	1.450	109.704	-11.933	1	1	2
8.477	1.450	109.600	-11.998	1	1	2
8.488	1.450	109.500	-12.061	1	1	2
8.500	1.450	109.396	-12.126	1	1	2
8.511	1.450	109.296	-12.189	1	1	2
8.523	1.450	109.196	-12.251	1	1	2
8.535	1.450	109.093	-12.316	1	1	2
8.546	1.450	108.993	-12.378	1	1	2
8.558	1.450	108.889	-12.441	1	1	2
8.569	1.450	108.790	-12.503	1	1	2
8.581	1.450	108.686	-12.566	1	1	2
8.593	1.450	108.587	-12.627	1	1	2
8.605	1.450	108.483	-12.690	1	1	2
8.616	1.450	108.384	-12.750	1	1	2
8.628	1.450	108.281	-12.813	1	1	2
8.639	1.450	108.181	-12.873	1	1	2
8.651	1.450	108.078	-12.935	1	1	2
8.662	1.450	107.979	-12.994	1	1	2
8.674	1.450	107.876	-13.055	1	1	2
8.686	1.450	107.776	-13.114	1	1	2
8.698	1.450	107.674	-13.175	1	1	2
8.709	1.450	107.574	-13.234	1	1	2
8.721	1.450	107.472	-13.294	1	1	2
8.732	1.450	107.372	-13.352	1	1	2
8.744	1.450	107.270	-13.412	1	1	2
8.756	1.450	107.171	-13.470	1	1	2
8.767	1.450	107.068	-13.529	1	1	2
8.779	1.450	106.969	-13.586	1	1	2
8.791	1.450	106.867	-13.645	1	1	2
8.802	1.450	106.768	-13.702	1	1	2
8.814	1.450	106.665	-13.760	1	1	2
8.825	1.450	106.567	-13.816	1	1	2
8.837	1.450	106.464	-13.874	1	1	2
8.849	1.450	106.365	-13.930	1	1	2
8.860	1.450	106.263	-13.987	1	1	2
8.872	1.450	106.165	-14.042	1	1	2
8.883	1.450	106.066	-14.097	1	1	2
8.895	1.450	105.964	-14.154	1	1	2
8.907	1.450	105.865	-14.208	1	1	2
8.918	1.450	105.763	-14.264	1	1	2
8.930	1.450	105.665	-14.319	1	1	2
8.942	1.450	105.563	-14.374	1	1	2
8.953	1.450	105.465	-14.428	1	1	2
8.965	1.450	105.363	-14.483	1	1	2
8.976	1.450	105.265	-14.536	1	1	2
8.988	1.450	105.163	-14.591	1	1	2
9.000	1.450	105.065	-14.643	1	1	2
9.011	1.450	104.963	-14.697	1	1	2
9.023	1.450	104.865	-14.750	1	1	2
9.035	1.450	104.763	-14.803	1	1	2
9.046	1.450	104.665	-14.855	1	1	2
9.058	1.450	104.564	-14.908	1	1	2
9.069	1.450	104.466	-14.959	1	1	2
9.081	1.450	104.364	-15.012	1	1	2
9.093	1.450	104.266	-15.063	1	1	2
9.104	1.450	104.165	-15.115	1	1	2
9.116	1.450	104.067	-15.165	1	1	2
9.128	1.450	103.966	-15.217	1	1	2
9.139	1.450	103.868	-15.267	1	1	2
9.151	1.450	103.767	-15.318	1	1	2
9.162	1.450	103.669	-15.368	1	1	2
9.174	1.450	103.572	-15.417	1	1	2
9.185	1.450	103.474	-15.465	1	1	2
9.197	1.450	103.373	-15.516	1	1	2
9.209	1.450	103.275	-15.564	1	1	2
9.220	1.450	103.178	-15.612	1	1	2
9.232	1.450	103.077	-15.662	1	1	2
9.243	1.450	102.979	-15.709	1	1	2
9.255	1.450	102.878	-15.758	1	1	2
9.267	1.450	102.781	-15.805	1	1	2
9.278	1.450	102.680	-15.854	1	1	2
9.290	1.450	102.583	-15.901	1	1	2
9.302	1.450	102.482	-15.949	1	1	2
9.313	1.450	102.385	-15.995	1	1	2
9.325	1.450	102.284	-16.042	1	1	2
9.336	1.450	102.187	-16.088	1	1	2
9.348	1.450	102.086	-16.135	1	1	2
9.360	1.450	101.989	-16.181	1	1	2
9.372	1.450	101.889	-16.227	1	1	2
9.383	1.450	101.792	-16.272	1	1	2
9.395	1.450	101.691	-16.318	1	1	2
9.406	1.450	101.594	-16.363	1	1	2
9.418	1.450	101.494	-16.408	1	1	2
9.430	1.450	101.397	-16.452	1	0	2
9.441	1.450	101.297	-16.498	1	1	2
9.453	1.450	101.200	-16.541	1	0	2
9.465	1.450	101.100	-16.586	1	1	2
9.476	1.450	101.003	-16.629	1	0	2
9.488	1.450	100.906	-16.671	1	0	2
9.499	1.450	100.809	-16.714	1	0	2
9.511	1.450	100.709	-16.757	1	0	2
9.522	1.450	100.612	-16.799	1	0	2
9.534	1.450	100.512	-16.842	1	0	2
9.546	1.450	100.416	-16.883	1	0	2
9.557	1.450	100.316	-16.926	1	0	2
9.569	1.450	100.219	-16.966	1	0	2
9.580	1.451	100.123	-17.007	1	0	2
9.592	1.451	100.023	-17.049	1	0	2
9.604	1.451	99.926	-17.089	1	0	2
9.616	1.451	99.826	-17.130	1	0	2
9.627	1.451	99.730	-17.170	1	0	2
9.639	1.451	99.630	-17.211	1	0	2
9.650	1.451	99.534	-17.250	1	0	2
9.662	1.451	99.434	-17.291	1	0	2
9.674	1.451	99.338	-17.329	1	0	2
9.685	1.451	99.238	-17.369	1	0	2
9.697	1.451	99.142	-17.408	1	0	2
9.709	1.451	99.043	-17.447	1	0	2
9.720	1.451	98.946	-17.485	1	0	2
9.732	1.451	98.847	-17.524	1	0	2
9.743	1.451	98.751	-17.562	1	0	2
9.755	1.451	98.655	-17.599	1	0	2
9.766	1.451	98.558	-17.636	1	0	2
9.778	1.452	98.459	-17.674	1	0	2
9.790	1.452	98.363	-17.710	1	0	2
9.801	1.452	98.264	-17.747	1	0	2
9.813	1.452	98.168	-17.783	1	0	2
9.825	1.452	98.069	-17.820	1	0	2
9.836	1.452	97.973	-17.856	1	0	2
9.848	1.452	97.873	-17.892	1	0	2
9.860	1.452	97.778	-17.927	1	0	2
9.871	1.452	97.678	-17.963	1	0	2
9.883	1.452	97.583	-17.998	1	0	2
9.895	1.452	97.484	-18.034	1	0	2
9.906	1.452	97.388	-18.068	1	0	2
9.918	1.452	97.292	-18.102	1	0	2
9.929	1.453	97.193	-18.137	1	0	2
9.941	1.453	97.097	-18.170	1	0	2
9.953	1.453	96.998	-18.205	1	0	2
9.964	1.453	96.903	-18.238	1	0	2
9.976	1.453	96.804	-18.272	1	0	2
9.987	1.453	96.712	-18.299	1	0	2
9.996	1.460	96.639	-18.252	1	-1	2
9.998	1.471	96.626	-18.138	0	-1	2
9.999	1.482	96.620	-18.013	0	-1	2
9.999	1.494	96.621	-17.888	0	-1	2
10.000	1.506	96.621	-17.758	0	-1	2
10.000	1.517	96.622	-17.637	0	-1	2
10.000	1.529	96.626	-17.506	0	-1	2
10.000	1.540	96.630	-17.380	0	-1	2
10.000	1.552	96.634	-17.250	0	-1	2
10.000	1.564	96.637	-17.125	0	-1	2
9.999	1.575	96.641	-16.999	0	-1	2
9.999	1.587	96.644	-16.874	0	-1	2
9.999	1.599	96.648	-16.745	0	-1	2
9.999	1.610	96.652	-16.620	0	-1	2
9.999	1.622	96.655	-16.491	0	-1	2
9.998	1.633	96.658	-16.367	0	-1	2
9.998	1.645	96.662	-16.238	0	-1	2
9.998	1.657	96.665	-16.114	0	-1	2
9.998	1.668	96.667	-15.986	0	-1	2
9.994	1.676	96.699	-15.889	0	-1	2
9.982	1.678	96.797	-15.835	-1	-1	2
9.971	1.680	96.893	-15.783	-1	-1	2
9.959	1.681	96.989	-15.731	-1	-1	2
9.948	1.683	97.082	-15.682	-1	-1	2
9.937	1.684	97.178	-15.633	-1	-1	2
9.925	1.686	97.273	-15.583	-1	-1	2
9.914	1.687	97.369	-15.534	-1	-1	2
9.902	1.688	97.467	-15.483	-1	-1	2
9.891	1.690	97.559	-15.435	-1	-1	2
9.879	1.691	97.657	-15.385	-1	-1	2
9.868	1.692	97.752	-15.336	-1	-1	2
9.857	1.694	97.846	-15.280	-1	-1	2
9.845	1.696	97.941	-15.223	-1	-1	2
9.834	1.698	98.038	-15.165	-1	-1	2
9.822	1.700	98.132	-15.108	-1	-1	2
9.811	1.702	98.230	-15.048	-1	-1	2
9.799	1.704	98.324	-14.991	-1	-1	2
9.788	1.706	98.422	-14.931	-1	-1	2
9.776	1.708	98.516	-14.873	-1	-1	2
9.765	1.710	98.614	-14.813	-1	-1	2
9.753	1.712	98.708	-14.755	-1	-1	2
9.742	1.714	98.806	-14.694	-1	-1	2
9.730	1.716	98.900	-14.636	-1	-1	2
9.719	1.718	98.998	-14.575	-1	-1	2
9.707	1.720	99.092	-14.516	-1	-1	2
9.696	1.722	99.184	-14.447	-1	-1	2
9.686	1.728	99.269	-14.356	-1	-1	2
9.676	1.733	99.357	-14.261	-1	-1	2
9.666	1.739	99.442	-14.169	-1	-1	2
9.655	1.744	99.529	-14.074	-1	-1	2
9.645	1.749	99.614	-13.982	-1	-1	2
9.635	1.755	99.702	-13.887	-1	-1	2
9.624	1.760	99.787	-13.794	-1	-1	2
9.614	1.765	99.871	-13.702	-1	-1	2
9.605	1.772	99.948	-13.601	-1	-1	2
9.599	1.781	99.998	-13.476	-1	-1	2
9.593	1.791	100.050	-13.347	-1	-1	2
9.586	1.801	100.101	-13.222	-1	-1	2
9.580	1.811	100.152	-13.092	-1	-1	2
9.574	1.821	100.202	-12.968	-1	-1	2
9.568	1.831	100.254	-12.838	-1	-1	2
9.562	1.840	100.304	-12.714	-1	-1	2
9.555	1.850	100.355	-12.584	-1	-1	2
9.553	1.861	100.374	-12.462	0	-1	2
9.551	1.873	100.390	-12.331	0	-1	2
9.549	1.884	100.405	-12.204	0	-1	2
9.546	1.896	100.421	-12.073	0	-1	2
9.544	1.907	100.436	-11.947	0	-1	2
9.542	1.919	100.452	-11.816	0	-1	2
9.540	1.930	100.467	-11.690	0	-1	2
9.538	1.942	100.482	-11.560	0	-1	2
9.536	1.953	100.497	-11.434	0	-1	2
9.534	1.964	100.512	-11.304	0	-1	2
9.532	1.976	100.526	-11.178	0	-1	2
9.529	1.987	100.541	-11.048	0	-1	2
9.528	1.998	100.546	-10.930	0	-1	2
9.528	2.010	100.547	-10.804	0	-1	2
9.527	2.022	100.548	-10.683	0	-1	2
9.527	2.033	100.548	-10.558	0	-1	2
9.526	2.045	100.548	-10.438	0	-1	2
9.526	2.057	100.548	-10.313	0	-1	2
9.525	2.068	100.548	-10.192	0	-1	2
9.525	2.080	100.548	-10.072	0	-1	2
9.524	2.091	100.548	-9.948	0	-1	2
9.524	2.103	100.547	-9.828	0	-1	2
9.523	2.115	100.547	-9.704	0	-1	2
9.523	2.126	100.546	-9.584	0	-1	2
9.522	2.138	100.545	-9.460	0	-1	2
9.522	2.149	100.544	-9.341	0	-1	2
9.521	2.161	100.540	-9.222	0	-1	2
9.521	2.172	100.535	-9.105	0	-1	2
9.521	2.184	100.529	-8.984	0	-1	2
9.521	2.196	100.523	-8.866	0	-1	2
9.521	2.207	100.517	-8.745	0	-1	2
9.521	2.219	100.511	-8.628	0	-1	2
9.521	2.231	100.505	-8.508	0	-1	2
9.521	2.242	100.499	-8.391	0	-1	2
9.521	2.254	100.492	-8.270	0	-1	2
9.521	2.265	100.485	-8.154	0	-1	2
9.521	2.277	100.479	-8.034	0	-1	2
9.521	2.289	100.472	-7.917	0	-1	2
9.521	2.300	100.465	-7.797	0	-1	2
9.521	2.312	100.458	-7.681	0	-1	2
9.521	2.324	100.450	-7.561	0	-1	2
9.521	2.335	100.443	-7.446	0	-1	2
9.521	2.347	100.435	-7.326	0	-1	2
9.521	2.358	100.427	-7.211	0	-1	2
9.521	2.370	100.419	-7.091	0	-1	2
9.521	2.382	100.411	-6.976	0	-1	2
9.521	2.394	100.403	-6.857	0	-1	2
9.521	2.405	100.395	-6.742	0	-1	2
9.521	2.417	100.386	-6.623	0	-1	2
9.521	2.428	100.378	-6.508	0	-1	2
9.521	2.440	100.369	-6.394	0	-1	2
9.521	2.451	100.360	-6.275	0	-1	2
9.521	2.463	100.352	-6.161	0	-1	2
9.521	2.475	100.342	-6.043	0	-1	2
9.521	2.486	100.333	-5.928	0	-1	2
9.521	2.498	100.324	-5.810	0	-1	2
9.521	2.509	100.314	-5.696	0	-1	2
9.521	2.521	100.305	-5.579	0	-1	2
9.521	2.533	100.295	-5.465	0	-1	2
9.521	2.545	100.285	-5.347	0	-1	2
9.521	2.556	100.275	-5.234	0	-1	2
9.521	2.568	100.264	-5.116	0	-1	2
9.521	2.579	100.254	-5.003	0	-1	2
9.521	2.591	100.244	-4.886	0	-1	2
9.521	2.603	100.233	-4.773	0	-1	2
9.521	2.614	100.222	-4.656	0	-1	2
9.521	2.626	100.212	-4.543	0	-1	2
9.521	2.638	100.200	-4.426	0	-1	2
9.521	2.649	100.189	-4.313	0	-1	2
9.521	2.661	100.178	-4.197	0	-1	2
9.521	2.672	100.167	-4.084	0	-1	2
9.521	2.684	100.155	-3.968	0	-1	2
9.521	2.696	100.143	-3.856	0	-1	2
9.521	2.707	100.131	-3.739	0	-1	2
9.521	2.719	100.119	-3.627	0	-1	2
9.521	2.731	100.107	-3.511	0	-1	2
9.521	2.742	100.095	-3.399	0	-1	2
9.521	2.754	100.082	-3.284	0	-1	2
9.521	2.765	100.070	-3.172	0	-1	2
9.520	2.777	100.057	-3.060	0	-1	2
9.520	2.789	100.044	-2.945	0	-1	2
9.520	2.800	100.032	-2.833	0	-1	2
9.520	2.812	100.018	-2.718	0	-1	2
9.520	2.823	100.005	-2.607	0	-1	2
9.520	2.835	99.992	-2.492	0	-1	2
9.520	2.847	99.978	-2.381	0	-1	2
9.520	2.858	99.965	-2.266	0	-1	2
9.520	2.870	99.951	-2.155	0	-1	2
9.520	2.882	99.937	-2.040	0	-1	2
9.520	2.893	99.923	-1.930	0	-1	2
9.520	2.905	99.909	-1.815	0	-1	2
9.520	2.916	99.894	-1.705	0	-1	2
9.520	2.928	99.880	-1.590	0	-1	2
9.520	2.940	99.865	-1.480	0	-1	2
9.520	2.952	99.850	-1.366	0	-1	2
9.520	2.963	99.836	-1.256	0	-1	2
9.520	2.975	99.820	-1.142	0	-1	2
9.520	2.986	99.805	-1.032	0	-1	2
9.520	2.998	99.790	-0.918	0	-1	2
9.520	3.010	99.775	-0.808	0	-1	2
9.520	3.021	99.759	-0.694	0	-1	2
9.520	3.033	99.743	-0.585	0	-1	2
9.520	3.045	99.727	-0.471	0	-1	2
9.520	3.056	99.712	-0.362	0	-1	2
9.520	3.068	99.695	-0.248	0	-1	2
9.520	3.079	99.679	-0.139	0	-1	2
9.520	3.091	99.663	-0.026	0	-1	2
9.520	3.103	99.646	0.083	0	-1	2
9.520	3.114	99.629	0.196	0	-1	2
9.520	3.126	99.613	0.305	0	-1	2
9.520	3.137	99.596	0.414	0	-1	2
9.520	3.149	99.579	0.527	0	-1	2
9.520	3.161	99.562	0.636	0	-1	2
9.520	3.172	99.544	0.748	0	-1	2
9.520	3.184	99.527	0.857	0	-1	2
9.520	3.196	99.509	0.969	0	-1	2
9.520	3.207	99.491	1.078	0	-1	2
9.520	3.219	99.473	1.190	0	-1	2
9.520	3.230	99.455	1.299	0	-1	2
9.520	3.242	99.437	1.411	0	-1	2
9.520	3.254	99.419	1.519	0	-1	2
9.520	3.265	99.400	1.631	0	-1	2
9.520	3.277	99.382	1.739	0	-1	2
9.520	3.289	99.363	1.851	0	-1	2
9.520	3.300	99.344	1.959	0	-1	2
9.520	3.312	99.325	2.071	0	-1	2
9.520	3.323	99.306	2.178	0	-1	2
9.520	3.335	99.286	2.290	0	-1	2
9.520	3.346	99.268	2.394	0	-1	2
9.520	3.358	99.248	2.505	0	-1	2
9.520	3.370	99.228	2.613	0	-1	2
9.520	3.381	99.208	2.724	0	-1	2
9.520	3.393	99.188	2.832	0	-1	2
9.520	3.405	99.168	2.943	0	-1	2
9.520	3.416	99.148	3.050	0	-1	2
9.520	3.428	99.127	3.161	0	-1	2
9.520	3.439	99.107	3.268	0	-1	2
9.520	3.451	99.085	3.379	0	-1	2
9.520	3.463	99.065	3.486	0	-1	2
9.520	3.474	99.044	3.593	0	-1	2
9.520	3.486	99.023	3.704	0	-1	2
9.520	3.497	99.002	3.811	0	-1	2
9.520	3.509	98.980	3.921	0	-1	2
9.520	3.521	98.959	4.028	0	-1	2
9.520	3.532	98.936	4.138	0	-1	2
9.520	3.544	98.915	4.245	0	-1	2
9.520	3.556	98.893	4.355	0	-1	2
9.520	3.567	98.871	4.462	0	-1	2
9.520	3.579	98.848	4.572	0	-1	2
9.520	3.590	98.826	4.679	0	-1	2
9.520	3.602	98.803	4.789	0	-1	2
9.520	3.614	98.781	4.895	0	-1	2
9.520	3.625	98.757	5.005	0	-1	2
9.520	3.637	98.735	5.111	0	-1	2
9.520	3.649	98.711	5.221	0	-1	2
9.519	3.660	98.688	5.327	0	-1	2
9.519	3.672	98.664	5.437	0	-1	2
9.519	3.683	98.641	5.543	0	-1	2
9.519	3.695	98.617	5.653	0	-1	2
9.519	3.707	98.594	5.758	0	-1	2
9.519	3.719	98.569	5.868	0	-1	2
9.519	3.730	98.545	5.974	0	-1	2
9.519	3.742	98.521	6.083	0	-1	2
9.519	3.753	98.497	6.189	0	-1	2
9.519	3.765	98.472	6.298	0	-1	2
9.519	3.777	98.447	6.404	0	-1	2
9.519	3.788	98.422	6.513	0	-1	2
9.519	3.800	98.397	6.619	0	-1	2
9.519	3.812	98.372	6.728	0	-1	2
9.519	3.823	98.347	6.833	0	-1	2
9.519	3.835	98.322	6.939	0	-1	2
9.519	3.846	98.296	7.048	0	-1	2
9.519	3.858	98.271	7.153	0	-1	2
9.519	3.870	98.244	7.262	0	-1	2
9.519	3.881	98.219	7.367	0	-1	2
9.519	3.893	98.192	7.476	0	-1	2
9.519	3.904	98.166	7.581	0	-1	2
9.519	3.916	98.139	7.690	0	-1	2
9.519	3.928	98.113	7.795	0	-1	2
9.519	3.939	98.086	7.904	0	-1	2
9.519	3.951	98.059	8.009	0	-1	2
9.519	3.963	98.032	8.117	0	-1	2
9.519	3.974	98.005	8.222	0	-1	2
9.519	3.986	97.977	8.331	0	-1	2
9.519	3.997	97.950	8.436	0	-1	2
9.519	4.009	97.922	8.544	0	-1	2
9.519	4.021	97.895	8.649	0	-1	2
9.519	4.032	97.866	8.757	0	-1	2
9.519	4.044	97.839	8.862	0	-1	2
9.519	4.056	97.810	8.970	0	-1	2
9.519	4.067	97.782	9.075	0	-1	2
9.519	4.079	97.753	9.183	0	-1	2
9.519	4.090	97.725	9.288	0	-1	2
9.519	4.102	97.696	9.396	0	-1	2
9.519	4.114	97.667	9.501	0	-1	2
9.519	4.126	97.637	9.609	0	-1	2
9.519	4.137	97.609	9.713	0	-1	2
9.519	4.149	97.579	9.821	0	-1	2
9.519	4.160	97.550	9.926	0	-1	2
9.519	4.172	97.520	10.030	0	-1	2
9.519	4.184	97.490	10.138	0	-1	2
9.519	4.195	97.460	10.242	0	-1	2
9.519	4.207	97.430	10.350	0	-1	2
9.519	4.218	97.400	10.454	0	-1	2
9.519	4.230	97.369	10.562	0	-1	2
9.519	4.241	97.339	10.667	0	-1	2
9.519	4.253	97.308	10.774	0	-1	2
9.519	4.265	97.277	10.878	0	-1	2
9.519	4.277	97.245	10.986	0	-1	2
9.519	4.288	97.215	11.090	0	-1	2
9.519	4.300	97.183	11.198	0	-1	2
9.519	4.311	97.152	11.302	0	-1	2
9.519	4.323	97.120	11.410	0	-1	2
9.519	4.335	97.088	11.514	0	-1	2
9.519	4.346	97.056	11.621	0	-1	2
9.519	4.358	97.024	11.725	0	-1	2
9.519	4.370	96.991	11.833	0	-1	2
9.519	4.381	96.959	11.937	0	-1	2
9.519	4.393	96.926	12.044	0	-1	2
9.519	4.404	96.894	12.148	0	-1	2
9.519	4.416	96.860	12.256	0	-1	2
9.519	4.428	96.828	12.360	0	-1	2
9.519	4.439	96.794	12.467	0	-1	2
9.519	4.451	96.761	12.571	0	-1	2
9.519	4.463	96.727	12.679	0	-1	2
9.519	4.474	96.694	12.782	0	-1	2
9.519	4.486	96.659	12.890	0	-1	2
9.519	4.497	96.626	12.994	0	-1	2
9.519	4.509	96.591	13.101	0	-1	2
9.519	4.521	96.557	13.205	0	-1	2
9.519	4.532	96.523	13.308	0	-1	2
9.519	4.544	96.488	13.416	0	-1	2
9.519	4.555	96.454	13.520	0	-1	2
9.519	4.567	96.418	13.627	0	-1	2
9.519	4.578	96.380	13.725	0	-1	2
9.521	4.590	96.335	13.829	1	-1	2
9.522	4.602	96.292	13.929	0	-1	2
9.523	4.613	96.246	14.033	1	-1	2
9.524	4.625	96.203	14.133	0	-1	2
9.525	4.637	96.157	14.237	1	-1	2
9.526	4.648	96.113	14.337	1	-1	2
9.529	4.659	96.053	14.427	1	-1	2
9.533	4.670	95.990	14.514	1	-1	2
9.536	4.681	95.925	14.605	1	-1	2
9.540	4.692	95.862	14.693	1	-1	2
9.544	4.703	95.797	14.784	1	-1	2
9.547	4.714	95.734	14.872	1	-1	2
9.551	4.726	95.668	14.963	1	-1	2
9.554	4.736	95.604	15.052	1	-1	2
9.558	4.748	95.538	15.143	1	-1	2
9.562	4.759	95.475	15.231	1	-1	2
9.569	4.768	95.390	15.292	1	-1	2
9.576	4.776	95.302	15.348	1	-1	2
9.584	4.785	95.210	15.406	1	-1	2
9.591	4.794	95.121	15.463	1	-1	2
9.599	4.803	95.029	15.521	1	-1	2
9.607	4.812	94.940	15.577	1	-1	2
9.614	4.821	94.848	15.636	1	-1	2
9.622	4.828	94.761	15.685	1	-1	2
9.633	4.833	94.661	15.694	1	0	2
9.644	4.837	94.558	15.703	1	0	2
9.654	4.842	94.459	15.711	1	0	2
9.665	4.846	94.356	15.720	1	0	2
9.676	4.850	94.256	15.729	1	0	2
9.687	4.855	94.153	15.739	1	0	2
9.697	4.859	94.053	15.748	1	0	2
9.708	4.864	93.949	15.757	1	0	2
9.719	4.868	93.849	15.767	1	0	2
9.730	4.870	93.752	15.753	1	0	2
9.741	4.872	93.655	15.736	1	0	2
9.753	4.873	93.555	15.719	1	0	2
9.764	4.875	93.458	15.702	1	0	2
9.776	4.877	93.357	15.686	1	0	2
9.787	4.878	93.260	15.669	1	0	2
9.799	4.880	93.160	15.653	1	0	2
9.810	4.882	93.062	15.637	1	0	2
9.822	4.883	92.962	15.621	1	0	2
9.833	4.885	92.864	15.605	1	0	2
9.845	4.887	92.763	15.589	1	0	2
9.856	4.888	92.666	15.574	1	0	2
9.868	4.890	92.565	15.558	1	0	2
9.879	4.892	92.467	15.543	1	0	2
9.891	4.894	92.366	15.528	1	0	2
9.902	4.895	92.273	15.511	1	0	2
9.914	4.896	92.173	15.490	1	0	2
9.925	4.897	92.076	15.471	1	0	2
9.937	4.898	91.976	15.451	1	0	2
9.948	4.899	91.879	15.432	1	0	2
9.960	4.901	91.779	15.412	1	0	2
9.972	4.902	91.683	15.393	1	0	2
9.983	4.903	91.586	15.374	1	0	2
9.985	4.913	91.537	15.462	1	-1	2
9.985	4.924	91.495	15.567	0	-1	2
9.985	4.936	91.452	15.675	0	-1	2
9.985	4.947	91.410	15.780	0	-1	2
9.985	4.959	91.366	15.888	0	-1	2
9.986	4.971	91.324	15.993	0	-1	2
9.986	4.983	91.280	16.102	1	-1	2
9.986	4.994	91.237	16.207	0	-1	2
9.986	5.006	91.193	16.315	1	-1	2
9.986	5.017	91.151	16.416	0	-1	2
9.987	5.029	91.106	16.525	1	-1	2
9.987	5.040	91.063	16.630	0	-1	2
9.987	5.052	91.018	16.739	1	-1	2
9.987	5.063	90.974	16.844	0	-1	2
9.987	5.075	90.928	16.952	1	-1	2
9.987	5.087	90.884	17.057	1	-1	2
9.988	5.099	90.838	17.166	1	-1	2
9.988	5.110	90.793	17.271	1	-1	2
9.988	5.122	90.747	17.380	1	-1	2
9.985	5.129	90.746	17.457	0	-1	2
9.973	5.129	90.844	17.487	-1	0	2
9.961	5.129	90.937	17.515	-1	0	2
9.949	5.129	91.035	17.545	-1	0	2
9.938	5.129	91.128	17.573	-1	0	2
9.926	5.129	91.225	17.603	-1	0	2
9.915	5.129	91.319	17.632	-1	0	2
9.903	5.129	91.416	17.662	-1	0	2
9.892	5.129	91.510	17.691	-1	0	2
9.880	5.129	91.603	17.720	-1	0	2
9.868	5.129	91.700	17.751	-1	0	2
9.857	5.129	91.793	17.780	-1	0	2
9.845	5.129	91.890	17.811	-1	0	2
9.834	5.129	91.983	17.841	-1	0	2
9.822	5.129	92.079	17.872	-1	0	2
9.810	5.129	92.172	17.902	-1	0	2
9.798	5.129	92.269	17.933	-1	0	2
9.787	5.129	92.362	17.964	-1	0	2
9.775	5.129	92.458	17.995	-1	0	2
9.764	5.129	92.551	18.026	-1	0	2
9.752	5.129	92.647	18.058	-1	0	2
9.740	5.129	92.739	18.089	-1	0	2
9.729	5.129	92.835	18.121	-1	0	2
9.717	5.129	92.928	18.152	-1	0	2
9.705	5.129	93.024	18.185	-1	0	2
9.694	5.129	93.116	18.216	-1	0	2
9.682	5.129	93.212	18.249	-1	0	2
9.671	5.129	93.304	18.280	-1	0	2
9.659	5.129	93.400	18.313	-1	0	2
9.647	5.129	93.492	18.345	-1	0	2
9.636	5.129	93.587	18.379	-1	0	2
9.624	5.129	93.680	18.411	-1	0	2
9.612	5.129	93.775	18.444	-1	0	2
9.601	5.129	93.867	18.477	-1	0	2
9.589	5.129	93.962	18.511	-1	0	2
9.578	5.128	94.054	18.544	-1	0	2
9.566	5.128	94.149	18.578	-1	0	2
9.554	5.128	94.241	18.611	-1	0	2
9.542	5.128	94.336	18.645	-1	0	2
9.531	5.128	94.427	18.678	-1	0	2
9.520	5.128	94.519	18.712	-1	0	2
9.508	5.128	94.614	18.747	-1	0	2
9.496	5.128	94.705	18.780	-1	0	2
9.485	5.128	94.800	18.815	-1	0	2
9.473	5.128	94.892	18.849	-1	0	2
9.461	5.128	94.986	18.885	-1	0	2
9.450	5.128	95.077	18.919	-1	0	2
9.438	5.128	95.172	18.954	-1	0	2
9.427	5.128	95.263	18.989	-1	0	2
9.415	5.128	95.357	19.025	-1	0	2
9.403	5.128	95.449	19.059	-1	0	2
9.391	5.128	95.543	19.096	-1	0	2
9.380	5.128	95.634	19.131	-1	0	2
9.368	5.128	95.728	19.167	-1	0	2
9.357	5.128	95.819	19.202	-1	0	2
9.345	5.128	95.913	19.239	-1	0	2
9.333	5.128	96.004	19.275	-1	0	2
9.322	5.128	96.097	19.312	-1	0	2
9.310	5.128	96.188	19.347	-1	0	2
9.298	5.128	96.282	19.385	-1	0	2
9.287	5.128	96.373	19.421	-1	0	2
9.275	5.128	96.466	19.458	-1	0	2
9.264	5.128	96.557	19.494	-1	0	2
9.252	5.128	96.647	19.531	-1	0	2
9.241	5.128	96.738	19.568	-1	0	2
9.229	5.128	96.831	19.606	-1	0	2
9.217	5.128	96.922	19.642	-1	0	2
9.206	5.128	97.015	19.681	-1	0	2
9.194	5.128	97.106	19.718	-1	0	2
9.183	5.128	97.196	19.755	-1	0	2
9.171	5.128	97.289	19.794	-1	0	2
9.159	5.128	97.379	19.831	-1	0	2
9.148	5.128	97.472	19.870	-1	0	2
9.136	5.128	97.563	19.908	-1	0	2
9.124	5.128	97.656	19.947	-1	0	2
9.113	5.127	97.746	19.985	-1	0	2
9.101	5.127	97.839	20.025	-1	0	2
9.090	5.127	97.929	20.063	-1	0	2
9.078	5.127	98.022	20.103	-1	0	2
9.066	5.127	98.111	20.141	-1	0	2
9.055	5.127	98.204	20.181	-1	0	2
9.043	5.127	98.294	20.220	-1	0	2
9.031	5.127	98.387	20.260	-1	0	2
9.020	5.127	98.476	20.299	-1	0	2
9.008	5.127	98.569	20.340	-1	0	2
8.996	5.127	98.658	20.379	-1	0	2
8.985	5.127	98.751	20.420	-1	0	2
8.973	5.127	98.840	20.460	-1	0	2
8.962	5.127	98.930	20.499	-1	0	2
8.950	5.127	99.019	20.539	-1	0	2
8.938	5.127	99.112	20.580	-1	0	2
8.927	5.127	99.201	20.620	-1	0	2
8.915	5.127	99.293	20.662	-1	0	2
8.904	5.127	99.383	20.702	-1	0	2
8.892	5.127	99.475	20.744	-1	0	2
8.880	5.127	99.564	20.784	-1	0	2
8.869	5.127	99.656	20.826	-1	0	2
8.857	5.127	99.745	20.867	-1	0	2
8.845	5.127	99.837	20.909	-1	0	2
8.834	5.127	99.926	20.950	-1	0	2
8.822	5.127	100.015	20.992	-1	0	2
8.811	5.127	100.107	21.034	-1	0	2
8.799	5.127	100.196	21.076	-1	0	2
8.787	5.126	100.288	21.119	-1	0	2
8.776	5.126	100.377	21.160	-1	0	2
8.764	5.126	100.469	21.204	-1	0	2
8.753	5.126	100.557	21.246	-1	0	2
8.741	5.126	100.649	21.289	-1	0	2
8.729	5.126	100.738	21.331	-1	0	2
8.717	5.126	100.829	21.375	-1	0	2
8.706	5.126	100.915	21.416	-1	0	2
8.695	5.126	101.006	21.460	-1	0	2
8.683	5.126	101.095	21.502	-1	0	2
8.671	5.126	101.186	21.547	-1	-1	2
8.660	5.126	101.275	21.589	-1	0	2
8.648	5.126	101.366	21.634	-1	-1	2
8.636	5.126	101.455	21.677	-1	0	2
8.625	5.126	101.546	21.722	-1	-1	2
8.613	5.126	101.634	21.765	-1	0	2
8.601	5.126	101.725	21.810	-1	-1	2
8.590	5.126	101.814	21.854	-1	0	2
8.578	5.126	101.905	21.899	-1	-1	2
8.567	5.126	101.993	21.943	-1	0	2
8.555	5.126	102.084	21.988	-1	-1	2
8.543	5.125	102.172	22.032	-1	-1	2
8.531	5.125	102.263	22.078	-1	-1	2
8.520	5.125	102.351	22.123	-1	-1	2
8.508	5.125	102.442	22.169	-1	-1	2
8.497	5.125	102.530	22.213	-1	-1	2
