x	y	theta1	theta2	steps1	steps2	interval
5.169	1.931	-23.899	-289.223	272	3291	9641
5.161	1.951	-25.155	-289.828	14	7	41
5.153	1.972	-26.370	-290.454	14	7	41
5.147	1.993	-27.570	-291.117	14	8	41
5.141	2.014	-28.753	-291.814	13	8	38
5.136	2.035	-29.960	-292.540	14	8	41
5.130	2.046	-30.667	-292.810	8	3	23
5.124	2.025	-29.836	-291.644	-9	-13	38
5.118	2.004	-28.992	-290.521	-10	-13	38
5.114	1.982	-28.077	-289.448	-10	-12	35
5.111	1.960	-27.100	-288.386	-11	-12	35
5.109	1.939	-26.131	-287.367	-11	-12	35
5.107	1.917	-25.128	-286.328	-11	-12	35
5.105	1.895	-24.129	-285.326	-11	-11	32
5.104	1.873	-23.092	-284.301	-12	-12	35
5.103	1.851	-22.068	-283.319	-12	-11	35
5.102	1.829	-21.009	-282.321	-12	-11	35
5.102	1.807	-19.948	-281.321	-12	-11	35
5.102	1.785	-18.881	-280.386	-12	-11	35
5.103	1.763	-17.776	-279.435	-13	-11	38
5.105	1.741	-16.651	-278.569	-13	-10	38
5.108	1.719	-15.483	-277.694	-13	-10	38
5.112	1.698	-14.325	-276.913	-13	-9	38
5.117	1.676	-13.133	-276.118	-14	-9	41
5.122	1.655	-11.955	-275.387	-13	-8	38
5.128	1.634	-10.727	-274.684	-14	-8	41
5.135	1.613	-9.498	-273.979	-14	-8	41
5.141	1.592	-8.270	-273.273	-14	-8	41
5.148	1.570	-7.041	-272.565	-14	-8	41
5.156	1.551	-5.820	-271.980	-14	-7	41
5.165	1.530	-4.562	-271.404	-14	-7	41
5.174	1.510	-3.304	-270.825	-14	-7	41
5.183	1.490	-2.046	-270.244	-14	-7	41
5.192	1.470	-0.788	-269.661	-14	-7	41
5.202	1.451	0.445	-269.189	-14	-5	41
5.214	1.432	1.713	-268.728	-14	-5	41
5.225	1.413	2.981	-268.265	-14	-5	41
5.236	1.393	4.249	-267.800	-14	-5	41
5.247	1.374	5.517	-267.332	-14	-5	41
5.259	1.357	6.748	-266.967	-14	-4	41
5.273	1.339	8.010	-266.634	-14	-4	41
5.286	1.321	9.272	-266.299	-14	-4	41
5.299	1.303	10.534	-265.961	-14	-4	41
5.312	1.286	11.796	-265.621	-14	-4	41
5.326	1.269	13.024	-265.344	-14	-3	41
5.341	1.252	14.284	-265.073	-14	-3	41
5.342	1.270	13.473	-265.936	9	10	29
5.343	1.291	12.422	-266.931	12	11	35
5.343	1.314	11.344	-267.952	12	12	35
5.344	1.335	10.307	-268.967	12	12	35
5.345	1.357	9.289	-270.006	12	12	35
5.348	1.380	8.281	-271.111	11	13	38
5.352	1.401	7.372	-272.216	10	13	38
5.358	1.422	6.536	-273.381	10	13	38
5.366	1.442	5.815	-274.581	8	14	41
5.380	1.455	5.588	-275.665	3	12	35
5.392	1.438	6.804	-275.308	-14	-4	41
5.403	1.419	8.072	-274.827	-14	-5	41
5.415	1.399	9.340	-274.343	-14	-5	41
5.426	1.380	10.609	-273.858	-14	-6	41
5.437	1.361	11.877	-273.370	-14	-6	41
5.446	1.342	13.104	-272.805	-14	-6	41
5.455	1.321	14.358	-272.162	-14	-7	41
5.463	1.301	15.612	-271.518	-14	-7	41
5.472	1.280	16.865	-270.872	-14	-7	41
5.480	1.260	18.119	-270.225	-14	-7	41
5.486	1.239	19.314	-269.492	-14	-8	41
5.492	1.218	20.529	-268.703	-14	-9	41
5.498	1.196	21.746	-267.912	-14	-9	41
5.504	1.175	22.962	-267.119	-14	-9	41
5.509	1.154	24.142	-266.334	-13	-9	38
5.511	1.132	25.284	-265.388	-13	-11	38
5.514	1.110	26.426	-264.440	-13	-11	38
5.516	1.088	27.570	-263.492	-13	-11	38
5.518	1.065	28.713	-262.542	-13	-11	38
5.518	1.044	29.756	-261.529	-12	-12	35
5.517	1.022	30.786	-260.502	-12	-12	35
5.515	1.000	31.823	-259.427	-12	-12	35
5.513	0.979	32.816	-258.354	-11	-12	35
5.511	0.957	33.783	-257.260	-11	-12	35
5.506	0.936	34.691	-256.121	-10	-13	38
5.502	0.914	35.612	-254.968	-10	-13	38
5.504	0.896	36.588	-254.182	-11	-9	32
5.524	0.900	36.999	-255.043	-5	10	29
5.544	0.909	37.138	-256.147	-2	13	38
5.564	0.919	37.246	-257.239	-1	12	35
5.583	0.929	37.316	-258.382	-1	13	38
5.602	0.940	37.380	-259.497	-1	13	38
5.621	0.952	37.344	-260.687	0	14	41
5.639	0.964	37.310	-261.876	0	14	41
5.657	0.977	37.238	-263.046	1	13	38
5.675	0.988	37.208	-264.168	0	13	38
5.692	0.993	37.496	-264.943	-3	9	26
5.697	0.972	38.700	-264.115	-14	-9	41
5.702	0.950	39.903	-263.276	-14	-10	41
5.707	0.929	41.074	-262.448	-13	-9	38
5.712	0.908	42.254	-261.633	-13	-9	38
5.718	0.887	43.476	-260.814	-14	-9	41
5.725	0.866	44.688	-260.068	-14	-8	41
5.733	0.845	45.935	-259.311	-14	-9	41
5.741	0.825	47.152	-258.610	-14	-8	41
5.749	0.804	48.401	-257.900	-14	-8	41
5.757	0.784	49.629	-257.237	-14	-8	41
5.767	0.764	50.898	-256.576	-14	-8	41
5.777	0.745	52.136	-256.013	-14	-6	41
5.789	0.726	53.406	-255.478	-14	-6	41
5.800	0.707	54.677	-254.941	-14	-6	41
5.812	0.688	55.948	-254.402	-14	-6	41
5.823	0.669	57.219	-253.861	-14	-6	41
5.837	0.653	58.444	-253.520	-14	-4	41
5.852	0.636	59.702	-253.169	-14	-4	41
5.866	0.619	60.960	-252.815	-14	-4	41
5.881	0.602	62.217	-252.459	-14	-4	41
5.896	0.587	63.427	-252.178	-14	-3	41
5.913	0.573	64.639	-252.022	-14	-2	41
5.930	0.558	65.851	-251.864	-14	-2	41
5.947	0.544	67.063	-251.703	-14	-2	41
5.964	0.530	68.275	-251.540	-14	-2	41
5.982	0.518	69.395	-251.531	-13	0	38
6.001	0.507	70.524	-251.574	-13	0	38
6.020	0.496	71.652	-251.614	-13	0	38
6.039	0.484	72.782	-251.652	-13	0	38
6.058	0.474	73.877	-251.699	-12	1	35
6.078	0.464	74.959	-251.848	-12	2	35
6.098	0.455	76.007	-251.995	-12	2	35
6.118	0.446	77.071	-252.157	-12	2	35
6.138	0.437	78.110	-252.326	-12	2	35
6.158	0.429	79.142	-252.517	-12	2	35
6.179	0.422	80.107	-252.811	-11	3	32
6.184	0.429	79.898	-253.309	2	6	17
6.174	0.449	78.627	-253.982	14	8	41
6.164	0.469	77.389	-254.639	14	7	41
6.156	0.489	76.141	-255.407	14	9	41
6.148	0.510	74.893	-256.174	14	9	41
6.139	0.531	73.644	-256.938	14	9	41
6.131	0.551	72.396	-257.702	14	9	41
6.126	0.572	71.226	-258.551	13	10	38
6.121	0.594	70.046	-259.472	13	10	38
6.117	0.616	68.867	-260.391	13	10	38
6.113	0.637	67.719	-261.286	13	10	38
6.108	0.659	66.540	-262.204	13	10	38
6.107	0.680	65.472	-263.219	12	12	35
6.106	0.702	64.379	-264.263	12	12	35
6.105	0.725	63.286	-265.307	12	12	35
6.104	0.747	62.194	-266.349	12	12	35
6.105	0.768	61.182	-267.408	12	12	35
6.108	0.790	60.232	-268.569	11	13	38
6.111	0.812	59.284	-269.730	11	13	38
6.115	0.834	58.337	-270.891	11	13	38
6.118	0.856	57.444	-272.034	10	13	38
6.124	0.877	56.613	-273.247	9	14	41
6.130	0.898	55.783	-274.459	9	14	41
6.144	0.912	55.610	-275.536	2	12	35
6.160	0.898	56.761	-275.382	-13	-2	38
6.175	0.882	57.988	-275.080	-14	-3	41
6.191	0.866	59.252	-274.772	-14	-3	41
6.206	0.851	60.466	-274.527	-14	-3	41
6.224	0.838	61.670	-274.418	-14	-1	41
6.241	0.825	62.830	-274.343	-13	-1	38
6.261	0.815	63.948	-274.457	-13	1	38
6.281	0.806	65.021	-274.597	-12	2	35
6.302	0.800	66.006	-274.942	-11	4	32
6.323	0.794	66.957	-275.291	-11	4	32
6.345	0.790	67.864	-275.749	-10	5	29
6.353	0.802	67.546	-276.580	4	9	26
6.353	0.824	66.500	-277.663	12	12	35
6.353	0.846	65.455	-278.746	12	12	35
6.353	0.868	64.411	-279.828	12	12	35
6.353	0.890	63.397	-280.888	12	12	35
6.354	0.912	62.361	-281.985	12	12	35
6.354	0.934	61.356	-283.056	11	12	35
6.356	0.956	60.393	-284.196	11	13	38
6.360	0.977	59.540	-285.354	10	13	38
6.367	0.998	58.814	-286.557	8	14	41
6.376	1.017	58.197	-287.783	7	14	41
6.388	1.037	57.675	-289.056	6	14	41
6.399	1.056	57.156	-290.328	6	14	41
6.411	1.073	56.751	-291.561	5	14	41
6.425	1.091	56.379	-292.825	4	14	41
6.440	1.107	56.154	-294.033	3	14	41
6.455	1.122	55.962	-295.268	2	14	41
6.472	1.136	55.842	-296.456	1	14	41
6.489	1.151	55.760	-297.667	1	14	41
6.506	1.165	55.681	-298.877	1	14	41
6.522	1.179	55.574	-300.063	1	13	38
6.538	1.195	55.411	-301.292	2	14	41
6.554	1.210	55.251	-302.521	2	14	41
6.570	1.225	55.094	-303.749	2	14	41
6.586	1.241	54.939	-304.977	2	14	41
6.602	1.256	54.786	-306.206	2	14	41
6.618	1.271	54.636	-307.434	2	14	41
6.633	1.287	54.488	-308.661	2	14	41
6.646	1.304	54.157	-309.891	4	14	41
6.659	1.322	53.789	-311.158	4	14	41
6.672	1.340	53.424	-312.425	4	14	41
6.685	1.358	53.061	-313.691	4	14	41
6.698	1.376	52.700	-314.958	4	14	41
6.711	1.394	52.342	-316.225	4	14	41
6.724	1.412	51.986	-317.492	4	14	41
6.735	1.430	51.554	-318.724	5	14	41
6.745	1.450	50.987	-319.984	6	14	41
6.754	1.470	50.422	-321.244	6	14	41
6.764	1.490	49.860	-322.505	6	14	41
6.773	1.510	49.299	-323.765	6	14	41
6.783	1.530	48.741	-325.025	6	14	41
6.792	1.550	48.185	-326.285	6	14	41
6.801	1.570	47.631	-327.546	6	14	41
6.807	1.591	46.906	-328.732	8	13	38
6.813	1.613	46.160	-329.948	8	14	41
6.818	1.634	45.414	-331.164	8	14	41
6.824	1.655	44.671	-332.380	8	14	41
6.830	1.677	43.929	-333.595	8	14	41
6.836	1.698	43.189	-334.810	8	14	41
6.841	1.720	42.451	-336.025	8	14	41
6.846	1.741	41.674	-337.184	9	13	38
6.848	1.763	40.795	-338.337	10	13	38
6.851	1.785	39.918	-339.490	10	13	38
6.853	1.807	39.056	-340.606	10	13	38
6.854	1.829	38.120	-341.712	11	13	38
6.855	1.851	37.186	-342.817	11	13	38
6.856	1.873	36.252	-343.922	11	13	38
6.857	1.895	35.320	-345.026	11	13	38
6.858	1.917	34.412	-346.100	10	12	35
6.859	1.939	33.467	-347.185	11	12	35
6.859	1.961	32.522	-348.269	11	12	35
6.860	1.983	31.579	-349.353	11	12	35
6.860	2.005	30.636	-350.436	11	12	35
6.861	2.027	29.695	-351.518	11	12	35
6.850	2.028	29.279	-351.190	5	-4	14
6.843	2.007	29.929	-349.976	-7	-14	41
6.837	1.986	30.595	-348.776	-8	-14	41
6.831	1.965	31.302	-347.552	-8	-14	41
6.823	1.945	31.878	-346.371	-7	-13	38
6.815	1.924	32.464	-345.121	-7	-14	41
6.806	1.904	33.051	-343.872	-7	-14	41
6.798	1.883	33.641	-342.622	-7	-14	41
6.789	1.863	34.232	-341.372	-7	-14	41
6.781	1.842	34.826	-340.121	-7	-14	41
6.772	1.822	35.422	-338.871	-7	-14	41
6.764	1.801	36.019	-337.621	-7	-14	41
6.754	1.783	36.473	-336.393	-5	-14	41
6.741	1.764	36.832	-335.124	-4	-14	41
6.729	1.746	37.194	-333.855	-4	-14	41
6.716	1.728	37.558	-332.586	-4	-14	41
6.704	1.709	37.925	-331.317	-4	-14	41
6.691	1.691	38.294	-330.049	-4	-14	41
6.679	1.673	38.665	-328.780	-4	-14	41
6.666	1.654	39.039	-327.511	-4	-14	41
6.654	1.636	39.415	-326.242	-4	-14	41
6.641	1.619	39.712	-325.014	-3	-14	41
6.626	1.603	39.891	-323.769	-2	-14	41
6.610	1.587	40.073	-322.523	-2	-14	41
6.595	1.571	40.257	-321.277	-2	-14	41
6.580	1.555	40.445	-320.031	-2	-14	41
6.565	1.539	40.634	-318.785	-2	-14	41
6.549	1.523	40.826	-317.538	-2	-14	41
6.534	1.507	41.021	-316.292	-2	-14	41
6.519	1.491	41.218	-315.046	-2	-14	41
6.504	1.475	41.418	-313.799	-2	-14	41
6.488	1.458	41.621	-312.553	-2	-14	41
6.472	1.445	41.662	-311.378	0	-13	38
6.454	1.431	41.708	-310.172	-1	-14	41
6.437	1.417	41.756	-308.966	-1	-14	41
6.420	1.403	41.806	-307.759	-1	-14	41
6.403	1.389	41.859	-306.552	-1	-14	41
6.386	1.375	41.915	-305.345	-1	-14	41
6.369	1.361	41.973	-304.138	-1	-14	41
6.351	1.347	42.034	-302.931	-1	-14	41
6.334	1.333	42.098	-301.723	-1	-14	41
6.317	1.319	42.164	-300.515	-1	-14	41
6.300	1.305	42.233	-299.307	-1	-14	41
6.283	1.292	42.282	-298.135	-1	-13	38
6.265	1.279	42.258	-296.958	0	-13	38
6.246	1.267	42.237	-295.781	0	-13	38
6.228	1.254	42.218	-294.602	0	-13	38
6.210	1.242	42.202	-293.424	0	-13	38
6.192	1.229	42.187	-292.276	0	-13	38
6.173	1.217	42.125	-291.115	1	-13	38
6.155	1.206	42.066	-289.954	1	-13	38
6.136	1.194	42.009	-288.793	1	-13	38
6.117	1.182	41.954	-287.631	1	-13	38
6.098	1.170	41.903	-286.468	1	-13	38
6.080	1.158	41.854	-285.305	1	-13	38
6.061	1.147	41.785	-284.183	1	-13	38
6.042	1.135	41.716	-283.031	1	-13	38
6.023	1.124	41.651	-281.878	1	-13	38
6.004	1.112	41.588	-280.725	1	-13	38
5.985	1.101	41.527	-279.571	1	-13	38
5.966	1.089	41.469	-278.417	1	-13	38
5.947	1.092	40.723	-277.889	8	-6	23
5.942	1.112	39.597	-278.732	13	10	38
5.939	1.134	38.461	-279.651	13	10	38
5.934	1.155	37.305	-280.494	13	10	38
5.925	1.175	36.057	-281.158	14	8	41
5.916	1.196	34.809	-281.821	14	8	41
5.907	1.215	33.583	-282.407	14	7	41
5.896	1.234	32.318	-282.963	14	6	41
5.885	1.254	31.053	-283.517	14	6	41
5.873	1.272	29.813	-283.970	14	5	41
5.860	1.290	28.537	-284.396	15	5	43
5.847	1.307	27.295	-284.802	14	5	41
5.832	1.324	26.036	-285.062	14	3	41
5.817	1.340	24.777	-285.319	14	3	41
5.802	1.356	23.552	-285.561	14	3	41
5.786	1.370	22.328	-285.682	14	1	41
5.769	1.385	21.103	-285.800	14	1	41
5.752	1.399	19.879	-285.915	14	1	41
5.736	1.413	18.689	-286.015	14	1	41
5.718	1.427	17.485	-286.046	14	0	41
5.701	1.441	16.281	-286.074	14	0	41
5.683	1.454	15.077	-286.100	14	0	41
5.666	1.468	13.874	-286.123	14	0	41
5.648	1.480	12.719	-286.102	13	0	38
5.630	1.493	11.543	-286.052	13	-1	38
5.612	1.505	10.368	-286.000	13	-1	38
5.593	1.518	9.194	-285.945	13	-1	38
5.575	1.530	8.020	-285.888	13	-1	38
5.558	1.543	6.869	-285.842	13	-1	38
5.539	1.556	5.685	-285.798	13	-1	38
5.521	1.568	4.502	-285.751	13	-1	38
5.503	1.581	3.319	-285.702	13	-1	38
5.485	1.594	2.136	-285.649	13	-1	38
5.467	1.607	0.954	-285.594	13	-1	38
5.449	1.620	-0.228	-285.537	13	-1	38
5.432	1.632	-1.385	-285.496	13	0	38
5.415	1.647	-2.572	-285.551	14	1	41
5.398	1.661	-3.791	-285.604	14	1	41
5.382	1.675	-5.009	-285.655	14	1	41
5.365	1.690	-6.227	-285.703	14	1	41
5.348	1.704	-7.445	-285.749	14	1	41
5.331	1.719	-8.662	-285.792	14	0	41
5.316	1.734	-9.863	-285.901	14	1	41
5.301	1.750	-11.112	-286.089	14	2	41
5.286	1.766	-12.362	-286.275	14	2	41
5.271	1.783	-13.611	-286.458	14	2	41
5.256	1.799	-14.860	-286.638	14	2	41
5.241	1.815	-16.109	-286.816	14	2	41
5.228	1.833	-17.340	-287.125	14	4	41
5.216	1.851	-18.610	-287.506	14	4	41
5.204	1.870	-19.880	-287.883	14	4	41
5.192	1.889	-21.151	-288.259	14	4	41
5.180	1.907	-22.421	-288.632	14	4	41
5.469	2.030	-19.141	-304.584	-37	182	533
5.449	2.039	-20.233	-304.283	12	-3	35
5.435	2.037	-20.578	-303.708	4	-7	20
5.443	2.017	-19.335	-303.074	-14	-7	41
5.451	1.996	-18.124	-302.456	-14	-7	41
5.460	1.976	-16.876	-301.876	-14	-7	41
5.469	1.956	-15.628	-301.294	-14	-7	41
5.478	1.936	-14.402	-300.775	-14	-6	41
5.489	1.917	-13.137	-300.270	-14	-6	41
5.500	1.898	-11.890	-299.832	-14	-5	41
5.512	1.880	-10.633	-299.484	-14	-4	41
5.526	1.862	-9.353	-299.195	-15	-3	43
5.540	1.846	-8.110	-298.955	-14	-3	41
5.555	1.829	-6.868	-298.728	-14	-3	41
5.570	1.813	-5.612	-298.558	-14	-2	41
5.586	1.799	-4.409	-298.465	-14	-1	41
5.604	1.785	-3.204	-298.473	-14	0	41
5.621	1.772	-1.998	-298.478	-14	0	41
5.639	1.758	-0.792	-298.480	-14	0	41
5.656	1.745	0.414	-298.480	-14	0	41
5.674	1.732	1.589	-298.477	-13	0	38
5.693	1.722	2.699	-298.714	-13	3	38
5.713	1.712	3.809	-298.948	-13	3	38
5.733	1.702	4.920	-299.181	-13	3	38
5.753	1.692	6.032	-299.410	-13	3	38
5.772	1.682	7.145	-299.637	-13	3	38
5.792	1.672	8.258	-299.861	-13	3	38
5.813	1.665	9.252	-300.241	-11	4	32
5.834	1.659	10.259	-300.654	-11	5	32
5.855	1.652	11.267	-301.065	-11	5	32
5.876	1.645	12.276	-301.473	-11	5	32
5.897	1.639	13.286	-301.879	-11	5	32
5.918	1.632	14.298	-302.283	-12	5	35
5.940	1.630	15.085	-302.937	-9	7	26
5.962	1.629	15.888	-303.614	-9	8	26
5.984	1.627	16.694	-304.289	-9	8	26
6.006	1.626	17.501	-304.962	-9	8	26
6.028	1.626	18.201	-305.695	-8	8	23
6.050	1.630	18.751	-306.599	-6	10	29
6.071	1.634	19.303	-307.503	-6	10	29
6.093	1.639	19.797	-308.417	-6	10	29
6.114	1.645	20.214	-309.424	-5	11	32
6.135	1.652	20.634	-310.430	-5	11	32
6.156	1.658	21.057	-311.436	-5	11	32
6.177	1.666	21.412	-312.449	-4	12	35
6.197	1.674	21.741	-313.513	-4	12	35
6.218	1.682	22.072	-314.575	-4	12	35
6.239	1.690	22.405	-315.637	-4	12	35
6.258	1.700	22.644	-316.715	-3	12	35
6.278	1.710	22.858	-317.837	-2	13	38
6.298	1.720	23.074	-318.959	-2	13	38
6.316	1.731	23.227	-320.076	-2	13	38
6.334	1.744	23.251	-321.278	0	14	41
6.352	1.757	23.278	-322.479	0	14	41
6.370	1.770	23.307	-323.679	0	14	41
6.388	1.784	23.340	-324.879	0	14	41
6.403	1.799	23.172	-326.095	2	14	41
6.418	1.815	22.985	-327.346	2	14	41
6.433	1.831	22.801	-328.598	2	14	41
6.448	1.847	22.620	-329.849	2	14	41
6.463	1.863	22.409	-331.071	2	14	41
6.475	1.881	22.032	-332.339	4	14	41
6.488	1.900	21.658	-333.607	4	14	41
6.500	1.918	21.286	-334.875	4	14	41
6.512	1.936	20.916	-336.143	4	14	41
6.522	1.955	20.421	-337.363	6	14	41
6.531	1.976	19.821	-338.606	7	14	41
6.539	1.996	19.224	-339.848	7	14	41
6.548	2.017	18.628	-341.089	7	14	41
6.554	2.038	17.904	-342.271	8	13	38
6.535	2.036	17.316	-341.551	7	-8	23
6.515	2.026	17.031	-340.430	3	-13	38
6.495	2.017	16.695	-339.377	4	-12	35
6.474	2.010	16.245	-338.365	5	-12	35
6.453	2.003	15.798	-337.352	5	-12	35
6.432	1.996	15.365	-336.364	5	-11	32
6.411	1.989	14.923	-335.349	5	-12	35
6.390	1.982	14.483	-334.332	5	-12	35
6.369	1.975	14.045	-333.315	5	-12	35
6.348	1.968	13.610	-332.297	5	-12	35
6.327	1.961	13.177	-331.277	5	-12	35
6.306	1.954	12.747	-330.257	5	-12	35
6.286	1.948	12.330	-329.262	5	-11	32
6.264	1.946	11.644	-328.436	8	-9	26
6.242	1.944	10.959	-327.609	8	-9	26
6.220	1.942	10.277	-326.781	8	-9	26
6.198	1.940	9.596	-325.951	8	-9	26
6.176	1.938	8.918	-325.119	8	-9	26
6.153	1.936	8.241	-324.285	8	-9	26
6.131	1.934	7.566	-323.450	8	-10	29
6.109	1.932	6.894	-322.614	8	-10	29
6.087	1.930	6.223	-321.776	8	-10	29
6.065	1.928	5.554	-320.936	8	-10	29
6.043	1.926	4.888	-320.094	8	-10	29
6.021	1.924	4.223	-319.251	8	-10	29
6.000	1.923	3.517	-318.488	8	-9	26
5.978	1.925	2.689	-317.806	9	-8	26
5.955	1.926	1.862	-317.123	9	-8	26
5.933	1.928	1.036	-316.437	9	-8	26
5.911	1.930	0.213	-315.750	9	-8	26
5.889	1.931	-0.610	-315.061	9	-8	26
5.867	1.933	-1.430	-314.369	9	-8	26
5.845	1.934	-2.249	-313.676	9	-8	26
5.823	1.936	-3.066	-312.981	9	-8	26
5.801	1.938	-3.882	-312.284	9	-8	26
5.779	1.939	-4.696	-311.585	9	-8	26
5.757	1.941	-5.508	-310.883	9	-8	26
5.734	1.943	-6.318	-310.181	9	-8	26
5.714	1.948	-7.244	-309.670	11	-6	32
5.692	1.954	-8.249	-309.218	11	-5	32
5.671	1.961	-9.254	-308.764	11	-5	32
5.650	1.967	-10.258	-308.307	11	-5	32
5.629	1.974	-11.260	-307.848	11	-5	32
5.608	1.980	-12.262	-307.387	11	-5	32
5.587	1.987	-13.262	-306.923	11	-5	32
5.566	1.993	-14.262	-306.456	11	-5	32
5.544	2.000	-15.260	-305.988	11	-5	32
5.523	2.006	-16.257	-305.517	11	-5	32
4.166	7.602	-297.537	-425.580	3200	1366	9375
4.188	7.598	-296.337	-426.697	-14	13	41
4.210	7.593	-295.137	-427.813	-14	13	41
4.231	7.589	-293.936	-428.928	-14	13	41
4.253	7.585	-292.734	-430.043	-14	13	41
4.275	7.581	-291.532	-431.157	-14	13	41
4.296	7.576	-290.329	-432.270	-14	13	41
4.318	7.572	-289.126	-433.382	-14	13	41
4.340	7.568	-287.922	-434.493	-14	13	41
4.361	7.563	-286.718	-435.604	-14	13	41
4.383	7.559	-285.513	-436.714	-14	13	41
4.405	7.555	-284.307	-437.823	-14	13	41
4.426	7.551	-283.101	-438.931	-14	13	41
4.448	7.546	-281.895	-440.038	-14	13	41
4.470	7.542	-280.688	-441.145	-14	13	41
4.492	7.538	-279.480	-442.250	-14	13	41
4.513	7.534	-278.272	-443.355	-14	13	41
4.535	7.529	-277.064	-444.459	-14	13	41
4.557	7.525	-275.855	-445.562	-14	13	41
4.578	7.521	-274.645	-446.664	-14	13	41
4.598	7.512	-273.413	-447.549	-14	10	41
4.618	7.502	-272.147	-448.450	-14	10	41
4.638	7.492	-270.880	-449.350	-14	10	41
4.657	7.482	-269.614	-450.248	-14	10	41
4.677	7.473	-268.348	-451.144	-14	10	41
4.697	7.463	-267.082	-452.038	-14	10	41
4.717	7.453	-265.816	-452.930	-14	10	41
4.737	7.444	-264.549	-453.820	-14	10	41
4.757	7.434	-263.283	-454.709	-14	10	41
4.777	7.424	-262.017	-455.596	-14	10	41
4.797	7.414	-260.751	-456.480	-14	10	41
4.816	7.405	-259.484	-457.363	-14	10	41
4.836	7.395	-258.218	-458.244	-14	10	41
4.856	7.385	-256.952	-459.124	-14	10	41
4.876	7.376	-255.685	-460.001	-14	10	41
4.896	7.366	-254.419	-460.876	-14	10	41
4.916	7.356	-253.153	-461.749	-14	10	41
4.934	7.345	-251.930	-462.513	-14	9	41
4.950	7.330	-250.703	-463.080	-14	6	41
4.967	7.315	-249.476	-463.644	-14	6	41
4.983	7.300	-248.248	-464.204	-14	6	41
4.999	7.285	-247.020	-464.762	-14	6	41
5.015	7.270	-245.792	-465.316	-14	6	41
5.032	7.255	-244.563	-465.868	-14	6	41
5.048	7.240	-243.334	-466.417	-14	6	41
5.064	7.225	-242.105	-466.962	-14	6	41
5.080	7.210	-240.875	-467.504	-14	6	41
5.096	7.195	-239.646	-468.044	-14	6	41
5.113	7.180	-238.416	-468.580	-14	6	41
5.129	7.165	-237.185	-469.113	-14	6	41
5.145	7.150	-235.986	-469.630	-14	6	41
5.161	7.135	-234.756	-470.157	-14	6	41
5.177	7.120	-233.524	-470.681	-14	6	41
5.193	7.105	-232.293	-471.202	-14	6	41
5.210	7.090	-231.061	-471.719	-14	6	41
5.224	7.074	-229.910	-472.087	-13	4	38
5.236	7.055	-228.790	-472.292	-13	2	38
5.248	7.037	-227.668	-472.493	-13	2	38
5.260	7.018	-226.546	-472.691	-13	2	38
5.272	7.000	-225.422	-472.885	-13	2	38
5.284	6.981	-224.298	-473.075	-13	2	38
5.296	6.962	-223.172	-473.261	-13	2	38
5.307	6.944	-222.046	-473.444	-13	2	38
5.319	6.925	-220.919	-473.623	-13	2	38
5.331	6.906	-219.790	-473.798	-13	2	38
5.343	6.888	-218.661	-473.970	-13	2	38
5.355	6.869	-217.531	-474.137	-13	2	38
5.367	6.851	-216.400	-474.301	-13	2	38
5.379	6.832	-215.267	-474.462	-13	2	38
5.391	6.813	-214.134	-474.618	-13	2	38
5.403	6.795	-213.001	-474.771	-13	2	38
5.415	6.776	-211.866	-474.919	-13	2	38
5.427	6.758	-210.730	-475.065	-13	2	38
5.439	6.739	-209.594	-475.206	-13	2	38
5.451	6.720	-208.456	-475.343	-13	2	38
5.461	6.701	-207.402	-475.362	-12	0	35
5.471	6.681	-206.338	-475.337	-12	0	35
5.480	6.661	-205.273	-475.308	-12	0	35
5.489	6.642	-204.246	-475.248	-12	-1	35
5.499	6.621	-203.190	-475.182	-12	-1	35
5.508	6.601	-202.133	-475.112	-12	-1	35
5.516	6.581	-201.109	-475.026	-12	-1	35
5.525	6.561	-200.061	-474.927	-12	-1	35
5.534	6.540	-199.011	-474.824	-12	-1	35
5.543	6.520	-197.991	-474.712	-12	-1	35
5.551	6.500	-196.955	-474.573	-12	-2	35
5.559	6.479	-195.918	-474.430	-12	-2	35
5.568	6.459	-194.906	-474.286	-12	-2	35
5.576	6.438	-193.866	-474.131	-12	-2	35
5.584	6.418	-192.852	-473.976	-12	-2	35
5.593	6.398	-191.789	-473.851	-12	-1	35
5.602	6.377	-190.725	-473.721	-12	-1	35
5.611	6.358	-189.664	-473.621	-12	-1	35
5.623	6.343	-188.632	-473.805	-12	2	35
5.644	6.349	-187.799	-475.014	-9	14	41
5.665	6.354	-186.936	-476.204	-10	14	41
5.686	6.358	-186.070	-477.385	-10	13	38
5.708	6.363	-185.167	-478.594	-10	14	41
5.729	6.367	-184.265	-479.760	-10	13	38
5.751	6.370	-183.300	-480.936	-11	13	38
5.773	6.373	-182.334	-482.112	-11	13	38
5.795	6.377	-181.366	-483.287	-11	13	38
5.817	6.380	-180.397	-484.461	-11	13	38
5.839	6.383	-179.425	-485.635	-11	13	38
5.861	6.386	-178.452	-486.808	-11	13	38
5.882	6.387	-177.434	-487.905	-12	12	35
5.904	6.388	-176.372	-489.020	-12	13	38
5.927	6.388	-175.308	-490.134	-12	13	38
5.949	6.389	-174.244	-491.246	-12	13	38
5.971	6.390	-173.178	-492.358	-12	13	38
5.993	6.391	-172.111	-493.469	-12	13	38
6.015	6.391	-171.042	-494.579	-12	13	38
6.037	6.391	-169.969	-495.624	-12	12	35
6.059	6.390	-168.840	-496.668	-13	12	38
6.081	6.388	-167.710	-497.710	-13	12	38
6.103	6.387	-166.579	-498.750	-13	12	38
6.125	6.385	-165.448	-499.790	-13	12	38
6.148	6.384	-164.315	-500.828	-13	12	38
6.170	6.383	-163.182	-501.864	-13	12	38
6.191	6.380	-162.057	-502.839	-13	11	38
6.213	6.376	-160.867	-503.777	-14	11	41
6.235	6.373	-159.675	-504.714	-14	11	41
6.256	6.369	-158.484	-505.648	-14	11	41
6.278	6.365	-157.292	-506.581	-14	11	41
6.300	6.361	-156.099	-507.512	-14	11	41
6.321	6.357	-154.935	-508.414	-13	10	38
6.343	6.351	-153.709	-509.282	-14	10	41
6.364	6.346	-152.483	-510.148	-14	10	41
6.385	6.341	-151.325	-510.994	-13	10	38
6.393	6.362	-151.524	-512.022	2	12	35
6.401	6.383	-151.719	-513.048	2	12	35
6.408	6.404	-151.910	-514.072	2	12	35
6.416	6.424	-152.097	-515.095	2	12	35
6.424	6.445	-152.281	-516.116	2	12	35
6.435	6.464	-152.285	-517.199	0	12	35
6.445	6.483	-152.284	-518.309	0	13	38
6.456	6.503	-152.280	-519.418	0	13	38
6.467	6.522	-152.272	-520.526	0	13	38
6.477	6.542	-152.260	-521.633	0	13	38
6.488	6.561	-152.245	-522.740	0	13	38
6.498	6.581	-152.225	-523.845	0	13	38
6.509	6.600	-152.202	-524.949	0	13	38
6.519	6.619	-152.176	-526.023	0	12	35
6.530	6.638	-152.145	-527.125	0	13	38
6.541	6.658	-152.111	-528.226	0	13	38
6.551	6.677	-152.072	-529.326	0	13	38
6.562	6.696	-152.030	-530.424	0	13	38
6.573	6.716	-151.984	-531.522	-1	12	35
6.583	6.735	-151.934	-532.618	-1	12	35
6.594	6.755	-151.880	-533.713	-1	12	35
6.604	6.774	-151.823	-534.808	-1	12	35
6.615	6.794	-151.762	-535.901	-1	12	35
6.626	6.813	-151.697	-536.993	-1	12	35
6.636	6.832	-151.628	-538.083	-1	12	35
6.647	6.852	-151.555	-539.173	-1	12	35
6.658	6.871	-151.479	-540.261	-1	12	35
6.668	6.891	-151.398	-541.348	-1	12	35
6.679	6.910	-151.314	-542.434	-1	12	35
6.690	6.929	-151.226	-543.519	-1	12	35
6.700	6.949	-151.135	-544.602	-1	12	35
6.711	6.968	-151.039	-545.685	-1	12	35
6.721	6.988	-150.940	-546.766	-1	12	35
6.732	7.007	-150.837	-547.845	-1	12	35
6.743	7.026	-150.730	-548.924	-1	12	35
6.754	7.045	-150.567	-549.995	-2	12	35
6.771	7.059	-150.020	-551.236	-6	14	41
6.787	7.074	-149.470	-552.478	-6	14	41
6.804	7.088	-148.917	-553.720	-6	14	41
6.821	7.103	-148.361	-554.961	-6	14	41
6.837	7.117	-147.802	-556.202	-6	14	41
6.854	7.132	-147.240	-557.443	-6	14	41
6.871	7.146	-146.675	-558.684	-6	14	41
6.888	7.161	-146.107	-559.925	-6	14	41
6.904	7.175	-145.536	-561.165	-6	14	41
6.921	7.190	-144.962	-562.405	-7	14	41
6.938	7.204	-144.385	-563.645	-7	14	41
6.955	7.218	-143.805	-564.885	-7	14	41
6.971	7.233	-143.222	-566.125	-7	14	41
6.988	7.247	-142.636	-567.364	-7	14	41
7.005	7.262	-142.047	-568.603	-7	14	41
7.021	7.276	-141.455	-569.842	-7	14	41
7.038	7.291	-140.860	-571.081	-7	14	41
7.055	7.305	-140.263	-572.319	-7	14	41
7.072	7.320	-139.662	-573.558	-7	14	41
7.088	7.334	-139.059	-574.796	-7	14	41
7.105	7.349	-138.453	-576.033	-7	14	41
7.122	7.363	-137.844	-577.271	-7	14	41
7.138	7.378	-137.232	-578.508	-7	14	41
7.155	7.392	-136.617	-579.745	-7	14	41
7.172	7.407	-136.000	-580.982	-7	14	41
7.189	7.421	-135.379	-582.219	-7	14	41
7.208	7.430	-134.495	-583.427	-10	14	41
7.229	7.436	-133.470	-584.668	-12	14	41
7.250	7.442	-132.445	-585.909	-12	14	41
7.272	7.449	-131.417	-587.150	-12	14	41
7.293	7.455	-130.389	-588.391	-12	14	41
7.314	7.461	-129.359	-589.631	-12	14	41
7.335	7.467	-128.328	-590.871	-12	14	41
7.357	7.474	-127.296	-592.111	-12	14	41
7.378	7.480	-126.263	-593.351	-12	14	41
7.399	7.486	-125.228	-594.590	-12	14	41
7.420	7.492	-124.193	-595.829	-12	14	41
7.441	7.499	-123.156	-597.068	-12	14	41
7.463	7.505	-122.118	-598.307	-12	14	41
7.484	7.511	-121.078	-599.546	-12	14	41
7.505	7.518	-120.038	-600.784	-12	14	41
7.526	7.524	-118.996	-602.022	-12	14	41
7.547	7.530	-117.953	-603.260	-12	14	41
7.569	7.536	-116.910	-604.497	-12	14	41
7.590	7.543	-115.865	-605.734	-12	14	41
7.611	7.549	-114.818	-606.971	-12	14	41
7.632	7.555	-113.771	-608.208	-12	14	41
7.654	7.562	-112.723	-609.444	-12	14	41
7.675	7.568	-111.673	-610.680	-12	14	41
7.696	7.574	-110.623	-611.916	-12	14	41
7.717	7.580	-109.571	-613.152	-12	14	41
7.738	7.587	-108.518	-614.387	-12	14	41
7.760	7.593	-107.465	-615.622	-12	14	41
7.781	7.595	-106.336	-616.730	-13	13	38
7.803	7.594	-105.109	-617.803	-14	12	41
7.825	7.593	-103.883	-618.874	-14	12	41
7.847	7.592	-102.656	-619.944	-14	12	41
7.869	7.591	-101.429	-621.012	-14	12	41
7.891	7.590	-100.201	-622.078	-14	12	41
7.914	7.589	-98.974	-623.142	-14	12	41
7.936	7.588	-97.746	-624.204	-14	12	41
7.958	7.587	-96.518	-625.265	-14	12	41
7.980	7.586	-95.290	-626.324	-14	12	41
8.002	7.585	-94.062	-627.381	-14	12	41
8.024	7.584	-92.833	-628.437	-14	12	41
8.046	7.584	-91.604	-629.490	-14	12	41
8.068	7.583	-90.375	-630.542	-14	12	41
8.090	7.582	-89.146	-631.592	-14	12	41
8.112	7.581	-87.917	-632.639	-14	12	41
8.135	7.580	-86.687	-633.685	-14	12	41
8.156	7.579	-85.489	-634.702	-14	12	41
8.178	7.578	-84.259	-635.744	-14	12	41
8.200	7.577	-83.029	-636.784	-14	12	41
8.222	7.576	-81.799	-637.822	-14	12	41
8.245	7.575	-80.568	-638.858	-14	12	41
8.267	7.574	-79.337	-639.891	-14	12	41
8.289	7.573	-78.107	-640.923	-14	12	41
8.311	7.572	-76.875	-641.952	-14	12	41
8.333	7.571	-75.644	-642.979	-14	12	41
8.355	7.570	-74.413	-644.004	-14	12	41
8.377	7.569	-73.181	-645.027	-14	12	41
8.399	7.568	-71.949	-646.048	-14	12	41
8.421	7.567	-70.717	-647.066	-14	12	41
8.444	7.566	-69.485	-648.082	-14	12	41
8.466	7.566	-68.253	-649.095	-14	12	41
8.488	7.565	-67.020	-650.107	-14	12	41
8.509	7.561	-65.788	-650.986	-14	10	41
8.531	7.557	-64.521	-651.879	-14	10	41
8.553	7.553	-63.254	-652.768	-14	10	41
8.575	7.549	-61.987	-653.655	-14	10	41
8.596	7.545	-60.720	-654.537	-14	10	41
8.618	7.541	-59.486	-655.380	-14	10	41
8.639	7.536	-58.219	-656.222	-14	10	41
8.661	7.531	-56.952	-657.059	-14	10	41
8.683	7.526	-55.685	-657.893	-14	9	41
8.704	7.522	-54.418	-658.723	-14	9	41
8.726	7.517	-53.151	-659.549	-14	9	41
8.747	7.512	-51.912	-660.321	-14	9	41
8.768	7.506	-50.641	-661.109	-14	9	41
8.790	7.501	-49.369	-661.892	-14	9	41
8.811	7.495	-48.098	-662.672	-14	9	41
8.833	7.490	-46.826	-663.447	-14	9	41
8.854	7.484	-45.555	-664.217	-14	9	41
8.875	7.479	-44.319	-664.944	-14	8	41
8.897	7.473	-43.050	-665.681	-14	8	41
8.918	7.467	-41.782	-666.414	-14	8	41
8.939	7.461	-40.514	-667.142	-14	8	41
8.961	7.455	-39.246	-667.865	-14	8	41
8.982	7.449	-37.978	-668.583	-14	8	41
9.003	7.443	-36.710	-669.297	-14	8	41
9.025	7.437	-35.441	-670.005	-14	8	41
9.045	7.432	-34.205	-670.691	-14	8	41
9.067	7.426	-32.937	-671.391	-14	8	41
9.088	7.420	-31.668	-672.086	-14	8	41
9.110	7.414	-30.400	-672.775	-14	8	41
9.131	7.408	-29.131	-673.460	-14	8	41
9.152	7.402	-27.863	-674.139	-14	8	41
9.174	7.396	-26.594	-674.813	-14	8	41
9.195	7.391	-25.326	-675.482	-14	8	41
9.216	7.385	-24.057	-676.145	-14	8	41
9.238	7.379	-22.789	-676.803	-14	7	41
9.259	7.373	-21.520	-677.456	-14	7	41
9.280	7.368	-20.285	-678.102	-14	7	41
9.301	7.362	-19.018	-678.772	-14	8	41
9.323	7.357	-17.752	-679.437	-14	8	41
9.344	7.352	-16.485	-680.096	-14	7	41
9.366	7.346	-15.218	-680.750	-14	7	41
9.387	7.341	-13.951	-681.398	-14	7	41
9.409	7.336	-12.685	-682.041	-14	7	41
9.430	7.330	-11.418	-682.678	-14	7	41
9.451	7.325	-10.184	-683.303	-14	7	41
9.473	7.321	-8.919	-683.975	-14	8	41
9.495	7.317	-7.654	-684.642	-14	8	41
9.516	7.312	-6.388	-685.302	-14	8	41
9.538	7.308	-5.123	-685.958	-14	7	41
9.560	7.303	-3.858	-686.607	-14	7	41
9.581	7.299	-2.593	-687.251	-14	7	41
9.602	7.295	-1.360	-687.875	-14	7	41
9.624	7.291	-0.098	-688.556	-14	8	41
9.646	7.288	1.164	-689.231	-14	8	41
9.668	7.284	2.426	-689.900	-14	8	41
9.690	7.281	3.688	-690.564	-14	8	41
9.712	7.277	4.950	-691.222	-14	7	41
9.734	7.274	6.212	-691.874	-14	7	41
9.756	7.270	7.474	-692.520	-14	7	41
9.777	7.268	8.699	-693.171	-14	7	41
9.799	7.265	9.952	-693.853	-14	8	41
9.821	7.263	11.204	-694.530	-14	8	41
9.843	7.260	12.457	-695.202	-14	8	41
9.865	7.258	13.710	-695.867	-14	8	41
9.887	7.255	14.963	-696.527	-14	8	41
9.909	7.253	16.179	-697.193	-14	8	41
9.931	7.252	17.424	-697.885	-14	8	41
9.953	7.250	18.670	-698.571	-14	8	41
9.975	7.249	19.916	-699.251	-14	8	41
9.997	7.247	21.162	-699.925	-14	8	41
10.019	7.245	22.408	-700.594	-14	8	41
10.041	7.244	23.654	-701.256	-14	8	41
10.063	7.243	24.861	-701.917	-14	8	41
10.085	7.242	26.098	-702.598	-14	8	41
10.107	7.241	27.335	-703.274	-14	8	41
10.129	7.240	28.572	-703.943	-14	8	41
10.151	7.239	29.777	-704.589	-14	7	41
10.173	7.238	31.014	-705.246	-14	7	41
10.195	7.237	32.219	-705.886	-14	7	41
10.217	7.238	33.441	-706.603	-14	8	41
10.239	7.238	34.664	-707.314	-14	8	41
10.261	7.239	35.887	-708.019	-14	8	41
10.283	7.239	37.110	-708.718	-14	8	41
10.305	7.240	38.286	-709.420	-13	8	38
10.327	7.241	39.462	-710.115	-13	8	38
10.349	7.241	40.693	-710.777	-14	8	41
10.371	7.240	41.934	-711.359	-14	7	41
10.363	7.227	41.683	-710.483	3	-10	29
10.341	7.221	40.581	-709.576	13	-10	38
10.320	7.216	39.480	-708.665	13	-10	38
10.299	7.210	38.379	-707.750	13	-10	38
10.278	7.205	37.299	-706.864	12	-10	35
10.256	7.199	36.182	-705.959	13	-10	38
10.234	7.194	35.066	-705.049	13	-10	38
10.213	7.189	33.951	-704.136	13	-10	38
10.192	7.184	32.857	-703.256	12	-10	35
10.170	7.180	31.724	-702.367	13	-10	38
10.148	7.175	30.592	-701.473	13	-10	38
10.126	7.171	29.461	-700.575	13	-10	38
10.105	7.167	28.347	-699.718	13	-10	38
10.083	7.165	27.162	-698.915	13	-9	38
10.061	7.163	25.977	-698.106	13	-9	38
10.039	7.161	24.792	-697.293	13	-9	38
10.017	7.159	23.607	-696.475	13	-9	38
9.995	7.157	22.423	-695.653	13	-9	38
9.973	7.155	21.240	-694.826	13	-9	38
9.951	7.153	20.084	-694.021	13	-9	38
9.929	7.153	18.861	-693.290	14	-8	41
9.907	7.154	17.637	-692.554	14	-8	41
9.885	7.154	16.414	-691.813	14	-8	41
9.863	7.154	15.191	-691.066	14	-8	41
9.841	7.154	13.968	-690.315	14	-9	41
9.818	7.155	12.745	-689.558	14	-9	41
9.796	7.155	11.523	-688.796	14	-9	41
9.774	7.155	10.301	-688.030	14	-9	41
9.752	7.155	9.079	-687.258	14	-9	41
9.730	7.156	7.857	-686.482	14	-9	41
9.708	7.156	6.635	-685.701	14	-9	41
9.686	7.156	5.413	-684.915	14	-9	41
9.664	7.157	4.192	-684.124	14	-9	41
9.641	7.157	2.971	-683.329	14	-9	41
9.620	7.157	1.780	-682.555	14	-9	41
9.598	7.158	0.550	-681.780	14	-9	41
9.576	7.159	-0.679	-680.999	14	-9	41
9.553	7.160	-1.908	-680.215	14	-9	41
9.531	7.161	-3.137	-679.425	14	-9	41
9.509	7.162	-4.366	-678.631	14	-9	41
9.487	7.163	-5.595	-677.832	14	-9	41
9.465	7.164	-6.823	-677.030	14	-9	41
9.443	7.164	-8.052	-676.222	14	-9	41
9.421	7.165	-9.280	-675.410	14	-9	41
9.399	7.166	-10.508	-674.594	14	-9	41
9.377	7.167	-11.736	-673.774	14	-9	41
9.355	7.168	-12.963	-672.950	14	-9	41
9.332	7.169	-14.191	-672.121	14	-9	41
9.310	7.170	-15.418	-671.288	14	-9	41
9.288	7.171	-16.645	-670.451	14	-10	41
9.267	7.173	-17.852	-669.668	14	-9	41
9.245	7.175	-19.095	-668.871	14	-9	41
9.223	7.177	-20.338	-668.070	14	-9	41
9.200	7.179	-21.581	-667.264	14	-9	41
9.178	7.181	-22.823	-666.455	14	-9	41
9.156	7.183	-24.066	-665.641	14	-9	41
9.134	7.185	-25.308	-664.823	14	-9	41
9.112	7.187	-26.550	-664.001	14	-9	41
9.090	7.189	-27.792	-663.175	14	-9	41
9.068	7.191	-29.034	-662.345	14	-9	41
9.046	7.193	-30.276	-661.511	14	-9	41
9.024	7.195	-31.517	-660.673	14	-10	41
9.003	7.198	-32.738	-659.882	14	-9	41
8.981	7.200	-33.991	-659.068	14	-9	41
8.965	7.212	-35.018	-658.891	12	-2	35
8.955	7.232	-35.909	-659.218	10	4	29
8.945	7.252	-36.798	-659.539	10	4	29
8.935	7.271	-37.686	-659.854	10	4	29
8.925	7.290	-38.551	-660.153	10	3	29
8.915	7.310	-39.446	-660.449	10	3	29
8.904	7.330	-40.339	-660.737	10	3	29
8.893	7.348	-41.266	-660.942	11	2	32
8.877	7.352	-42.196	-660.409	11	-6	32
8.868	7.333	-42.378	-659.283	2	-13	38
8.860	7.312	-42.463	-658.173	1	-13	38
8.852	7.291	-42.545	-657.061	1	-13	38
8.845	7.271	-42.623	-655.947	1	-13	38
8.837	7.250	-42.699	-654.832	1	-13	38
8.829	7.229	-42.772	-653.716	1	-13	38
8.821	7.209	-42.842	-652.598	1	-13	38
8.813	7.188	-42.908	-651.479	1	-13	38
8.806	7.168	-42.982	-650.382	1	-12	35
8.798	7.148	-43.054	-649.282	1	-13	38
8.790	7.127	-43.126	-648.153	1	-13	38
8.782	7.106	-43.195	-647.022	1	-13	38
8.774	7.086	-43.260	-645.890	1	-13	38
8.766	7.065	-43.323	-644.756	1	-13	38
8.758	7.045	-43.392	-643.642	1	-13	38
8.749	7.025	-43.461	-642.497	1	-13	38
8.741	7.004	-43.527	-641.351	1	-13	38
8.733	6.983	-43.590	-640.204	1	-13	38
8.722	6.966	-43.849	-639.080	3	-13	38
8.713	6.985	-44.682	-639.432	9	4	26
8.705	7.006	-45.491	-639.913	9	5	26
8.698	7.026	-46.268	-640.382	9	5	26
8.691	7.047	-47.059	-640.859	9	5	26
8.683	7.067	-47.826	-641.327	9	5	26
8.676	7.088	-48.608	-641.810	9	5	26
8.669	7.109	-49.389	-642.288	9	5	26
8.662	7.130	-50.137	-642.750	9	5	26
8.655	7.151	-50.903	-643.218	9	5	26
8.647	7.172	-51.667	-643.680	9	5	26
8.640	7.193	-52.429	-644.137	9	5	26
8.633	7.214	-53.190	-644.589	9	5	26
8.626	7.235	-53.948	-645.035	9	5	26
8.614	7.250	-54.839	-645.070	10	0	29
8.593	7.253	-56.098	-644.228	14	-10	41
8.571	7.257	-57.327	-643.399	14	-9	41
8.550	7.260	-58.565	-642.546	14	-10	41
8.528	7.263	-59.812	-641.664	14	-10	41
8.506	7.266	-61.028	-640.799	14	-10	41
8.484	7.269	-62.277	-639.900	14	-10	41
8.463	7.271	-63.494	-639.020	14	-10	41
8.441	7.274	-64.741	-638.108	14	-10	41
8.419	7.276	-65.955	-637.216	14	-10	41
8.397	7.279	-67.196	-636.297	14	-10	41
8.375	7.281	-68.438	-635.375	14	-10	41
8.353	7.284	-69.679	-634.450	14	-11	41
8.331	7.286	-70.920	-633.523	14	-11	41
8.315	7.296	-72.001	-633.082	12	-5	35
8.303	7.315	-72.946	-633.214	11	2	32
8.292	7.334	-73.890	-633.341	11	1	32
8.281	7.353	-74.832	-633.461	11	1	32
8.270	7.372	-75.773	-633.576	11	1	32
8.259	7.392	-76.713	-633.684	11	1	32
8.248	7.410	-77.635	-633.777	10	1	29
8.237	7.429	-78.580	-633.866	11	1	32
8.226	7.448	-79.507	-633.931	11	1	32
8.214	7.467	-80.460	-633.987	11	1	32
8.202	7.485	-81.410	-634.021	11	0	32
8.192	7.489	-82.060	-633.630	7	-4	20
8.187	7.467	-81.944	-632.722	-1	-10	29
8.182	7.446	-81.825	-631.810	-1	-10	29
8.178	7.424	-81.705	-630.919	-1	-10	29
8.173	7.403	-81.576	-630.007	-1	-10	29
8.169	7.381	-81.443	-629.092	-2	-10	29
8.164	7.359	-81.308	-628.174	-2	-10	29
8.160	7.338	-81.170	-627.281	-2	-10	29
8.156	7.316	-81.022	-626.364	-2	-10	29
8.151	7.295	-80.871	-625.444	-2	-10	29
8.147	7.273	-80.717	-624.521	-2	-10	29
8.143	7.252	-80.564	-623.620	-2	-10	29
8.138	7.230	-80.404	-622.691	-2	-11	32
8.134	7.208	-80.240	-621.761	-2	-11	32
8.129	7.187	-80.073	-620.827	-2	-11	32
8.125	7.165	-79.908	-619.914	-2	-10	29
8.121	7.144	-79.741	-618.969	-2	-11	32
8.116	7.122	-79.570	-618.021	-2	-11	32
8.112	7.100	-79.395	-617.070	-2	-11	32
8.107	7.079	-79.224	-616.138	-2	-11	32
8.103	7.057	-79.047	-615.177	-2	-11	32
8.098	7.035	-78.867	-614.213	-2	-11	32
8.090	7.025	-79.071	-613.490	2	-8	23
8.080	7.044	-80.014	-613.692	11	2	32
8.070	7.063	-80.932	-613.887	10	2	29
8.060	7.083	-81.871	-614.092	11	2	32
8.050	7.102	-82.782	-614.288	10	2	29
8.040	7.122	-83.707	-614.498	11	2	32
8.030	7.142	-84.630	-614.703	11	2	32
8.020	7.162	-85.523	-614.899	10	2	29
8.010	7.182	-86.433	-615.098	10	2	29
8.000	7.201	-87.342	-615.291	10	2	29
7.990	7.221	-88.249	-615.478	10	2	29
7.981	7.241	-89.155	-615.659	10	2	29
7.971	7.261	-90.059	-615.835	10	2	29
7.961	7.281	-90.961	-616.005	10	2	29
7.941	7.281	-92.054	-615.033	12	-11	35
7.919	7.278	-93.200	-613.897	13	-13	38
7.897	7.275	-94.306	-612.776	13	-13	38
7.875	7.271	-95.429	-611.611	13	-13	38
7.854	7.267	-96.511	-610.467	12	-13	38
7.832	7.262	-97.596	-609.274	12	-14	41
7.810	7.258	-98.680	-608.081	12	-14	41
7.788	7.253	-99.763	-606.886	12	-14	41
7.767	7.248	-100.803	-605.720	12	-13	38
7.746	7.243	-101.838	-604.553	12	-13	38
7.725	7.237	-102.899	-603.354	12	-14	41
7.704	7.232	-103.925	-602.179	12	-13	38
7.683	7.225	-104.936	-600.939	12	-14	41
7.661	7.222	-106.020	-599.811	12	-13	38
7.642	7.232	-107.243	-599.210	14	-7	41
7.624	7.243	-108.463	-598.651	14	-6	41
7.605	7.255	-109.713	-598.103	14	-6	41
7.587	7.267	-110.914	-597.602	14	-6	41
7.569	7.280	-112.137	-597.106	14	-6	41
7.551	7.293	-113.328	-596.619	14	-6	41
7.533	7.306	-114.553	-596.124	14	-6	41
7.515	7.319	-115.777	-595.625	14	-6	41
7.498	7.332	-116.981	-595.118	14	-6	41
7.480	7.344	-118.185	-594.606	14	-6	41
7.462	7.357	-119.415	-594.070	14	-6	41
7.449	7.359	-120.150	-593.501	8	-6	23
7.454	7.338	-119.470	-593.121	-8	-4	23
7.459	7.316	-118.788	-592.736	-8	-4	23
7.463	7.294	-118.103	-592.347	-8	-4	23
7.468	7.273	-117.431	-591.965	-8	-4	23
7.473	7.252	-116.738	-591.569	-8	-5	23
7.478	7.230	-116.043	-591.169	-8	-5	23
7.483	7.209	-115.345	-590.763	-8	-5	23
7.488	7.188	-114.660	-590.366	-8	-5	23
7.493	7.166	-113.952	-589.957	-8	-5	23
7.498	7.144	-113.242	-589.543	-8	-5	23
7.503	7.123	-112.529	-589.124	-8	-5	23
7.508	7.101	-111.814	-588.700	-8	-5	23
7.513	7.080	-111.115	-588.282	-8	-5	23
7.518	7.059	-110.396	-587.848	-8	-5	23
7.523	7.037	-109.674	-587.408	-8	-5	23
7.528	7.016	-108.950	-586.965	-8	-5	23
7.534	6.994	-108.224	-586.516	-8	-5	23
7.538	6.973	-107.518	-586.068	-8	-5	23
7.543	6.951	-106.794	-585.600	-8	-5	23
7.548	6.929	-106.066	-585.129	-8	-5	23
7.553	6.908	-105.337	-584.653	-8	-5	23
7.558	6.887	-104.629	-584.181	-8	-5	23
7.563	6.865	-103.901	-583.691	-8	-6	23
7.567	6.843	-103.172	-583.197	-8	-6	23
7.571	6.822	-102.486	-582.683	-8	-6	23
7.556	6.831	-103.486	-582.278	11	-5	32
7.540	6.847	-104.668	-582.053	13	-3	38
7.525	6.862	-105.813	-581.840	13	-2	38
7.510	6.878	-106.985	-581.621	13	-2	38
7.494	6.893	-108.125	-581.409	13	-2	38
7.479	6.909	-109.292	-581.199	13	-2	38
7.464	6.925	-110.457	-580.984	13	-2	38
7.449	6.941	-111.590	-580.775	13	-2	38
7.433	6.957	-112.751	-580.558	13	-2	38
7.418	6.973	-113.911	-580.336	13	-3	38
7.403	6.989	-115.071	-580.109	13	-3	38
7.387	7.005	-116.230	-579.877	13	-3	38
7.372	7.021	-117.388	-579.640	13	-3	38
7.357	7.037	-118.546	-579.398	13	-3	38
7.342	7.044	-119.480	-578.880	11	-6	32
7.327	7.028	-119.948	-577.647	5	-14	41
7.311	7.012	-120.414	-576.413	5	-14	41
7.296	6.995	-120.876	-575.178	5	-14	41
7.281	6.980	-121.307	-573.981	5	-14	41
7.267	6.962	-121.658	-572.780	4	-14	41
7.254	6.945	-122.005	-571.579	4	-14	41
7.240	6.928	-122.348	-570.377	4	-14	41
7.226	6.911	-122.689	-569.175	4	-14	41
7.212	6.893	-123.026	-567.972	4	-14	41
7.198	6.876	-123.359	-566.769	4	-14	41
7.184	6.859	-123.690	-565.565	4	-14	41
7.171	6.841	-124.017	-564.361	4	-14	41
7.160	6.823	-124.128	-563.267	1	-12	35
7.150	6.803	-124.227	-562.149	1	-13	38
7.139	6.784	-124.323	-561.029	1	-13	38
7.129	6.764	-124.415	-559.908	1	-13	38
7.118	6.745	-124.503	-558.786	1	-13	38
7.107	6.725	-124.588	-557.663	1	-13	38
7.097	6.706	-124.669	-556.539	1	-13	38
7.086	6.686	-124.747	-555.414	1	-13	38
7.079	6.666	-124.650	-554.408	-1	-11	32
7.071	6.645	-124.508	-553.394	-2	-12	35
7.064	6.624	-124.363	-552.378	-2	-12	35
7.057	6.603	-124.213	-551.361	-2	-12	35
7.050	6.582	-124.061	-550.342	-2	-12	35
7.043	6.561	-123.905	-549.322	-2	-12	35
7.036	6.540	-123.745	-548.300	-2	-12	35
7.029	6.519	-123.582	-547.276	-2	-12	35
7.021	6.499	-123.415	-546.251	-2	-12	35
7.016	6.478	-123.146	-545.317	-3	-11	32
7.012	6.456	-122.823	-544.385	-4	-11	32
7.007	6.434	-122.497	-543.451	-4	-11	32
7.002	6.413	-122.167	-542.515	-4	-11	32
6.998	6.391	-121.835	-541.576	-4	-11	32
6.993	6.369	-121.499	-540.636	-4	-11	32
6.989	6.348	-121.168	-539.718	-4	-10	29
6.984	6.327	-120.825	-538.773	-4	-11	32
6.979	6.305	-120.479	-537.827	-4	-11	32
6.975	6.283	-120.130	-536.878	-4	-11	32
6.970	6.262	-119.778	-535.928	-4	-11	32
6.966	6.240	-119.405	-535.014	-4	-10	29
6.963	6.218	-118.991	-534.089	-5	-11	32
6.982	6.222	-118.096	-535.121	-10	12	35
7.004	6.227	-117.147	-536.289	-11	13	38
7.026	6.233	-116.197	-537.456	-11	13	38
7.047	6.238	-115.245	-538.622	-11	13	38
7.068	6.242	-114.307	-539.751	-11	13	38
7.090	6.247	-113.329	-540.899	-11	13	38
7.112	6.252	-112.350	-542.046	-11	13	38
7.133	6.255	-111.358	-543.135	-11	12	35
7.155	6.258	-110.318	-544.236	-12	13	38
7.177	6.260	-109.292	-545.297	-12	12	35
7.199	6.262	-108.196	-546.341	-12	12	35
7.221	6.263	-107.099	-547.384	-12	12	35
7.243	6.264	-106.024	-548.390	-12	11	35
7.265	6.264	-104.903	-549.398	-13	11	38
7.287	6.264	-103.782	-550.404	-13	11	38
7.309	6.265	-102.659	-551.409	-13	11	38
7.331	6.265	-101.536	-552.412	-13	11	38
7.353	6.265	-100.435	-553.378	-13	11	38
7.375	6.264	-99.293	-554.348	-13	11	38
7.397	6.264	-98.150	-555.317	-13	11	38
7.419	6.263	-97.007	-556.284	-13	11	38
7.441	6.263	-95.863	-557.249	-13	11	38
7.463	6.263	-94.718	-558.212	-13	11	38
7.485	6.262	-93.573	-559.173	-13	11	38
7.507	6.261	-92.430	-560.061	-13	10	38
7.529	6.258	-91.234	-560.931	-14	10	41
7.551	6.255	-90.038	-561.800	-14	10	41
7.573	6.253	-88.841	-562.665	-14	10	41
7.595	6.250	-87.644	-563.528	-14	10	41
7.616	6.245	-86.439	-564.245	-14	8	41
7.637	6.239	-85.192	-564.944	-14	8	41
7.658	6.233	-83.945	-565.639	-14	8	41
7.680	6.227	-82.698	-566.331	-14	8	41
7.700	6.220	-81.474	-566.942	-14	7	41
7.720	6.211	-80.207	-567.481	-14	6	41
7.741	6.202	-78.940	-568.016	-14	6	41
7.761	6.193	-77.672	-568.547	-14	6	41
7.781	6.184	-76.405	-569.074	-14	6	41
7.801	6.176	-75.170	-569.571	-14	6	41
7.820	6.165	-73.903	-569.977	-14	5	41
7.840	6.154	-72.636	-570.379	-14	5	41
7.859	6.143	-71.369	-570.775	-14	5	41
7.879	6.133	-70.101	-571.168	-14	4	41
7.896	6.121	-68.880	-571.428	-14	3	41
7.914	6.108	-67.629	-571.675	-14	3	41
7.932	6.095	-66.377	-571.918	-14	3	41
7.950	6.082	-65.125	-572.156	-14	3	41
7.966	6.068	-63.937	-572.231	-14	1	41
7.983	6.053	-62.718	-572.303	-14	1	41
7.999	6.038	-61.498	-572.371	-14	1	41
8.015	6.023	-60.313	-572.417	-13	1	38
8.030	6.006	-59.136	-572.331	-13	-1	38
8.044	5.990	-57.958	-572.240	-13	-1	38
8.059	5.973	-56.779	-572.145	-13	-1	38
8.073	5.956	-55.601	-572.044	-13	-1	38
8.086	5.939	-54.503	-571.832	-12	-2	35
8.099	5.921	-53.376	-571.606	-13	-3	38
8.112	5.903	-52.250	-571.376	-13	-3	38
8.124	5.885	-51.186	-571.078	-12	-3	35
8.135	5.866	-50.111	-570.731	-12	-4	35
8.147	5.847	-49.036	-570.380	-12	-4	35
8.157	5.828	-48.004	-570.002	-12	-4	35
8.167	5.808	-46.971	-569.562	-12	-5	35
8.177	5.789	-45.936	-569.116	-12	-5	35
8.188	5.769	-44.900	-568.667	-12	-5	35
8.198	5.749	-43.864	-568.213	-12	-5	35
8.207	5.730	-42.866	-567.749	-11	-5	32
8.217	5.710	-41.849	-567.259	-12	-6	35
8.227	5.690	-40.830	-566.765	-12	-6	35
8.236	5.670	-39.810	-566.267	-12	-6	35
8.246	5.650	-38.789	-565.765	-12	-6	35
8.256	5.630	-37.767	-565.259	-12	-6	35
8.265	5.610	-36.744	-564.748	-12	-6	35
8.275	5.590	-35.720	-564.234	-12	-6	35
8.284	5.570	-34.695	-563.715	-12	-6	35
8.294	5.550	-33.669	-563.193	-12	-6	35
8.304	5.531	-32.660	-562.692	-11	-6	32
8.314	5.511	-31.615	-562.187	-12	-6	35
8.324	5.491	-30.569	-561.678	-12	-6	35
8.334	5.472	-29.522	-561.165	-12	-6	35
8.344	5.452	-28.474	-560.647	-12	-6	35
8.354	5.432	-27.426	-560.126	-12	-6	35
8.364	5.412	-26.376	-559.601	-12	-6	35
8.374	5.393	-25.325	-559.072	-12	-6	35
8.384	5.373	-24.274	-558.539	-12	-6	35
8.394	5.354	-23.242	-558.026	-12	-6	35
8.405	5.335	-22.175	-557.569	-12	-5	35
8.417	5.316	-21.079	-557.096	-12	-5	35
8.428	5.297	-19.983	-556.619	-12	-5	35
8.439	5.278	-18.886	-556.138	-12	-5	35
8.450	5.259	-17.788	-555.653	-12	-6	35
8.462	5.240	-16.689	-555.163	-12	-6	35
8.473	5.221	-15.590	-554.670	-13	-6	38
8.484	5.202	-14.490	-554.173	-13	-6	38
8.497	5.184	-13.379	-553.766	-13	-5	38
8.509	5.166	-12.234	-553.351	-13	-5	38
8.522	5.148	-11.089	-552.932	-13	-5	38
8.535	5.130	-9.944	-552.509	-13	-5	38
8.547	5.112	-8.798	-552.082	-13	-5	38
8.560	5.093	-7.651	-551.651	-13	-5	38
8.573	5.075	-6.504	-551.216	-13	-5	38
8.585	5.058	-5.378	-550.807	-13	-5	38
8.599	5.041	-4.188	-550.459	-14	-4	41
8.613	5.024	-2.999	-550.106	-14	-4	41
8.628	5.007	-1.809	-549.749	-14	-4	41
8.642	4.989	-0.618	-549.387	-14	-4	41
8.656	4.972	0.572	-549.022	-14	-4	41
8.670	4.955	1.763	-548.652	-14	-4	41
8.684	4.938	2.955	-548.278	-14	-4	41
8.699	4.922	4.135	-547.961	-13	-4	38
8.714	4.906	5.364	-547.676	-14	-3	41
8.730	4.890	6.592	-547.386	-14	-3	41
8.745	4.874	7.821	-547.092	-14	-3	41
8.761	4.859	9.027	-546.856	-14	-3	41
8.777	4.845	10.270	-546.639	-14	-2	41
8.794	4.830	11.513	-546.418	-14	-3	41
8.810	4.815	12.756	-546.192	-14	-3	41
8.826	4.801	13.970	-545.980	-14	-2	41
8.844	4.787	15.225	-545.814	-14	-2	41
8.861	4.773	16.479	-545.644	-14	-2	41
8.878	4.759	17.734	-545.469	-14	-2	41
8.895	4.745	18.989	-545.289	-14	-2	41
8.913	4.733	20.221	-545.196	-14	-1	41
8.931	4.721	21.487	-545.109	-14	-1	41
8.950	4.708	22.752	-545.017	-14	-1	41
8.968	4.696	23.992	-544.940	-14	-1	41
8.986	4.684	25.239	-544.872	-14	-1	41
9.004	4.672	26.484	-544.746	-14	-1	41
9.008	4.656	27.132	-544.090	-7	-7	20
8.987	4.652	26.235	-543.312	10	-9	29
8.965	4.650	25.209	-542.583	12	-8	35
8.943	4.648	24.184	-541.852	12	-8	35
8.921	4.647	23.167	-541.160	12	-8	35
8.899	4.645	22.113	-540.461	12	-8	35
8.877	4.644	21.060	-539.758	12	-8	35
8.855	4.643	20.008	-539.053	12	-8	35
8.833	4.643	18.954	-538.414	12	-7	35
8.811	4.642	17.874	-537.756	12	-7	35
8.789	4.642	16.794	-537.094	12	-8	35
8.767	4.642	15.741	-536.449	12	-7	35
8.745	4.645	14.592	-535.917	13	-6	38
8.723	4.647	13.443	-535.381	13	-6	38
8.701	4.649	12.294	-534.841	13	-6	38
8.679	4.652	11.147	-534.297	13	-6	38
8.657	4.654	9.999	-533.750	13	-6	38
8.635	4.657	8.852	-533.199	13	-6	38
8.613	4.659	7.706	-532.644	13	-6	38
8.591	4.662	6.560	-532.086	13	-6	38
8.569	4.664	5.414	-531.524	13	-6	38
8.547	4.667	4.270	-530.959	13	-6	38
8.526	4.670	3.137	-530.454	13	-6	38
8.505	4.677	1.907	-530.118	14	-4	41
8.484	4.684	0.677	-529.778	14	-4	41
8.463	4.690	-0.553	-529.435	14	-4	41
8.441	4.697	-1.783	-529.087	14	-4	41
8.420	4.704	-3.012	-528.735	14	-4	41
8.399	4.711	-4.241	-528.379	14	-4	41
8.378	4.718	-5.471	-528.019	14	-4	41
8.357	4.724	-6.699	-527.656	14	-4	41
8.336	4.731	-7.928	-527.288	14	-4	41
8.315	4.738	-9.157	-526.916	14	-4	41
8.295	4.746	-10.372	-526.664	14	-3	41
8.276	4.757	-11.640	-526.532	14	-2	41
8.257	4.768	-12.908	-526.396	14	-2	41
8.237	4.779	-14.176	-526.255	14	-2	41
8.218	4.790	-15.444	-526.110	14	-2	41
8.199	4.801	-16.712	-525.961	14	-2	41
8.179	4.811	-17.980	-525.807	14	-2	41
8.160	4.822	-19.247	-525.649	14	-2	41
8.141	4.833	-20.515	-525.487	14	-2	41
8.121	4.844	-21.783	-525.321	14	-2	41
8.102	4.855	-23.051	-525.150	14	-2	41
8.084	4.867	-24.281	-525.093	14	-1	41
8.067	4.881	-25.539	-525.148	14	1	41
8.050	4.896	-26.796	-525.198	14	1	41
8.033	4.910	-28.053	-525.244	14	1	41
8.016	4.924	-29.310	-525.286	14	0	41
7.999	4.938	-30.567	-525.323	14	0	41
7.983	4.952	-31.792	-525.355	14	0	41
7.966	4.966	-33.049	-525.384	14	0	41
7.949	4.980	-34.306	-525.408	14	0	41
7.932	4.995	-35.563	-525.428	14	0	41
7.915	5.009	-36.819	-525.443	14	0	41
7.898	5.023	-38.076	-525.455	14	0	41
7.883	5.039	-39.275	-525.608	14	2	41
7.868	5.055	-40.505	-525.766	14	2	41
7.853	5.071	-41.734	-525.919	14	2	41
7.838	5.087	-42.963	-526.068	14	2	41
7.823	5.103	-44.192	-526.213	14	2	41
7.807	5.120	-45.421	-526.353	14	2	41
7.793	5.136	-46.611	-526.506	14	2	41
7.779	5.153	-47.807	-526.737	14	3	41
7.765	5.170	-49.003	-526.964	14	3	41
7.752	5.188	-50.198	-527.187	14	3	41
7.738	5.205	-51.393	-527.406	14	2	41
7.724	5.222	-52.588	-527.621	14	2	41
7.710	5.240	-53.782	-527.831	14	2	41
7.698	5.257	-54.911	-528.120	13	3	38
7.686	5.276	-56.064	-528.426	13	3	38
7.673	5.294	-57.216	-528.728	13	3	38
7.661	5.313	-58.368	-529.026	13	3	38
7.649	5.331	-59.519	-529.319	13	3	38
7.637	5.349	-60.670	-529.609	13	3	38
7.625	5.368	-61.785	-529.897	13	3	38
7.614	5.387	-62.896	-530.259	13	4	38
7.603	5.406	-64.006	-530.616	13	4	38
7.592	5.425	-65.115	-530.969	13	4	38
7.581	5.444	-66.223	-531.319	13	4	38
7.569	5.463	-67.331	-531.664	13	4	38
7.558	5.482	-68.438	-532.005	13	4	38
7.547	5.502	-69.544	-532.342	13	4	38
7.536	5.520	-70.625	-532.660	12	4	35
7.525	5.539	-71.746	-532.963	13	3	38
7.514	5.558	-72.867	-533.262	13	3	38
7.502	5.577	-73.987	-533.557	13	3	38
7.491	5.596	-75.106	-533.848	13	3	38
7.479	5.615	-76.224	-534.134	13	3	38
7.468	5.634	-77.342	-534.416	13	3	38
7.456	5.652	-78.448	-534.646	13	3	38
7.442	5.670	-79.632	-534.762	13	1	38
7.428	5.687	-80.816	-534.873	13	1	38
7.414	5.704	-81.999	-534.979	13	1	38
7.401	5.722	-83.182	-535.081	13	1	38
7.387	5.739	-84.365	-535.179	13	1	38
7.372	5.755	-85.540	-535.186	13	0	38
7.356	5.770	-86.782	-535.059	14	-1	41
7.339	5.785	-88.024	-534.926	14	-2	41
7.323	5.799	-89.267	-534.790	14	-2	41
7.306	5.814	-90.509	-534.649	14	-2	41
7.290	5.828	-91.723	-534.471	14	-2	41
7.271	5.839	-92.991	-534.084	14	-4	41
7.252	5.851	-94.260	-533.694	14	-4	41
7.233	5.862	-95.528	-533.299	14	-4	41
7.214	5.873	-96.796	-532.900	14	-5	41
7.195	5.884	-98.031	-532.492	14	-5	41
7.174	5.892	-99.286	-531.885	14	-7	41
7.154	5.900	-100.540	-531.274	14	-7	41
7.133	5.908	-101.795	-530.659	14	-7	41
7.112	5.914	-102.998	-529.984	14	-8	41
7.091	5.919	-104.217	-529.227	14	-9	41
7.069	5.925	-105.435	-528.467	14	-9	41
7.048	5.930	-106.653	-527.705	14	-9	41
7.026	5.931	-107.752	-526.794	12	-10	35
7.006	5.928	-108.646	-525.813	10	-11	32
7.015	5.911	-107.725	-525.605	-10	-2	29
7.033	5.898	-106.460	-525.924	-14	4	41
7.050	5.884	-105.246	-526.135	-14	2	41
7.065	5.869	-104.020	-526.248	-14	1	41
7.081	5.853	-102.793	-526.357	-14	1	41
7.096	5.838	-101.603	-526.438	-14	1	41
7.110	5.821	-100.400	-526.450	-14	0	41
7.125	5.804	-99.198	-526.457	-14	0	41
7.139	5.787	-97.995	-526.460	-14	0	41
7.152	5.769	-96.871	-526.304	-13	-2	38
7.164	5.751	-95.719	-526.131	-13	-2	38
7.174	5.732	-94.658	-525.849	-12	-3	35
7.183	5.711	-93.610	-525.483	-12	-4	35
7.193	5.691	-92.560	-525.113	-12	-4	35
7.201	5.671	-91.570	-524.698	-11	-5	32
7.207	5.650	-90.627	-524.156	-11	-6	32
7.214	5.629	-89.682	-523.609	-11	-6	32
7.218	5.608	-88.832	-522.983	-10	-7	29
7.221	5.586	-88.033	-522.244	-9	-8	26
7.224	5.564	-87.231	-521.502	-9	-8	26
7.225	5.542	-86.526	-520.705	-8	-9	26
7.225	5.520	-85.851	-519.835	-8	-10	29
7.225	5.497	-85.174	-518.963	-8	-10	29
7.225	5.476	-84.514	-518.111	-8	-10	29
7.224	5.453	-83.882	-517.196	-7	-10	29
7.224	5.431	-83.247	-516.280	-7	-10	29
7.223	5.409	-82.610	-515.361	-7	-10	29
7.222	5.387	-81.986	-514.464	-7	-10	29
7.230	5.373	-81.145	-514.255	-10	-2	29
7.252	5.370	-79.975	-515.013	-13	9	38
7.273	5.363	-78.781	-515.586	-14	7	41
7.293	5.356	-77.547	-516.146	-14	6	41
7.314	5.349	-76.312	-516.702	-14	6	41
7.335	5.341	-75.078	-517.255	-14	6	41
7.355	5.332	-73.862	-517.658	-14	5	41
7.373	5.319	-72.592	-517.860	-14	2	41
7.391	5.306	-71.322	-518.058	-14	2	41
7.409	5.293	-70.052	-518.252	-14	2	41
7.427	5.280	-68.782	-518.442	-14	2	41
7.444	5.267	-67.554	-518.565	-14	1	41
7.458	5.250	-66.331	-518.465	-14	-1	41
7.473	5.234	-65.107	-518.361	-14	-1	41
7.488	5.217	-63.884	-518.252	-14	-1	41
7.503	5.201	-62.659	-518.139	-14	-1	41
7.517	5.184	-61.435	-518.022	-14	-1	41
7.527	5.165	-60.375	-517.577	-12	-5	35
7.537	5.145	-59.286	-517.115	-12	-5	35
7.546	5.125	-58.196	-516.650	-12	-5	35
7.556	5.105	-57.106	-516.181	-12	-5	35
7.563	5.084	-56.123	-515.598	-11	-7	32
7.549	5.075	-56.537	-514.655	5	-11	32
7.527	5.077	-57.661	-513.898	13	-9	38
7.505	5.077	-58.675	-513.032	12	-10	35
7.483	5.076	-59.708	-512.130	12	-10	35
7.461	5.075	-60.740	-511.226	12	-10	35
7.439	5.073	-61.714	-510.316	11	-10	32
7.418	5.067	-62.540	-509.227	9	-12	35
7.397	5.061	-63.365	-508.138	9	-12	35
7.375	5.055	-64.188	-507.048	9	-12	35
7.354	5.049	-65.009	-505.956	9	-12	35
7.333	5.042	-65.752	-504.863	8	-12	35
7.313	5.032	-66.417	-503.689	8	-13	38
7.293	5.023	-67.079	-502.515	8	-13	38
7.273	5.014	-67.739	-501.340	8	-13	38
7.253	5.005	-68.396	-500.164	7	-13	38
7.232	4.996	-69.052	-498.988	7	-13	38
7.214	4.985	-69.551	-497.791	6	-14	41
7.195	4.973	-70.054	-496.560	6	-14	41
7.176	4.961	-70.553	-495.328	6	-14	41
7.157	4.950	-71.050	-494.095	6	-14	41
7.139	4.938	-71.545	-492.863	6	-14	41
7.121	4.926	-71.981	-491.655	5	-14	41
7.104	4.912	-72.318	-490.395	4	-14	41
7.086	4.898	-72.652	-489.136	4	-14	41
7.069	4.884	-72.983	-487.876	4	-14	41
7.052	4.870	-73.311	-486.617	4	-14	41
7.035	4.856	-73.636	-485.357	4	-14	41
7.018	4.842	-73.944	-484.129	4	-14	41
7.002	4.827	-74.150	-482.861	2	-14	41
6.986	4.811	-74.352	-481.594	2	-14	41
6.971	4.796	-74.551	-480.326	2	-14	41
6.955	4.781	-74.747	-479.058	2	-14	41
6.939	4.765	-74.940	-477.790	2	-14	41
6.923	4.750	-75.130	-476.522	2	-14	41
6.907	4.734	-75.316	-475.254	2	-14	41
6.891	4.719	-75.500	-473.986	2	-14	41
6.877	4.703	-75.617	-472.751	1	-14	41
6.862	4.687	-75.724	-471.484	1	-14	41
6.847	4.670	-75.827	-470.217	1	-14	41
6.832	4.654	-75.927	-468.949	1	-14	41
6.817	4.638	-76.023	-467.682	1	-14	41
6.802	4.621	-76.117	-466.415	1	-14	41
6.787	4.605	-76.207	-465.147	1	-14	41
6.772	4.589	-76.294	-463.880	1	-14	41
6.758	4.573	-76.353	-462.646	1	-14	41
6.744	4.555	-76.343	-461.381	0	-14	41
6.730	4.538	-76.329	-460.116	0	-14	41
6.716	4.520	-76.312	-458.850	0	-14	41
6.703	4.503	-76.292	-457.585	0	-14	41
6.689	4.486	-76.269	-456.320	0	-14	41
6.675	4.468	-76.243	-455.055	0	-14	41
6.661	4.451	-76.213	-453.789	0	-14	41
6.648	4.433	-76.148	-452.549	-1	-14	41
6.635	4.416	-76.106	-451.312	0	-14	41
6.621	4.399	-76.101	-450.061	0	-14	41
6.604	4.394	-76.663	-449.165	6	-10	29
6.593	4.413	-77.818	-449.531	13	4	38
6.583	4.433	-78.994	-449.943	13	5	38
6.573	4.453	-80.170	-450.351	13	5	38
6.563	4.472	-81.314	-450.748	13	5	38
6.553	4.492	-82.475	-451.169	13	5	38
6.544	4.512	-83.635	-451.586	13	5	38
6.534	4.532	-84.795	-452.000	13	5	38
6.525	4.552	-85.904	-452.459	13	5	38
6.517	4.573	-87.026	-452.970	13	6	38
6.503	4.578	-87.855	-452.617	9	-4	26
6.497	4.557	-87.350	-451.493	-6	-13	38
6.493	4.536	-86.707	-450.505	-7	-11	32
6.492	4.514	-85.965	-449.546	-8	-11	32
6.490	4.492	-85.240	-448.610	-8	-11	32
6.488	4.470	-84.494	-447.648	-8	-11	32
6.488	4.448	-83.713	-446.748	-9	-10	29
6.488	4.426	-82.900	-445.831	-9	-10	29
6.487	4.404	-82.085	-444.911	-9	-10	29
6.487	4.382	-81.267	-443.990	-9	-10	29
6.487	4.360	-80.448	-443.067	-9	-11	32
6.487	4.338	-79.632	-442.181	-9	-10	29
6.487	4.316	-78.772	-441.290	-10	-10	29
6.488	4.294	-77.910	-440.398	-10	-10	29
6.488	4.271	-77.046	-439.503	-10	-10	29
6.489	4.249	-76.181	-438.607	-10	-10	29
6.489	4.227	-75.314	-437.709	-10	-10	29
6.491	4.205	-74.432	-436.868	-10	-10	29
6.493	4.183	-73.480	-436.049	-11	-9	32
6.496	4.161	-72.528	-435.229	-11	-9	32
6.498	4.139	-71.574	-434.406	-11	-9	32
6.501	4.118	-70.617	-433.637	-11	-9	32
6.507	4.096	-69.547	-432.960	-12	-8	35
6.513	4.075	-68.476	-432.280	-12	-8	35
6.519	4.053	-67.404	-431.598	-12	-8	35
6.526	4.033	-66.317	-431.007	-12	-7	35
6.534	4.012	-65.164	-430.469	-13	-6	38
6.543	3.992	-64.009	-429.927	-13	-6	38
6.551	3.971	-62.854	-429.383	-13	-6	38
6.560	3.951	-61.724	-428.862	-13	-6	38
6.569	3.931	-60.548	-428.375	-13	-6	38
6.579	3.911	-59.371	-427.885	-13	-6	38
6.587	3.896	-58.409	-427.570	-11	-4	32
6.593	3.918	-59.033	-428.688	7	13	38
6.598	3.939	-59.654	-429.806	7	13	38
6.603	3.960	-60.243	-430.912	7	13	38
6.609	3.981	-60.793	-432.035	6	13	38
6.616	4.002	-61.312	-433.173	6	13	38
6.623	4.023	-61.819	-434.363	6	14	41
6.631	4.044	-62.256	-435.530	5	13	38
6.640	4.063	-62.619	-436.721	4	14	41
6.650	4.083	-62.981	-437.946	4	14	41
6.659	4.103	-63.308	-439.144	4	14	41
6.670	4.122	-63.593	-440.383	3	14	41
6.681	4.142	-63.874	-441.622	3	14	41
6.691	4.161	-64.145	-442.829	3	14	41
6.702	4.180	-64.390	-444.074	3	14	41
6.713	4.200	-64.632	-445.318	3	14	41
6.724	4.219	-64.871	-446.563	3	14	41
6.740	4.227	-64.516	-447.526	-4	11	32
6.750	4.208	-63.340	-447.106	-13	-5	38
6.759	4.188	-62.199	-446.618	-13	-6	38
6.768	4.168	-61.074	-446.116	-13	-6	38
6.778	4.148	-59.901	-445.625	-13	-6	38
6.788	4.128	-58.728	-445.131	-13	-6	38
6.799	4.109	-57.551	-444.742	-13	-4	38
6.810	4.090	-56.342	-444.344	-14	-5	41
6.821	4.071	-55.131	-443.944	-14	-5	41
6.833	4.053	-53.948	-443.572	-13	-4	38
6.845	4.034	-52.728	-443.213	-14	-4	41
6.856	4.015	-51.508	-442.851	-14	-4	41
6.868	3.997	-50.318	-442.501	-14	-4	41
6.884	3.981	-49.026	-442.419	-15	-1	43
6.905	3.982	-48.159	-443.200	-10	9	29
6.925	3.988	-47.519	-444.195	-7	11	32
6.939	4.005	-47.570	-445.464	1	14	41
6.953	4.022	-47.617	-446.733	1	14	41
6.966	4.040	-47.661	-448.002	1	14	41
6.980	4.057	-47.703	-449.271	0	14	41
6.994	4.074	-47.741	-450.540	0	14	41
7.008	4.092	-47.776	-451.808	0	14	41
7.021	4.109	-47.831	-453.043	1	14	41
7.034	4.127	-47.946	-454.305	1	14	41
7.046	4.145	-48.057	-455.568	1	14	41
7.059	4.163	-48.165	-456.830	1	14	41
7.071	4.182	-48.270	-458.093	1	14	41
7.084	4.200	-48.373	-459.355	1	14	41
7.097	4.218	-48.472	-460.617	1	14	41
7.108	4.236	-48.641	-461.835	2	14	41
7.117	4.257	-48.961	-463.060	4	14	41
7.126	4.277	-49.277	-464.285	4	14	41
7.135	4.297	-49.591	-465.509	4	14	41
7.145	4.317	-49.902	-466.733	4	14	41
7.151	4.338	-50.337	-467.894	5	13	38
7.137	4.335	-50.876	-467.243	6	-7	20
7.117	4.326	-51.446	-466.081	6	-13	38
7.097	4.317	-52.037	-464.968	7	-13	38
7.076	4.311	-52.751	-463.885	8	-12	35
7.055	4.304	-53.462	-462.801	8	-12	35
7.033	4.298	-54.172	-461.716	8	-12	35
7.012	4.297	-55.109	-460.895	11	-9	32
6.990	4.299	-56.137	-460.115	12	-9	35
6.968	4.300	-57.163	-459.333	12	-9	35
6.949	4.309	-58.349	-459.006	13	-4	38
6.929	4.320	-59.602	-458.752	14	-3	41
6.911	4.331	-60.821	-458.529	14	-3	41
6.898	4.350	-62.049	-458.808	14	3	41
6.886	4.367	-63.245	-459.077	14	3	41
6.873	4.385	-64.473	-459.350	14	3	41
6.868	4.406	-65.452	-460.017	11	8	32
6.875	4.426	-65.831	-461.145	4	13	38
6.889	4.443	-65.823	-462.389	0	14	41
6.904	4.459	-65.705	-463.662	-1	14	41
6.920	4.474	-65.583	-464.935	-1	14	41
6.935	4.490	-65.449	-466.179	-2	14	41
6.951	4.506	-65.297	-467.460	-2	15	43
6.967	4.521	-65.118	-468.711	-2	14	41
6.983	4.536	-64.922	-469.957	-2	14	41
7.000	4.550	-64.668	-471.193	-3	14	41
7.009	4.535	-63.701	-470.940	-11	-3	32
7.011	4.513	-62.861	-470.099	-10	-10	29
7.017	4.493	-61.859	-469.459	-11	-7	32
7.026	4.473	-60.758	-468.959	-13	-6	38
7.040	4.456	-59.547	-468.786	-14	-2	41
7.056	4.440	-58.279	-468.688	-14	-1	41
7.076	4.433	-57.115	-469.169	-13	5	38
7.097	4.430	-56.058	-469.810	-12	7	35
7.119	4.435	-55.237	-470.839	-9	12	35
7.138	4.443	-54.673	-471.946	-6	13	38
7.156	4.456	-54.310	-473.181	-4	14	41
7.171	4.471	-54.145	-474.399	-2	14	41
7.184	4.490	-54.218	-475.668	1	14	41
7.196	4.508	-54.287	-476.937	1	14	41
7.205	4.528	-54.564	-478.109	3	13	38
7.210	4.549	-55.063	-479.245	6	13	38
7.216	4.571	-55.560	-480.380	6	13	38
7.219	4.592	-56.166	-481.398	7	12	35
7.217	4.614	-57.005	-482.288	10	10	29
7.215	4.637	-57.842	-483.176	10	10	29
7.212	4.658	-58.712	-483.965	10	9	29
7.203	4.678	-59.820	-484.488	13	6	38
7.194	4.698	-60.927	-485.008	13	6	38
7.186	4.719	-61.992	-485.540	12	6	35
7.188	4.739	-62.593	-486.476	7	11	32
7.202	4.756	-62.504	-487.723	-1	14	41
7.218	4.771	-62.264	-488.989	-3	14	41
7.234	4.786	-62.021	-490.255	-3	14	41
7.250	4.800	-61.747	-491.484	-3	14	41
7.267	4.814	-61.450	-492.712	-3	14	41
7.284	4.827	-61.060	-493.941	-4	14	41
7.304	4.832	-60.312	-494.884	-9	11	32
7.312	4.811	-59.253	-494.286	-12	-7	35
7.318	4.790	-58.256	-493.659	-11	-7	32
7.322	4.768	-57.350	-492.879	-10	-9	29
7.326	4.746	-56.442	-492.096	-10	-9	29
7.330	4.725	-55.564	-491.322	-10	-9	29
7.332	4.703	-54.710	-490.471	-10	-10	29
7.335	4.681	-53.854	-489.619	-10	-10	29
7.337	4.659	-52.997	-488.764	-10	-10	29
7.338	4.638	-52.204	-487.882	-9	-10	29
7.339	4.615	-51.411	-486.953	-9	-11	32
7.340	4.593	-50.615	-486.022	-9	-11	32
7.340	4.572	-49.879	-485.084	-8	-11	32
7.339	4.549	-49.175	-484.083	-8	-11	32
7.338	4.527	-48.468	-483.080	-8	-11	32
7.337	4.505	-47.759	-482.076	-8	-11	32
7.335	4.484	-47.120	-481.058	-7	-12	35
7.331	4.462	-46.522	-479.969	-7	-12	35
7.328	4.440	-45.922	-478.878	-7	-12	35
7.324	4.418	-45.320	-477.787	-7	-12	35
7.319	4.397	-44.845	-476.667	-5	-13	38
7.313	4.376	-44.382	-475.505	-5	-13	38
7.307	4.354	-43.916	-474.342	-5	-13	38
7.300	4.334	-43.493	-473.195	-5	-13	38
7.291	4.313	-43.168	-471.972	-4	-14	41
7.283	4.293	-42.839	-470.748	-4	-14	41
7.274	4.272	-42.508	-469.524	-4	-14	41
7.265	4.253	-42.228	-468.320	-3	-14	41
7.255	4.233	-41.965	-467.077	-3	-14	41
7.245	4.213	-41.699	-465.834	-3	-14	41
7.246	4.205	-41.354	-465.559	-4	-3	11
7.266	4.216	-40.868	-466.750	-6	14	41
7.283	4.229	-40.537	-467.946	-4	14	41
7.301	4.242	-40.216	-469.179	-4	14	41
7.319	4.256	-39.893	-470.411	-4	14	41
7.335	4.269	-39.621	-471.620	-3	14	41
7.350	4.286	-39.513	-472.890	-1	14	41
7.366	4.302	-39.403	-474.160	-1	14	41
7.381	4.318	-39.289	-475.430	-1	14	41
7.396	4.335	-39.172	-476.700	-1	14	41
7.411	4.351	-39.052	-477.970	-1	14	41
7.425	4.367	-38.983	-479.208	-1	14	41
7.439	4.385	-38.955	-480.479	0	14	41
7.452	4.402	-38.924	-481.750	0	14	41
7.466	4.419	-38.890	-483.021	0	14	41
7.480	4.437	-38.853	-484.292	0	14	41
7.494	4.454	-38.812	-485.563	0	14	41
7.504	4.473	-38.958	-486.782	2	14	41
7.515	4.493	-39.141	-488.029	2	14	41
7.525	4.512	-39.321	-489.275	2	14	41
7.537	4.527	-39.251	-490.380	-1	13	38
7.551	4.515	-38.229	-490.320	-12	-1	35
7.559	4.494	-37.142	-489.713	-12	-7	35
7.567	4.474	-36.108	-489.083	-12	-7	35
7.573	4.453	-35.116	-488.332	-11	-9	32
7.578	4.431	-34.123	-487.578	-11	-9	32
7.584	4.410	-33.128	-486.821	-11	-9	32
7.588	4.389	-32.229	-486.003	-10	-9	29
7.592	4.367	-31.321	-485.144	-10	-10	29
7.595	4.345	-30.411	-484.283	-10	-10	29
7.598	4.324	-29.537	-483.426	-10	-10	29
7.600	4.301	-28.681	-482.488	-10	-11	32
7.602	4.279	-27.824	-481.548	-10	-11	32
7.602	4.257	-27.071	-480.554	-9	-11	32
7.600	4.235	-26.401	-479.502	-8	-12	35
7.596	4.214	-25.855	-478.341	-6	-13	38
7.590	4.193	-25.406	-477.183	-5	-13	38
7.583	4.172	-24.974	-475.986	-5	-14	41
7.576	4.150	-24.539	-474.787	-5	-14	41
7.569	4.130	-24.151	-473.607	-4	-13	38
7.561	4.109	-23.771	-472.389	-4	-14	41
7.554	4.089	-23.388	-471.170	-4	-14	41
7.546	4.068	-23.002	-469.951	-4	-14	41
7.538	4.047	-22.614	-468.732	-4	-14	41
7.530	4.026	-22.223	-467.513	-4	-14	41
7.523	4.005	-21.829	-466.293	-4	-14	41
7.515	3.985	-21.433	-465.073	-5	-14	41
7.506	3.965	-21.107	-463.871	-4	-14	41
7.497	3.945	-20.786	-462.633	-4	-14	41
7.488	3.924	-20.462	-461.396	-4	-14	41
7.479	3.904	-20.136	-460.158	-4	-14	41
7.470	3.884	-19.807	-458.920	-4	-14	41
7.461	3.864	-19.476	-457.682	-4	-14	41
7.452	3.844	-19.142	-456.444	-4	-14	41
7.443	3.824	-18.805	-455.205	-4	-14	41
7.434	3.804	-18.493	-453.995	-4	-14	41
7.423	3.784	-18.220	-452.742	-3	-14	41
7.413	3.765	-17.945	-451.489	-3	-14	41
7.403	3.745	-17.666	-450.236	-3	-14	41
7.393	3.726	-17.385	-448.982	-3	-14	41
7.383	3.706	-17.101	-447.729	-3	-14	41
7.372	3.686	-16.815	-446.476	-3	-14	41
7.362	3.667	-16.525	-445.222	-3	-14	41
7.352	3.647	-16.233	-443.969	-3	-14	41
7.342	3.628	-15.960	-442.745	-3	-14	41
7.331	3.609	-15.724	-441.481	-3	-14	41
7.319	3.590	-15.486	-440.217	-3	-14	41
7.308	3.571	-15.245	-438.954	-3	-14	41
7.297	3.551	-15.001	-437.690	-3	-14	41
7.286	3.532	-14.754	-436.426	-3	-14	41
7.275	3.513	-14.505	-435.162	-3	-14	41
7.263	3.494	-14.253	-433.898	-3	-14	41
7.252	3.475	-13.997	-432.634	-3	-14	41
7.241	3.456	-13.740	-431.370	-3	-14	41
7.230	3.437	-13.515	-430.138	-3	-14	41
7.218	3.419	-13.297	-428.872	-2	-14	41
7.206	3.400	-13.076	-427.606	-3	-14	41
7.194	3.381	-12.852	-426.340	-3	-14	41
7.182	3.363	-12.626	-425.074	-3	-14	41
7.171	3.344	-12.405	-423.841	-3	-14	41
7.158	3.326	-12.199	-422.571	-2	-14	41
7.146	3.307	-11.992	-421.301	-2	-14	41
7.134	3.289	-11.781	-420.032	-2	-14	41
7.122	3.271	-11.567	-418.762	-2	-14	41
7.109	3.252	-11.351	-417.493	-2	-14	41
7.097	3.234	-11.132	-416.223	-2	-14	41
7.085	3.216	-10.927	-414.986	-2	-14	41
7.072	3.197	-10.717	-413.716	-2	-14	41
7.060	3.179	-10.504	-412.446	-2	-14	41
7.047	3.161	-10.288	-411.176	-2	-14	41
7.035	3.142	-10.069	-409.906	-2	-14	41
7.022	3.124	-9.848	-408.636	-3	-14	41
7.008	3.108	-9.760	-407.404	-1	-14	41
6.992	3.105	-10.335	-406.726	7	-8	23
6.976	3.121	-11.618	-406.928	15	2	43
6.961	3.137	-12.855	-407.147	14	2	41
6.946	3.152	-14.090	-407.372	14	3	41
6.932	3.169	-15.355	-407.633	14	3	41
6.917	3.185	-16.588	-407.880	14	3	41
6.902	3.201	-17.857	-408.083	14	2	41
6.887	3.217	-19.127	-408.284	14	2	41
6.871	3.233	-20.396	-408.481	14	2	41
6.856	3.249	-21.666	-408.675	14	2	41
6.840	3.265	-22.935	-408.866	14	2	41
6.825	3.281	-24.205	-409.053	14	2	41
6.809	3.295	-25.440	-409.172	14	1	41
6.792	3.310	-26.706	-409.227	14	1	41
6.775	3.324	-27.972	-409.279	14	1	41
6.759	3.338	-29.237	-409.328	14	1	41
6.742	3.353	-30.503	-409.373	14	1	41
6.725	3.367	-31.769	-409.416	14	0	41
6.708	3.381	-33.034	-409.455	14	0	41
6.691	3.394	-34.226	-409.424	14	0	41
6.673	3.407	-35.475	-409.336	14	-1	41
6.655	3.419	-36.725	-409.246	14	-1	41
6.637	3.432	-37.974	-409.152	14	-1	41
6.619	3.445	-39.222	-409.055	14	-1	41
6.601	3.457	-40.471	-408.954	14	-1	41
6.583	3.470	-41.685	-408.839	14	-1	41
6.563	3.480	-42.896	-408.553	14	-3	41
6.543	3.490	-44.106	-408.264	14	-3	41
6.523	3.500	-45.316	-407.971	14	-3	41
6.503	3.510	-46.526	-407.676	14	-3	41
6.484	3.520	-47.735	-407.377	14	-3	41
6.463	3.527	-48.855	-406.959	13	-5	38
6.442	3.534	-49.975	-406.459	13	-6	38
6.440	3.525	-49.735	-405.978	-3	-5	14
6.453	3.508	-48.505	-405.755	-14	-3	41
6.468	3.491	-47.221	-405.534	-15	-3	43
6.482	3.474	-45.972	-405.325	-14	-2	41
6.496	3.457	-44.690	-405.117	-15	-2	43
6.510	3.440	-43.456	-404.880	-14	-3	41
6.524	3.423	-42.195	-404.620	-14	-3	41
6.537	3.406	-40.935	-404.356	-14	-3	41
6.551	3.388	-39.675	-404.089	-14	-3	41
6.565	3.371	-38.415	-403.819	-14	-3	41
6.578	3.353	-37.154	-403.546	-14	-3	41
6.592	3.336	-35.894	-403.270	-14	-3	41
6.605	3.319	-34.675	-402.937	-14	-4	41
6.617	3.300	-33.429	-402.554	-14	-4	41
6.629	3.282	-32.183	-402.169	-14	-4	41
6.641	3.263	-30.937	-401.781	-14	-4	41
6.654	3.245	-29.691	-401.390	-14	-4	41
6.666	3.226	-28.444	-400.996	-14	-4	41
6.678	3.208	-27.198	-400.599	-14	-5	41
6.690	3.190	-25.985	-400.203	-14	-5	41
6.701	3.171	-24.761	-399.713	-14	-6	41
6.712	3.151	-23.537	-399.221	-14	-6	41
6.723	3.132	-22.313	-398.726	-14	-6	41
6.733	3.113	-21.089	-398.228	-14	-6	41
6.744	3.093	-19.864	-397.727	-14	-6	41
6.755	3.074	-18.639	-397.223	-14	-6	41
6.766	3.055	-17.414	-396.717	-14	-6	41
6.775	3.035	-16.248	-396.138	-13	-7	38
6.784	3.015	-15.059	-395.518	-14	-7	41
6.793	2.995	-13.869	-394.896	-14	-7	41
6.802	2.975	-12.678	-394.272	-14	-7	41
6.811	2.954	-11.488	-393.645	-14	-7	41
6.820	2.934	-10.297	-393.016	-14	-7	41
6.828	2.914	-9.161	-392.346	-13	-8	38
6.834	2.893	-8.025	-391.596	-13	-9	38
6.841	2.872	-6.888	-390.843	-13	-9	38
6.848	2.851	-5.750	-390.089	-13	-9	38
6.855	2.830	-4.612	-389.332	-13	-9	38
6.861	2.809	-3.473	-388.573	-13	-9	38
6.866	2.788	-2.416	-387.741	-12	-9	35
6.870	2.766	-1.332	-386.880	-12	-10	35
6.875	2.744	-0.248	-386.016	-12	-10	35
6.880	2.722	0.837	-385.152	-12	-10	35
6.884	2.701	1.923	-384.285	-12	-10	35
6.888	2.680	2.969	-383.425	-12	-10	35
6.891	2.658	3.986	-382.475	-12	-11	35
6.893	2.636	5.004	-381.523	-12	-11	35
6.896	2.614	6.023	-380.570	-12	-11	35
6.899	2.592	7.043	-379.615	-12	-11	35
6.901	2.570	8.064	-378.660	-12	-11	35
6.902	2.548	8.992	-377.660	-11	-11	32
6.901	2.526	9.916	-376.604	-11	-12	35
6.901	2.504	10.842	-375.548	-11	-12	35
6.901	2.482	11.769	-374.491	-11	-12	35
6.901	2.460	12.673	-373.459	-10	-12	35
6.899	2.438	13.533	-372.336	-10	-13	38
6.897	2.415	14.395	-371.211	-10	-13	38
6.889	2.396	14.918	-370.069	-6	-13	38
6.869	2.399	14.001	-369.556	10	-6	29
6.847	2.403	13.016	-369.034	11	-6	32
6.825	2.404	12.131	-368.389	10	-7	29
6.803	2.404	11.312	-367.668	9	-8	26
6.782	2.401	10.618	-366.838	8	-9	26
6.760	2.397	9.945	-365.954	8	-10	29
6.739	2.393	9.340	-365.052	7	-10	29
6.718	2.385	8.861	-364.016	5	-12	35
6.697	2.378	8.385	-362.978	5	-12	35
6.677	2.370	7.987	-361.935	5	-12	35
6.657	2.360	7.671	-360.819	4	-13	38
6.638	2.350	7.358	-359.703	4	-13	38
6.618	2.340	7.061	-358.611	3	-12	35
6.600	2.328	6.867	-357.439	2	-13	38
6.581	2.316	6.675	-356.266	2	-13	38
6.562	2.305	6.486	-355.092	2	-13	38
6.543	2.293	6.303	-353.950	2	-13	38
6.524	2.282	6.098	-352.787	2	-13	38
6.505	2.270	5.896	-351.623	2	-13	38
6.486	2.259	5.697	-350.460	2	-13	38
6.467	2.248	5.500	-349.296	2	-13	38
6.449	2.236	5.311	-348.161	2	-13	38
6.430	2.225	5.120	-347.028	2	-13	38
6.410	2.217	4.748	-345.951	4	-12	35
6.390	2.208	4.377	-344.874	4	-12	35
6.369	2.200	4.010	-343.796	4	-12	35
6.349	2.192	3.645	-342.717	4	-12	35
6.329	2.184	3.265	-341.683	4	-12	35
6.307	2.180	2.643	-340.769	7	-10	29
6.285	2.176	2.023	-339.855	7	-10	29
6.263	2.173	1.405	-338.938	7	-10	29
6.241	2.170	0.745	-338.109	8	-9	26
6.220	2.174	-0.207	-337.549	11	-6	32
6.198	2.178	-1.158	-336.987	11	-6	32
6.176	2.182	-2.107	-336.422	11	-6	32
6.157	2.192	-3.246	-336.240	13	-2	38
6.139	2.205	-4.428	-336.194	13	-1	38
6.124	2.220	-5.671	-336.387	14	2	41
6.115	2.241	-6.925	-337.006	14	7	41
6.111	2.262	-8.007	-337.849	12	10	35
6.111	2.283	-8.979	-338.815	11	11	32
6.115	2.305	-9.819	-339.944	10	13	38
6.119	2.327	-10.657	-341.071	10	13	38
6.126	2.347	-11.321	-342.228	8	13	38
6.136	2.367	-11.830	-343.482	6	14	41
6.146	2.387	-12.336	-344.736	6	14	41
6.159	2.404	-12.658	-345.961	4	14	41
6.174	2.420	-12.813	-347.222	2	14	41
6.189	2.436	-12.966	-348.483	2	14	41
6.206	2.450	-12.994	-349.685	0	14	41
6.225	2.461	-12.814	-350.870	-2	13	38
6.244	2.473	-12.632	-352.056	-2	13	38
6.262	2.484	-12.435	-353.204	-2	13	38
6.283	2.493	-12.093	-354.331	-4	13	38
6.302	2.502	-11.759	-355.420	-4	12	35
6.322	2.511	-11.421	-356.507	-4	12	35
6.342	2.520	-11.070	-357.623	-4	13	38
6.362	2.529	-10.723	-358.714	-4	12	35
6.382	2.538	-10.396	-359.816	-4	13	38
6.401	2.549	-10.139	-360.976	-3	13	38
6.420	2.560	-9.878	-362.135	-3	13	38
6.440	2.570	-9.615	-363.295	-3	13	38
6.457	2.583	-9.520	-364.475	-1	13	38
6.474	2.598	-9.528	-365.721	0	14	41
6.490	2.613	-9.534	-366.967	0	14	41
6.504	2.629	-9.703	-368.192	2	14	41
6.516	2.647	-10.045	-369.462	4	14	41
6.529	2.666	-10.384	-370.732	4	14	41
6.539	2.685	-10.820	-371.948	5	14	41
6.546	2.706	-11.420	-373.166	7	14	41
6.554	2.727	-12.017	-374.384	7	14	41
6.561	2.748	-12.612	-375.601	7	14	41
6.567	2.769	-13.320	-376.760	8	13	38
6.570	2.791	-14.089	-377.863	9	13	38
6.573	2.812	-14.902	-378.950	9	12	35
6.575	2.834	-15.757	-380.006	10	12	35
6.575	2.856	-16.651	-381.014	10	11	32
6.575	2.878	-17.584	-382.028	11	12	35
6.570	2.891	-18.331	-382.409	8	4	23
6.550	2.881	-18.689	-381.273	4	-13	38
6.530	2.871	-19.044	-380.136	4	-13	38
6.510	2.861	-19.397	-378.999	4	-13	38
6.490	2.853	-19.832	-377.940	5	-12	35
6.469	2.846	-20.345	-376.891	6	-12	35
6.448	2.839	-20.856	-375.840	6	-12	35
6.427	2.832	-21.365	-374.788	6	-12	35
6.406	2.825	-21.872	-373.736	6	-12	35
6.385	2.819	-22.375	-372.682	6	-12	35
6.364	2.812	-22.877	-371.627	6	-12	35
6.343	2.805	-23.376	-370.572	6	-12	35
6.322	2.798	-23.872	-369.515	6	-12	35
6.301	2.791	-24.366	-368.458	6	-12	35
6.280	2.784	-24.858	-367.400	6	-12	35
6.259	2.781	-25.510	-366.496	7	-10	29
6.237	2.779	-26.250	-365.621	8	-10	29
6.215	2.777	-26.988	-364.744	8	-10	29
6.193	2.775	-27.724	-363.865	8	-10	29
6.171	2.773	-28.458	-362.985	8	-10	29
6.149	2.771	-29.190	-362.104	8	-10	29
6.127	2.769	-29.921	-361.221	8	-10	29
6.105	2.767	-30.649	-360.336	8	-10	29
6.083	2.765	-31.375	-359.450	8	-10	29
6.061	2.763	-32.100	-358.562	8	-10	29
6.039	2.761	-32.822	-357.673	8	-10	29
6.017	2.759	-33.542	-356.782	8	-10	29
5.995	2.757	-34.251	-355.921	8	-10	29
5.973	2.759	-35.143	-355.201	10	-8	29
5.951	2.761	-36.033	-354.478	10	-8	29
5.929	2.763	-36.922	-353.754	10	-8	29
5.907	2.765	-37.809	-353.027	10	-8	29
5.885	2.767	-38.695	-352.299	10	-8	29
5.863	2.769	-39.579	-351.568	10	-8	29
5.841	2.771	-40.462	-350.836	10	-8	29
5.819	2.773	-41.320	-350.120	10	-8	29
5.797	2.775	-42.200	-349.384	10	-8	29
5.775	2.777	-43.078	-348.645	10	-8	29
5.753	2.779	-43.954	-347.905	10	-8	29
5.731	2.781	-44.829	-347.163	10	-8	29
5.710	2.784	-45.745	-346.527	10	-7	29
5.689	2.791	-46.801	-346.030	12	-6	35
5.668	2.798	-47.856	-345.530	12	-6	35
5.647	2.805	-48.910	-345.028	12	-6	35
5.626	2.812	-49.963	-344.523	12	-6	35
5.605	2.819	-51.014	-344.016	12	-6	35
5.584	2.825	-52.065	-343.506	12	-6	35
5.563	2.832	-53.115	-342.994	12	-6	35
5.542	2.839	-54.164	-342.479	12	-6	35
5.521	2.846	-55.212	-341.962	12	-6	35
5.499	2.853	-56.259	-341.443	12	-6	35
5.479	2.861	-57.314	-340.996	12	-5	35
5.459	2.870	-58.453	-340.632	13	-4	38
5.439	2.880	-59.590	-340.266	13	-4	38
5.419	2.890	-60.727	-339.897	13	-4	38
5.413	2.879	-60.452	-339.173	-3	-8	23
5.413	2.856	-59.431	-338.237	-12	-11	35
5.414	2.835	-58.400	-337.370	-12	-10	35
5.416	2.812	-57.326	-336.497	-12	-10	35
5.419	2.791	-56.242	-335.707	-12	-9	35
5.423	2.769	-55.091	-334.957	-13	-9	38
5.428	2.748	-53.967	-334.229	-13	-8	38
5.434	2.727	-52.759	-333.588	-14	-7	41
5.441	2.706	-51.550	-332.945	-14	-7	41
5.450	2.686	-50.344	-332.421	-14	-6	41
5.459	2.666	-49.092	-331.931	-14	-6	41
5.471	2.647	-47.856	-331.575	-14	-4	41
5.484	2.629	-46.577	-331.289	-15	-3	43
5.497	2.612	-45.333	-331.029	-14	-3	41
5.513	2.597	-44.081	-331.021	-14	0	41
5.530	2.582	-42.829	-331.010	-14	0	41
5.549	2.571	-41.679	-331.226	-13	2	38
5.568	2.560	-40.507	-331.472	-13	3	38
5.587	2.549	-39.334	-331.716	-13	3	38
5.607	2.539	-38.237	-332.040	-12	4	35
5.627	2.530	-37.115	-332.382	-13	4	38
5.647	2.521	-35.994	-332.720	-13	4	38
5.667	2.511	-34.871	-333.056	-13	4	38
5.687	2.502	-33.748	-333.390	-13	4	38
5.707	2.492	-32.624	-333.720	-13	4	38
5.726	2.482	-31.503	-333.982	-13	3	38
5.746	2.472	-30.348	-334.236	-13	3	38
5.765	2.461	-29.192	-334.487	-13	3	38
5.783	2.448	-28.000	-334.533	-14	1	41
5.800	2.435	-26.774	-334.565	-14	0	41
5.816	2.420	-25.560	-334.490	-14	-1	41
5.830	2.403	-24.287	-334.246	-14	-3	41
5.844	2.386	-23.048	-333.993	-14	-3	41
5.854	2.367	-21.798	-333.473	-14	-6	41
5.864	2.347	-20.547	-332.950	-14	-6	41
5.872	2.327	-19.360	-332.326	-14	-7	41
5.879	2.306	-18.153	-331.642	-14	-8	41
5.883	2.284	-17.023	-330.830	-13	-9	38
5.882	2.262	-16.073	-329.803	-11	-12	35
5.875	2.242	-15.379	-328.636	-8	-13	38
5.866	2.222	-14.812	-327.430	-6	-14	41
5.852	2.205	-14.494	-326.195	-4	-14	41
5.835	2.192	-14.499	-324.989	0	-14	41
5.815	2.183	-14.754	-323.877	3	-13	38
5.794	2.179	-15.285	-322.930	6	-11	32
5.772	2.175	-15.851	-321.971	6	-11	32
5.750	2.171	-16.414	-321.011	6	-11	32
5.728	2.173	-17.240	-320.338	9	-8	26
5.706	2.176	-18.120	-319.677	10	-8	29
5.684	2.179	-18.998	-319.014	10	-8	29
5.663	2.184	-19.917	-318.458	10	-6	29
5.642	2.191	-20.975	-318.046	12	-5	35
5.621	2.199	-22.032	-317.632	12	-5	35
5.601	2.207	-23.088	-317.215	12	-5	35
5.581	2.215	-24.137	-316.848	12	-4	35
5.561	2.226	-25.291	-316.628	13	-3	38
5.542	2.237	-26.445	-316.406	13	-3	38
5.523	2.248	-27.599	-316.180	13	-3	38
5.503	2.259	-28.752	-315.952	13	-3	38
5.485	2.270	-29.884	-315.750	13	-2	38
5.466	2.282	-31.066	-315.585	13	-2	38
5.447	2.294	-32.247	-315.417	13	-2	38
5.429	2.306	-33.427	-315.246	13	-2	38
5.410	2.317	-34.572	-315.064	13	-2	38
5.391	2.329	-35.733	-314.844	13	-3	38
5.372	2.340	-36.893	-314.621	13	-3	38
5.353	2.350	-38.007	-314.357	13	-3	38
5.333	2.361	-39.136	-314.048	13	-4	38
5.314	2.370	-40.217	-313.711	12	-4	35
5.293	2.378	-41.296	-313.305	12	-5	35
5.273	2.386	-42.326	-312.878	12	-5	35
5.252	2.392	-43.306	-312.332	11	-6	32
5.231	2.398	-44.251	-311.785	11	-6	32
5.210	2.401	-45.080	-311.093	9	-8	26
5.188	2.404	-45.929	-310.381	10	-8	29
5.166	2.405	-46.649	-309.580	8	-9	26
5.144	2.405	-47.361	-308.731	8	-10	29
5.123	2.400	-47.810	-307.727	5	-11	32
5.102	2.395	-48.250	-306.701	5	-12	35
5.093	2.413	-49.421	-307.126	13	5	38
5.090	2.435	-50.525	-307.953	13	9	38
5.088	2.457	-51.615	-308.796	12	10	35
5.089	2.479	-52.629	-309.770	12	11	35
5.091	2.501	-53.642	-310.744	12	11	35
5.092	2.523	-54.654	-311.716	12	11	35
5.093	2.545	-55.665	-312.687	12	11	35
5.094	2.567	-56.674	-313.657	11	11	32
5.095	2.589	-57.683	-314.626	11	11	32
5.096	2.611	-58.690	-315.594	11	11	32
5.097	2.633	-59.696	-316.561	11	11	32
5.098	2.655	-60.701	-317.526	11	11	32
5.099	2.678	-61.705	-318.490	11	11	32
5.103	2.699	-62.573	-319.516	10	12	35
5.109	2.720	-63.372	-320.642	9	13	38
5.115	2.741	-64.168	-321.767	9	13	38
5.121	2.762	-64.963	-322.891	9	13	38
5.127	2.784	-65.755	-324.014	9	13	38
5.133	2.805	-66.546	-325.137	9	13	38
5.139	2.826	-67.335	-326.260	9	13	38
5.146	2.848	-68.122	-327.382	9	13	38
5.152	2.869	-68.907	-328.503	9	13	38
5.158	2.890	-69.689	-329.623	9	13	38
5.164	2.911	-70.470	-330.743	9	13	38
5.170	2.933	-71.249	-331.862	9	13	38
5.179	2.952	-71.844	-333.027	7	13	38
5.189	2.972	-72.421	-334.235	7	14	41
5.199	2.992	-72.996	-335.444	7	14	41
5.209	3.012	-73.568	-336.652	7	14	41
5.219	3.031	-74.137	-337.860	6	14	41
5.228	3.051	-74.704	-339.068	6	14	41
5.238	3.071	-75.269	-340.275	6	14	41
5.248	3.091	-75.830	-341.482	6	14	41
5.258	3.110	-76.389	-342.689	6	14	41
5.268	3.130	-76.946	-343.896	6	14	41
5.278	3.150	-77.500	-345.102	6	14	41
5.288	3.170	-78.051	-346.308	6	14	41
5.297	3.189	-78.586	-347.483	6	13	38
5.310	3.207	-78.941	-348.736	4	14	41
5.323	3.225	-79.294	-349.990	4	14	41
5.336	3.243	-79.644	-351.243	4	14	41
5.349	3.261	-79.991	-352.496	4	14	41
5.362	3.279	-80.335	-353.749	4	14	41
5.375	3.297	-80.676	-355.002	4	14	41
5.388	3.315	-81.014	-356.255	4	14	41
5.401	3.333	-81.348	-357.508	4	14	41
5.414	3.351	-81.680	-358.761	4	14	41
5.427	3.369	-82.009	-360.014	4	14	41
5.440	3.387	-82.334	-361.266	4	14	41
5.453	3.405	-82.657	-362.519	4	14	41
5.466	3.423	-82.976	-363.771	4	14	41
5.479	3.440	-83.258	-364.996	3	14	41
5.493	3.457	-83.492	-366.263	3	14	41
5.506	3.474	-83.719	-367.497	3	14	41
5.520	3.491	-83.974	-368.770	3	14	41
5.534	3.508	-84.224	-370.011	3	14	41
5.547	3.526	-84.493	-371.284	3	14	41
5.542	3.534	-85.000	-371.390	6	1	17
5.522	3.525	-85.377	-370.244	4	-13	38
5.502	3.516	-85.738	-369.059	4	-13	38
5.483	3.507	-86.066	-367.890	4	-13	38
5.463	3.498	-86.377	-366.714	4	-13	38
5.444	3.487	-86.604	-365.490	3	-14	41
5.424	3.476	-86.827	-364.266	3	-14	41
5.405	3.465	-87.047	-363.042	3	-14	41
5.386	3.454	-87.264	-361.818	2	-14	41
5.367	3.443	-87.477	-360.593	2	-14	41
5.349	3.431	-87.577	-359.375	1	-14	41
5.331	3.418	-87.642	-358.118	1	-14	41
5.313	3.405	-87.704	-356.860	1	-14	41
5.295	3.392	-87.762	-355.602	1	-14	41
5.277	3.378	-87.818	-354.344	1	-14	41
5.259	3.365	-87.869	-353.086	1	-14	41
5.243	3.351	-87.810	-351.852	-1	-14	41
5.227	3.337	-87.736	-350.584	-1	-14	41
5.210	3.322	-87.658	-349.317	-1	-14	41
5.193	3.307	-87.578	-348.049	-1	-14	41
5.177	3.292	-87.494	-346.782	-1	-14	41
5.160	3.278	-87.406	-345.515	-1	-14	41
5.145	3.262	-87.233	-344.278	-2	-14	41
5.130	3.246	-87.024	-343.009	-2	-14	41
5.115	3.230	-86.811	-341.739	-2	-14	41
5.100	3.214	-86.596	-340.470	-2	-14	41
5.084	3.198	-86.377	-339.200	-2	-14	41
5.069	3.182	-86.156	-337.931	-3	-14	41
5.055	3.166	-85.913	-336.687	-3	-14	41
5.040	3.149	-85.652	-335.439	-3	-14	41
5.025	3.133	-85.424	-334.198	-3	-14	41
5.010	3.118	-85.214	-332.957	-2	-14	41
4.994	3.102	-85.031	-331.669	-2	-15	43
4.977	3.110	-85.966	-331.297	11	-4	32
4.963	3.127	-87.201	-331.405	14	1	41
4.951	3.145	-88.468	-331.642	14	3	41
4.939	3.164	-89.735	-331.878	14	3	41
4.927	3.182	-91.003	-332.110	14	3	41
4.915	3.201	-92.270	-332.340	14	3	41
4.902	3.219	-93.537	-332.566	14	3	41
4.890	3.238	-94.804	-332.790	14	3	41
4.878	3.256	-96.072	-333.012	14	3	41
4.866	3.274	-97.339	-333.230	14	2	41
4.854	3.293	-98.573	-333.449	14	2	41
4.842	3.311	-99.840	-333.674	14	3	41
4.830	3.330	-101.107	-333.895	14	3	41
4.818	3.348	-102.374	-334.114	14	2	41
4.806	3.367	-103.641	-334.330	14	2	41
4.794	3.385	-104.907	-334.544	14	2	41
4.782	3.404	-106.174	-334.754	14	2	41
4.770	3.423	-107.441	-334.962	14	2	41
4.758	3.441	-108.675	-335.179	14	2	41
4.747	3.460	-109.941	-335.415	14	3	41
4.735	3.479	-111.207	-335.648	14	3	41
4.724	3.498	-112.472	-335.879	14	3	41
4.712	3.517	-113.738	-336.106	14	3	41
4.701	3.536	-115.004	-336.331	14	3	41
4.690	3.554	-116.233	-336.582	14	3	41
4.679	3.574	-117.491	-336.856	14	3	41
4.668	3.593	-118.750	-337.126	14	3	41
4.658	3.612	-120.008	-337.394	14	3	41
4.647	3.632	-121.266	-337.659	14	3	41
4.636	3.651	-122.524	-337.921	14	3	41
4.626	3.671	-123.783	-338.181	14	3	41
4.615	3.690	-125.041	-338.438	14	3	41
4.604	3.709	-126.299	-338.692	14	3	41
4.595	3.729	-127.519	-338.979	14	3	41
4.585	3.748	-128.769	-339.289	14	4	41
4.575	3.768	-130.019	-339.596	14	3	41
4.565	3.788	-131.269	-339.901	14	3	41
4.556	3.808	-132.519	-340.202	14	3	41
4.546	3.828	-133.769	-340.502	14	3	41
4.536	3.848	-135.019	-340.798	14	3	41
4.526	3.868	-136.268	-341.091	14	3	41
4.517	3.888	-137.517	-341.382	14	3	41
4.508	3.908	-138.720	-341.722	14	4	41
4.499	3.928	-139.954	-342.071	14	4	41
4.491	3.948	-141.187	-342.418	14	4	41
4.482	3.969	-142.420	-342.762	14	4	41
4.473	3.989	-143.653	-343.103	14	4	41
4.465	4.010	-144.885	-343.442	14	4	41
4.456	4.030	-146.118	-343.778	14	4	41
4.447	4.050	-147.350	-344.111	14	4	41
4.440	4.071	-148.526	-344.523	13	5	38
4.433	4.092	-149.731	-344.945	14	5	41
4.426	4.113	-150.936	-345.365	14	5	41
4.419	4.134	-152.141	-345.783	14	5	41
4.412	4.155	-153.345	-346.198	14	5	41
4.405	4.176	-154.549	-346.610	14	5	41
4.399	4.196	-155.705	-347.057	13	5	38
4.394	4.218	-156.876	-347.558	13	6	38
4.390	4.239	-157.992	-348.107	13	6	38
4.387	4.261	-159.072	-348.732	12	7	35
4.387	4.283	-160.078	-349.503	11	9	32
4.389	4.305	-161.002	-350.318	11	9	32
4.391	4.327	-161.926	-351.179	11	10	32
4.394	4.348	-162.793	-352.045	10	10	29
4.397	4.370	-163.654	-352.956	10	10	29
4.401	4.391	-164.489	-353.844	10	10	29
4.406	4.413	-165.284	-354.815	9	11	32
4.411	4.435	-166.075	-355.785	9	11	32
4.416	4.456	-166.829	-356.743	9	11	32
4.423	4.477	-167.558	-357.760	8	12	35
4.429	4.498	-168.286	-358.775	8	12	35
4.438	4.518	-168.866	-359.849	7	12	35
4.450	4.530	-168.951	-360.806	1	11	32
4.463	4.512	-167.674	-360.832	-15	0	43
4.475	4.493	-166.425	-360.713	-14	-1	41
4.486	4.475	-165.194	-360.597	-14	-1	41
4.497	4.456	-163.936	-360.494	-14	-1	41
4.509	4.437	-162.678	-360.387	-14	-1	41
4.521	4.418	-161.420	-360.278	-14	-1	41
4.533	4.401	-160.188	-360.258	-14	0	41
4.547	4.384	-158.919	-360.302	-14	1	41
4.561	4.366	-157.650	-360.344	-14	0	41
4.575	4.349	-156.381	-360.382	-14	0	41
4.589	4.333	-155.146	-360.442	-14	1	41
4.605	4.317	-153.882	-360.617	-14	2	41
4.621	4.302	-152.619	-360.789	-14	2	41
4.636	4.286	-151.355	-360.959	-14	2	41
4.652	4.270	-150.091	-361.125	-14	2	41
4.669	4.257	-148.889	-361.431	-14	3	41
4.686	4.244	-147.690	-361.751	-14	4	41
4.704	4.231	-146.459	-362.077	-14	4	41
4.722	4.218	-145.228	-362.400	-14	4	41
4.740	4.206	-144.055	-362.805	-13	5	38
4.747	4.207	-143.819	-363.159	-3	4	11
4.738	4.227	-145.052	-363.443	14	3	41
4.728	4.247	-146.285	-363.724	14	3	41
4.719	4.267	-147.519	-364.003	14	3	41
4.710	4.287	-148.713	-364.298	14	3	41
4.701	4.307	-149.927	-364.638	14	4	41
4.693	4.328	-151.142	-364.975	14	4	41
4.684	4.348	-152.356	-365.309	14	4	41
4.677	4.368	-153.513	-365.697	13	4	38
4.672	4.390	-154.665	-366.183	13	6	38
4.666	4.411	-155.817	-366.666	13	6	38
4.660	4.432	-156.967	-367.147	13	5	38
4.657	4.454	-158.014	-367.759	12	7	35
4.655	4.476	-159.075	-368.407	12	7	35
4.652	4.498	-160.135	-369.054	12	7	35
4.650	4.520	-161.155	-369.696	12	7	35
4.650	4.542	-162.123	-370.455	11	9	32
4.650	4.564	-163.089	-371.212	11	9	32
4.650	4.586	-164.053	-371.966	11	9	32
4.650	4.608	-165.016	-372.719	11	9	32
4.651	4.630	-165.916	-373.497	10	9	29
4.653	4.652	-166.813	-374.323	10	9	29
4.655	4.674	-167.709	-375.148	10	9	29
4.656	4.696	-168.579	-375.950	10	9	29
4.659	4.718	-169.399	-376.840	9	10	29
4.663	4.740	-170.216	-377.729	9	10	29
4.666	4.762	-171.030	-378.615	9	10	29
4.670	4.783	-171.786	-379.511	9	10	29
4.675	4.805	-172.531	-380.454	8	11	32
4.680	4.827	-173.274	-381.395	8	11	32
4.692	4.843	-173.463	-382.521	2	13	38
4.709	4.832	-172.350	-382.950	-13	5	38
4.725	4.817	-171.094	-383.207	-14	3	41
4.741	4.802	-169.845	-383.436	-14	3	41
4.756	4.786	-168.606	-383.642	-14	2	41
4.772	4.771	-167.339	-383.838	-14	2	41
4.788	4.755	-166.071	-384.031	-14	2	41
4.803	4.739	-164.804	-384.221	-14	2	41
4.807	4.722	-163.946	-383.814	-10	-5	29
4.796	4.703	-163.542	-382.648	-5	-13	38
4.788	4.683	-162.994	-381.605	-6	-12	35
4.782	4.661	-162.289	-380.620	-8	-11	32
4.777	4.640	-161.581	-379.633	-8	-11	32
4.771	4.618	-160.871	-378.646	-8	-11	32
4.770	4.597	-160.030	-377.854	-10	-9	29
4.775	4.576	-158.909	-377.343	-13	-6	38
4.780	4.554	-157.787	-376.828	-13	-6	38
4.785	4.532	-156.664	-376.311	-13	-6	38
4.790	4.511	-155.540	-375.792	-13	-6	38
4.804	4.494	-154.307	-375.846	-14	1	41
4.818	4.477	-153.037	-375.913	-14	1	41
4.833	4.461	-151.767	-375.978	-14	1	41
4.847	4.445	-150.537	-376.058	-14	1	41
4.869	4.441	-149.544	-376.906	-11	10	32
4.891	4.437	-148.550	-377.752	-11	10	32
4.912	4.433	-147.554	-378.596	-11	10	32
4.932	4.440	-147.131	-379.735	-5	13	38
4.947	4.455	-147.166	-380.955	0	14	41
4.960	4.472	-147.407	-382.149	3	14	41
4.970	4.492	-147.866	-383.299	5	13	38
4.976	4.512	-148.541	-384.274	8	11	32
4.978	4.534	-149.355	-385.160	9	10	29
4.987	4.550	-149.697	-386.111	4	11	32
5.004	4.536	-148.457	-386.397	-14	3	41
5.020	4.522	-147.219	-386.597	-14	2	41
5.036	4.507	-145.985	-386.780	-14	2	41
5.052	4.491	-144.718	-386.935	-14	2	41
5.067	4.476	-143.482	-387.079	-14	2	41
5.082	4.460	-142.211	-387.216	-14	2	41
5.098	4.445	-140.940	-387.350	-14	2	41
5.114	4.429	-139.669	-387.481	-14	1	41
5.129	4.413	-138.431	-387.606	-14	1	41
5.119	4.393	-137.968	-386.441	-5	-13	38
5.109	4.373	-137.501	-385.276	-5	-13	38
5.096	4.356	-137.281	-384.070	-3	-14	41
5.082	4.339	-137.066	-382.829	-2	-14	41
5.068	4.323	-136.952	-381.619	-1	-14	41
5.048	4.313	-137.282	-380.377	4	-14	41
5.028	4.303	-137.609	-379.134	4	-14	41
5.007	4.299	-138.186	-378.050	7	-12	35
4.985	4.298	-138.994	-377.041	9	-11	32
4.963	4.297	-139.799	-376.032	9	-11	32
4.942	4.301	-140.760	-375.244	11	-9	32
4.921	4.308	-141.842	-374.538	12	-8	35
4.900	4.315	-142.922	-373.831	12	-8	35
4.880	4.322	-143.998	-373.179	12	-7	35
4.859	4.331	-145.159	-372.610	13	-6	38
4.839	4.341	-146.320	-372.037	13	-7	38
4.840	4.326	-145.649	-371.550	-8	-6	23
4.848	4.306	-144.502	-371.192	-13	-4	38
4.856	4.286	-143.285	-370.843	-14	-4	41
4.865	4.265	-142.068	-370.490	-14	-4	41
4.876	4.246	-140.848	-370.307	-14	-2	41
4.887	4.227	-139.593	-370.130	-14	-2	41
4.899	4.208	-138.337	-369.950	-14	-2	41
4.910	4.189	-137.082	-369.767	-14	-2	41
4.922	4.171	-135.849	-369.657	-14	-1	41
4.935	4.153	-134.581	-369.559	-14	-1	41
4.948	4.135	-133.313	-369.459	-14	-1	41
4.961	4.117	-132.045	-369.356	-14	-1	41
4.973	4.099	-130.809	-369.259	-14	-1	41
4.987	4.082	-129.539	-369.239	-14	0	41
5.001	4.065	-128.268	-369.216	-14	0	41
5.015	4.048	-126.997	-369.190	-14	0	41
5.029	4.031	-125.726	-369.161	-14	0	41
5.043	4.014	-124.488	-369.152	-14	0	41
5.058	3.998	-123.218	-369.182	-14	0	41
5.074	3.982	-121.971	-369.299	-14	1	41
5.093	3.975	-120.942	-369.830	-12	6	35
5.109	3.988	-120.894	-371.038	-1	14	41
5.124	4.004	-121.071	-372.261	2	14	41
5.136	4.023	-121.431	-373.482	4	14	41
5.148	4.041	-121.789	-374.703	4	14	41
5.160	4.060	-122.143	-375.924	4	14	41
5.171	4.079	-122.527	-377.104	4	13	38
5.182	4.098	-122.929	-378.313	5	14	41
5.194	4.117	-123.326	-379.522	5	14	41
5.204	4.136	-123.753	-380.684	5	13	38
5.214	4.156	-124.247	-381.856	6	13	38
5.223	4.176	-124.738	-383.027	6	13	38
5.232	4.196	-125.258	-384.140	6	13	38
5.241	4.215	-125.710	-385.271	5	13	38
5.254	4.228	-125.723	-386.309	0	12	35
5.268	4.212	-124.511	-386.314	-14	0	41
5.279	4.192	-123.271	-386.065	-14	-3	41
5.290	4.173	-122.031	-385.814	-14	-3	41
5.301	4.154	-120.824	-385.562	-14	-3	41
5.311	4.135	-119.594	-385.271	-14	-3	41
5.321	4.115	-118.365	-384.977	-14	-3	41
5.332	4.096	-117.135	-384.680	-14	-3	41
5.341	4.076	-115.950	-384.337	-13	-4	38
5.350	4.056	-114.739	-383.960	-14	-4	41
5.359	4.036	-113.528	-383.579	-14	-4	41
5.367	4.015	-112.365	-383.133	-13	-5	38
5.374	3.995	-111.213	-382.643	-13	-6	38
5.381	3.974	-110.072	-382.117	-13	-6	38
5.387	3.953	-108.946	-381.547	-13	-6	38
5.391	3.931	-107.845	-380.900	-13	-7	38
5.398	3.910	-106.714	-380.354	-13	-6	38
5.412	3.913	-106.273	-381.050	-5	8	23
5.422	3.932	-106.702	-382.218	5	13	38
5.431	3.952	-107.230	-383.388	6	13	38
5.439	3.972	-107.770	-384.513	6	13	38
5.447	3.993	-108.346	-385.656	7	13	38
5.455	4.014	-108.919	-386.798	7	13	38
5.462	4.034	-109.520	-387.886	7	12	35
5.469	4.055	-110.141	-389.000	7	13	38
5.476	4.077	-110.759	-390.113	7	13	38
5.482	4.098	-111.412	-391.161	7	12	35
5.488	4.119	-112.085	-392.234	8	12	35
5.492	4.140	-112.787	-393.245	8	12	35
5.496	4.162	-113.567	-394.241	9	11	32
5.498	4.184	-114.369	-395.170	9	11	32
5.500	4.206	-115.246	-396.068	10	10	29
5.501	4.228	-116.122	-396.965	10	10	29
5.501	4.250	-117.007	-397.795	10	9	29
5.501	4.272	-117.918	-398.641	10	10	29
5.501	4.294	-118.827	-399.485	10	10	29
5.501	4.316	-119.735	-400.327	10	10	29
5.502	4.338	-120.640	-401.167	10	10	29
5.501	4.360	-121.537	-401.969	10	9	29
5.501	4.382	-122.461	-402.787	11	9	32
5.501	4.404	-123.382	-403.603	10	9	29
5.500	4.427	-124.303	-404.417	10	9	29
5.500	4.449	-125.221	-405.229	10	9	29
5.499	4.470	-126.127	-406.003	10	9	29
5.498	4.492	-127.091	-406.752	11	9	32
5.496	4.515	-128.054	-407.498	11	8	32
5.494	4.537	-129.016	-408.242	11	8	32
5.491	4.558	-130.017	-408.870	11	7	32
5.485	4.579	-131.137	-409.378	13	6	38
5.470	4.572	-131.410	-408.467	3	-10	29
5.462	4.551	-130.901	-407.353	-6	-13	38
5.454	4.531	-130.445	-406.248	-5	-13	38
5.444	4.511	-130.031	-405.091	-5	-13	38
5.434	4.491	-129.613	-403.933	-5	-13	38
5.424	4.472	-129.192	-402.774	-5	-13	38
5.415	4.452	-128.796	-401.633	-5	-13	38
5.405	4.433	-128.388	-400.459	-5	-13	38
5.394	4.413	-127.977	-399.286	-5	-13	38
5.384	4.394	-127.631	-398.132	-4	-13	38
5.368	4.400	-128.500	-397.623	10	-6	29
5.353	4.417	-129.765	-397.632	14	0	41
5.340	4.433	-131.002	-397.654	14	0	41
5.326	4.451	-132.273	-397.679	14	0	41
5.313	4.468	-133.508	-397.723	14	1	41
5.299	4.486	-134.776	-397.769	14	1	41
5.286	4.503	-136.009	-397.781	14	0	41
5.271	4.520	-137.274	-397.775	14	0	41
5.257	4.537	-138.539	-397.765	14	0	41
5.243	4.554	-139.804	-397.752	14	0	41
5.229	4.571	-141.069	-397.736	14	0	41
5.215	4.588	-142.334	-397.717	14	0	41
5.201	4.604	-143.569	-397.657	14	-1	41
5.186	4.620	-144.837	-397.549	14	-1	41
5.170	4.636	-146.106	-397.437	14	-1	41
5.155	4.653	-147.374	-397.323	14	-1	41
5.140	4.669	-148.643	-397.205	14	-1	41
5.125	4.685	-149.911	-397.083	14	-1	41
5.110	4.701	-151.180	-396.959	14	-1	41
5.095	4.717	-152.448	-396.832	14	-1	41
5.079	4.732	-153.684	-396.676	14	-2	41
5.064	4.748	-154.953	-396.489	14	-2	41
5.048	4.763	-156.222	-396.300	14	-2	41
5.032	4.779	-157.490	-396.107	14	-2	41
5.016	4.794	-158.759	-395.911	14	-2	41
5.000	4.810	-160.027	-395.711	14	-2	41
4.984	4.825	-161.296	-395.509	14	-2	41
4.969	4.841	-162.565	-395.304	14	-2	41
4.952	4.855	-163.794	-395.018	14	-3	41
4.935	4.869	-165.054	-394.706	14	-4	41
4.918	4.883	-166.314	-394.391	14	-4	41
4.901	4.897	-167.574	-394.073	14	-4	41
4.884	4.911	-168.834	-393.752	14	-4	41
4.867	4.924	-170.049	-393.367	14	-4	41
4.848	4.936	-171.283	-392.898	14	-5	41
4.830	4.948	-172.517	-392.426	14	-5	41
4.811	4.960	-173.751	-391.951	14	-5	41
4.792	4.972	-174.985	-391.474	14	-5	41
4.774	4.984	-176.218	-390.994	14	-5	41
4.755	4.994	-177.394	-390.436	13	-6	38
4.735	5.004	-178.582	-389.803	14	-7	41
4.715	5.014	-179.769	-389.167	14	-7	41
4.695	5.023	-180.956	-388.529	14	-7	41
4.675	5.033	-182.143	-387.889	13	-7	38
4.655	5.042	-183.289	-387.247	13	-7	38
4.634	5.048	-184.390	-386.446	13	-9	38
4.613	5.055	-185.490	-385.644	13	-9	38
4.592	5.061	-186.589	-384.840	13	-9	38
4.570	5.068	-187.687	-384.034	12	-9	35
4.549	5.073	-188.707	-383.189	12	-10	35
4.527	5.074	-189.631	-382.176	11	-12	35
4.505	5.076	-190.552	-381.162	10	-12	35
4.483	5.077	-191.471	-380.147	10	-12	35
4.461	5.077	-192.312	-379.117	10	-12	35
4.439	5.076	-193.099	-378.003	9	-13	38
4.425	5.086	-194.073	-377.646	11	-4	32
4.432	5.106	-194.661	-378.626	7	11	32
4.442	5.126	-195.139	-379.714	5	12	35
4.452	5.146	-195.613	-380.800	5	12	35
4.461	5.166	-196.083	-381.886	5	12	35
4.472	5.185	-196.454	-382.977	4	12	35
4.486	5.202	-196.588	-384.193	2	14	41
4.501	5.218	-196.718	-385.409	1	14	41
4.515	5.235	-196.844	-386.624	1	14	41
4.530	5.252	-196.965	-387.839	1	14	41
4.545	5.267	-197.001	-389.038	0	14	41
4.563	5.280	-196.838	-390.306	-2	14	41
4.581	5.294	-196.670	-391.573	-2	14	41
4.598	5.307	-196.498	-392.841	-2	14	41
4.616	5.320	-196.321	-394.108	-2	14	41
4.634	5.331	-196.047	-395.336	-3	14	41
4.655	5.339	-195.543	-396.582	-6	14	41
4.676	5.348	-195.035	-397.827	-6	14	41
4.696	5.356	-194.524	-399.072	-6	14	41
4.717	5.364	-194.010	-400.317	-6	14	41
4.738	5.369	-193.349	-401.495	-8	13	38
4.760	5.374	-192.650	-402.700	-8	14	41
4.766	5.390	-193.011	-403.507	4	9	26
4.765	5.412	-193.938	-404.137	11	7	32
4.764	5.434	-194.862	-404.765	11	7	32
4.763	5.456	-195.785	-405.391	10	7	29
4.763	5.478	-196.663	-406.023	10	7	29
4.763	5.500	-197.545	-406.693	10	8	29
4.762	5.522	-198.424	-407.361	10	8	29
4.763	5.544	-199.269	-408.018	10	7	29
4.765	5.566	-200.029	-408.800	9	9	26
4.767	5.588	-200.785	-409.579	9	9	26
4.770	5.609	-201.495	-410.358	8	9	26
4.776	5.631	-202.084	-411.271	7	10	29
4.782	5.652	-202.669	-412.183	7	10	29
4.788	5.673	-203.174	-413.116	6	11	32
4.797	5.693	-203.590	-414.145	5	12	35
4.806	5.714	-204.003	-415.172	5	12	35
4.815	5.733	-204.314	-416.188	4	12	35
4.827	5.751	-204.531	-417.318	2	13	38
4.839	5.770	-204.743	-418.448	2	13	38
4.852	5.787	-204.795	-419.604	1	13	38
4.866	5.804	-204.835	-420.794	0	14	41
4.880	5.822	-204.870	-421.984	0	14	41
4.894	5.838	-204.839	-423.160	0	13	38
4.910	5.854	-204.766	-424.379	-1	14	41
4.925	5.870	-204.689	-425.597	-1	14	41
4.940	5.885	-204.559	-426.795	-1	14	41
4.958	5.899	-204.310	-428.048	-3	14	41
4.975	5.913	-204.057	-429.301	-3	14	41
4.991	5.927	-203.844	-430.531	-2	14	41
4.979	5.936	-204.724	-430.149	10	-4	29
4.957	5.933	-205.595	-429.016	10	-13	38
4.935	5.929	-206.411	-427.816	9	-14	41
4.914	5.925	-207.177	-426.638	9	-13	38
4.893	5.919	-207.894	-425.407	8	-14	41
4.871	5.913	-208.609	-424.176	8	-14	41
4.850	5.907	-209.321	-422.945	8	-14	41
4.830	5.898	-209.894	-421.716	7	-14	41
4.810	5.889	-210.446	-420.447	6	-14	41
4.789	5.880	-210.995	-419.179	6	-14	41
4.770	5.871	-211.488	-417.942	6	-14	41
4.751	5.859	-211.865	-416.670	4	-14	41
4.732	5.848	-212.238	-415.399	4	-14	41
4.713	5.836	-212.606	-414.128	4	-14	41
4.696	5.823	-212.855	-412.898	3	-14	41
4.679	5.809	-213.048	-411.640	2	-14	41
4.662	5.795	-213.237	-410.383	2	-14	41
4.645	5.781	-213.414	-409.158	2	-14	41
4.630	5.765	-213.454	-407.935	0	-14	41
4.614	5.749	-213.490	-406.712	0	-14	41
4.599	5.733	-213.521	-405.489	0	-14	41
4.584	5.717	-213.498	-404.312	0	-13	38
4.570	5.699	-213.400	-403.125	-1	-14	41
4.556	5.682	-213.298	-401.938	-1	-14	41
4.542	5.665	-213.191	-400.750	-1	-14	41
4.531	5.647	-212.968	-399.640	-3	-13	38
4.518	5.628	-212.735	-398.500	-3	-13	38
4.506	5.610	-212.497	-397.359	-3	-13	38
4.494	5.592	-212.253	-396.251	-3	-13	38
4.483	5.572	-211.930	-395.151	-4	-13	38
4.472	5.553	-211.603	-394.050	-4	-13	38
4.461	5.534	-211.271	-392.948	-4	-13	38
4.450	5.515	-210.936	-391.846	-4	-13	38
4.440	5.496	-210.610	-390.768	-4	-12	35
4.427	5.478	-210.339	-389.628	-3	-13	38
4.415	5.459	-210.063	-388.488	-3	-13	38
4.403	5.440	-209.783	-387.346	-3	-13	38
4.391	5.422	-209.499	-386.205	-3	-13	38
4.379	5.403	-209.211	-385.062	-3	-13	38
4.367	5.385	-208.918	-383.920	-3	-13	38
4.355	5.366	-208.622	-382.776	-3	-13	38
4.343	5.348	-208.321	-381.632	-3	-13	38
4.331	5.329	-208.016	-380.487	-3	-13	38
4.318	5.311	-207.707	-379.342	-4	-13	38
4.306	5.292	-207.394	-378.196	-4	-13	38
4.294	5.274	-207.076	-377.050	-4	-13	38
4.282	5.255	-206.755	-375.903	-4	-13	38
4.270	5.237	-206.429	-374.755	-4	-13	38
4.258	5.218	-206.099	-373.607	-4	-13	38
4.246	5.200	-205.766	-372.459	-4	-13	38
4.234	5.181	-205.428	-371.309	-4	-13	38
4.219	5.165	-205.271	-370.129	-2	-13	38
4.204	5.149	-205.163	-368.899	-1	-14	41
4.189	5.133	-205.051	-367.668	-1	-14	41
4.173	5.117	-204.934	-366.437	-1	-14	41
4.158	5.101	-204.813	-365.206	-1	-14	41
4.142	5.085	-204.687	-363.975	-1	-14	41
4.127	5.069	-204.558	-362.743	-1	-14	41
4.112	5.054	-204.424	-361.511	-2	-14	41
4.096	5.038	-204.285	-360.280	-2	-14	41
4.081	5.022	-204.142	-359.048	-2	-14	41
4.065	5.006	-203.995	-357.816	-2	-14	41
4.050	4.990	-203.844	-356.583	-2	-14	41
4.035	4.974	-203.688	-355.351	-2	-14	41
4.019	4.958	-203.528	-354.118	-2	-14	41
4.004	4.942	-203.364	-352.885	-2	-14	41
3.988	4.928	-203.291	-351.673	-1	-14	41
3.969	4.916	-203.413	-350.405	1	-14	41
3.950	4.904	-203.532	-349.137	1	-14	41
3.932	4.892	-203.646	-347.868	1	-14	41
3.913	4.880	-203.755	-346.600	1	-14	41
3.894	4.869	-203.861	-345.332	1	-14	41
3.876	4.857	-203.962	-344.064	1	-14	41
3.857	4.845	-204.058	-342.795	1	-14	41
3.838	4.833	-204.151	-341.527	1	-14	41
3.820	4.821	-204.239	-340.259	1	-14	41
3.801	4.809	-204.322	-338.991	1	-14	41
3.782	4.797	-204.402	-337.722	1	-14	41
3.764	4.785	-204.477	-336.454	1	-14	41
3.746	4.774	-204.546	-335.219	1	-14	41
3.727	4.762	-204.612	-333.950	1	-14	41
3.707	4.754	-204.937	-332.746	4	-14	41
3.686	4.747	-205.298	-331.514	4	-14	41
3.665	4.740	-205.656	-330.282	4	-14	41
3.644	4.733	-206.009	-329.050	4	-14	41
3.623	4.726	-206.359	-327.818	4	-14	41
3.602	4.719	-206.704	-326.585	4	-14	41
3.581	4.712	-207.045	-325.352	4	-14	41
3.560	4.705	-207.383	-324.120	4	-14	41
3.539	4.698	-207.716	-322.887	4	-14	41
3.518	4.691	-208.045	-321.653	4	-14	41
3.497	4.684	-208.370	-320.420	4	-14	41
3.476	4.677	-208.690	-319.187	4	-14	41
3.455	4.670	-209.007	-317.953	4	-14	41
3.434	4.663	-209.320	-316.719	4	-14	41
3.413	4.658	-209.731	-315.554	5	-13	38
3.391	4.655	-210.276	-314.399	6	-13	38
3.369	4.652	-210.818	-313.244	6	-13	38
3.347	4.650	-211.356	-312.089	6	-13	38
3.325	4.647	-211.890	-310.933	6	-13	38
3.304	4.645	-212.467	-309.840	7	-12	35
3.281	4.645	-213.111	-308.748	7	-12	35
3.259	4.645	-213.752	-307.655	7	-12	35
3.237	4.644	-214.389	-306.562	7	-12	35
3.215	4.644	-215.023	-305.468	7	-12	35
3.193	4.643	-215.654	-304.373	7	-12	35
3.171	4.643	-216.281	-303.277	7	-12	35
3.149	4.643	-216.900	-302.215	7	-12	35
3.127	4.643	-217.561	-301.141	8	-12	35
3.105	4.643	-218.219	-300.066	7	-12	35
3.083	4.644	-218.874	-298.990	7	-12	35
3.061	4.644	-219.526	-297.914	7	-12	35
3.038	4.645	-220.174	-296.837	7	-12	35
3.016	4.645	-220.819	-295.759	7	-12	35
2.994	4.646	-221.460	-294.680	7	-12	35
2.978	4.659	-222.566	-294.285	13	-4	38
2.987	4.673	-223.060	-295.122	6	10	29
3.004	4.686	-223.187	-296.360	1	14	41
3.023	4.698	-223.295	-297.634	1	14	41
3.041	4.710	-223.364	-298.873	1	14	41
3.059	4.722	-223.462	-300.107	1	14	41
3.076	4.736	-223.650	-301.364	2	14	41
3.093	4.750	-223.833	-302.621	2	14	41
3.111	4.764	-224.011	-303.877	2	14	41
3.128	4.778	-224.185	-305.134	2	14	41
3.145	4.792	-224.354	-306.391	2	14	41
3.162	4.806	-224.519	-307.647	2	14	41
3.180	4.819	-224.679	-308.904	2	14	41
3.197	4.833	-224.835	-310.160	2	14	41
3.214	4.847	-224.986	-311.416	2	14	41
3.232	4.861	-225.132	-312.673	2	14	41
3.247	4.876	-225.428	-313.857	3	13	38
3.261	4.893	-225.793	-315.056	4	14	41
3.275	4.910	-226.154	-316.255	4	14	41
3.290	4.927	-226.511	-317.453	4	14	41
3.304	4.943	-226.863	-318.651	4	14	41
3.319	4.960	-227.211	-319.849	4	14	41
3.333	4.977	-227.555	-321.046	4	14	41
3.348	4.994	-227.894	-322.244	4	14	41
3.362	5.010	-228.229	-323.441	4	14	41
3.377	5.027	-228.560	-324.637	4	14	41
3.391	5.044	-228.887	-325.833	4	14	41
3.405	5.061	-229.209	-327.029	4	14	41
3.419	5.078	-229.585	-328.167	4	13	38
3.431	5.096	-230.062	-329.295	5	13	38
3.443	5.115	-230.535	-330.423	5	13	38
3.455	5.133	-231.004	-331.550	5	13	38
3.467	5.152	-231.469	-332.676	5	13	38
3.479	5.170	-231.929	-333.802	5	13	38
3.491	5.189	-232.386	-334.927	5	13	38
3.503	5.208	-232.838	-336.052	5	13	38
3.515	5.226	-233.286	-337.175	5	13	38
3.527	5.245	-233.731	-338.299	5	13	38
3.539	5.263	-234.171	-339.422	5	13	38
3.551	5.282	-234.606	-340.544	5	13	38
3.563	5.300	-235.038	-341.665	5	13	38
3.575	5.319	-235.465	-342.786	5	13	38
3.586	5.337	-235.930	-343.849	5	12	35
3.596	5.357	-236.476	-344.898	6	12	35
3.606	5.377	-237.018	-345.946	6	12	35
3.616	5.397	-237.556	-346.994	6	12	35
3.626	5.417	-238.091	-348.041	6	12	35
3.636	5.436	-238.621	-349.086	6	12	35
3.646	5.456	-239.148	-350.131	6	12	35
3.656	5.476	-239.670	-351.175	6	12	35
3.666	5.496	-240.188	-352.217	6	12	35
3.676	5.515	-240.703	-353.259	6	12	35
3.686	5.535	-241.213	-354.300	6	12	35
3.696	5.555	-241.719	-355.340	6	12	35
3.706	5.575	-242.221	-356.379	6	12	35
3.716	5.594	-242.719	-357.417	6	12	35
3.726	5.614	-243.213	-358.454	6	12	35
3.736	5.633	-243.690	-359.463	5	11	32
3.745	5.653	-244.190	-360.455	6	11	32
3.755	5.673	-244.712	-361.464	6	11	32
3.764	5.693	-245.229	-362.471	6	11	32
3.773	5.713	-245.742	-363.478	6	11	32
3.783	5.733	-246.251	-364.483	6	11	32
3.792	5.753	-246.756	-365.487	6	11	32
3.802	5.773	-247.216	-366.485	5	11	32
3.812	5.792	-247.659	-367.523	5	12	35
3.822	5.812	-248.098	-368.561	5	12	35
3.832	5.832	-248.533	-369.598	5	12	35
3.843	5.850	-248.904	-370.637	4	12	35
3.855	5.869	-249.231	-371.733	4	12	35
3.867	5.888	-249.554	-372.827	4	12	35
3.879	5.906	-249.853	-373.898	3	12	35
3.892	5.924	-250.063	-375.034	2	13	38
3.905	5.942	-250.268	-376.170	2	13	38
3.918	5.960	-250.469	-377.305	2	13	38
3.932	5.976	-250.603	-378.432	2	13	38
3.948	5.992	-250.626	-379.631	0	14	41
3.963	6.008	-250.643	-380.830	0	14	41
3.979	6.023	-250.656	-382.028	0	14	41
3.994	6.039	-250.663	-383.226	0	14	41
4.010	6.055	-250.666	-384.424	0	14	41
4.025	6.071	-250.663	-385.622	0	14	41
4.043	6.083	-250.452	-386.837	-2	14	41
4.061	6.096	-250.199	-388.091	-3	14	41
4.079	6.108	-249.942	-389.346	-3	14	41
4.097	6.121	-249.680	-390.600	-3	14	41
4.116	6.134	-249.412	-391.854	-3	14	41
4.134	6.146	-249.141	-393.108	-3	14	41
4.152	6.158	-248.826	-394.334	-4	14	41
4.172	6.167	-248.326	-395.604	-6	14	41
4.193	6.176	-247.821	-396.874	-6	14	41
4.213	6.185	-247.312	-398.145	-6	14	41
4.233	6.194	-246.800	-399.415	-6	14	41
4.253	6.203	-246.282	-400.685	-6	14	41
4.274	6.212	-245.761	-401.955	-6	14	41
4.294	6.220	-245.183	-403.183	-7	14	41
4.315	6.225	-244.470	-404.424	-8	14	41
4.337	6.231	-243.753	-405.666	-8	14	41
4.358	6.236	-243.033	-406.907	-8	14	41
4.379	6.242	-242.310	-408.148	-8	14	41
4.401	6.247	-241.583	-409.389	-8	14	41
4.422	6.253	-240.853	-410.630	-8	14	41
4.443	6.257	-240.105	-411.828	-9	14	41
4.465	6.260	-239.219	-413.018	-10	14	41
4.487	6.262	-238.332	-414.207	-10	14	41
4.509	6.264	-237.442	-415.397	-10	14	41
4.532	6.266	-236.549	-416.585	-10	14	41
4.554	6.269	-235.654	-417.774	-10	14	41
4.575	6.269	-234.718	-418.893	-11	13	38
4.597	6.269	-233.723	-420.020	-11	13	38
4.619	6.269	-232.726	-421.147	-11	13	38
4.642	6.268	-231.727	-422.274	-11	13	38
4.664	6.268	-230.726	-423.399	-11	13	38
4.686	6.268	-229.724	-424.524	-11	13	38
4.708	6.268	-228.720	-425.648	-11	13	38
4.730	6.266	-227.681	-426.691	-12	12	35
4.752	6.263	-226.612	-427.760	-12	12	35
4.774	6.261	-225.542	-428.827	-12	12	35
4.796	6.259	-224.470	-429.894	-12	12	35
4.818	6.257	-223.397	-430.959	-12	12	35
4.840	6.255	-222.323	-432.023	-12	12	35
4.861	6.252	-221.257	-433.038	-12	12	35
4.883	6.248	-220.110	-434.014	-13	11	38
4.905	6.243	-218.962	-434.990	-13	11	38
4.927	6.238	-217.813	-435.964	-13	11	38
4.948	6.234	-216.663	-436.937	-13	11	38
4.970	6.229	-215.513	-437.908	-13	11	38
4.991	6.224	-214.354	-438.833	-13	11	38
5.013	6.218	-213.187	-439.774	-13	11	38
5.031	6.219	-212.371	-440.741	-9	11	32
5.032	6.240	-213.054	-441.360	8	7	23
5.028	6.262	-214.008	-441.717	11	4	32
5.023	6.284	-214.961	-442.071	11	4	32
5.018	6.306	-215.911	-442.422	11	4	32
5.014	6.327	-216.860	-442.769	11	4	32
5.009	6.349	-217.807	-443.113	11	4	32
5.005	6.370	-218.732	-443.438	11	4	32
5.000	6.392	-219.687	-443.755	11	4	32
4.995	6.413	-220.640	-444.069	11	4	32
4.990	6.435	-221.592	-444.379	11	4	32
4.985	6.457	-222.541	-444.686	11	3	32
4.980	6.478	-223.488	-444.990	11	3	32
4.974	6.499	-224.439	-445.239	11	3	32
4.968	6.520	-225.426	-445.471	11	3	32
4.962	6.542	-226.412	-445.700	11	3	32
4.956	6.563	-227.396	-445.925	11	3	32
4.949	6.583	-228.408	-446.051	12	1	35
4.941	6.604	-229.462	-446.147	12	1	35
4.932	6.625	-230.514	-446.241	12	1	35
4.925	6.645	-231.539	-446.328	12	1	35
4.916	6.666	-232.588	-446.414	12	1	35
4.908	6.686	-233.637	-446.496	12	1	35
4.899	6.706	-234.700	-446.489	12	0	35
4.889	6.725	-235.819	-446.421	13	-1	38
4.878	6.745	-236.937	-446.349	13	-1	38
4.868	6.765	-238.054	-446.273	13	-1	38
4.858	6.784	-239.169	-446.194	13	-1	38
4.847	6.804	-240.284	-446.112	13	-1	38
4.836	6.822	-241.394	-445.969	13	-2	38
4.824	6.841	-242.569	-445.736	13	-3	38
4.811	6.859	-243.742	-445.499	13	-3	38
4.799	6.877	-244.915	-445.259	13	-3	38
4.786	6.895	-246.088	-445.015	13	-3	38
4.774	6.914	-247.259	-444.768	13	-3	38
4.760	6.930	-248.432	-444.431	13	-4	38
4.745	6.947	-249.661	-444.003	14	-5	41
4.730	6.963	-250.890	-443.573	14	-5	41
4.715	6.979	-252.119	-443.139	14	-5	41
4.700	6.996	-253.347	-442.702	14	-5	41
4.685	7.011	-254.551	-442.241	14	-5	41
4.669	7.026	-255.801	-441.701	14	-6	41
4.653	7.041	-257.051	-441.158	14	-6	41
4.637	7.035	-257.595	-440.222	6	-11	32
4.622	7.019	-257.830	-439.069	3	-13	38
4.607	7.003	-258.061	-437.916	3	-13	38
4.592	6.987	-258.286	-436.763	3	-13	38
4.577	6.971	-258.506	-435.608	3	-13	38
4.561	6.955	-258.722	-434.454	2	-13	38
4.546	6.939	-258.932	-433.298	2	-13	38
4.531	6.923	-259.134	-432.170	2	-13	38
4.516	6.907	-259.340	-431.008	2	-13	38
4.501	6.891	-259.542	-429.846	2	-13	38
4.486	6.875	-259.739	-428.712	2	-13	38
4.470	6.860	-259.943	-427.547	2	-13	38
4.455	6.844	-260.138	-426.410	2	-13	38
4.440	6.828	-260.343	-425.236	2	-13	38
4.424	6.813	-260.562	-424.087	2	-13	38
4.425	6.833	-261.163	-424.579	7	6	20
4.430	6.854	-261.648	-425.318	6	8	23
4.435	6.876	-262.128	-426.055	5	8	23
4.440	6.898	-262.604	-426.789	5	8	23
4.445	6.919	-263.075	-427.521	5	8	23
4.450	6.941	-263.542	-428.251	5	8	23
4.455	6.962	-264.005	-428.978	5	8	23
4.460	6.984	-264.462	-429.704	5	8	23
4.465	7.005	-264.916	-430.426	5	8	23
4.470	7.027	-265.364	-431.147	5	8	23
4.475	7.049	-265.809	-431.865	5	8	23
4.480	7.070	-266.248	-432.581	5	8	23
4.485	7.091	-266.671	-433.276	5	8	23
4.490	7.113	-267.101	-433.987	5	8	23
4.495	7.134	-267.525	-434.696	5	8	23
4.500	7.156	-267.946	-435.403	5	8	23
4.505	7.177	-268.361	-436.107	5	8	23
4.510	7.199	-268.772	-436.809	5	8	23
4.515	7.220	-269.177	-437.508	5	8	23
4.520	7.242	-269.579	-438.205	5	8	23
4.525	7.263	-269.975	-438.899	5	8	23
4.530	7.285	-270.367	-439.591	4	8	23
4.535	7.307	-270.753	-440.281	4	8	23
4.540	7.328	-271.104	-440.974	4	8	23
4.546	7.349	-271.423	-441.720	4	8	23
4.536	7.353	-272.047	-441.264	7	-5	20
4.517	7.342	-272.648	-440.007	7	-14	41
4.499	7.330	-273.186	-438.803	6	-14	41
4.481	7.317	-273.725	-437.571	6	-14	41
4.463	7.305	-274.243	-436.372	6	-14	41
4.445	7.292	-274.746	-435.151	6	-14	41
4.427	7.279	-275.245	-433.930	6	-14	41
4.409	7.267	-275.739	-432.709	6	-14	41
4.391	7.254	-276.228	-431.487	6	-14	41
4.373	7.241	-276.701	-430.294	5	-14	41
4.355	7.228	-277.183	-429.059	5	-14	41
4.337	7.218	-277.759	-427.884	7	-13	38
4.315	7.224	-278.962	-426.835	14	-12	41
4.294	7.229	-280.164	-425.784	14	-12	41
4.272	7.235	-281.365	-424.732	14	-12	41
4.251	7.240	-282.566	-423.679	14	-12	41
4.230	7.245	-283.736	-422.649	13	-12	38
4.208	7.251	-284.939	-421.580	14	-12	41
4.187	7.256	-286.109	-420.534	13	-12	38
4.165	7.260	-287.305	-419.450	14	-12	41
4.144	7.265	-288.466	-418.390	13	-12	38
4.122	7.270	-289.646	-417.296	13	-12	38
4.101	7.274	-290.792	-416.214	13	-12	38
4.080	7.277	-291.925	-415.105	13	-13	38
4.057	7.280	-293.064	-413.962	13	-13	38
4.037	7.281	-294.106	-412.860	12	-13	38
4.027	7.261	-293.936	-411.958	-2	-10	29
4.017	7.241	-293.760	-411.055	-2	-10	29
4.007	7.222	-293.578	-410.150	-2	-10	29
3.997	7.202	-293.391	-409.244	-2	-10	29
3.988	7.182	-293.203	-408.359	-2	-10	29
3.978	7.163	-293.005	-407.449	-2	-10	29
3.968	7.143	-292.811	-406.557	-2	-10	29
3.958	7.124	-292.618	-405.633	-2	-11	32
3.948	7.104	-292.420	-404.706	-2	-11	32
3.938	7.085	-292.255	-403.773	-2	-11	32
3.927	7.065	-292.091	-402.804	-2	-11	32
3.915	7.047	-291.961	-401.837	-1	-11	32
3.903	7.029	-291.902	-400.847	-1	-11	32
3.895	7.046	-292.891	-400.728	11	-1	32
3.890	7.068	-293.854	-400.902	11	2	32
3.886	7.090	-294.815	-401.073	11	2	32
3.881	7.111	-295.747	-401.238	11	2	32
3.877	7.133	-296.694	-401.409	11	2	32
3.872	7.154	-297.638	-401.577	11	2	32
3.868	7.176	-298.581	-401.742	11	2	32
3.863	7.197	-299.493	-401.907	10	2	29
3.859	7.219	-300.427	-402.075	11	2	32
3.855	7.241	-301.357	-402.240	11	2	32
3.850	7.263	-302.285	-402.402	11	2	32
3.846	7.284	-303.187	-402.555	10	2	29
3.842	7.306	-304.109	-402.709	10	2	29
3.837	7.327	-305.029	-402.860	10	2	29
3.833	7.349	-305.946	-403.007	10	2	29
3.828	7.371	-306.860	-403.152	10	2	29
3.824	7.393	-307.771	-403.293	10	2	29
3.819	7.414	-308.682	-403.389	10	1	29
3.814	7.435	-309.615	-403.482	11	1	32
3.809	7.456	-310.536	-403.551	10	1	29
3.802	7.477	-311.552	-403.518	12	0	35
3.787	7.476	-312.174	-402.712	7	-9	26
3.776	7.457	-312.119	-401.772	-1	-11	32
3.765	7.438	-312.050	-400.840	-1	-11	32
3.753	7.419	-311.968	-399.887	-1	-11	32
3.742	7.400	-311.879	-398.961	-1	-11	32
3.731	7.381	-311.778	-398.013	-1	-11	32
3.720	7.362	-311.673	-397.093	-1	-10	29
3.709	7.343	-311.559	-396.149	-1	-11	32
3.698	7.324	-311.438	-395.204	-1	-11	32
3.687	7.305	-311.311	-394.258	-1	-11	32
3.675	7.286	-311.178	-393.310	-2	-11	32
3.654	7.283	-312.037	-392.113	10	-14	41
3.632	7.280	-312.973	-390.869	11	-14	41
3.610	7.278	-313.906	-389.625	11	-14	41
3.588	7.276	-314.836	-388.381	11	-14	41
3.566	7.274	-315.763	-387.137	11	-14	41
3.544	7.271	-316.664	-385.919	10	-14	41
3.522	7.269	-317.586	-384.668	10	-14	41
3.501	7.266	-318.477	-383.445	10	-14	41
3.478	7.264	-319.387	-382.188	10	-14	41
3.457	7.261	-320.265	-380.962	10	-14	41
3.435	7.258	-321.139	-379.735	10	-14	41
3.414	7.255	-321.979	-378.515	10	-14	41
3.392	7.252	-322.825	-377.248	10	-14	41
3.374	7.243	-323.316	-376.145	6	-13	38
3.367	7.222	-322.870	-375.387	-5	-9	26
3.360	7.201	-322.418	-374.627	-5	-9	26
3.353	7.180	-321.961	-373.865	-5	-9	26
3.346	7.159	-321.498	-373.102	-5	-9	26
3.339	7.139	-321.043	-372.355	-5	-8	23
3.331	7.118	-320.573	-371.585	-5	-9	26
3.324	7.097	-320.098	-370.814	-5	-9	26
3.317	7.076	-319.617	-370.041	-5	-9	26
3.310	7.055	-319.131	-369.265	-6	-9	26
3.303	7.034	-318.639	-368.488	-6	-9	26
3.295	7.014	-318.192	-367.693	-5	-9	26
3.287	6.993	-317.730	-366.872	-5	-9	26
3.277	6.974	-317.418	-365.961	-4	-10	29
3.263	6.980	-318.233	-365.324	9	-7	26
3.255	7.000	-319.346	-365.270	13	-1	38
3.247	7.021	-320.484	-365.216	13	-1	38
3.239	7.041	-321.592	-365.164	13	-1	38
3.231	7.062	-322.729	-365.110	13	-1	38
3.223	7.082	-323.864	-365.053	13	-1	38
3.215	7.103	-324.968	-364.999	13	-1	38
3.208	7.123	-326.099	-364.943	13	-1	38
3.200	7.144	-327.228	-364.884	13	-1	38
3.192	7.164	-328.327	-364.824	13	-1	38
3.184	7.185	-329.455	-364.759	13	-1	38
3.176	7.206	-330.582	-364.691	13	-1	38
3.168	7.227	-331.707	-364.619	13	-1	38
3.161	7.247	-332.800	-364.541	12	-1	35
3.153	7.268	-333.920	-364.456	13	-1	38
3.145	7.288	-335.038	-364.369	13	-1	38
3.137	7.308	-336.130	-364.274	12	-1	35
3.129	7.329	-337.250	-364.174	13	-1	38
3.120	7.349	-338.359	-364.041	13	-2	38
3.105	7.347	-338.967	-363.134	7	-10	29
3.093	7.328	-338.792	-362.184	-2	-11	32
3.083	7.309	-338.513	-361.309	-3	-10	29
3.073	7.289	-338.196	-360.429	-4	-10	29
3.063	7.270	-337.871	-359.578	-4	-10	29
3.053	7.250	-337.526	-358.708	-4	-10	29
3.044	7.231	-337.183	-357.858	-4	-10	29
3.034	7.211	-336.825	-356.984	-4	-10	29
3.019	7.199	-336.966	-355.981	2	-11	32
2.997	7.196	-337.805	-354.737	10	-14	41
2.975	7.194	-338.641	-353.494	10	-14	41
2.953	7.192	-339.473	-352.251	9	-14	41
2.931	7.190	-340.302	-351.007	9	-14	41
2.910	7.188	-341.107	-349.797	9	-14	41
2.888	7.186	-341.933	-348.557	9	-14	41
2.866	7.184	-342.755	-347.316	9	-14	41
2.844	7.182	-343.573	-346.076	9	-14	41
2.822	7.180	-344.387	-344.835	9	-14	41
2.799	7.178	-345.196	-343.595	9	-14	41
2.777	7.176	-346.002	-342.354	9	-14	41
2.755	7.174	-346.803	-341.113	9	-14	41
2.733	7.172	-347.600	-339.872	9	-14	41
2.712	7.170	-348.391	-338.667	9	-14	41
2.690	7.169	-349.204	-337.431	9	-14	41
2.668	7.167	-350.013	-336.196	9	-14	41
2.646	7.166	-350.818	-334.960	9	-14	41
2.623	7.164	-351.618	-333.724	9	-14	41
2.601	7.163	-352.414	-332.488	9	-14	41
2.580	7.162	-353.198	-331.287	9	-14	41
2.558	7.161	-354.019	-330.061	9	-14	41
2.536	7.160	-354.836	-328.834	9	-14	41
2.513	7.160	-355.649	-327.608	9	-14	41
2.491	7.159	-356.457	-326.381	9	-14	41
2.469	7.158	-357.261	-325.154	9	-14	41
2.447	7.158	-358.060	-323.927	9	-14	41
2.425	7.157	-358.857	-322.738	9	-14	41
2.403	7.157	-359.672	-321.517	9	-14	41
2.381	7.157	-360.483	-320.295	9	-14	41
2.359	7.157	-361.288	-319.074	9	-14	41
2.337	7.157	-362.090	-317.852	9	-14	41
2.315	7.156	-362.886	-316.631	9	-14	41
2.292	7.156	-363.678	-315.409	9	-14	41
2.270	7.156	-364.466	-314.186	9	-14	41
2.249	7.156	-365.229	-312.996	9	-14	41
2.226	7.156	-366.015	-311.780	9	-14	41
2.204	7.156	-366.797	-310.563	9	-14	41
2.182	7.156	-367.573	-309.346	9	-14	41
2.160	7.156	-368.345	-308.129	9	-14	41
2.138	7.156	-369.111	-306.911	9	-14	41
2.116	7.156	-369.873	-305.694	9	-14	41
2.094	7.156	-370.630	-304.476	9	-14	41
2.072	7.156	-371.381	-303.258	9	-14	41
2.050	7.157	-372.125	-302.076	8	-13	38
2.028	7.157	-372.894	-300.866	9	-14	41
2.006	7.158	-373.657	-299.656	9	-14	41
1.984	7.159	-374.414	-298.445	9	-14	41
1.962	7.160	-375.175	-297.278	9	-13	38
1.940	7.162	-375.987	-296.095	9	-13	38
1.918	7.164	-376.793	-294.911	9	-13	38
1.897	7.167	-377.604	-293.773	9	-13	38
1.875	7.170	-378.473	-292.626	10	-13	38
1.853	7.174	-379.339	-291.478	10	-13	38
1.832	7.178	-380.185	-290.364	10	-13	38
1.810	7.182	-381.085	-289.238	10	-13	38
1.788	7.187	-381.980	-288.112	10	-13	38
1.767	7.192	-382.871	-286.985	10	-13	38
1.746	7.196	-383.735	-285.887	10	-12	35
1.724	7.202	-384.648	-284.781	10	-13	38
1.703	7.207	-385.556	-283.675	10	-13	38
1.681	7.213	-386.460	-282.568	10	-13	38
1.660	7.219	-387.371	-281.505	10	-12	35
1.639	7.225	-388.306	-280.415	11	-12	35
1.624	7.237	-389.333	-279.754	12	-8	35
1.645	7.240	-388.860	-280.952	-5	14	41
1.666	7.240	-388.220	-282.163	-7	14	41
1.688	7.239	-387.544	-283.357	-8	14	41
1.710	7.238	-386.827	-284.568	-8	14	41
1.732	7.237	-386.133	-285.762	-8	14	41
1.754	7.237	-385.414	-286.988	-8	14	41
1.776	7.237	-384.754	-288.191	-8	14	41
1.798	7.237	-384.072	-289.425	-8	14	41
1.821	7.237	-383.384	-290.658	-8	14	41
1.842	7.238	-382.732	-291.863	-7	14	41
1.864	7.239	-382.057	-293.098	-8	14	41
1.887	7.239	-381.376	-294.334	-8	14	41
1.908	7.240	-380.723	-295.541	-7	14	41
1.930	7.242	-380.055	-296.780	-8	14	41
1.952	7.243	-379.381	-298.020	-8	14	41
1.974	7.244	-378.740	-299.233	-7	14	41
1.996	7.246	-378.098	-300.483	-7	14	41
2.018	7.248	-377.449	-301.733	-7	14	41
2.040	7.251	-376.795	-302.983	-7	14	41
2.062	7.253	-376.134	-304.233	-8	14	41
2.084	7.255	-375.467	-305.482	-8	14	41
2.106	7.257	-374.795	-306.732	-8	14	41
2.128	7.259	-374.117	-307.982	-8	14	41
2.150	7.261	-373.433	-309.231	-8	14	41
2.172	7.263	-372.743	-310.480	-8	14	41
2.194	7.265	-372.066	-311.698	-8	14	41
2.215	7.268	-371.443	-312.925	-7	14	41
2.237	7.272	-370.801	-314.185	-7	14	41
2.259	7.275	-370.153	-315.445	-7	14	41
2.281	7.278	-369.500	-316.705	-7	14	41
2.303	7.282	-368.841	-317.965	-8	14	41
2.325	7.285	-368.175	-319.225	-8	14	41
2.347	7.289	-367.505	-320.485	-8	14	41
2.368	7.292	-366.828	-321.745	-8	14	41
2.390	7.295	-366.146	-323.005	-8	14	41
2.412	7.299	-365.459	-324.265	-8	14	41
2.433	7.303	-364.827	-325.497	-7	14	41
2.455	7.308	-364.193	-326.764	-7	14	41
2.477	7.312	-363.554	-328.030	-7	14	41
2.498	7.317	-362.909	-329.297	-7	14	41
2.520	7.322	-362.258	-330.564	-7	14	41
2.542	7.326	-361.602	-331.831	-7	14	41
2.563	7.331	-360.940	-333.097	-8	14	41
2.585	7.336	-360.273	-334.364	-8	14	41
2.607	7.341	-359.600	-335.631	-8	14	41
2.628	7.345	-358.922	-336.897	-8	14	41
2.650	7.350	-358.238	-338.164	-8	14	41
2.671	7.355	-357.606	-339.399	-7	14	41
2.692	7.361	-356.963	-340.667	-7	14	41
2.714	7.367	-356.316	-341.936	-7	14	41
2.735	7.373	-355.662	-343.204	-7	14	41
2.756	7.378	-355.004	-344.472	-7	14	41
2.778	7.384	-354.340	-345.740	-8	14	41
2.799	7.390	-353.670	-347.008	-8	14	41
2.820	7.395	-352.996	-348.277	-8	14	41
2.842	7.401	-352.316	-349.545	-8	14	41
2.863	7.407	-351.631	-350.813	-8	14	41
2.885	7.413	-350.941	-352.081	-8	14	41
2.906	7.418	-350.245	-353.349	-8	14	41
2.927	7.424	-349.562	-354.585	-8	14	41
2.948	7.430	-348.852	-355.852	-8	14	41
2.970	7.435	-348.137	-357.119	-8	14	41
2.991	7.441	-347.417	-358.386	-8	14	41
3.012	7.446	-346.692	-359.653	-8	14	41
3.034	7.452	-345.962	-360.920	-8	14	41
3.055	7.458	-345.228	-362.187	-8	14	41
3.077	7.463	-344.489	-363.454	-8	14	41
3.098	7.469	-343.746	-364.721	-8	14	41
3.119	7.474	-342.997	-365.988	-9	14	41
3.141	7.480	-342.245	-367.255	-9	14	41
3.162	7.486	-341.487	-368.522	-9	14	41
3.184	7.491	-340.726	-369.789	-9	14	41
3.205	7.497	-339.960	-371.056	-9	14	41
3.226	7.502	-339.189	-372.323	-9	14	41
3.248	7.508	-338.415	-373.590	-9	14	41
3.269	7.514	-337.636	-374.857	-9	14	41
3.290	7.519	-336.852	-376.124	-9	14	41
3.311	7.524	-336.057	-377.356	-9	14	41
3.333	7.528	-335.200	-378.618	-10	14	41
3.355	7.532	-334.339	-379.881	-10	14	41
3.377	7.537	-333.475	-381.143	-10	14	41
3.398	7.541	-332.607	-382.405	-10	14	41
3.420	7.545	-331.736	-383.668	-10	14	41
3.442	7.549	-330.861	-384.930	-10	14	41
3.464	7.553	-329.982	-386.192	-10	14	41
3.485	7.557	-329.101	-387.454	-10	14	41
3.507	7.561	-328.216	-388.717	-10	14	41
3.529	7.566	-327.327	-389.979	-10	14	41
3.551	7.570	-326.435	-391.241	-10	14	41
3.572	7.574	-325.540	-392.503	-10	14	41
3.594	7.578	-324.642	-393.765	-10	14	41
3.616	7.582	-323.740	-395.027	-10	14	41
3.637	7.584	-322.786	-396.242	-11	14	41
3.659	7.586	-321.799	-397.487	-11	14	41
3.681	7.588	-320.808	-398.732	-11	14	41
3.703	7.590	-319.815	-399.977	-11	14	41
3.725	7.592	-318.820	-401.222	-11	14	41
3.747	7.594	-317.822	-402.467	-11	14	41
3.769	7.597	-316.822	-403.712	-11	14	41
3.791	7.599	-315.820	-404.956	-11	14	41
3.813	7.601	-314.815	-406.201	-11	14	41
3.835	7.603	-313.808	-407.445	-11	14	41
3.857	7.605	-312.799	-408.689	-11	14	41
3.880	7.607	-311.787	-409.933	-12	14	41
0.499	7.949	-451.997	-225.626	1595	-2097	6143
0.502	7.927	-450.736	-225.554	-14	-1	41
0.504	7.905	-449.476	-225.481	-14	-1	41
0.507	7.883	-448.215	-225.405	-14	-1	41
0.512	7.862	-446.982	-225.460	-14	1	41
0.518	7.840	-445.714	-225.593	-14	2	41
0.524	7.819	-444.446	-225.723	-14	1	41
0.531	7.798	-443.178	-225.851	-14	1	41
0.537	7.777	-441.909	-225.977	-14	1	41
0.545	7.756	-440.681	-226.168	-14	2	41
0.553	7.736	-439.425	-226.404	-14	3	41
0.561	7.715	-438.169	-226.638	-14	3	41
0.569	7.695	-436.912	-226.870	-14	3	41
0.578	7.674	-435.655	-227.100	-14	3	41
0.586	7.654	-434.430	-227.321	-14	3	41
0.595	7.635	-433.224	-227.649	-14	4	41
0.605	7.615	-431.986	-227.984	-14	4	41
0.616	7.595	-430.747	-228.317	-14	4	41
0.626	7.576	-429.507	-228.647	-14	4	41
0.636	7.556	-428.267	-228.975	-14	4	41
0.647	7.537	-427.079	-229.359	-14	4	41
0.659	7.519	-425.892	-229.857	-14	6	41
0.672	7.501	-424.704	-230.352	-14	6	41
0.685	7.483	-423.515	-230.845	-14	6	41
0.698	7.465	-422.324	-231.337	-14	6	41
0.711	7.447	-421.132	-231.826	-14	6	41
0.723	7.429	-419.939	-232.313	-14	6	41
0.736	7.411	-418.744	-232.798	-14	6	41
0.749	7.393	-417.549	-233.281	-14	5	41
0.762	7.375	-416.352	-233.762	-14	5	41
0.775	7.357	-415.154	-234.241	-14	5	41
0.788	7.339	-413.955	-234.718	-14	5	41
0.800	7.321	-412.755	-235.192	-14	5	41
0.816	7.306	-411.670	-235.837	-12	7	35
0.832	7.290	-410.563	-236.520	-13	8	38
0.848	7.275	-409.454	-237.201	-13	8	38
0.863	7.260	-408.343	-237.880	-13	8	38
0.879	7.244	-407.230	-238.557	-13	8	38
0.895	7.229	-406.115	-239.232	-13	8	38
0.911	7.214	-404.997	-239.906	-13	8	38
0.927	7.198	-403.877	-240.578	-13	8	38
0.943	7.183	-402.755	-241.248	-13	8	38
0.959	7.168	-401.631	-241.917	-13	8	38
0.975	7.152	-400.505	-242.584	-13	8	38
0.991	7.137	-399.378	-243.249	-13	8	38
1.007	7.122	-398.248	-243.912	-13	8	38
1.025	7.109	-397.237	-244.697	-11	9	32
1.043	7.097	-396.218	-245.534	-12	10	35
1.061	7.085	-395.196	-246.370	-12	10	35
1.080	7.072	-394.170	-247.204	-12	9	35
1.098	7.060	-393.142	-248.037	-12	9	35
1.116	7.048	-392.110	-248.869	-12	9	35
1.135	7.035	-391.076	-249.699	-12	9	35
1.153	7.023	-390.038	-250.527	-12	9	35
1.172	7.011	-388.998	-251.355	-12	9	35
1.190	6.998	-387.955	-252.180	-12	9	35
1.208	6.986	-386.909	-253.005	-12	9	35
1.227	6.974	-385.860	-253.828	-12	9	35
1.245	6.961	-384.809	-254.649	-12	9	35
1.264	6.951	-383.841	-255.516	-11	10	32
1.284	6.942	-382.918	-256.490	-10	11	32
1.304	6.933	-381.992	-257.463	-11	11	32
1.324	6.924	-381.061	-258.435	-11	11	32
1.345	6.915	-380.127	-259.406	-11	11	32
1.365	6.906	-379.189	-260.376	-11	11	32
1.385	6.897	-378.248	-261.345	-11	11	32
1.405	6.888	-377.302	-262.313	-11	11	32
1.426	6.879	-376.353	-263.280	-11	11	32
1.446	6.870	-375.400	-264.245	-11	11	32
1.466	6.861	-374.444	-265.210	-11	11	32
1.486	6.852	-373.485	-266.174	-11	11	32
1.507	6.843	-372.521	-267.136	-11	11	32
1.526	6.834	-371.594	-268.085	-11	11	32
1.548	6.828	-370.738	-269.144	-10	12	35
1.569	6.822	-369.877	-270.201	-10	12	35
1.590	6.815	-369.012	-271.258	-10	12	35
1.611	6.809	-368.142	-272.314	-10	12	35
1.633	6.803	-367.269	-273.369	-10	12	35
1.654	6.796	-366.391	-274.424	-10	12	35
1.675	6.790	-365.509	-275.477	-10	12	35
1.696	6.784	-364.624	-276.530	-10	12	35
1.717	6.779	-363.801	-277.587	-9	12	35
1.739	6.774	-362.992	-278.702	-9	13	38
1.761	6.770	-362.179	-279.816	-9	13	38
1.782	6.766	-361.362	-280.930	-9	13	38
1.804	6.761	-360.540	-282.043	-9	13	38
1.826	6.757	-359.714	-283.155	-9	13	38
1.848	6.753	-358.883	-284.266	-9	13	38
1.869	6.748	-358.048	-285.377	-10	13	38
1.891	6.745	-357.273	-286.482	-9	13	38
1.913	6.743	-356.527	-287.645	-8	13	38
1.935	6.740	-355.776	-288.807	-9	13	38
1.957	6.738	-355.020	-289.968	-9	13	38
1.979	6.736	-354.259	-291.129	-9	13	38
2.001	6.734	-353.494	-292.290	-9	13	38
2.023	6.732	-352.724	-293.450	-9	13	38
2.045	6.729	-351.950	-294.610	-9	13	38
2.067	6.727	-351.171	-295.769	-9	13	38
2.089	6.726	-350.467	-296.927	-8	13	38
2.111	6.726	-349.754	-298.122	-8	14	41
2.133	6.725	-349.035	-299.316	-8	14	41
2.155	6.725	-348.312	-300.510	-8	14	41
2.177	6.724	-347.584	-301.703	-8	14	41
2.199	6.723	-346.851	-302.896	-8	14	41
2.221	6.723	-346.114	-304.089	-8	14	41
2.244	6.722	-345.372	-305.282	-8	14	41
2.265	6.722	-344.644	-306.444	-8	13	38
2.287	6.721	-343.893	-307.636	-9	14	41
2.309	6.721	-343.174	-308.803	-8	13	38
2.331	6.721	-342.451	-310.007	-8	14	41
2.353	6.721	-341.724	-311.211	-8	14	41
2.375	6.721	-340.992	-312.415	-8	14	41
2.397	6.722	-340.255	-313.619	-8	14	41
2.420	6.722	-339.514	-314.822	-8	14	41
2.442	6.722	-338.769	-316.025	-8	14	41
2.463	6.723	-338.066	-317.209	-8	13	38
2.485	6.724	-337.341	-318.423	-8	14	41
2.507	6.725	-336.612	-319.638	-8	14	41
2.530	6.725	-335.878	-320.852	-8	14	41
2.551	6.726	-335.168	-322.040	-8	14	41
2.573	6.728	-334.466	-323.272	-8	14	41
2.595	6.730	-333.760	-324.504	-8	14	41
2.618	6.732	-333.049	-325.736	-8	14	41
2.640	6.734	-332.333	-326.968	-8	14	41
2.661	6.736	-331.646	-328.171	-8	14	41
2.683	6.738	-330.954	-329.407	-8	14	41
2.705	6.740	-330.256	-330.643	-8	14	41
2.727	6.743	-329.554	-331.879	-8	14	41
2.749	6.745	-328.848	-333.115	-8	14	41
2.771	6.748	-328.136	-334.350	-8	14	41
2.793	6.750	-327.421	-335.586	-8	14	41
2.815	6.752	-326.719	-336.790	-8	14	41
2.837	6.755	-325.995	-338.025	-8	14	41
2.859	6.757	-325.267	-339.260	-8	14	41
2.881	6.760	-324.534	-340.495	-8	14	41
2.903	6.762	-323.797	-341.730	-8	14	41
2.925	6.764	-323.055	-342.965	-8	14	41
2.947	6.767	-322.310	-344.200	-8	14	41
2.969	6.769	-321.560	-345.434	-9	14	41
2.991	6.772	-320.806	-346.668	-9	14	41
3.013	6.774	-320.048	-347.903	-9	14	41
3.034	6.776	-319.300	-349.104	-9	14	41
3.057	6.778	-318.508	-350.332	-9	14	41
3.079	6.780	-317.712	-351.559	-9	14	41
3.101	6.782	-316.912	-352.787	-9	14	41
3.123	6.784	-316.109	-354.014	-9	14	41
3.145	6.786	-315.302	-355.241	-9	14	41
3.167	6.788	-314.491	-356.468	-9	14	41
3.189	6.789	-313.676	-357.695	-9	14	41
3.211	6.791	-312.862	-358.883	-9	14	41
3.233	6.792	-312.004	-360.096	-10	14	41
3.255	6.793	-311.144	-361.308	-10	14	41
3.277	6.794	-310.280	-362.520	-10	14	41
3.299	6.795	-309.413	-363.731	-10	14	41
3.321	6.796	-308.542	-364.943	-10	14	41
3.344	6.797	-307.668	-366.153	-10	14	41
3.365	6.798	-306.801	-367.326	-10	13	38
3.387	6.798	-305.891	-368.522	-10	14	41
3.410	6.798	-304.980	-369.717	-10	14	41
3.432	6.799	-304.065	-370.912	-10	14	41
3.454	6.799	-303.147	-372.106	-10	14	41
3.476	6.799	-302.226	-373.300	-10	14	41
3.498	6.800	-301.303	-374.494	-11	14	41
3.520	6.800	-300.377	-375.688	-11	14	41
3.542	6.800	-299.461	-376.843	-10	13	38
3.564	6.799	-298.497	-378.016	-11	13	38
3.586	6.799	-297.532	-379.188	-11	13	38
3.608	6.798	-296.564	-380.360	-11	13	38
3.630	6.798	-295.593	-381.532	-11	13	38
3.652	6.797	-294.620	-382.703	-11	13	38
3.674	6.796	-293.645	-383.874	-11	13	38
3.697	6.796	-292.668	-385.044	-11	13	38
3.719	6.795	-291.688	-386.214	-11	13	38
3.741	6.795	-290.706	-387.383	-11	13	38
3.762	6.793	-289.708	-388.497	-11	13	38
3.784	6.791	-288.662	-389.626	-12	13	38
3.806	6.788	-287.615	-390.754	-12	13	38
3.828	6.786	-286.565	-391.882	-12	13	38
3.850	6.784	-285.514	-393.010	-12	13	38
3.872	6.782	-284.461	-394.136	-12	13	38
3.895	6.779	-283.406	-395.262	-12	13	38
3.917	6.777	-282.349	-396.387	-12	13	38
3.938	6.773	-281.254	-397.420	-12	12	35
3.959	6.768	-280.122	-398.471	-13	12	38
3.981	6.763	-278.989	-399.522	-13	12	38
4.003	6.759	-277.854	-400.571	-13	12	38
4.024	6.754	-276.718	-401.619	-13	12	38
4.046	6.749	-275.582	-402.666	-13	12	38
4.067	6.743	-274.449	-403.643	-13	11	38
4.087	6.736	-273.242	-404.569	-14	11	41
4.108	6.728	-272.035	-405.494	-14	11	41
4.129	6.720	-270.827	-406.417	-14	11	41
4.150	6.712	-269.619	-407.339	-14	10	41
4.170	6.704	-268.411	-408.259	-14	10	41
4.190	6.695	-267.206	-409.086	-14	9	41
4.209	6.684	-265.943	-409.864	-14	9	41
4.229	6.673	-264.679	-410.640	-14	9	41
4.246	6.661	-263.442	-411.297	-14	7	41
4.264	6.648	-262.171	-411.947	-14	7	41
4.282	6.635	-260.933	-412.578	-14	7	41
4.299	6.622	-259.695	-413.158	-14	7	41
4.316	6.607	-258.425	-413.722	-14	6	41
4.333	6.593	-257.155	-414.283	-14	6	41
4.342	6.575	-256.085	-414.324	-12	0	35
4.327	6.563	-256.332	-413.263	3	-12	35
4.307	6.554	-256.937	-412.016	7	-14	41
4.286	6.546	-257.576	-410.744	7	-14	41
4.266	6.539	-258.203	-409.505	7	-14	41
4.245	6.531	-258.868	-408.232	8	-14	41
4.224	6.524	-259.509	-406.992	7	-14	41
4.204	6.516	-260.136	-405.725	7	-14	41
4.183	6.508	-260.760	-404.458	7	-14	41
4.162	6.500	-261.379	-403.192	7	-14	41
4.142	6.492	-261.995	-401.925	7	-14	41
4.121	6.485	-262.606	-400.658	7	-14	41
4.101	6.476	-263.148	-399.423	6	-14	41
4.081	6.466	-263.654	-398.154	6	-14	41
4.061	6.457	-264.156	-396.886	6	-14	41
4.041	6.447	-264.653	-395.617	6	-14	41
4.021	6.438	-265.146	-394.349	6	-14	41
4.003	6.427	-265.545	-393.120	5	-14	41
3.984	6.415	-265.905	-391.863	4	-14	41
3.965	6.404	-266.260	-390.606	4	-14	41
3.946	6.392	-266.610	-389.349	4	-14	41
3.927	6.381	-266.955	-388.092	4	-14	41
3.910	6.368	-267.198	-386.881	3	-14	41
3.892	6.355	-267.422	-385.642	3	-14	41
3.874	6.341	-267.641	-384.402	2	-14	41
3.857	6.328	-267.854	-383.162	2	-14	41
3.839	6.315	-268.063	-381.923	2	-14	41
3.822	6.301	-268.196	-380.732	2	-14	41
3.806	6.286	-268.255	-379.530	1	-14	41
3.790	6.271	-268.309	-378.327	1	-14	41
3.774	6.255	-268.357	-377.124	1	-14	41
3.758	6.240	-268.400	-375.921	0	-14	41
3.741	6.225	-268.438	-374.717	0	-14	41
3.725	6.210	-268.471	-373.514	0	-14	41
3.709	6.195	-268.498	-372.309	0	-14	41
3.694	6.180	-268.501	-371.143	0	-13	38
3.680	6.162	-268.335	-370.008	-2	-13	38
3.666	6.145	-268.165	-368.872	-2	-13	38
3.652	6.128	-267.990	-367.736	-2	-13	38
3.638	6.111	-267.809	-366.599	-2	-13	38
3.624	6.093	-267.623	-365.461	-2	-13	38
3.611	6.076	-267.432	-364.323	-2	-13	38
3.597	6.059	-267.236	-363.184	-2	-13	38
3.583	6.041	-267.035	-362.045	-2	-13	38
3.571	6.023	-266.711	-360.998	-4	-12	35
3.560	6.004	-266.336	-359.944	-4	-12	35
3.548	5.985	-265.956	-358.888	-4	-12	35
3.537	5.966	-265.571	-357.832	-4	-12	35
3.526	5.947	-265.181	-356.774	-4	-12	35
3.514	5.928	-264.787	-355.716	-4	-12	35
3.503	5.909	-264.387	-354.657	-5	-12	35
3.491	5.890	-263.984	-353.596	-5	-12	35
3.480	5.871	-263.575	-352.535	-5	-12	35
3.470	5.852	-263.135	-351.524	-5	-12	35
3.460	5.832	-262.606	-350.533	-6	-11	32
3.451	5.813	-262.073	-349.540	-6	-11	32
3.441	5.793	-261.535	-348.547	-6	-11	32
3.432	5.773	-260.993	-347.552	-6	-11	32
3.422	5.753	-260.447	-346.556	-6	-11	32
3.412	5.733	-259.897	-345.558	-6	-11	32
3.403	5.713	-259.342	-344.560	-6	-11	32
3.393	5.693	-258.784	-343.561	-6	-11	32
3.384	5.673	-258.221	-342.560	-6	-11	32
3.374	5.653	-257.654	-341.559	-6	-11	32
3.365	5.633	-257.083	-340.556	-6	-11	32
3.356	5.613	-256.506	-339.589	-7	-11	32
3.347	5.593	-255.906	-338.598	-7	-11	32
3.338	5.573	-255.301	-337.607	-7	-11	32
3.328	5.553	-254.693	-336.614	-7	-11	32
3.319	5.533	-254.081	-335.620	-7	-11	32
3.310	5.513	-253.465	-334.625	-7	-11	32
3.301	5.492	-252.845	-333.628	-7	-11	32
3.291	5.473	-252.289	-332.622	-6	-11	32
3.281	5.453	-251.714	-331.588	-7	-12	35
3.271	5.434	-251.135	-330.554	-7	-12	35
3.261	5.414	-250.552	-329.518	-7	-12	35
3.251	5.394	-249.965	-328.482	-7	-12	35
3.240	5.376	-249.454	-327.431	-6	-12	35
3.228	5.357	-248.940	-326.343	-6	-12	35
3.217	5.338	-248.422	-325.254	-6	-12	35
3.205	5.319	-247.899	-324.165	-6	-12	35
3.194	5.301	-247.403	-323.093	-6	-12	35
3.181	5.283	-246.953	-321.955	-5	-13	38
3.168	5.264	-246.500	-320.817	-5	-13	38
3.156	5.246	-246.041	-319.679	-5	-13	38
3.143	5.228	-245.579	-318.540	-5	-13	38
3.130	5.211	-245.175	-317.410	-5	-13	38
3.115	5.195	-244.857	-316.211	-4	-14	41
3.100	5.179	-244.543	-315.043	-4	-13	38
3.085	5.162	-244.216	-313.844	-4	-14	41
3.070	5.146	-243.885	-312.645	-4	-14	41
3.055	5.130	-243.548	-311.446	-4	-14	41
3.040	5.113	-243.208	-310.246	-4	-14	41
3.025	5.097	-242.863	-309.046	-4	-14	41
3.010	5.081	-242.513	-307.845	-4	-14	41
2.995	5.064	-242.159	-306.644	-4	-14	41
2.981	5.048	-241.800	-305.443	-4	-14	41
2.966	5.032	-241.437	-304.242	-4	-14	41
2.949	5.018	-241.224	-303.037	-2	-14	41
2.931	5.005	-241.097	-301.779	-1	-14	41
2.914	4.991	-240.965	-300.520	-1	-14	41
2.896	4.978	-240.829	-299.261	-2	-14	41
2.878	4.965	-240.688	-298.002	-2	-14	41
2.860	4.952	-240.542	-296.742	-2	-14	41
2.842	4.939	-240.391	-295.483	-2	-14	41
2.824	4.926	-240.235	-294.224	-2	-14	41
2.806	4.913	-240.075	-292.965	-2	-14	41
2.788	4.900	-239.910	-291.706	-2	-14	41
2.771	4.887	-239.740	-290.446	-2	-14	41
2.753	4.875	-239.636	-289.218	-1	-14	41
2.732	4.866	-239.717	-287.953	1	-14	41
2.712	4.856	-239.793	-286.689	1	-14	41
2.692	4.847	-239.863	-285.424	1	-14	41
2.672	4.838	-239.929	-284.160	1	-14	41
2.652	4.829	-239.991	-282.895	1	-14	41
2.632	4.820	-240.047	-281.630	1	-14	41
2.612	4.811	-240.099	-280.366	1	-14	41
2.591	4.801	-240.145	-279.101	1	-14	41
2.571	4.792	-240.187	-277.836	0	-14	41
2.551	4.783	-240.224	-276.572	0	-14	41
2.531	4.774	-240.256	-275.307	0	-14	41
2.510	4.768	-240.451	-274.103	2	-14	41
2.489	4.762	-240.708	-272.878	3	-14	41
2.467	4.757	-240.960	-271.652	3	-14	41
2.446	4.752	-241.207	-270.426	3	-14	41
2.424	4.747	-241.450	-269.200	3	-14	41
2.403	4.741	-241.688	-267.974	3	-14	41
2.381	4.736	-241.921	-266.748	3	-14	41
2.360	4.731	-242.150	-265.522	3	-14	41
2.338	4.725	-242.374	-264.295	3	-14	41
2.317	4.720	-242.593	-263.068	2	-14	41
2.295	4.715	-242.808	-261.841	2	-14	41
2.274	4.709	-243.018	-260.614	2	-14	41
2.253	4.705	-243.258	-259.418	3	-14	41
2.233	4.698	-243.356	-258.249	1	-13	38
2.244	4.681	-242.189	-258.320	-13	1	38
2.260	4.666	-241.015	-258.714	-13	4	38
2.276	4.651	-239.875	-259.104	-13	4	38
2.293	4.637	-238.760	-259.602	-13	6	38
2.311	4.623	-237.645	-260.098	-13	6	38
2.328	4.610	-236.528	-260.592	-13	6	38
2.346	4.596	-235.442	-261.076	-12	6	35
2.363	4.583	-234.340	-261.598	-13	6	38
2.381	4.570	-233.237	-262.117	-13	6	38
2.399	4.557	-232.133	-262.634	-13	6	38
2.416	4.544	-231.057	-263.139	-12	6	35
2.435	4.532	-229.983	-263.703	-12	6	35
2.453	4.519	-228.908	-264.266	-12	6	35
2.472	4.507	-227.832	-264.826	-12	6	35
2.490	4.496	-226.820	-265.440	-12	7	35
2.510	4.485	-225.787	-266.079	-12	7	35
2.529	4.474	-224.751	-266.716	-12	7	35
2.548	4.463	-223.715	-267.352	-12	7	35
2.568	4.453	-222.745	-268.023	-11	8	32
2.587	4.443	-221.754	-268.718	-11	8	32
2.607	4.433	-220.762	-269.411	-11	8	32
2.627	4.424	-219.768	-270.102	-11	8	32
2.647	4.414	-218.772	-270.792	-11	8	32
2.667	4.405	-217.826	-271.494	-11	8	32
2.687	4.396	-216.862	-272.220	-11	8	32
2.707	4.387	-215.895	-272.945	-11	8	32
2.727	4.378	-214.926	-273.668	-11	8	32
2.747	4.369	-213.956	-274.390	-11	8	32
2.768	4.361	-213.039	-275.134	-10	8	29
2.788	4.353	-212.111	-275.916	-11	9	32
2.809	4.345	-211.180	-276.697	-11	9	32
2.830	4.337	-210.248	-277.476	-11	9	32
2.851	4.331	-209.411	-278.306	-10	9	29
2.872	4.326	-208.595	-279.201	-9	10	29
2.894	4.321	-207.777	-280.094	-9	10	29
2.915	4.316	-206.956	-280.986	-9	10	29
2.937	4.311	-206.132	-281.876	-9	10	29
2.958	4.306	-205.306	-282.766	-9	10	29
2.980	4.301	-204.477	-283.654	-9	10	29
3.001	4.296	-203.646	-284.540	-9	10	29
3.023	4.291	-202.812	-285.426	-9	10	29
3.044	4.286	-201.976	-286.310	-10	10	29
3.066	4.280	-201.137	-287.192	-10	10	29
3.087	4.275	-200.296	-288.073	-10	10	29
3.109	4.273	-199.592	-289.027	-8	11	32
3.131	4.272	-198.916	-290.046	-8	12	35
3.152	4.270	-198.254	-291.038	-8	11	32
3.174	4.269	-197.571	-292.055	-8	12	35
3.197	4.267	-196.886	-293.071	-8	12	35
3.219	4.266	-196.198	-294.086	-8	12	35
3.241	4.264	-195.506	-295.100	-8	12	35
3.263	4.263	-194.812	-296.113	-8	12	35
3.285	4.262	-194.114	-297.125	-8	12	35
3.307	4.260	-193.414	-298.136	-8	12	35
3.329	4.259	-192.710	-299.146	-8	11	32
3.351	4.257	-192.004	-300.155	-8	11	32
3.373	4.257	-191.362	-301.168	-7	12	35
3.395	4.259	-190.822	-302.286	-6	13	38
3.417	4.261	-190.278	-303.402	-6	13	38
3.439	4.263	-189.731	-304.518	-6	13	38
3.461	4.265	-189.181	-305.634	-6	13	38
3.483	4.267	-188.627	-306.749	-6	13	38
3.505	4.269	-188.070	-307.863	-6	13	38
3.527	4.271	-187.509	-308.976	-6	13	38
3.549	4.273	-186.945	-310.089	-6	13	38
3.571	4.275	-186.378	-311.201	-6	13	38
3.593	4.278	-185.808	-312.313	-6	13	38
3.615	4.280	-185.234	-313.424	-7	13	38
3.637	4.282	-184.656	-314.534	-7	13	38
3.658	4.286	-184.229	-315.676	-5	13	38
3.680	4.292	-183.831	-316.867	-5	14	41
3.701	4.297	-183.430	-318.057	-5	14	41
3.723	4.303	-183.025	-319.247	-5	14	41
3.744	4.308	-182.615	-320.436	-5	14	41
3.765	4.314	-182.203	-321.626	-5	14	41
3.787	4.319	-181.786	-322.815	-5	14	41
3.808	4.325	-181.366	-324.003	-5	14	41
3.830	4.330	-180.943	-325.192	-5	14	41
3.851	4.336	-180.515	-326.380	-5	14	41
3.873	4.341	-180.084	-327.567	-5	14	41
3.894	4.347	-179.650	-328.755	-5	14	41
3.915	4.353	-179.248	-329.921	-5	13	38
3.936	4.360	-178.889	-331.141	-4	14	41
3.956	4.366	-178.523	-332.329	-4	14	41
3.978	4.373	-178.119	-333.545	-5	14	41
3.999	4.379	-177.702	-334.729	-5	13	38
4.019	4.380	-177.122	-335.710	-7	11	32
4.026	4.359	-175.909	-335.351	-14	-4	41
4.032	4.338	-174.690	-334.959	-14	-4	41
4.039	4.317	-173.504	-334.572	-13	-4	38
4.046	4.296	-172.287	-334.171	-14	-5	41
4.052	4.275	-171.103	-333.773	-13	-5	38
4.059	4.254	-169.888	-333.361	-14	-5	41
4.065	4.233	-168.704	-332.958	-13	-5	38
4.072	4.212	-167.491	-332.571	-14	-4	41
4.079	4.191	-166.278	-332.181	-14	-4	41
4.086	4.170	-165.064	-331.788	-14	-4	41
4.093	4.149	-163.851	-331.393	-14	-4	41
4.100	4.128	-162.637	-330.995	-14	-5	41
4.107	4.107	-161.422	-330.595	-14	-5	41
4.114	4.086	-160.208	-330.192	-14	-5	41
4.120	4.065	-158.992	-329.787	-14	-5	41
4.127	4.044	-157.777	-329.379	-14	-5	41
4.134	4.023	-156.561	-328.969	-14	-5	41
4.141	4.002	-155.345	-328.556	-14	-5	41
4.148	3.981	-154.129	-328.140	-14	-5	41
4.155	3.960	-152.913	-327.722	-14	-5	41
4.162	3.939	-151.696	-327.301	-14	-5	41
4.169	3.918	-150.479	-326.878	-14	-5	41
4.176	3.897	-149.261	-326.453	-14	-5	41
4.183	3.876	-148.043	-326.024	-14	-5	41
4.190	3.855	-146.825	-325.594	-14	-5	41
4.197	3.834	-145.607	-325.161	-14	-5	41
4.204	3.814	-144.411	-324.766	-14	-4	41
4.212	3.793	-143.177	-324.380	-14	-4	41
4.220	3.772	-141.943	-323.991	-14	-4	41
4.228	3.752	-140.708	-323.600	-14	-4	41
4.235	3.731	-139.473	-323.207	-14	-4	41
4.243	3.710	-138.238	-322.811	-14	-5	41
4.251	3.690	-137.003	-322.412	-14	-5	41
4.259	3.669	-135.768	-322.011	-14	-5	41
4.267	3.648	-134.533	-321.607	-14	-5	41
4.275	3.627	-133.297	-321.201	-14	-5	41
4.283	3.607	-132.061	-320.792	-14	-5	41
4.290	3.586	-130.825	-320.381	-14	-5	41
4.298	3.565	-129.589	-319.967	-14	-5	41
4.306	3.545	-128.352	-319.551	-14	-5	41
4.314	3.524	-127.116	-319.132	-14	-5	41
4.322	3.503	-125.879	-318.711	-14	-5	41
4.330	3.483	-124.642	-318.287	-14	-5	41
4.338	3.462	-123.405	-317.861	-14	-5	41
4.345	3.441	-122.168	-317.432	-14	-5	41
4.353	3.420	-120.930	-317.001	-14	-5	41
4.361	3.400	-119.692	-316.567	-14	-5	41
4.369	3.380	-118.479	-316.184	-14	-4	41
4.378	3.359	-117.232	-315.793	-14	-4	41
4.387	3.339	-115.986	-315.399	-14	-4	41
4.395	3.319	-114.739	-315.003	-14	-5	41
4.404	3.298	-113.492	-314.605	-14	-5	41
4.413	3.279	-112.277	-314.214	-14	-4	41
4.421	3.258	-111.030	-313.811	-14	-5	41
4.430	3.238	-109.783	-313.405	-14	-5	41
4.438	3.218	-108.536	-312.996	-14	-5	41
4.447	3.197	-107.288	-312.586	-14	-5	41
4.456	3.177	-106.041	-312.172	-14	-5	41
4.464	3.156	-104.793	-311.756	-14	-5	41
4.473	3.136	-103.545	-311.338	-14	-5	41
4.482	3.116	-102.297	-310.917	-14	-5	41
4.490	3.095	-101.049	-310.494	-14	-5	41
4.499	3.075	-99.801	-310.069	-14	-5	41
4.508	3.055	-98.553	-309.641	-14	-5	41
4.516	3.034	-97.305	-309.210	-14	-5	41
4.525	3.014	-96.057	-308.777	-14	-5	41
4.534	2.994	-94.808	-308.342	-14	-5	41
4.542	2.973	-93.560	-307.904	-14	-5	41
4.551	2.954	-92.339	-307.497	-14	-5	41
4.561	2.934	-91.082	-307.100	-14	-5	41
4.570	2.914	-89.825	-306.701	-14	-5	41
4.579	2.894	-88.568	-306.299	-14	-5	41
4.589	2.873	-87.311	-305.895	-14	-5	41
4.598	2.853	-86.054	-305.488	-14	-5	41
4.608	2.833	-84.797	-305.079	-14	-5	41
4.617	2.813	-83.540	-304.667	-14	-5	41
4.627	2.793	-82.282	-304.253	-14	-5	41
4.636	2.773	-81.025	-303.837	-14	-5	41
4.645	2.753	-79.768	-303.418	-14	-5	41
4.655	2.733	-78.510	-302.997	-14	-5	41
4.664	2.713	-77.253	-302.573	-14	-5	41
4.674	2.693	-75.995	-302.147	-14	-5	41
4.683	2.673	-74.737	-301.718	-14	-5	41
4.693	2.653	-73.480	-301.287	-14	-5	41
4.702	2.633	-72.222	-300.854	-14	-5	41
4.712	2.613	-70.964	-300.418	-14	-5	41
4.721	2.593	-69.706	-299.980	-14	-5	41
4.730	2.573	-68.449	-299.540	-14	-5	41
4.740	2.553	-67.191	-299.097	-14	-5	41
4.749	2.533	-65.933	-298.652	-14	-5	41
4.759	2.514	-64.704	-298.238	-14	-5	41
4.769	2.494	-63.442	-297.810	-14	-5	41
4.778	2.474	-62.181	-297.380	-14	-5	41
4.788	2.454	-60.920	-296.948	-14	-5	41
4.798	2.434	-59.658	-296.514	-14	-5	41
4.808	2.415	-58.397	-296.077	-14	-5	41
4.818	2.395	-57.135	-295.638	-14	-5	41
4.828	2.375	-55.874	-295.196	-14	-5	41
4.837	2.355	-54.612	-294.752	-14	-5	41
4.847	2.335	-53.351	-294.306	-14	-5	41
4.857	2.316	-52.121	-293.868	-14	-5	41
4.852	2.294	-51.209	-292.775	-10	-12	35
4.847	2.272	-50.296	-291.681	-10	-12	35
4.843	2.251	-49.380	-290.586	-10	-12	35
4.838	2.229	-48.464	-289.490	-10	-12	35
4.834	2.208	-47.549	-288.440	-10	-12	35
4.830	2.186	-46.601	-287.367	-11	-12	35
4.827	2.164	-45.651	-286.295	-11	-12	35
4.823	2.142	-44.700	-285.221	-11	-12	35
4.819	2.120	-43.748	-284.147	-11	-12	35
4.816	2.099	-42.792	-283.122	-11	-12	35
4.813	2.077	-41.781	-282.097	-12	-12	35
4.811	2.055	-40.768	-281.071	-12	-12	35
4.809	2.033	-39.754	-280.043	-12	-12	35
4.806	2.010	-38.739	-279.015	-12	-12	35
4.805	1.989	-37.737	-278.028	-11	-11	32
4.804	1.967	-36.671	-277.057	-12	-11	35
4.803	1.945	-35.604	-276.086	-12	-11	35
4.802	1.923	-34.537	-275.113	-12	-11	35
4.802	1.901	-33.468	-274.139	-12	-11	35
4.801	1.879	-32.415	-273.203	-12	-11	35
4.803	1.857	-31.288	-272.291	-13	-10	38
4.804	1.835	-30.161	-271.379	-13	-10	38
4.805	1.812	-29.033	-270.465	-13	-10	38
4.806	1.790	-27.904	-269.549	-13	-10	38
4.808	1.769	-26.775	-268.715	-13	-9	38
4.812	1.747	-25.587	-267.918	-14	-9	41
4.816	1.725	-24.398	-267.118	-14	-9	41
4.820	1.703	-23.208	-266.318	-14	-9	41
4.823	1.682	-22.019	-265.516	-14	-9	41
4.827	1.660	-20.829	-264.712	-14	-9	41
4.831	1.638	-19.638	-263.907	-14	-9	41
4.835	1.616	-18.448	-263.100	-14	-9	41
4.839	1.594	-17.257	-262.291	-14	-9	41
4.842	1.573	-16.065	-261.482	-14	-9	41
4.846	1.551	-14.874	-260.670	-14	-9	41
4.852	1.530	-13.682	-259.971	-14	-8	41
4.859	1.509	-12.432	-259.337	-14	-7	41
4.867	1.488	-11.181	-258.702	-14	-7	41
4.875	1.468	-9.930	-258.064	-14	-7	41
4.882	1.447	-8.679	-257.425	-14	-7	41
4.890	1.426	-7.428	-256.784	-14	-7	41
4.897	1.405	-6.177	-256.140	-14	-7	41
4.905	1.384	-4.926	-255.495	-14	-7	41
4.912	1.364	-3.706	-254.865	-14	-7	41
4.920	1.343	-2.455	-254.216	-14	-7	41
4.928	1.323	-1.234	-253.611	-14	-7	41
4.939	1.304	0.034	-253.177	-14	-5	41
4.950	1.285	1.301	-252.741	-14	-5	41
4.962	1.266	2.569	-252.302	-14	-5	41
4.973	1.247	3.837	-251.862	-14	-5	41
4.984	1.228	5.104	-251.419	-14	-5	41
4.996	1.209	6.372	-250.975	-14	-5	41
5.007	1.190	7.639	-250.528	-14	-5	41
5.018	1.171	8.907	-250.078	-14	-5	41
5.030	1.152	10.174	-249.627	-14	-5	41
5.041	1.133	11.442	-249.173	-14	-5	41
5.055	1.117	12.655	-248.916	-14	-3	41
5.069	1.100	13.897	-248.677	-14	-3	41
5.084	1.083	15.138	-248.437	-14	-3	41
5.099	1.067	16.380	-248.194	-14	-3	41
5.113	1.050	17.622	-247.949	-14	-3	41
5.128	1.033	18.864	-247.701	-14	-3	41
5.142	1.017	20.106	-247.451	-14	-3	41
5.157	1.000	21.349	-247.198	-14	-3	41
5.171	0.983	22.591	-246.944	-14	-3	41
5.186	0.967	23.834	-246.686	-14	-3	41
5.200	0.951	25.041	-246.447	-14	-3	41
5.216	0.935	26.260	-246.291	-14	-2	41
5.232	0.920	27.479	-246.132	-14	-2	41
5.248	0.905	28.699	-245.971	-14	-2	41
5.264	0.889	29.918	-245.807	-14	-2	41
5.279	0.874	31.092	-245.594	-13	-2	38
5.274	0.852	32.025	-244.419	-11	-13	38
5.268	0.831	32.959	-243.244	-11	-13	38
5.263	0.810	33.851	-242.095	-10	-13	38
5.257	0.788	34.745	-240.910	-10	-13	38
5.251	0.767	35.641	-239.725	-10	-13	38
5.245	0.746	36.467	-238.549	-9	-13	38
5.237	0.726	37.307	-237.337	-10	-14	41
5.230	0.705	38.148	-236.125	-10	-14	41
5.222	0.684	38.934	-234.926	-9	-14	41
5.214	0.664	39.733	-233.690	-9	-14	41
5.206	0.643	40.534	-232.454	-9	-14	41
5.196	0.624	41.252	-231.233	-8	-14	41
5.186	0.604	41.979	-229.976	-8	-14	41
5.176	0.584	42.664	-228.745	-8	-14	41
5.165	0.565	43.343	-227.475	-8	-14	41
5.168	0.553	44.044	-227.000	-8	-5	23
5.191	0.549	44.820	-227.588	-9	7	26
5.212	0.547	45.537	-228.196	-8	7	23
5.234	0.545	46.222	-228.867	-8	8	23
5.256	0.545	46.869	-229.540	-7	8	23
5.278	0.545	47.448	-230.310	-7	9	26
5.300	0.546	48.029	-231.077	-7	9	26
5.322	0.547	48.612	-231.844	-7	9	26
5.344	0.548	49.180	-232.592	-6	9	26
5.366	0.549	49.733	-233.390	-6	9	26
5.388	0.550	50.288	-234.188	-6	9	26
5.410	0.552	50.845	-234.983	-6	9	26
5.432	0.553	51.404	-235.777	-6	9	26
5.454	0.556	51.880	-236.611	-5	9	26
5.476	0.559	52.363	-237.472	-6	10	29
5.497	0.562	52.832	-238.312	-5	10	29
5.519	0.566	53.257	-239.218	-5	10	29
5.538	0.565	53.847	-239.791	-7	7	20
5.548	0.546	55.120	-239.189	-14	-7	41
5.559	0.526	56.393	-238.586	-14	-7	41
5.569	0.506	57.666	-237.981	-14	-7	41
5.580	0.488	58.901	-237.469	-14	-6	41
5.593	0.470	60.164	-237.033	-14	-5	41
5.606	0.452	61.427	-236.595	-14	-5	41
5.619	0.434	62.690	-236.155	-14	-5	41
5.632	0.416	63.954	-235.712	-14	-5	41
5.645	0.398	65.217	-235.268	-14	-5	41
5.658	0.380	66.480	-234.821	-14	-5	41
5.671	0.362	67.743	-234.372	-14	-5	41
5.684	0.344	69.006	-233.921	-14	-5	41
5.700	0.330	70.180	-233.729	-13	-2	38
5.717	0.316	71.369	-233.597	-14	-1	41
5.734	0.302	72.559	-233.463	-14	-2	41
5.752	0.288	73.749	-233.326	-14	-2	41
5.769	0.274	74.939	-233.187	-14	-2	41
5.786	0.260	76.130	-233.046	-14	-2	41
5.803	0.246	77.320	-232.902	-14	-2	41
5.821	0.232	78.512	-232.756	-14	-2	41
5.838	0.219	79.703	-232.608	-14	-2	41
5.855	0.206	80.822	-232.554	-13	-1	38
5.875	0.197	81.888	-232.680	-12	1	35
5.895	0.187	82.955	-232.804	-12	1	35
5.915	0.177	84.023	-232.926	-12	1	35
5.935	0.167	85.091	-233.045	-12	1	35
5.955	0.157	86.160	-233.161	-12	1	35
5.974	0.147	87.229	-233.275	-12	1	35
5.994	0.138	88.300	-233.387	-12	1	35
6.014	0.128	89.371	-233.497	-12	1	35
6.034	0.118	90.442	-233.604	-12	1	35
6.053	0.109	91.460	-233.703	-12	1	35
6.074	0.103	92.388	-234.041	-11	4	32
6.095	0.097	93.318	-234.378	-11	4	32
6.117	0.091	94.249	-234.711	-11	4	32
6.138	0.085	95.181	-235.043	-11	4	32
6.159	0.079	96.114	-235.372	-11	4	32
6.181	0.073	97.048	-235.700	-11	4	32
6.202	0.067	97.983	-236.024	-11	4	32
6.224	0.061	98.919	-236.347	-11	4	32
6.245	0.055	99.856	-236.667	-11	4	32
6.266	0.049	100.795	-236.985	-11	4	32
6.288	0.044	101.734	-237.301	-11	4	32
6.309	0.040	102.554	-237.736	-9	5	26
6.331	0.037	103.389	-238.192	-9	5	26
6.353	0.033	104.225	-238.645	-10	5	29
6.375	0.030	105.062	-239.097	-10	5	29
6.397	0.027	105.901	-239.546	-10	5	29
6.418	0.023	106.719	-239.982	-9	5	26
6.440	0.021	107.504	-240.496	-9	6	26
6.462	0.019	108.291	-241.007	-9	6	26
6.484	0.017	109.079	-241.516	-9	6	26
6.506	0.015	109.869	-242.024	-9	6	26
6.528	0.013	110.660	-242.529	-9	6	26
6.550	0.011	111.453	-243.032	-9	6	26
6.572	0.009	112.222	-243.524	-9	6	26
6.594	0.008	112.986	-244.058	-9	6	26
6.616	0.006	113.750	-244.589	-9	6	26
6.638	0.005	114.516	-245.118	-9	6	26
6.660	0.004	115.284	-245.645	-9	6	26
6.682	0.002	116.053	-246.171	-9	6	26
6.705	0.001	116.823	-246.694	-9	6	26
6.722	0.008	117.026	-247.538	-2	10	29
6.717	0.027	115.974	-248.371	12	9	35
6.707	0.047	114.709	-249.120	14	9	41
6.698	0.067	113.484	-249.844	14	8	41
6.688	0.086	112.228	-250.584	14	8	41
6.679	0.106	110.995	-251.309	14	8	41
6.669	0.126	109.726	-252.053	14	8	41
6.659	0.146	108.497	-252.784	14	8	41
6.650	0.166	107.247	-253.544	14	9	41
6.641	0.186	105.997	-254.302	14	9	41
6.632	0.206	104.747	-255.059	14	9	41
6.623	0.226	103.497	-255.815	14	9	41
6.614	0.246	102.283	-256.575	14	9	41
6.606	0.266	101.039	-257.369	14	9	41
6.597	0.287	99.794	-258.161	14	9	41
6.589	0.307	98.550	-258.951	14	9	41
6.580	0.328	97.306	-259.740	14	9	41
6.572	0.348	96.062	-260.527	14	9	41
6.564	0.368	94.853	-261.298	14	9	41
6.556	0.389	93.617	-262.097	14	9	41
6.547	0.409	92.382	-262.894	14	9	41
6.539	0.430	91.146	-263.689	14	9	41
6.531	0.451	89.911	-264.483	14	9	41
6.523	0.471	88.675	-265.276	14	9	41
6.515	0.492	87.440	-266.067	14	9	41
6.511	0.513	86.294	-267.013	13	11	38
6.517	0.529	85.751	-267.991	6	11	32
6.539	0.532	86.332	-268.735	-7	8	23
6.561	0.533	86.994	-269.437	-8	8	23
6.583	0.534	87.673	-270.089	-8	7	23
6.605	0.534	88.390	-270.737	-8	7	23
6.627	0.534	89.083	-271.372	-8	7	23
6.649	0.535	89.788	-272.028	-8	7	23
6.671	0.536	90.494	-272.683	-8	7	23
6.693	0.536	91.182	-273.321	-8	7	23
6.715	0.538	91.845	-274.018	-8	8	23
6.738	0.539	92.511	-274.714	-8	8	23
6.760	0.541	93.177	-275.407	-8	8	23
6.781	0.542	93.823	-276.086	-7	8	23
6.803	0.545	94.457	-276.807	-7	8	23
6.825	0.547	95.092	-277.527	-7	8	23
6.847	0.549	95.729	-278.245	-7	8	23
6.869	0.553	96.280	-279.010	-6	9	26
6.891	0.557	96.794	-279.842	-6	9	26
6.893	0.575	96.078	-280.762	8	10	29
6.882	0.594	94.835	-281.453	14	8	41
6.871	0.612	93.587	-282.068	14	7	41
6.858	0.631	92.307	-282.655	15	7	43
6.846	0.649	91.070	-283.237	14	7	41
6.834	0.668	89.803	-283.838	14	7	41
6.822	0.686	88.537	-284.436	14	7	41
6.811	0.705	87.306	-285.043	14	7	41
6.800	0.724	86.049	-285.710	14	8	41
6.790	0.743	84.791	-286.374	14	8	41
6.779	0.763	83.534	-287.037	14	8	41
6.769	0.782	82.309	-287.716	14	8	41
6.759	0.802	81.051	-288.430	14	8	41
6.749	0.822	79.794	-289.143	14	8	41
6.741	0.842	78.591	-289.896	14	9	41
6.736	0.864	77.417	-290.846	13	11	38
6.746	0.882	76.897	-292.040	6	14	41
6.759	0.899	76.591	-293.260	3	14	41
6.774	0.915	76.321	-294.483	3	14	41
6.788	0.932	76.052	-295.738	3	14	41
6.803	0.948	75.834	-296.944	2	14	41
6.818	0.964	75.617	-298.180	2	14	41
6.832	0.980	75.351	-299.394	3	14	41
6.846	0.998	75.048	-300.645	3	14	41
6.860	1.015	74.748	-301.896	3	14	41
6.874	1.032	74.451	-303.148	3	14	41
6.888	1.049	74.155	-304.399	3	14	41
6.902	1.066	73.862	-305.650	3	14	41
6.916	1.084	73.572	-306.901	3	14	41
6.930	1.101	73.283	-308.152	3	14	41
6.944	1.118	72.997	-309.403	3	14	41
6.958	1.135	72.714	-310.653	3	14	41
6.971	1.152	72.433	-311.904	3	14	41
6.983	1.171	72.022	-313.133	5	14	41
6.993	1.190	71.520	-314.400	6	14	41
7.004	1.210	71.019	-315.668	6	14	41
7.014	1.229	70.521	-316.935	6	14	41
7.025	1.249	70.025	-318.202	6	14	41
7.035	1.268	69.531	-319.470	6	14	41
7.046	1.287	69.039	-320.737	6	14	41
7.056	1.307	68.550	-322.004	6	14	41
7.067	1.326	68.062	-323.272	6	14	41
7.077	1.346	67.577	-324.539	6	14	41
7.087	1.365	67.100	-325.773	5	14	41
7.094	1.386	66.398	-327.011	8	14	41
7.100	1.407	65.698	-328.248	8	14	41
7.107	1.428	65.000	-329.485	8	14	41
7.113	1.450	64.303	-330.722	8	14	41
7.120	1.471	63.609	-331.959	8	14	41
7.126	1.492	62.916	-333.196	8	14	41
7.133	1.513	62.224	-334.432	8	14	41
7.139	1.534	61.535	-335.669	8	14	41
7.146	1.556	60.847	-336.905	8	14	41
7.152	1.577	60.161	-338.141	8	14	41
7.157	1.598	59.445	-339.326	8	13	38
7.160	1.620	58.584	-340.491	10	13	38
7.162	1.641	57.726	-341.656	10	13	38
7.165	1.663	56.868	-342.820	10	13	38
7.168	1.685	56.012	-343.984	10	13	38
7.170	1.707	55.157	-345.147	10	13	38
7.173	1.729	54.304	-346.310	10	13	38
7.176	1.751	53.452	-347.473	10	13	38
7.178	1.773	52.602	-348.635	10	13	38
7.181	1.795	51.753	-349.796	10	13	38
7.183	1.817	50.905	-350.958	10	13	38
7.186	1.839	50.059	-352.118	10	13	38
7.187	1.861	49.152	-353.197	10	12	35
7.187	1.883	48.203	-354.292	11	12	35
7.187	1.905	47.255	-355.386	11	12	35
7.187	1.927	46.309	-356.479	11	12	35
7.187	1.949	45.363	-357.571	11	12	35
7.185	1.971	44.391	-358.588	11	12	35
7.184	1.993	43.394	-359.632	11	12	35
7.183	2.015	42.399	-360.674	11	12	35
7.181	2.037	41.404	-361.715	11	12	35
7.180	2.059	40.410	-362.755	11	12	35
7.177	2.081	39.396	-363.726	12	11	35
7.174	2.103	38.354	-364.718	12	11	35
7.171	2.125	37.313	-365.710	12	11	35
7.169	2.147	36.272	-366.700	12	11	35
7.166	2.168	35.255	-367.658	12	11	35
7.161	2.190	34.162	-368.577	12	10	35
7.157	2.212	33.070	-369.495	12	10	35
7.152	2.233	31.979	-370.411	12	10	35
7.147	2.255	30.888	-371.326	12	10	35
7.142	2.276	29.802	-372.178	12	10	35
7.137	2.297	28.684	-373.044	13	10	38
7.135	2.318	27.759	-373.980	11	11	32
7.145	2.337	27.356	-375.247	5	14	41
7.156	2.357	26.956	-376.514	5	14	41
7.167	2.376	26.557	-377.781	5	14	41
7.177	2.395	26.164	-379.015	4	14	41
7.187	2.415	25.743	-380.278	5	14	41
7.197	2.434	25.325	-381.542	5	14	41
7.207	2.454	24.908	-382.805	5	14	41
7.217	2.474	24.494	-384.069	5	14	41
7.227	2.494	24.083	-385.333	5	14	41
7.237	2.513	23.664	-386.562	5	14	41
7.247	2.533	23.223	-387.822	5	14	41
7.256	2.553	22.784	-389.082	5	14	41
7.266	2.573	22.348	-390.342	5	14	41
7.275	2.593	21.915	-391.602	5	14	41
7.285	2.613	21.484	-392.861	5	14	41
7.294	2.633	21.055	-394.121	5	14	41
7.304	2.653	20.629	-395.381	5	14	41
7.314	2.673	20.205	-396.641	5	14	41
7.323	2.692	19.793	-397.868	5	14	41
7.332	2.712	19.361	-399.126	5	14	41
7.342	2.732	18.931	-400.383	5	14	41
7.351	2.752	18.504	-401.641	5	14	41
7.360	2.772	18.089	-402.866	5	14	41
7.369	2.792	17.667	-404.124	5	14	41
7.379	2.812	17.247	-405.381	5	14	41
7.388	2.832	16.829	-406.638	5	14	41
7.397	2.852	16.413	-407.895	5	14	41
7.407	2.872	16.001	-409.153	5	14	41
7.416	2.892	15.590	-410.410	5	14	41
7.425	2.912	15.179	-411.632	5	14	41
7.434	2.932	14.756	-412.885	5	14	41
7.443	2.953	14.335	-414.138	5	14	41
7.452	2.973	13.917	-415.391	5	14	41
7.461	2.993	13.501	-416.644	5	14	41
7.470	3.013	13.088	-417.897	5	14	41
7.479	3.033	12.677	-419.150	5	14	41
7.488	3.053	12.269	-420.402	5	14	41
7.497	3.073	11.873	-421.623	5	14	41
7.506	3.094	11.441	-422.871	5	14	41
7.514	3.114	11.012	-424.119	5	14	41
7.523	3.134	10.585	-425.366	5	14	41
7.531	3.155	10.160	-426.614	5	14	41
7.540	3.175	9.738	-427.862	5	14	41
7.548	3.196	9.319	-429.109	5	14	41
7.557	3.216	8.902	-430.356	5	14	41
7.566	3.236	8.487	-431.604	5	14	41
7.574	3.257	8.075	-432.851	5	14	41
7.583	3.277	7.665	-434.098	5	14	41
7.591	3.298	7.258	-435.345	5	14	41
7.600	3.318	6.853	-436.591	5	14	41
7.608	3.339	6.451	-437.838	5	14	41
7.617	3.359	6.051	-439.085	5	14	41
7.626	3.379	5.654	-440.331	5	14	41
7.634	3.399	5.253	-441.541	5	14	41
7.642	3.420	4.827	-442.779	5	14	41
7.650	3.441	4.403	-444.016	5	14	41
7.658	3.461	3.982	-445.254	5	14	41
7.666	3.482	3.563	-446.491	5	14	41
7.674	3.502	3.146	-447.728	5	14	41
7.682	3.523	2.732	-448.965	5	14	41
7.689	3.544	2.321	-450.201	5	14	41
7.697	3.564	1.912	-451.438	5	14	41
7.705	3.585	1.505	-452.674	5	14	41
7.713	3.606	1.101	-453.910	5	14	41
7.721	3.626	0.700	-455.146	5	14	41
7.729	3.647	0.301	-456.382	5	14	41
7.737	3.667	-0.096	-457.618	5	14	41
7.745	3.688	-0.490	-458.853	4	14	41
7.753	3.709	-0.881	-460.088	4	14	41
7.760	3.729	-1.293	-461.285	5	14	41
7.768	3.750	-1.714	-462.512	5	14	41
7.775	3.771	-2.134	-463.739	5	14	41
7.783	3.792	-2.551	-464.965	5	14	41
7.790	3.813	-2.965	-466.192	5	14	41
7.797	3.833	-3.377	-467.418	5	14	41
7.805	3.854	-3.786	-468.644	5	14	41
7.812	3.875	-4.193	-469.870	5	14	41
7.819	3.896	-4.597	-471.095	5	14	41
7.827	3.917	-4.999	-472.320	5	14	41
7.834	3.938	-5.398	-473.545	5	14	41
7.842	3.959	-5.795	-474.770	5	14	41
7.849	3.980	-6.189	-475.994	4	14	41
7.856	4.000	-6.580	-477.218	4	14	41
7.864	4.021	-6.969	-478.442	4	14	41
7.870	4.042	-7.385	-479.624	5	13	38
7.877	4.063	-7.810	-480.836	5	14	41
7.883	4.084	-8.232	-482.048	5	14	41
7.890	4.105	-8.651	-483.259	5	14	41
7.897	4.126	-9.069	-484.471	5	14	41
7.903	4.147	-9.483	-485.682	5	14	41
7.910	4.169	-9.895	-486.892	5	14	41
7.917	4.190	-10.304	-488.102	5	14	41
7.924	4.211	-10.711	-489.312	5	14	41
7.930	4.232	-11.115	-490.521	5	14	41
7.937	4.253	-11.517	-491.730	5	14	41
7.944	4.274	-11.916	-492.939	5	14	41
7.950	4.295	-12.313	-494.147	5	14	41
7.957	4.316	-12.695	-495.328	4	13	38
7.964	4.337	-13.080	-496.555	4	14	41
7.972	4.357	-13.366	-497.761	3	14	41
7.981	4.377	-13.564	-498.993	2	14	41
8.000	4.378	-12.701	-499.672	-10	8	29
8.022	4.372	-11.485	-500.085	-14	5	41
8.043	4.365	-10.297	-500.467	-14	4	41
8.063	4.358	-9.107	-500.840	-14	4	41
8.085	4.351	-7.879	-501.204	-14	4	41
8.105	4.345	-6.699	-501.587	-13	4	38
8.127	4.340	-5.512	-502.027	-14	5	41
8.148	4.334	-4.325	-502.464	-14	5	41
8.170	4.329	-3.138	-502.897	-14	5	41
8.191	4.324	-1.950	-503.327	-14	5	41
8.213	4.318	-0.762	-503.753	-14	5	41
8.234	4.313	0.426	-504.175	-14	5	41
8.256	4.307	1.615	-504.593	-14	5	41
8.277	4.302	2.773	-504.998	-13	5	38
8.298	4.297	3.963	-505.409	-14	5	41
8.320	4.291	5.153	-505.816	-14	5	41
8.341	4.286	6.343	-506.220	-14	5	41
8.362	4.281	7.496	-506.624	-13	5	38
8.384	4.279	8.605	-507.205	-13	7	38
8.406	4.277	9.714	-507.781	-13	7	38
8.428	4.275	10.824	-508.355	-13	7	38
8.450	4.273	11.935	-508.925	-13	6	38
8.472	4.271	13.046	-509.492	-13	6	38
8.494	4.269	14.158	-510.056	-13	6	38
8.517	4.267	15.271	-510.616	-13	6	38
8.539	4.265	16.384	-511.173	-13	6	38
8.561	4.263	17.498	-511.726	-13	6	38
8.583	4.261	18.613	-512.276	-13	6	38
8.605	4.259	19.728	-512.823	-13	6	38
8.627	4.257	20.844	-513.366	-13	6	38
8.648	4.257	21.851	-514.020	-11	7	32
8.670	4.259	22.860	-514.729	-11	8	32
8.693	4.260	23.869	-515.435	-11	8	32
8.715	4.262	24.880	-516.138	-12	8	35
8.737	4.263	25.892	-516.838	-12	8	35
8.759	4.265	26.905	-517.535	-12	8	35
8.781	4.266	27.919	-518.229	-12	8	35
8.803	4.268	28.933	-518.920	-12	8	35
8.825	4.269	29.949	-519.608	-12	8	35
8.847	4.270	30.966	-520.293	-12	8	35
8.869	4.272	31.983	-520.975	-12	8	35
8.891	4.273	33.002	-521.654	-12	8	35
8.913	4.277	33.921	-522.402	-10	9	29
8.934	4.282	34.804	-523.240	-10	10	29
8.956	4.287	35.689	-524.077	-10	10	29
8.977	4.292	36.574	-524.910	-10	9	29
8.999	4.297	37.462	-525.742	-10	9	29
9.020	4.302	38.350	-526.570	-10	9	29
9.042	4.307	39.240	-527.397	-10	9	29
9.063	4.312	40.131	-528.220	-10	9	29
9.085	4.317	41.023	-529.042	-10	9	29
9.106	4.322	41.917	-529.860	-10	9	29
9.128	4.327	42.812	-530.676	-10	9	29
9.150	4.332	43.709	-531.490	-10	9	29
9.170	4.339	44.507	-532.355	-9	10	29
9.191	4.346	45.288	-533.280	-9	11	32
9.212	4.354	46.071	-534.203	-9	11	32
9.232	4.362	46.855	-535.124	-9	10	29
9.252	4.370	47.587	-536.047	-8	11	32
9.273	4.379	48.313	-537.017	-8	11	32
9.293	4.388	49.041	-537.985	-8	11	32
9.313	4.397	49.770	-538.951	-8	11	32
9.333	4.406	50.501	-539.915	-8	11	32
9.353	4.415	51.196	-540.868	-8	11	32
9.373	4.425	51.886	-541.862	-8	11	32
9.393	4.435	52.578	-542.854	-8	11	32
9.412	4.444	53.272	-543.845	-8	11	32
9.432	4.454	53.967	-544.834	-8	11	32
9.452	4.464	54.625	-545.813	-7	11	32
9.471	4.475	55.261	-546.850	-7	12	35
9.490	4.486	55.899	-547.885	-7	12	35
9.509	4.497	56.538	-548.919	-7	12	35
9.528	4.508	57.142	-549.937	-7	12	35
9.546	4.521	57.702	-551.013	-6	12	35
9.565	4.533	58.265	-552.089	-6	12	35
9.583	4.545	58.812	-553.137	-6	12	35
9.601	4.558	59.328	-554.243	-6	13	38
9.618	4.572	59.845	-555.347	-6	13	38
9.636	4.585	60.364	-556.450	-6	13	38
9.654	4.598	60.886	-557.552	-6	13	38
9.671	4.611	61.366	-558.641	-5	12	35
9.689	4.625	61.860	-559.757	-6	13	38
9.706	4.639	62.356	-560.873	-6	13	38
9.723	4.652	62.839	-561.960	-5	12	35
9.739	4.667	63.231	-563.136	-4	13	38
9.755	4.683	63.603	-564.283	-4	13	38
9.763	4.700	63.529	-565.375	1	12	35
9.742	4.705	62.318	-565.190	14	-2	41
9.721	4.710	61.126	-564.947	14	-3	41
9.699	4.715	59.905	-564.716	14	-3	41
9.677	4.720	58.684	-564.481	14	-3	41
9.656	4.725	57.463	-564.241	14	-3	41
9.634	4.730	56.242	-563.996	14	-3	41
9.613	4.735	55.021	-563.746	14	-3	41
9.591	4.740	53.801	-563.492	14	-3	41
9.570	4.745	52.580	-563.233	14	-3	41
9.548	4.750	51.360	-562.970	14	-3	41
9.526	4.754	50.140	-562.702	14	-3	41
9.506	4.760	48.947	-562.461	14	-3	41
9.485	4.768	47.688	-562.378	14	-1	41
9.464	4.776	46.429	-562.291	14	-1	41
9.444	4.784	45.170	-562.199	14	-1	41
9.423	4.793	43.911	-562.102	14	-1	41
9.403	4.801	42.652	-562.000	14	-1	41
9.382	4.809	41.393	-561.893	14	-1	41
9.362	4.817	40.134	-561.782	14	-1	41
9.342	4.825	38.908	-561.669	14	-1	41
9.321	4.834	37.649	-561.548	14	-1	41
9.302	4.843	36.420	-561.511	14	0	41
9.283	4.855	35.154	-561.604	14	1	41
9.264	4.866	33.888	-561.692	14	1	41
9.245	4.878	32.622	-561.775	14	1	41
9.227	4.890	31.356	-561.854	14	1	41
9.208	4.901	30.090	-561.928	14	1	41
9.189	4.913	28.824	-561.997	14	1	41
9.170	4.925	27.559	-562.061	14	1	41
9.152	4.937	26.293	-562.120	14	1	41
9.133	4.948	25.027	-562.174	14	1	41
9.116	4.962	23.819	-562.407	14	3	41
9.100	4.977	22.582	-562.663	14	3	41
9.083	4.992	21.346	-562.915	14	3	41
9.067	5.006	20.109	-563.162	14	3	41
9.050	5.021	18.873	-563.404	14	3	41
9.034	5.036	17.637	-563.642	14	3	41
9.017	5.050	16.401	-563.875	14	3	41
9.001	5.065	15.165	-564.103	14	3	41
8.984	5.080	13.930	-564.327	14	3	41
8.967	5.094	12.694	-564.546	14	2	41
8.953	5.111	11.532	-564.906	13	4	38
8.939	5.127	10.342	-565.276	14	4	41
8.924	5.144	9.151	-565.641	14	4	41
8.910	5.161	7.961	-566.002	14	4	41
8.895	5.177	6.772	-566.358	14	4	41
8.880	5.194	5.582	-566.710	14	4	41
8.867	5.211	4.437	-567.080	13	4	38
8.854	5.229	3.302	-567.546	13	5	38
8.841	5.247	2.167	-568.007	13	5	38
8.828	5.265	1.033	-568.465	13	5	38
8.816	5.283	-0.101	-568.918	13	5	38
8.803	5.301	-1.234	-569.367	13	5	38
8.790	5.319	-2.367	-569.811	13	5	38
8.779	5.338	-3.429	-570.316	12	6	35
8.768	5.357	-4.497	-570.871	12	6	35
8.757	5.376	-5.563	-571.422	12	6	35
8.746	5.396	-6.629	-571.969	12	6	35
8.736	5.415	-7.694	-572.512	12	6	35
8.725	5.434	-8.759	-573.050	12	6	35
8.714	5.454	-9.822	-573.585	12	6	35
8.704	5.473	-10.814	-574.169	11	7	32
8.695	5.493	-11.814	-574.794	11	7	32
8.686	5.514	-12.812	-575.414	11	7	32
8.677	5.534	-13.810	-576.031	11	7	32
8.668	5.554	-14.806	-576.643	11	7	32
8.659	5.574	-15.801	-577.252	11	7	32
8.649	5.594	-16.795	-577.857	11	7	32
8.641	5.614	-17.763	-578.442	11	7	32
8.631	5.634	-18.764	-579.021	11	7	32
8.622	5.654	-19.764	-579.596	11	7	32
8.612	5.674	-20.763	-580.167	11	6	32
8.603	5.694	-21.761	-580.733	11	6	32
8.593	5.714	-22.758	-581.296	11	6	32
8.584	5.734	-23.754	-581.854	11	6	32
8.574	5.754	-24.748	-582.409	11	6	32
8.565	5.774	-25.742	-582.959	11	6	32
8.555	5.794	-26.734	-583.505	11	6	32
8.546	5.814	-27.725	-584.047	11	6	32
8.537	5.834	-28.715	-584.584	11	6	32
8.527	5.854	-29.704	-585.117	11	6	32
8.517	5.873	-30.705	-585.572	11	5	32
8.505	5.892	-31.785	-585.948	12	4	35
8.493	5.910	-32.864	-586.318	12	4	35
8.481	5.929	-33.943	-586.685	12	4	35
8.469	5.948	-35.020	-587.046	12	4	35
8.457	5.966	-36.097	-587.403	12	4	35
8.445	5.985	-37.173	-587.754	12	4	35
8.434	6.004	-38.248	-588.101	12	4	35
8.422	6.023	-39.322	-588.443	12	4	35
8.410	6.041	-40.395	-588.781	12	4	35
8.398	6.060	-41.468	-589.113	12	4	35
8.385	6.077	-42.543	-589.366	12	3	35
8.371	6.094	-43.705	-589.493	13	1	38
8.356	6.110	-44.868	-589.614	13	1	38
8.341	6.127	-46.030	-589.730	13	1	38
8.327	6.144	-47.191	-589.840	13	1	38
8.312	6.160	-48.352	-589.946	13	1	38
8.297	6.177	-49.512	-590.046	13	1	38
8.283	6.193	-50.672	-590.141	13	1	38
8.268	6.210	-51.831	-590.231	13	1	38
8.253	6.226	-52.990	-590.315	13	1	38
8.239	6.242	-54.126	-590.370	13	1	38
8.222	6.256	-55.354	-590.230	14	-2	41
8.204	6.270	-56.582	-590.085	14	-2	41
8.187	6.284	-57.810	-589.935	14	-2	41
8.170	6.298	-59.038	-589.779	14	-2	41
8.153	6.312	-60.265	-589.619	14	-2	41
8.135	6.326	-61.493	-589.453	14	-2	41
8.118	6.339	-62.720	-589.282	14	-2	41
8.101	6.353	-63.947	-589.106	14	-2	41
8.084	6.367	-65.173	-588.924	14	-2	41
8.067	6.380	-66.338	-588.744	13	-2	38
8.049	6.392	-67.593	-588.408	14	-4	41
8.030	6.404	-68.848	-588.067	14	-4	41
8.011	6.415	-70.103	-587.721	14	-4	41
7.992	6.427	-71.358	-587.370	14	-4	41
7.973	6.437	-72.590	-586.944	14	-5	41
7.954	6.448	-73.855	-586.498	14	-5	41
7.934	6.458	-75.120	-586.047	14	-5	41
7.915	6.468	-76.355	-585.581	14	-5	41
7.895	6.477	-77.630	-585.024	15	-6	43
7.874	6.486	-78.904	-584.462	15	-6	43
7.854	6.494	-80.179	-583.897	15	-6	43
7.834	6.502	-81.419	-583.308	14	-7	41
7.813	6.510	-82.688	-582.662	14	-7	41
7.792	6.517	-83.958	-582.012	14	-7	41
7.771	6.525	-85.228	-581.358	14	-7	41
7.750	6.532	-86.465	-580.715	14	-7	41
7.729	6.539	-87.741	-580.037	15	-8	43
7.709	6.547	-88.986	-579.386	14	-7	41
7.688	6.555	-90.266	-578.738	15	-7	43
7.668	6.563	-91.505	-578.138	14	-7	41
7.656	6.577	-92.435	-578.103	11	0	32
7.668	6.594	-92.214	-579.243	-3	13	38
7.684	6.609	-91.718	-580.510	-6	14	41
7.700	6.623	-91.210	-581.746	-6	14	41
7.717	6.637	-90.634	-583.018	-7	14	41
7.735	6.652	-90.055	-584.290	-7	14	41
7.752	6.664	-89.401	-585.532	-7	14	41
7.771	6.676	-88.703	-586.808	-8	15	43
7.790	6.687	-87.953	-588.037	-9	14	41
7.810	6.697	-87.130	-589.287	-9	14	41
7.829	6.707	-86.314	-590.500	-9	14	41
7.850	6.715	-85.403	-591.715	-10	14	41
7.870	6.723	-84.490	-592.930	-10	14	41
7.891	6.731	-83.587	-594.107	-10	13	38
7.912	6.737	-82.614	-595.294	-11	14	41
7.933	6.744	-81.640	-596.480	-11	13	38
7.953	6.750	-80.688	-597.634	-11	13	38
7.975	6.756	-79.655	-598.791	-12	13	38
7.997	6.761	-78.621	-599.947	-12	13	38
8.018	6.766	-77.586	-601.102	-12	13	38
8.040	6.769	-76.514	-602.160	-12	12	35
8.062	6.772	-75.408	-603.240	-13	12	38
8.084	6.775	-74.300	-604.317	-13	12	38
8.106	6.778	-73.193	-605.394	-13	12	38
8.128	6.781	-72.084	-606.468	-13	12	38
8.150	6.784	-70.974	-607.541	-13	12	38
8.172	6.787	-69.864	-608.613	-13	12	38
8.194	6.790	-68.753	-609.682	-13	12	38
8.215	6.793	-67.642	-610.750	-13	12	38
8.237	6.795	-66.529	-611.817	-13	12	38
8.259	6.796	-65.388	-612.773	-13	11	38
8.281	6.796	-64.215	-613.751	-13	11	38
8.303	6.797	-63.041	-614.725	-13	11	38
8.325	6.797	-61.867	-615.698	-13	11	38
8.348	6.798	-60.692	-616.668	-13	11	38
8.370	6.798	-59.517	-617.636	-13	11	38
8.392	6.798	-58.342	-618.601	-13	11	38
8.414	6.799	-57.166	-619.564	-13	11	38
8.436	6.799	-55.989	-620.524	-13	11	38
8.458	6.800	-54.813	-621.482	-13	11	38
8.480	6.800	-53.635	-622.437	-13	11	38
8.502	6.800	-52.458	-623.390	-13	11	38
8.524	6.801	-51.308	-624.313	-13	11	38
8.546	6.800	-50.101	-625.202	-14	10	41
8.568	6.799	-48.893	-626.089	-14	10	41
8.590	6.798	-47.685	-626.972	-14	10	41
8.612	6.797	-46.476	-627.853	-14	10	41
8.634	6.796	-45.267	-628.730	-14	10	41
8.657	6.794	-44.058	-629.604	-14	10	41
8.679	6.793	-42.849	-630.474	-14	10	41
8.701	6.792	-41.639	-631.342	-14	10	41
8.723	6.791	-40.429	-632.206	-14	10	41
8.745	6.790	-39.219	-633.067	-14	10	41
8.767	6.789	-38.009	-633.925	-14	10	41
8.789	6.788	-36.798	-634.779	-14	10	41
8.811	6.787	-35.587	-635.630	-14	10	41
8.833	6.786	-34.376	-636.478	-14	10	41
8.856	6.785	-33.165	-637.322	-14	10	41
8.877	6.783	-31.970	-638.100	-14	9	41
8.899	6.781	-30.740	-638.885	-14	9	41
8.921	6.778	-29.511	-639.667	-14	9	41
8.943	6.776	-28.281	-640.444	-14	9	41
8.965	6.774	-27.051	-641.218	-14	9	41
8.987	6.772	-25.820	-641.988	-14	9	41
9.009	6.770	-24.590	-642.753	-14	9	41
9.031	6.767	-23.359	-643.515	-14	9	41
9.053	6.765	-22.128	-644.272	-14	9	41
9.075	6.763	-20.897	-645.026	-14	9	41
9.097	6.761	-19.666	-645.775	-14	9	41
9.119	6.758	-18.435	-646.520	-14	8	41
9.141	6.756	-17.204	-647.260	-14	8	41
9.163	6.754	-16.004	-647.978	-14	8	41
9.185	6.752	-14.772	-648.710	-14	8	41
9.207	6.750	-13.540	-649.438	-14	8	41
9.229	6.747	-12.308	-650.161	-14	8	41
9.250	6.745	-11.105	-650.857	-14	8	41
9.272	6.743	-9.869	-651.562	-14	8	41
9.294	6.740	-8.632	-652.262	-14	8	41
9.316	6.738	-7.396	-652.957	-14	8	41
9.338	6.735	-6.159	-653.647	-14	8	41
9.360	6.733	-4.954	-654.318	-14	8	41
9.382	6.731	-3.724	-655.036	-14	8	41
9.404	6.730	-2.495	-655.750	-14	8	41
9.426	6.728	-1.265	-656.459	-14	8	41
9.448	6.726	-0.035	-657.163	-14	8	41
9.470	6.725	1.153	-657.879	-14	8	41
9.492	6.724	2.369	-658.619	-14	8	41
9.514	6.724	3.585	-659.354	-14	8	41
9.536	6.723	4.801	-660.085	-14	8	41
9.558	6.722	5.985	-660.797	-13	8	38
9.580	6.722	7.191	-661.546	-14	9	41
9.602	6.722	8.398	-662.291	-14	8	41
9.625	6.722	9.605	-663.031	-14	8	41
9.647	6.722	10.812	-663.767	-14	8	41
9.669	6.721	12.019	-664.498	-14	8	41
9.691	6.721	13.227	-665.224	-14	8	41
9.713	6.721	14.398	-665.934	-13	8	38
9.735	6.721	15.597	-666.662	-14	8	41
9.757	6.721	16.797	-667.385	-14	8	41
9.779	6.721	17.996	-668.104	-14	8	41
9.801	6.722	19.196	-668.817	-14	8	41
9.823	6.722	20.396	-669.526	-14	8	41
9.845	6.722	21.565	-670.217	-13	8	38
9.867	6.723	22.759	-670.947	-14	8	41
9.889	6.723	23.953	-671.672	-14	8	41
9.912	6.724	25.148	-672.392	-14	8	41
9.933	6.725	26.310	-673.093	-13	8	38
9.955	6.727	27.483	-673.856	-13	9	38
9.977	6.728	28.656	-674.614	-13	9	38
10.000	6.730	29.829	-675.368	-13	9	38
10.021	6.733	30.954	-676.135	-13	9	38
10.043	6.736	32.102	-676.931	-13	9	38
10.065	6.739	33.251	-677.723	-13	9	38
10.087	6.742	34.370	-678.492	-13	9	38
10.108	6.746	35.475	-679.338	-13	10	38
10.130	6.751	36.580	-680.180	-13	10	38
10.152	6.755	37.686	-681.017	-13	10	38
10.173	6.759	38.793	-681.850	-13	9	38
10.195	6.764	39.900	-682.679	-13	9	38
10.217	6.768	41.008	-683.503	-13	9	38
10.238	6.773	42.117	-684.324	-13	9	38
10.260	6.777	43.226	-685.139	-13	9	38
10.282	6.781	44.336	-685.950	-13	9	38
10.304	6.786	45.446	-686.757	-13	9	38
10.324	6.791	46.499	-687.581	-12	9	35
10.346	6.798	47.542	-688.476	-12	10	35
10.367	6.804	48.587	-689.368	-12	10	35
10.388	6.811	49.632	-690.255	-12	10	35
10.409	6.818	50.678	-691.139	-12	10	35
10.430	6.824	51.725	-692.018	-12	10	35
10.451	6.831	52.773	-692.894	-12	10	35
10.472	6.838	53.822	-693.765	-12	10	35
10.493	6.844	54.871	-694.632	-12	10	35
10.515	6.851	55.922	-695.494	-12	10	35
10.535	6.859	56.896	-696.389	-11	10	32
10.555	6.868	57.859	-697.347	-11	11	32
10.575	6.877	58.823	-698.301	-11	11	32
10.595	6.886	59.789	-699.252	-11	11	32
10.616	6.895	60.756	-700.199	-11	11	32
10.636	6.904	61.723	-701.142	-11	11	32
10.656	6.913	62.692	-702.082	-11	11	32
10.676	6.922	63.662	-703.017	-11	11	32
10.697	6.931	64.632	-703.949	-11	11	32
10.716	6.940	65.577	-704.856	-11	10	32
10.735	6.951	66.447	-705.875	-10	12	35
10.754	6.963	67.318	-706.890	-10	12	35
10.773	6.974	68.191	-707.903	-10	12	35
10.792	6.985	69.065	-708.912	-10	11	32
10.811	6.997	69.940	-709.918	-10	11	32
10.830	7.008	70.817	-710.921	-10	11	32
10.849	7.019	71.695	-711.921	-10	11	32
10.868	7.031	72.574	-712.917	-10	11	32
10.887	7.042	73.455	-713.910	-10	11	32
10.905	7.054	74.265	-714.911	-9	11	32
10.923	7.067	75.030	-715.987	-9	12	35
10.940	7.081	75.796	-717.062	-9	12	35
10.958	7.095	76.564	-718.133	-9	12	35
10.975	7.108	77.334	-719.202	-9	12	35
10.993	7.122	78.105	-720.269	-9	12	35
11.008	7.136	78.773	-721.357	-8	12	35
11.025	7.152	79.447	-722.480	-8	13	38
11.041	7.167	80.122	-723.601	-8	13	38
11.057	7.182	80.800	-724.720	-8	13	38
11.073	7.197	81.479	-725.836	-8	13	38
11.089	7.212	82.142	-726.922	-8	12	35
11.105	7.227	82.825	-728.035	-8	13	38
11.120	7.243	83.447	-729.141	-7	13	38
11.135	7.259	84.066	-730.285	-7	13	38
11.150	7.275	84.686	-731.428	-7	13	38
11.165	7.291	85.309	-732.569	-7	13	38
11.180	7.307	85.933	-733.708	-7	13	38
11.195	7.323	86.559	-734.845	-7	13	38
11.210	7.339	87.187	-735.980	-7	13	38
11.224	7.356	87.742	-737.113	-6	13	38
11.238	7.374	88.263	-738.298	-6	13	38
11.251	7.391	88.787	-739.481	-6	13	38
11.265	7.409	89.313	-740.664	-6	13	38
11.278	7.426	89.840	-741.845	-6	13	38
11.291	7.444	90.346	-742.997	-6	13	38
11.302	7.463	90.744	-744.218	-5	14	41
11.314	7.482	91.145	-745.439	-5	14	41
11.325	7.501	91.547	-746.659	-5	14	41
11.337	7.520	91.952	-747.878	-5	14	41
11.348	7.539	92.358	-749.096	-5	14	41
11.359	7.558	92.767	-750.314	-5	14	41
11.370	7.576	93.150	-751.504	-4	14	41
11.380	7.596	93.448	-752.750	-3	14	41
11.389	7.616	93.749	-753.995	-3	14	41
11.399	7.636	94.051	-755.240	-3	14	41
11.409	7.656	94.356	-756.485	-3	14	41
11.418	7.676	94.664	-757.729	-3	14	41
11.428	7.696	94.973	-758.973	-4	14	41
11.436	7.716	95.214	-760.195	-3	14	41
11.443	7.737	95.398	-761.460	-2	14	41
11.451	7.758	95.585	-762.725	-2	14	41
11.458	7.779	95.775	-763.990	-2	14	41
11.466	7.800	95.966	-765.255	-2	14	41
11.473	7.821	96.160	-766.519	-2	14	41
11.479	7.841	96.250	-767.755	-1	14	41
11.483	7.863	96.251	-769.026	0	14	41
11.487	7.885	96.254	-770.297	0	14	41
11.491	7.907	96.260	-771.568	0	14	41
11.495	7.929	96.268	-772.839	0	14	41
11.498	7.950	96.189	-774.065	1	14	41
11.499	7.972	96.072	-775.319	1	14	41
11.501	7.994	95.958	-776.573	1	14	41
11.490	7.989	95.394	-776.117	6	-5	17
11.474	7.973	94.649	-775.033	8	-12	35
11.458	7.958	93.905	-773.944	8	-12	35
11.443	7.943	93.164	-772.853	8	-12	35
11.427	7.928	92.422	-771.800	8	-12	35
11.410	7.914	91.606	-770.760	9	-12	35
11.393	7.900	90.790	-769.715	9	-12	35
11.376	7.886	89.976	-768.667	9	-12	35
11.358	7.871	89.164	-767.614	9	-12	35
11.341	7.857	88.353	-766.558	9	-12	35
11.324	7.843	87.543	-765.497	9	-12	35
11.307	7.829	86.735	-764.433	9	-12	35
11.291	7.816	85.942	-763.399	9	-12	35
11.272	7.804	85.003	-762.435	11	-11	32
11.253	7.793	84.065	-761.466	11	-11	32
11.234	7.781	83.128	-760.492	11	-11	32
11.215	7.770	82.193	-759.513	11	-11	32
11.196	7.758	81.258	-758.529	11	-11	32
11.177	7.747	80.324	-757.541	11	-11	32
11.158	7.735	79.392	-756.548	11	-11	32
11.139	7.724	78.461	-755.551	11	-11	32
11.120	7.713	77.534	-754.596	11	-11	32
11.100	7.704	76.502	-753.694	12	-10	35
11.080	7.695	75.472	-752.786	12	-10	35
11.060	7.686	74.443	-751.872	12	-10	35
11.040	7.677	73.414	-750.953	12	-10	35
11.019	7.668	72.386	-750.029	12	-11	35
10.999	7.659	71.359	-749.099	12	-11	35
10.979	7.650	70.333	-748.165	12	-11	35
10.959	7.641	69.308	-747.225	12	-11	35
10.939	7.632	68.310	-746.305	11	-10	32
10.918	7.625	67.204	-745.466	13	-10	38
10.897	7.619	66.098	-744.621	13	-10	38
10.875	7.612	64.993	-743.770	13	-10	38
10.854	7.606	63.889	-742.914	13	-10	38
10.833	7.599	62.785	-742.051	13	-10	38
10.812	7.593	61.682	-741.184	13	-10	38
10.791	7.586	60.580	-740.310	13	-10	38
10.770	7.580	59.478	-739.431	13	-10	38
10.748	7.573	58.377	-738.547	13	-10	38
10.727	7.568	57.269	-737.739	13	-9	38
10.706	7.564	56.120	-736.925	13	-9	38
10.684	7.559	54.972	-736.105	13	-9	38
10.663	7.554	53.823	-735.280	13	-9	38
10.641	7.550	52.675	-734.449	13	-9	38
10.619	7.545	51.528	-733.612	13	-10	38
10.598	7.541	50.393	-732.823	13	-9	38
10.576	7.538	49.213	-732.037	13	-9	38
10.554	7.535	48.033	-731.245	13	-9	38
10.532	7.532	46.853	-730.448	13	-9	38
10.511	7.528	45.704	-729.665	13	-9	38
10.490	7.525	44.551	-728.886	13	-9	38
10.468	7.524	43.341	-728.147	14	-8	41
10.446	7.522	42.132	-727.402	14	-8	41
10.423	7.521	40.923	-726.651	14	-9	41
10.401	7.519	39.714	-725.894	14	-9	41
10.379	7.518	38.505	-725.131	14	-9	41
10.358	7.517	37.318	-724.403	13	-8	38
10.336	7.516	36.088	-723.679	14	-8	41
10.313	7.516	34.858	-722.950	14	-8	41
10.291	7.515	33.628	-722.214	14	-8	41
10.269	7.515	32.398	-721.472	14	-8	41
10.247	7.515	31.168	-720.724	14	-9	41
10.225	7.514	29.939	-719.970	14	-9	41
10.203	7.514	28.741	-719.232	14	-8	41
10.181	7.515	27.499	-718.520	14	-8	41
10.159	7.515	26.257	-717.802	14	-8	41
10.137	7.516	25.015	-717.077	14	-8	41
10.115	7.517	23.774	-716.347	14	-8	41
10.092	7.518	22.533	-715.610	14	-8	41
10.070	7.518	21.291	-714.868	14	-8	41
10.048	7.519	20.050	-714.120	14	-9	41
10.026	7.520	18.809	-713.366	14	-9	41
10.004	7.520	17.568	-712.606	14	-9	41
9.982	7.521	16.328	-711.841	14	-9	41
9.960	7.522	15.087	-711.070	14	-9	41
9.938	7.524	13.869	-710.357	14	-8	41
9.916	7.526	12.610	-709.655	14	-8	41
9.894	7.528	11.352	-708.947	14	-8	41
9.872	7.531	10.093	-708.233	14	-8	41
9.850	7.533	8.835	-707.513	14	-8	41
9.828	7.536	7.577	-706.787	14	-8	41
9.806	7.538	6.319	-706.056	14	-8	41
9.784	7.541	5.060	-705.319	14	-8	41
9.762	7.543	3.802	-704.576	14	-8	41
9.740	7.546	2.544	-703.828	14	-9	41
9.718	7.548	1.319	-703.093	14	-8	41
9.697	7.552	0.052	-702.424	14	-8	41
9.675	7.557	-1.214	-701.748	14	-8	41
9.653	7.561	-2.480	-701.067	14	-8	41
9.632	7.565	-3.746	-700.380	14	-8	41
9.610	7.570	-5.012	-699.686	14	-8	41
9.588	7.574	-6.278	-698.987	14	-8	41
9.567	7.578	-7.544	-698.283	14	-8	41
9.545	7.583	-8.810	-697.573	14	-8	41
9.523	7.587	-10.076	-696.857	14	-8	41
9.501	7.591	-11.342	-696.136	14	-8	41
9.480	7.595	-12.608	-695.409	14	-8	41
9.459	7.601	-13.843	-694.740	14	-8	41
9.437	7.606	-15.112	-694.067	14	-8	41
9.416	7.612	-16.381	-693.389	14	-8	41
9.395	7.618	-17.650	-692.704	14	-8	41
9.373	7.623	-18.919	-692.015	14	-8	41
9.352	7.629	-20.188	-691.319	14	-8	41
9.330	7.634	-21.457	-690.618	14	-8	41
9.309	7.640	-22.726	-689.911	14	-8	41
9.287	7.646	-23.995	-689.200	14	-8	41
9.266	7.651	-25.264	-688.482	14	-8	41
9.245	7.657	-26.533	-687.760	14	-8	41
9.223	7.663	-27.802	-687.032	14	-8	41
9.202	7.668	-29.070	-686.299	14	-8	41
9.180	7.674	-30.339	-685.561	14	-8	41
9.160	7.680	-31.575	-684.844	14	-8	41
9.138	7.685	-32.842	-684.104	14	-8	41
9.117	7.691	-34.109	-683.359	14	-8	41
9.096	7.697	-35.376	-682.609	14	-9	41
9.074	7.703	-36.644	-681.855	14	-9	41
9.053	7.709	-37.911	-681.095	14	-9	41
9.031	7.714	-39.178	-680.331	14	-9	41
9.010	7.720	-40.445	-679.562	14	-9	41
8.989	7.726	-41.713	-678.788	14	-9	41
8.967	7.732	-42.980	-678.010	14	-9	41
8.946	7.738	-44.247	-677.227	14	-9	41
8.925	7.743	-45.515	-676.439	14	-9	41
8.903	7.749	-46.782	-675.647	14	-9	41
8.882	7.755	-48.049	-674.851	14	-9	41
8.861	7.761	-49.316	-674.050	14	-9	41
8.840	7.766	-50.551	-673.229	14	-9	41
8.818	7.770	-51.818	-672.378	14	-10	41
8.797	7.775	-53.085	-671.524	14	-10	41
8.775	7.780	-54.352	-670.665	14	-10	41
8.753	7.785	-55.619	-669.802	14	-10	41
8.732	7.790	-56.886	-668.936	14	-10	41
8.710	7.795	-58.153	-668.066	14	-10	41
8.689	7.800	-59.420	-667.192	14	-10	41
8.667	7.804	-60.687	-666.314	14	-10	41
8.645	7.809	-61.953	-665.433	14	-10	41
8.624	7.814	-63.220	-664.548	14	-10	41
8.603	7.819	-64.455	-663.680	14	-10	41
8.581	7.822	-65.719	-662.732	14	-11	41
8.559	7.826	-66.982	-661.781	14	-11	41
8.537	7.829	-68.246	-660.827	14	-11	41
8.515	7.833	-69.510	-659.870	14	-11	41
8.494	7.836	-70.741	-658.935	14	-11	41
8.472	7.840	-72.005	-657.972	14	-11	41
8.450	7.843	-73.269	-657.007	14	-11	41
8.428	7.847	-74.532	-656.038	14	-11	41
8.407	7.850	-75.796	-655.067	14	-11	41
8.385	7.854	-77.059	-654.093	14	-11	41
8.363	7.856	-78.284	-653.113	14	-11	41
8.341	7.858	-79.536	-652.083	14	-12	41
8.319	7.860	-80.788	-651.051	14	-12	41
8.297	7.862	-82.040	-650.017	14	-12	41
8.275	7.864	-83.291	-648.981	14	-12	41
8.253	7.866	-84.543	-647.942	14	-12	41
8.231	7.868	-85.795	-646.902	14	-12	41
8.209	7.870	-87.046	-645.859	14	-12	41
8.187	7.873	-88.298	-644.814	14	-12	41
8.165	7.875	-89.549	-643.768	14	-12	41
8.143	7.877	-90.800	-642.719	14	-12	41
8.121	7.876	-91.991	-641.629	14	-12	41
8.099	7.876	-93.210	-640.503	14	-13	41
8.077	7.875	-94.429	-639.376	14	-13	41
8.055	7.875	-95.648	-638.247	14	-13	41
8.033	7.874	-96.866	-637.118	14	-13	41
8.011	7.874	-98.084	-635.986	14	-13	41
7.989	7.873	-99.302	-634.854	14	-13	41
7.967	7.873	-100.520	-633.721	14	-13	41
7.944	7.872	-101.737	-632.586	14	-13	41
7.922	7.872	-102.955	-631.450	14	-13	41
7.900	7.871	-104.171	-630.313	14	-13	41
7.878	7.871	-105.388	-629.174	14	-13	41
7.856	7.870	-106.604	-628.035	14	-13	41
7.834	7.870	-107.820	-626.894	14	-13	41
7.812	7.870	-109.036	-625.752	14	-13	41
7.790	7.869	-110.252	-624.609	14	-13	41
7.767	7.869	-111.467	-623.465	14	-13	41
7.745	7.868	-112.682	-622.320	14	-13	41
7.723	7.868	-113.897	-621.174	14	-13	41
7.702	7.863	-114.993	-619.978	12	-14	41
7.680	7.859	-116.117	-618.751	13	-14	41
7.659	7.854	-117.241	-617.523	13	-14	41
7.637	7.849	-118.363	-616.295	13	-14	41
7.615	7.845	-119.486	-615.066	13	-14	41
7.594	7.840	-120.607	-613.837	13	-14	41
7.572	7.836	-121.727	-612.608	13	-14	41
7.551	7.831	-122.847	-611.378	13	-14	41
7.529	7.826	-123.966	-610.149	13	-14	41
7.507	7.822	-125.084	-608.918	13	-14	41
7.486	7.817	-126.202	-607.688	13	-14	41
7.464	7.813	-127.318	-606.457	13	-14	41
7.442	7.808	-128.434	-605.226	13	-14	41
7.421	7.804	-129.549	-603.994	13	-14	41
7.399	7.799	-130.663	-602.762	13	-14	41
7.377	7.794	-131.776	-601.530	13	-14	41
7.356	7.790	-132.889	-600.298	13	-14	41
7.336	7.783	-133.879	-599.076	11	-14	41
7.315	7.774	-134.831	-597.809	11	-14	41
7.295	7.764	-135.783	-596.542	11	-14	41
7.275	7.755	-136.732	-595.275	11	-14	41
7.255	7.746	-137.680	-594.008	11	-14	41
7.235	7.737	-138.626	-592.741	11	-14	41
7.215	7.728	-139.571	-591.473	11	-14	41
7.195	7.719	-140.514	-590.206	11	-14	41
7.174	7.710	-141.455	-588.939	11	-14	41
7.154	7.700	-142.395	-587.672	11	-14	41
7.134	7.691	-143.332	-586.405	11	-14	41
7.114	7.682	-144.269	-585.137	11	-14	41
7.094	7.673	-145.203	-583.870	11	-14	41
7.074	7.664	-146.136	-582.603	11	-14	41
7.054	7.655	-147.067	-581.336	11	-14	41
7.033	7.646	-147.996	-580.069	11	-14	41
7.014	7.636	-148.884	-578.836	10	-14	41
6.996	7.623	-149.593	-577.596	8	-14	41
6.979	7.610	-150.299	-576.355	8	-14	41
6.961	7.596	-151.003	-575.114	8	-14	41
6.944	7.583	-151.705	-573.873	8	-14	41
6.926	7.569	-152.403	-572.632	8	-14	41
6.908	7.556	-153.099	-571.391	8	-14	41
6.891	7.543	-153.793	-570.149	8	-14	41
6.873	7.529	-154.483	-568.907	8	-14	41
6.856	7.516	-155.171	-567.665	8	-14	41
6.838	7.502	-155.856	-566.423	8	-14	41
6.820	7.489	-156.539	-565.181	8	-14	41
6.803	7.476	-157.218	-563.938	8	-14	41
6.785	7.462	-157.895	-562.696	8	-14	41
6.768	7.449	-158.570	-561.453	8	-14	41
6.750	7.435	-159.241	-560.209	8	-14	41
6.732	7.422	-159.910	-558.966	8	-14	41
6.717	7.407	-160.445	-557.788	6	-13	38
6.701	7.391	-160.930	-556.595	6	-14	41
6.686	7.375	-161.412	-555.402	5	-14	41
6.671	7.359	-161.891	-554.209	5	-14	41
6.655	7.343	-162.367	-553.014	5	-14	41
6.640	7.327	-162.838	-551.820	5	-14	41
6.625	7.311	-163.295	-550.655	5	-13	38
6.610	7.295	-163.760	-549.459	5	-14	41
6.595	7.279	-164.174	-548.309	5	-13	38
6.582	7.262	-164.523	-547.156	4	-13	38
6.568	7.245	-164.868	-546.002	4	-13	38
6.554	7.227	-165.209	-544.848	4	-13	38
6.540	7.210	-165.547	-543.692	4	-13	38
6.527	7.192	-165.881	-542.536	4	-13	38
6.513	7.175	-166.212	-541.379	4	-13	38
6.499	7.158	-166.539	-540.222	4	-13	38
6.486	7.141	-166.839	-539.100	3	-13	38
6.474	7.122	-167.045	-537.995	2	-13	38
6.462	7.104	-167.247	-536.889	2	-13	38
6.449	7.085	-167.444	-535.782	2	-13	38
6.437	7.067	-167.639	-534.674	2	-13	38
6.425	7.048	-167.829	-533.564	2	-13	38
6.413	7.030	-168.015	-532.454	2	-13	38
6.401	7.011	-168.198	-531.343	2	-13	38
6.389	6.993	-168.376	-530.231	2	-13	38
6.378	6.974	-168.468	-529.185	1	-12	35
6.368	6.954	-168.532	-528.123	1	-12	35
6.357	6.935	-168.593	-527.059	1	-12	35
6.347	6.915	-168.650	-525.995	1	-12	35
6.336	6.896	-168.702	-524.929	1	-12	35
6.326	6.876	-168.751	-523.862	1	-12	35
6.315	6.857	-168.796	-522.793	1	-12	35
6.304	6.837	-168.836	-521.723	0	-12	35
6.294	6.818	-168.873	-520.652	0	-12	35
6.284	6.799	-168.857	-519.636	0	-12	35
6.275	6.779	-168.836	-518.593	0	-12	35
6.265	6.759	-168.811	-517.547	0	-12	35
6.255	6.739	-168.782	-516.501	0	-12	35
6.245	6.719	-168.749	-515.453	0	-12	35
6.236	6.699	-168.713	-514.403	0	-12	35
6.221	6.689	-169.186	-513.399	5	-11	32
6.199	6.693	-170.394	-512.393	14	-11	41
6.177	6.695	-171.552	-511.392	13	-11	38
6.155	6.697	-172.720	-510.341	13	-12	38
6.133	6.699	-173.887	-509.289	13	-12	38
6.112	6.700	-174.993	-508.231	13	-12	38
6.089	6.700	-176.114	-507.129	13	-13	38
6.067	6.700	-177.233	-506.027	13	-13	38
6.045	6.700	-178.352	-504.923	13	-13	38
6.023	6.700	-179.470	-503.819	13	-13	38
6.001	6.701	-180.587	-502.713	13	-13	38
5.979	6.700	-181.665	-501.626	12	-12	35
5.957	6.700	-182.770	-500.507	13	-13	38
5.935	6.700	-183.873	-499.387	13	-13	38
5.913	6.700	-184.975	-498.267	13	-13	38
5.891	6.700	-186.077	-497.145	13	-13	38
5.869	6.699	-187.148	-496.050	12	-12	35
5.847	6.697	-188.203	-494.878	12	-13	38
5.825	6.696	-189.256	-493.704	12	-13	38
5.803	6.693	-190.265	-492.553	11	-13	38
5.781	6.690	-191.259	-491.353	11	-14	41
5.764	6.694	-192.245	-490.567	11	-9	32
5.754	6.714	-193.297	-490.607	12	0	35
5.744	6.734	-194.347	-490.643	12	0	35
5.735	6.754	-195.396	-490.675	12	0	35
5.725	6.774	-196.444	-490.703	12	0	35
5.715	6.793	-197.491	-490.728	12	0	35
5.705	6.813	-198.527	-490.708	12	0	35
5.695	6.832	-199.590	-490.684	12	0	35
5.684	6.852	-200.652	-490.656	12	0	35
5.674	6.871	-201.712	-490.624	12	0	35
5.664	6.891	-202.771	-490.588	12	0	35
5.653	6.910	-203.828	-490.548	12	0	35
5.643	6.930	-204.885	-490.504	12	-1	35
5.633	6.949	-205.940	-490.456	12	-1	35
5.623	6.968	-206.968	-490.403	12	-1	35
5.611	6.987	-208.075	-490.248	13	-2	38
5.599	7.006	-209.180	-490.089	13	-2	38
5.587	7.025	-210.285	-489.927	13	-2	38
5.575	7.043	-211.388	-489.761	13	-2	38
5.563	7.062	-212.491	-489.590	13	-2	38
5.551	7.081	-213.592	-489.416	13	-2	38
5.540	7.100	-214.693	-489.238	13	-2	38
5.528	7.118	-215.771	-489.046	12	-2	35
5.514	7.135	-216.924	-488.743	13	-3	38
5.501	7.153	-218.076	-488.436	13	-3	38
5.487	7.170	-219.228	-488.126	13	-4	38
5.474	7.188	-220.379	-487.812	13	-4	38
5.460	7.205	-221.529	-487.494	13	-4	38
5.446	7.223	-222.678	-487.172	13	-4	38
5.433	7.240	-223.827	-486.847	13	-4	38
5.419	7.257	-224.966	-486.475	13	-4	38
5.404	7.273	-226.155	-486.037	14	-5	41
5.389	7.289	-227.344	-485.596	14	-5	41
5.374	7.306	-228.532	-485.151	14	-5	41
5.359	7.322	-229.720	-484.702	14	-5	41
5.344	7.338	-230.907	-484.250	14	-5	41
5.329	7.355	-232.093	-483.795	13	-5	38
5.314	7.371	-233.279	-483.336	13	-5	38
5.299	7.386	-234.412	-482.875	13	-5	38
5.283	7.401	-235.623	-482.336	14	-6	41
5.267	7.417	-236.835	-481.793	14	-6	41
5.251	7.432	-238.045	-481.248	14	-6	41
5.235	7.447	-239.256	-480.699	14	-6	41
5.219	7.462	-240.466	-480.146	14	-6	41
5.203	7.478	-241.675	-479.591	14	-6	41
5.186	7.492	-242.871	-478.993	14	-7	41
5.169	7.506	-244.107	-478.351	14	-7	41
5.152	7.520	-245.343	-477.706	14	-7	41
5.135	7.534	-246.578	-477.058	14	-7	41
5.118	7.548	-247.813	-476.407	14	-7	41
5.101	7.561	-249.024	-475.729	14	-8	41
5.082	7.574	-250.279	-474.971	14	-9	41
5.064	7.586	-251.535	-474.211	14	-9	41
5.046	7.599	-252.790	-473.449	14	-9	41
5.027	7.611	-254.044	-472.684	14	-9	41
5.009	7.622	-255.271	-471.908	14	-9	41
4.990	7.633	-256.537	-471.058	14	-10	41
4.970	7.644	-257.803	-470.207	14	-10	41
4.951	7.655	-259.069	-469.353	14	-10	41
4.932	7.666	-260.335	-468.497	14	-10	41
4.912	7.677	-261.601	-467.640	14	-10	41
4.893	7.686	-262.835	-466.766	14	-10	41
4.873	7.695	-264.103	-465.821	14	-11	41
4.853	7.704	-265.370	-464.874	14	-11	41
4.833	7.713	-266.638	-463.926	14	-11	41
4.812	7.722	-267.905	-462.976	14	-11	41
4.792	7.731	-269.173	-462.025	14	-11	41
4.772	7.740	-270.440	-461.071	14	-11	41
4.752	7.749	-271.707	-460.117	14	-11	41
4.731	7.758	-272.975	-459.160	14	-11	41
4.711	7.767	-274.242	-458.202	14	-11	41
4.691	7.775	-275.473	-457.236	14	-11	41
4.670	7.781	-276.726	-456.174	14	-12	41
4.649	7.787	-277.980	-455.111	14	-12	41
4.627	7.793	-279.233	-454.047	14	-12	41
4.606	7.800	-280.486	-452.981	14	-12	41
4.585	7.806	-281.739	-451.915	14	-12	41
4.563	7.812	-282.992	-450.847	14	-12	41
4.542	7.818	-284.245	-449.778	14	-12	41
4.521	7.824	-285.497	-448.709	14	-12	41
4.500	7.831	-286.750	-447.638	14	-12	41
4.479	7.836	-287.953	-446.559	14	-12	41
4.457	7.839	-289.166	-445.407	14	-13	41
4.435	7.842	-290.378	-444.254	14	-13	41
4.413	7.846	-291.590	-443.101	14	-13	41
4.391	7.849	-292.801	-441.947	14	-13	41
4.369	7.852	-294.012	-440.792	14	-13	41
4.347	7.856	-295.222	-439.637	14	-13	41
4.325	7.859	-296.432	-438.481	14	-13	41
4.304	7.862	-297.641	-437.325	14	-13	41
4.282	7.866	-298.850	-436.168	14	-13	41
4.260	7.869	-300.025	-435.037	13	-13	38
4.238	7.870	-301.182	-433.830	13	-14	41
4.216	7.871	-302.339	-432.622	13	-14	41
4.194	7.872	-303.494	-431.413	13	-14	41
4.172	7.873	-304.649	-430.205	13	-14	41
4.150	7.874	-305.802	-428.996	13	-14	41
4.128	7.875	-306.955	-427.787	13	-14	41
4.105	7.876	-308.106	-426.577	13	-14	41
4.083	7.877	-309.256	-425.367	13	-14	41
4.061	7.878	-310.405	-424.157	13	-14	41
4.039	7.879	-311.553	-422.947	13	-14	41
4.017	7.879	-312.700	-421.736	13	-14	41
3.995	7.880	-313.796	-420.544	12	-14	41
3.973	7.879	-314.890	-419.304	12	-14	41
3.951	7.878	-315.983	-418.064	12	-14	41
3.929	7.877	-317.074	-416.824	12	-14	41
3.907	7.876	-318.163	-415.584	12	-14	41
3.885	7.875	-319.251	-414.343	12	-14	41
3.863	7.874	-320.336	-413.102	12	-14	41
3.841	7.873	-321.421	-411.862	12	-14	41
3.818	7.872	-322.503	-410.621	12	-14	41
3.796	7.871	-323.584	-409.380	12	-14	41
3.774	7.870	-324.662	-408.138	12	-14	41
3.752	7.869	-325.739	-406.897	12	-14	41
3.730	7.867	-326.756	-405.679	12	-14	41
3.709	7.865	-327.768	-404.420	12	-14	41
3.687	7.862	-328.777	-403.162	11	-14	41
3.665	7.859	-329.784	-401.903	11	-14	41
3.643	7.856	-330.789	-400.645	11	-14	41
3.621	7.853	-331.791	-399.386	11	-14	41
3.599	7.851	-332.791	-398.127	11	-14	41
3.577	7.848	-333.788	-396.869	11	-14	41
3.555	7.845	-334.783	-395.610	11	-14	41
3.533	7.842	-335.775	-394.351	11	-14	41
3.511	7.840	-336.764	-393.092	11	-14	41
3.489	7.837	-337.751	-391.833	11	-14	41
3.468	7.832	-338.646	-390.600	10	-14	41
3.446	7.828	-339.559	-389.334	10	-14	41
3.424	7.823	-340.468	-388.067	10	-14	41
3.403	7.819	-341.374	-386.801	10	-14	41
3.382	7.814	-342.254	-385.567	10	-14	41
3.360	7.810	-343.153	-384.301	10	-14	41
3.338	7.805	-344.049	-383.035	10	-14	41
3.317	7.801	-344.941	-381.768	10	-14	41
3.295	7.796	-345.830	-380.502	10	-14	41
3.273	7.792	-346.715	-379.236	10	-14	41
3.252	7.787	-347.596	-377.969	10	-14	41
3.230	7.783	-348.473	-376.703	10	-14	41
3.209	7.778	-349.347	-375.437	10	-14	41
3.188	7.773	-350.159	-374.202	9	-14	41
3.166	7.767	-350.973	-372.935	9	-14	41
3.145	7.761	-351.784	-371.667	9	-14	41
3.124	7.756	-352.591	-370.400	9	-14	41
3.102	7.750	-353.393	-369.133	9	-14	41
3.081	7.744	-354.190	-367.865	9	-14	41
3.059	7.739	-354.983	-366.598	9	-14	41
3.038	7.733	-355.772	-365.331	9	-14	41
3.017	7.727	-356.556	-364.063	9	-14	41
2.995	7.722	-357.336	-362.796	9	-14	41
2.974	7.716	-358.110	-361.529	9	-14	41
2.953	7.710	-358.881	-360.262	9	-14	41
2.931	7.705	-359.646	-358.994	9	-14	41
2.910	7.699	-360.407	-357.727	9	-14	41
2.888	7.693	-361.162	-356.460	9	-14	41
2.867	7.687	-361.913	-355.192	9	-14	41
2.846	7.682	-362.659	-353.925	8	-14	41
2.825	7.676	-363.383	-352.690	8	-14	41
2.803	7.671	-364.121	-351.423	8	-14	41
2.782	7.665	-364.855	-350.155	8	-14	41
2.761	7.659	-365.583	-348.888	8	-14	41
2.739	7.654	-366.306	-347.620	8	-14	41
2.718	7.648	-367.024	-346.353	8	-14	41
2.696	7.642	-367.736	-345.085	8	-14	41
2.675	7.637	-368.443	-343.818	8	-14	41
2.654	7.631	-369.145	-342.550	8	-14	41
2.632	7.625	-369.841	-341.283	8	-14	41
2.611	7.620	-370.531	-340.015	8	-14	41
2.590	7.614	-371.216	-338.748	8	-14	41
2.568	7.608	-371.895	-337.480	8	-14	41
2.547	7.603	-372.569	-336.213	8	-14	41
2.526	7.598	-373.230	-334.978	8	-14	41
2.504	7.593	-373.957	-333.710	8	-14	41
2.482	7.589	-374.678	-332.443	8	-14	41
2.461	7.584	-375.394	-331.175	8	-14	41
2.439	7.580	-376.104	-329.907	8	-14	41
2.417	7.576	-376.809	-328.639	8	-14	41
2.396	7.571	-377.508	-327.372	8	-14	41
2.374	7.567	-378.201	-326.104	8	-14	41
2.352	7.563	-378.889	-324.836	8	-14	41
2.330	7.558	-379.570	-323.568	8	-14	41
2.309	7.554	-380.246	-322.300	8	-14	41
2.287	7.550	-380.916	-321.033	8	-14	41
2.266	7.547	-381.625	-319.804	8	-14	41
2.244	7.544	-382.373	-318.547	9	-14	41
2.222	7.542	-383.116	-317.289	8	-14	41
2.200	7.539	-383.853	-316.032	8	-14	41
2.178	7.537	-384.584	-314.774	8	-14	41
2.155	7.534	-385.310	-313.516	8	-14	41
2.133	7.532	-386.030	-312.258	8	-14	41
2.111	7.529	-386.744	-311.000	8	-14	41
2.089	7.527	-387.452	-309.743	8	-14	41
2.067	7.524	-388.154	-308.485	8	-14	41
2.046	7.522	-388.845	-307.262	8	-14	41
2.024	7.521	-389.617	-306.022	9	-14	41
2.002	7.521	-390.384	-304.782	9	-14	41
1.980	7.520	-391.145	-303.542	9	-14	41
1.958	7.519	-391.900	-302.302	9	-14	41
1.935	7.519	-392.649	-301.061	9	-14	41
1.913	7.518	-393.393	-299.821	8	-14	41
1.891	7.517	-394.131	-298.580	8	-14	41
1.869	7.516	-394.862	-297.340	8	-14	41
1.847	7.516	-395.588	-296.099	8	-14	41
1.825	7.515	-396.308	-294.858	8	-14	41
1.803	7.514	-397.021	-293.617	8	-14	41
1.781	7.514	-397.740	-292.415	8	-14	41
1.759	7.515	-398.496	-291.187	9	-14	41
1.737	7.515	-399.247	-289.959	9	-14	41
1.715	7.515	-399.991	-288.731	8	-14	41
1.692	7.516	-400.729	-287.502	8	-14	41
1.670	7.516	-401.461	-286.274	8	-14	41
1.648	7.517	-402.187	-285.045	8	-14	41
1.626	7.517	-402.906	-283.816	8	-14	41
1.604	7.519	-403.655	-282.637	9	-13	38
1.582	7.520	-404.418	-281.427	9	-14	41
1.560	7.522	-405.176	-280.217	9	-14	41
1.538	7.524	-405.927	-279.007	9	-14	41
1.516	7.525	-406.672	-277.796	8	-14	41
1.494	7.527	-407.411	-276.585	8	-14	41
1.473	7.530	-408.201	-275.438	9	-13	38
1.451	7.534	-409.006	-274.260	9	-13	38
1.429	7.537	-409.805	-273.081	9	-13	38
1.407	7.540	-410.598	-271.902	9	-13	38
1.386	7.543	-411.365	-270.753	9	-13	38
1.364	7.547	-412.152	-269.618	9	-13	38
1.343	7.552	-412.994	-268.474	10	-13	38
1.321	7.557	-413.831	-267.330	10	-13	38
1.300	7.562	-414.663	-266.185	9	-13	38
1.278	7.567	-415.488	-265.039	9	-13	38
1.256	7.572	-416.308	-263.893	9	-13	38
1.235	7.577	-417.111	-262.784	9	-13	38
1.214	7.583	-418.005	-261.691	10	-12	35
1.193	7.590	-418.893	-260.599	10	-12	35
1.172	7.597	-419.775	-259.505	10	-12	35
1.151	7.604	-420.652	-258.411	10	-12	35
1.130	7.611	-421.524	-257.316	10	-12	35
1.109	7.618	-422.390	-256.221	10	-12	35
1.088	7.624	-423.250	-255.125	10	-12	35
1.067	7.631	-424.105	-254.028	10	-12	35
1.046	7.638	-424.953	-252.931	10	-12	35
1.026	7.646	-425.836	-251.909	10	-12	35
1.006	7.655	-426.784	-250.896	11	-12	35
0.986	7.665	-427.728	-249.882	11	-12	35
0.966	7.674	-428.666	-248.867	11	-12	35
0.945	7.683	-429.599	-247.850	11	-12	35
0.925	7.693	-430.526	-246.833	11	-12	35
0.905	7.702	-431.449	-245.816	10	-12	35
0.885	7.711	-432.366	-244.797	10	-12	35
0.865	7.721	-433.278	-243.777	10	-12	35
0.845	7.730	-434.184	-242.757	10	-12	35
0.827	7.741	-435.153	-241.853	11	-10	32
0.808	7.753	-436.151	-240.932	11	-10	32
0.789	7.765	-437.145	-240.010	11	-10	32
0.770	7.777	-438.134	-239.087	11	-11	32
0.752	7.788	-439.119	-238.163	11	-11	32
0.733	7.800	-440.099	-237.238	11	-11	32
0.714	7.812	-441.073	-236.311	11	-11	32
0.695	7.823	-442.043	-235.384	11	-11	32
0.677	7.835	-443.008	-234.455	11	-11	32
0.660	7.849	-444.039	-233.669	12	-9	35
0.643	7.864	-445.117	-232.888	12	-9	35
0.627	7.878	-446.190	-232.106	12	-9	35
0.610	7.893	-447.261	-231.322	12	-9	35
0.594	7.907	-448.327	-230.537	12	-9	35
0.577	7.922	-449.390	-229.750	12	-9	35
0.560	7.937	-450.449	-228.962	12	-9	35
0.544	7.951	-451.504	-228.172	12	-9	35
0.529	7.967	-452.597	-227.492	12	-8	35
0.514	7.983	-453.717	-226.795	13	-8	38
0.498	7.999	-454.835	-226.096	13	-8	38
