x	y	theta1	theta2	steps1	steps2	interval
-0.000	1.334	-76.444	-46.902	870	534	2548
0.033	1.334	-76.440	-48.416	0	17	49
0.065	1.334	-76.430	-49.929	0	17	49
0.098	1.334	-76.412	-51.440	0	17	49
0.130	1.334	-76.387	-52.950	0	17	49
0.163	1.334	-76.356	-54.458	0	17	49
0.196	1.334	-76.317	-55.965	0	17	49
0.228	1.334	-76.271	-57.470	-1	17	49
0.261	1.334	-76.219	-58.974	-1	17	49
0.293	1.334	-76.159	-60.476	-1	17	49
0.326	1.334	-76.092	-61.977	-1	17	49
0.359	1.334	-76.018	-63.477	-1	17	49
0.391	1.334	-75.938	-64.975	-1	17	49
0.424	1.334	-75.850	-66.471	-1	17	49
0.457	1.334	-75.755	-67.966	-1	17	49
0.489	1.334	-75.653	-69.459	-1	17	49
0.522	1.334	-75.544	-70.951	-1	17	49
0.554	1.334	-75.429	-72.442	-1	17	49
0.587	1.334	-75.306	-73.930	-1	17	49
0.620	1.334	-75.176	-75.418	-1	17	49
0.652	1.334	-75.039	-76.903	-2	17	49
0.685	1.334	-74.896	-78.387	-2	17	49
0.717	1.334	-74.745	-79.870	-2	17	49
0.750	1.334	-74.587	-81.351	-2	17	49
0.783	1.334	-74.423	-82.830	-2	17	49
0.815	1.334	-74.251	-84.308	-2	17	49
0.848	1.334	-74.073	-85.784	-2	17	49
0.880	1.334	-73.888	-87.258	-2	17	49
0.913	1.334	-73.695	-88.731	-2	17	49
0.946	1.334	-73.496	-90.203	-2	17	49
0.978	1.334	-73.290	-91.672	-2	17	49
1.011	1.334	-73.077	-93.140	-2	17	49
1.043	1.334	-72.857	-94.606	-3	17	49
1.076	1.334	-72.630	-96.071	-3	17	49
1.109	1.334	-72.396	-97.534	-3	17	49
1.141	1.334	-72.156	-98.995	-3	17	49
1.174	1.334	-71.909	-100.454	-3	17	49
1.207	1.334	-71.654	-101.912	-3	17	49
1.239	1.334	-71.393	-103.368	-3	17	49
1.272	1.334	-71.125	-104.822	-3	17	49
1.304	1.334	-70.851	-106.275	-3	17	49
1.337	1.334	-70.569	-107.726	-3	17	49
1.370	1.334	-70.281	-109.175	-3	16	46
1.402	1.334	-69.986	-110.622	-3	16	46
1.435	1.334	-69.684	-112.067	-3	16	46
1.467	1.334	-69.376	-113.511	-4	16	46
1.500	1.334	-69.060	-114.953	-4	16	46
1.533	1.334	-68.738	-116.393	-4	16	46
1.565	1.334	-68.410	-117.831	-4	16	46
1.598	1.334	-68.074	-119.268	-4	16	46
1.630	1.334	-67.732	-120.702	-4	16	46
1.663	1.334	-67.383	-122.135	-4	16	46
1.696	1.334	-67.028	-123.566	-4	16	46
1.728	1.334	-66.666	-124.995	-4	16	46
1.761	1.334	-66.297	-126.422	-4	16	46
1.793	1.334	-65.922	-127.847	-4	16	46
1.826	1.334	-65.540	-129.270	-4	16	46
1.859	1.334	-65.151	-130.692	-4	16	46
1.891	1.334	-64.756	-132.111	-4	16	46
1.924	1.334	-64.354	-133.529	-5	16	46
1.957	1.334	-63.946	-134.944	-5	16	46
1.989	1.334	-63.531	-136.358	-5	16	46
2.022	1.334	-63.110	-137.769	-5	16	46
2.054	1.334	-62.682	-139.179	-5	16	46
2.087	1.334	-62.248	-140.587	-5	16	46
2.120	1.334	-61.808	-141.992	-5	16	46
2.152	1.334	-61.360	-143.396	-5	16	46
2.185	1.334	-60.907	-144.797	-5	16	46
2.217	1.334	-60.447	-146.197	-5	16	46
2.250	1.334	-59.981	-147.594	-5	16	46
2.283	1.334	-59.508	-148.990	-5	16	46
2.315	1.334	-59.029	-150.383	-5	16	46
2.348	1.334	-58.543	-151.775	-6	16	46
2.380	1.334	-58.052	-153.164	-6	16	46
2.413	1.334	-57.554	-154.551	-6	16	46
2.446	1.334	-57.049	-155.936	-6	16	46
2.478	1.334	-56.539	-157.319	-6	16	46
2.511	1.334	-56.022	-158.699	-6	16	46
2.543	1.334	-55.499	-160.078	-6	16	46
2.576	1.334	-54.970	-161.454	-6	16	46
2.609	1.334	-54.434	-162.828	-6	16	46
2.641	1.334	-53.892	-164.200	-6	16	46
2.674	1.334	-53.345	-165.570	-6	16	46
2.707	1.334	-52.791	-166.938	-6	16	46
2.739	1.334	-52.231	-168.303	-6	16	46
2.772	1.334	-51.665	-169.666	-6	16	46
2.804	1.334	-51.092	-171.027	-7	15	43
2.837	1.334	-50.514	-172.386	-7	15	43
2.870	1.334	-49.930	-173.742	-7	15	43
2.902	1.334	-49.339	-175.096	-7	15	43
2.935	1.334	-48.743	-176.448	-7	15	43
2.967	1.334	-48.141	-177.797	-7	15	43
3.000	1.334	-47.533	-179.144	-7	15	43
3.033	1.334	-46.918	-180.489	-7	15	43
3.065	1.334	-46.298	-181.831	-7	15	43
3.098	1.334	-45.672	-183.171	-7	15	43
3.130	1.334	-45.041	-184.509	-7	15	43
3.163	1.334	-44.403	-185.844	-7	15	43
3.196	1.334	-43.759	-187.176	-7	15	43
3.228	1.334	-43.110	-188.507	-7	15	43
3.261	1.334	-42.455	-189.835	-7	15	43
3.293	1.334	-41.794	-191.160	-8	15	43
3.326	1.334	-41.127	-192.483	-8	15	43
3.359	1.334	-40.455	-193.804	-8	15	43
3.391	1.334	-39.777	-195.122	-8	15	43
3.424	1.334	-39.093	-196.437	-8	15	43
3.457	1.334	-38.404	-197.750	-8	15	43
3.489	1.334	-37.709	-199.060	-8	15	43
3.522	1.334	-37.008	-200.368	-8	15	43
3.554	1.334	-36.302	-201.674	-8	15	43
3.587	1.334	-35.590	-202.976	-8	15	43
3.620	1.334	-34.873	-204.276	-8	15	43
3.652	1.334	-34.150	-205.574	-8	15	43
3.685	1.334	-33.422	-206.869	-8	15	43
3.717	1.334	-32.688	-208.161	-8	15	43
3.750	1.334	-31.949	-209.451	-8	15	43
3.783	1.334	-31.204	-210.738	-8	15	43
3.815	1.334	-30.454	-212.022	-9	15	43
3.848	1.334	-29.698	-213.303	-9	15	43
3.880	1.334	-28.937	-214.582	-9	15	43
3.913	1.334	-28.171	-215.858	-9	15	43
3.946	1.334	-27.400	-217.132	-9	14	41
3.978	1.334	-26.623	-218.402	-9	14	41
4.011	1.334	-25.841	-219.670	-9	14	41
4.043	1.334	-25.053	-220.935	-9	14	41
4.076	1.334	-24.261	-222.197	-9	14	41
4.109	1.334	-23.463	-223.456	-9	14	41
4.141	1.334	-22.660	-224.713	-9	14	41
4.174	1.334	-21.852	-225.967	-9	14	41
4.207	1.334	-21.038	-227.217	-9	14	41
4.239	1.334	-20.220	-228.465	-9	14	41
4.272	1.334	-19.396	-229.710	-9	14	41
4.304	1.334	-18.568	-230.952	-9	14	41
4.337	1.334	-17.734	-232.192	-9	14	41
4.370	1.334	-16.895	-233.428	-10	14	41
4.402	1.334	-16.052	-234.661	-10	14	41
4.435	1.334	-15.203	-235.891	-10	14	41
4.467	1.334	-14.349	-237.118	-10	14	41
4.500	1.334	-13.491	-238.342	-10	14	41
4.533	1.334	-12.627	-239.564	-10	14	41
4.565	1.334	-11.759	-240.782	-10	14	41
4.598	1.334	-10.886	-241.997	-10	14	41
4.630	1.334	-10.008	-243.209	-10	14	41
4.663	1.334	-9.125	-244.417	-10	14	41
4.696	1.334	-8.237	-245.623	-10	14	41
4.728	1.334	-7.345	-246.826	-10	14	41
4.761	1.334	-6.447	-248.025	-10	14	41
4.793	1.334	-5.545	-249.221	-10	14	41
4.826	1.334	-4.639	-250.414	-10	14	41
4.859	1.334	-3.727	-251.604	-10	14	41
4.891	1.334	-2.811	-252.791	-10	14	41
4.924	1.334	-1.891	-253.974	-10	13	38
4.957	1.334	-0.965	-255.154	-11	13	38
4.989	1.334	-0.035	-256.331	-11	13	38
5.022	1.334	0.899	-257.504	-11	13	38
5.054	1.334	1.838	-258.674	-11	13	38
5.087	1.334	2.782	-259.841	-11	13	38
5.120	1.334	3.730	-261.005	-11	13	38
5.152	1.334	4.682	-262.165	-11	13	38
5.185	1.334	5.639	-263.321	-11	13	38
5.217	1.334	6.601	-264.475	-11	13	38
5.250	1.334	7.567	-265.625	-11	13	38
5.283	1.334	8.537	-266.771	-11	13	38
5.315	1.334	9.512	-267.914	-11	13	38
5.348	1.334	10.491	-269.053	-11	13	38
5.380	1.334	11.474	-270.189	-11	13	38
5.413	1.334	12.462	-271.321	-11	13	38
5.446	1.334	13.454	-272.450	-11	13	38
5.478	1.334	14.450	-273.576	-11	13	38
5.511	1.334	15.450	-274.697	-11	13	38
5.543	1.334	16.455	-275.815	-11	13	38
5.576	1.334	17.464	-276.930	-11	13	38
5.609	1.334	18.477	-278.041	-12	13	38
5.641	1.334	19.494	-279.148	-12	13	38
5.674	1.334	20.516	-280.251	-12	13	38
5.707	1.334	21.541	-281.351	-12	13	38
5.739	1.334	22.571	-282.447	-12	12	35
5.772	1.334	23.604	-283.539	-12	12	35
5.804	1.334	24.642	-284.628	-12	12	35
5.837	1.334	25.684	-285.712	-12	12	35
5.870	1.334	26.730	-286.793	-12	12	35
5.902	1.334	27.779	-287.870	-12	12	35
5.935	1.334	28.833	-288.944	-12	12	35
5.967	1.334	29.891	-290.013	-12	12	35
6.000	1.334	30.952	-291.079	-12	12	35
6.033	1.334	32.018	-292.140	-12	12	35
6.065	1.334	33.087	-293.198	-12	12	35
6.098	1.334	34.160	-294.252	-12	12	35
6.130	1.334	35.238	-295.301	-12	12	35
6.163	1.334	36.318	-296.347	-12	12	35
6.196	1.334	37.403	-297.389	-12	12	35
6.228	1.334	38.492	-298.427	-12	12	35
6.261	1.334	39.584	-299.460	-12	12	35
6.293	1.334	40.680	-300.490	-12	12	35
6.326	1.334	41.780	-301.515	-13	12	38
6.359	1.334	42.883	-302.537	-13	12	38
6.391	1.334	43.990	-303.554	-13	12	38
6.424	1.334	45.101	-304.567	-13	12	38
6.457	1.334	46.216	-305.576	-13	11	38
6.489	1.334	47.334	-306.581	-13	11	38
6.522	1.334	48.455	-307.581	-13	11	38
6.554	1.334	49.581	-308.577	-13	11	38
6.587	1.334	50.709	-309.569	-13	11	38
6.620	1.334	51.842	-310.557	-13	11	38
6.652	1.334	52.978	-311.540	-13	11	38
6.685	1.334	54.117	-312.519	-13	11	38
6.717	1.334	55.260	-313.494	-13	11	38
6.750	1.334	56.406	-314.464	-13	11	38
6.783	1.334	57.556	-315.430	-13	11	38
6.815	1.334	58.709	-316.392	-13	11	38
6.848	1.334	59.866	-317.349	-13	11	38
6.880	1.334	61.026	-318.301	-13	11	38
6.913	1.334	62.190	-319.249	-13	11	38
6.946	1.334	63.356	-320.193	-13	11	38
6.978	1.334	64.527	-321.132	-13	11	38
7.011	1.334	65.700	-322.066	-13	11	38
7.043	1.334	66.877	-322.996	-13	11	38
7.076	1.334	68.057	-323.921	-13	11	38
7.109	1.334	69.240	-324.842	-13	10	38
7.141	1.334	70.427	-325.758	-14	10	41
7.174	1.334	71.617	-326.670	-14	10	41
7.207	1.334	72.810	-327.576	-14	10	41
7.239	1.334	74.006	-328.478	-14	10	41
7.272	1.334	75.205	-329.376	-14	10	41
7.304	1.334	76.408	-330.268	-14	10	41
7.337	1.334	77.613	-331.156	-14	10	41
7.370	1.334	78.822	-332.039	-14	10	41
7.402	1.334	80.034	-332.917	-14	10	41
7.435	1.334	81.249	-333.790	-14	10	41
7.467	1.334	82.467	-334.658	-14	10	41
7.500	1.334	83.688	-335.522	-14	10	41
7.533	1.334	84.913	-336.380	-14	10	41
7.565	1.334	86.140	-337.234	-14	10	41
7.598	1.334	87.370	-338.083	-14	10	41
7.630	1.334	88.603	-338.926	-14	10	41
7.663	1.334	89.839	-339.765	-14	10	41
7.696	1.334	91.079	-340.599	-14	9	41
7.728	1.334	92.321	-341.427	-14	9	41
7.761	1.334	93.566	-342.251	-14	9	41
7.793	1.334	94.813	-343.069	-14	9	41
7.826	1.334	96.064	-343.883	-14	9	41
7.859	1.334	97.318	-344.691	-14	9	41
7.891	1.334	98.574	-345.494	-14	9	41
7.924	1.334	99.834	-346.292	-14	9	41
7.957	1.334	101.096	-347.084	-14	9	41
7.989	1.334	102.361	-347.872	-14	9	41
8.022	1.334	103.629	-348.654	-14	9	41
8.054	1.334	104.899	-349.431	-14	9	41
8.087	1.334	106.173	-350.202	-14	9	41
8.120	1.334	107.449	-350.968	-15	9	43
8.152	1.334	108.728	-351.729	-15	9	43
8.185	1.334	110.009	-352.485	-15	9	43
8.217	1.334	111.293	-353.235	-15	9	43
8.250	1.334	112.580	-353.980	-15	8	43
8.283	1.334	113.870	-354.719	-15	8	43
8.315	1.334	115.162	-355.453	-15	8	43
8.348	1.334	116.457	-356.181	-15	8	43
8.380	1.334	117.754	-356.904	-15	8	43
8.413	1.334	119.055	-357.621	-15	8	43
8.446	1.334	120.357	-358.333	-15	8	43
8.478	1.334	121.663	-359.039	-15	8	43
8.511	1.334	122.970	-359.740	-15	8	43
8.543	1.334	124.281	-360.435	-15	8	43
8.576	1.334	125.594	-361.124	-15	8	43
8.609	1.334	126.909	-361.808	-15	8	43
8.641	1.334	128.227	-362.486	-15	8	43
8.674	1.334	129.548	-363.158	-15	8	43
8.707	1.334	130.871	-363.825	-15	8	43
8.739	1.334	132.196	-364.486	-15	8	43
8.772	1.334	133.524	-365.141	-15	7	43
8.804	1.334	134.854	-365.790	-15	7	43
8.837	1.334	136.187	-366.434	-15	7	43
8.870	1.334	137.522	-367.071	-15	7	43
8.902	1.334	138.860	-367.703	-15	7	43
8.935	1.334	140.200	-368.329	-15	7	43
8.967	1.334	141.542	-368.949	-15	7	43
9.000	1.334	142.887	-369.563	-15	7	43
9.033	1.334	144.234	-370.172	-15	7	43
9.065	1.334	145.583	-370.774	-15	7	43
9.098	1.334	146.935	-371.370	-15	7	43
9.130	1.334	148.289	-371.961	-15	7	43
9.163	1.334	149.645	-372.545	-15	7	43
9.196	1.334	151.004	-373.123	-15	7	43
9.228	1.334	152.365	-373.695	-15	7	43
9.261	1.334	153.728	-374.262	-16	6	46
9.293	1.334	155.093	-374.822	-16	6	46
9.326	1.334	156.461	-375.376	-16	6	46
9.359	1.334	157.831	-375.923	-16	6	46
9.391	1.334	159.203	-376.465	-16	6	46
9.424	1.334	160.577	-377.000	-16	6	46
9.457	1.334	161.953	-377.530	-16	6	46
9.489	1.334	163.332	-378.053	-16	6	46
9.522	1.334	164.712	-378.570	-16	6	46
9.554	1.334	166.095	-379.080	-16	6	46
9.587	1.334	167.480	-379.585	-16	6	46
9.620	1.334	168.867	-380.083	-16	6	46
9.652	1.334	170.256	-380.574	-16	6	46
9.685	1.334	171.648	-381.060	-16	6	46
9.717	1.334	173.041	-381.539	-16	5	46
9.750	1.334	174.436	-382.012	-16	5	46
9.783	1.334	175.834	-382.478	-16	5	46
9.815	1.334	177.234	-382.938	-16	5	46
9.848	1.334	178.635	-383.391	-16	5	46
9.880	1.334	180.039	-383.838	-16	5	46
9.913	1.334	181.444	-384.279	-16	5	46
9.946	1.334	182.852	-384.713	-16	5	46
9.978	1.334	184.262	-385.141	-16	5	46
10.011	1.334	185.673	-385.562	-16	5	46
10.043	1.334	187.087	-385.977	-16	5	46
10.076	1.334	188.502	-386.385	-16	5	46
10.109	1.334	189.920	-386.787	-16	5	46
10.141	1.334	191.339	-387.182	-16	4	46
10.174	1.334	192.761	-387.571	-16	4	46
10.207	1.334	194.184	-387.952	-16	4	46
10.239	1.334	195.609	-388.328	-16	4	46
10.272	1.334	197.036	-388.697	-16	4	46
10.304	1.334	198.465	-389.059	-16	4	46
10.337	1.334	199.896	-389.414	-16	4	46
10.370	1.334	201.329	-389.763	-16	4	46
10.402	1.334	202.763	-390.105	-16	4	46
10.435	1.334	204.200	-390.440	-16	4	46
10.467	1.334	205.638	-390.769	-16	4	46
10.500	1.334	207.078	-391.091	-16	4	46
10.533	1.334	208.520	-391.406	-16	4	46
10.565	1.334	209.964	-391.715	-16	4	46
10.598	1.334	211.409	-392.017	-16	3	46
10.630	1.334	212.856	-392.312	-16	3	46
10.663	1.334	214.305	-392.600	-16	3	46
10.696	1.334	215.756	-392.882	-17	3	49
10.728	1.334	217.209	-393.156	-17	3	49
10.761	1.334	218.663	-393.424	-17	3	49
10.793	1.334	220.119	-393.685	-17	3	49
10.826	1.334	221.577	-393.939	-17	3	49
10.859	1.334	223.036	-394.187	-17	3	49
10.891	1.334	224.497	-394.427	-17	3	49
10.924	1.334	225.960	-394.661	-17	3	49
10.957	1.334	227.425	-394.888	-17	3	49
10.989	1.334	228.891	-395.108	-17	3	49
11.022	1.334	230.359	-395.321	-17	2	49
11.054	1.334	231.828	-395.527	-17	2	49
11.087	1.334	233.300	-395.726	-17	2	49
11.120	1.334	234.772	-395.918	-17	2	49
11.152	1.334	236.247	-396.104	-17	2	49
11.185	1.334	237.723	-396.282	-17	2	49
11.217	1.334	239.201	-396.454	-17	2	49
11.250	1.334	240.680	-396.618	-17	2	49
11.283	1.334	242.161	-396.776	-17	2	49
11.315	1.334	243.644	-396.927	-17	2	49
11.348	1.334	245.128	-397.070	-17	2	49
11.380	1.334	246.613	-397.207	-17	2	49
11.413	1.334	248.101	-397.337	-17	1	49
11.446	1.334	249.589	-397.460	-17	1	49
11.478	1.334	251.080	-397.575	-17	1	49
11.511	1.334	252.571	-397.684	-17	1	49
11.543	1.334	254.065	-397.786	-17	1	49
11.576	1.334	255.560	-397.881	-17	1	49
11.609	1.334	257.056	-397.969	-17	1	49
11.641	1.334	258.554	-398.049	-17	1	49
11.674	1.334	260.054	-398.123	-17	1	49
11.707	1.334	261.555	-398.190	-17	1	49
11.739	1.334	263.057	-398.250	-17	1	49
11.772	1.334	264.561	-398.302	-17	1	49
11.804	1.334	266.066	-398.348	-17	1	49
11.837	1.334	267.573	-398.387	-17	0	49
11.870	1.334	269.081	-398.418	-17	0	49
11.902	1.334	270.591	-398.443	-17	0	49
11.935	1.334	272.102	-398.460	-17	0	49
11.967	1.334	273.615	-398.471	-17	0	49
12.000	1.334	275.129	-398.474	-17	0	49
-0.000	1.334	-76.444	-46.902	4000	-4000	11718
-0.000	1.367	-78.342	-48.012	22	13	64
-0.000	1.400	-80.240	-49.119	22	13	64
-0.000	1.434	-82.138	-50.224	22	13	64
-0.000	1.467	-84.037	-51.325	22	13	64
-0.000	1.500	-85.935	-52.424	22	13	64
-0.000	1.533	-87.833	-53.520	22	12	64
-0.000	1.566	-89.732	-54.613	22	12	64
-0.000	1.599	-91.630	-55.703	22	12	64
-0.000	1.632	-93.528	-56.790	22	12	64
-0.000	1.666	-95.426	-57.874	22	12	64
-0.000	1.699	-97.325	-58.956	22	12	64
-0.000	1.732	-99.223	-60.034	22	12	64
-0.000	1.765	-101.121	-61.110	22	12	64
-0.000	1.798	-103.020	-62.183	22	12	64
-0.000	1.831	-104.918	-63.252	22	12	64
-0.000	1.864	-106.816	-64.319	22	12	64
-0.000	1.897	-108.714	-65.383	22	12	64
-0.000	1.931	-110.613	-66.443	22	12	64
-0.000	1.964	-112.511	-67.501	22	12	64
-0.000	1.997	-114.409	-68.556	22	12	64
-0.000	2.030	-116.307	-69.608	22	12	64
-0.000	2.063	-118.206	-70.657	22	12	64
-0.000	2.096	-120.104	-71.702	22	12	64
-0.000	2.129	-122.002	-72.745	22	12	64
-0.000	2.162	-123.901	-73.784	22	12	64
-0.000	2.196	-125.799	-74.821	22	12	64
-0.000	2.229	-127.697	-75.854	22	12	64
-0.000	2.262	-129.595	-76.885	22	12	64
-0.000	2.295	-131.494	-77.912	22	12	64
-0.000	2.328	-133.392	-78.936	22	12	64
-0.000	2.361	-135.290	-79.957	22	12	64
-0.000	2.394	-137.189	-80.975	22	12	64
-0.000	2.428	-139.087	-81.989	22	12	64
-0.000	2.461	-140.985	-83.001	22	12	64
-0.000	2.494	-142.883	-84.009	22	11	64
-0.000	2.527	-144.782	-85.014	22	11	64
-0.000	2.560	-146.680	-86.016	22	11	64
-0.000	2.593	-148.578	-87.015	22	11	64
-0.000	2.626	-150.477	-88.010	22	11	64
-0.000	2.659	-152.375	-89.002	22	11	64
-0.000	2.693	-154.273	-89.991	22	11	64
-0.000	2.726	-156.171	-90.977	22	11	64
-0.000	2.759	-158.070	-91.959	22	11	64
-0.000	2.792	-159.968	-92.938	22	11	64
-0.000	2.825	-161.866	-93.914	22	11	64
-0.000	2.858	-163.765	-94.887	22	11	64
0.000	2.858	-163.765	-94.887	0	0	0
0.003	2.925	-167.573	-96.998	43	24	125
0.014	2.990	-171.339	-99.417	43	28	125
0.014	2.990	-171.339	-99.417	0	0	0
0.029	3.059	-175.265	-102.147	45	31	131
0.046	3.127	-179.170	-104.926	44	32	128
0.064	3.195	-183.052	-107.754	44	32	128
0.083	3.263	-186.908	-110.630	44	33	128
0.104	3.330	-190.735	-113.554	44	33	128
0.126	3.396	-194.531	-116.524	43	34	125
0.149	3.463	-198.295	-119.540	43	34	125
0.174	3.528	-202.022	-122.601	42	35	123
0.201	3.593	-205.710	-125.707	42	35	123
0.228	3.658	-209.357	-128.856	41	36	120
0.228	3.658	-209.357	-128.856	0	0	0
0.246	3.700	-211.711	-130.889	27	23	79
0.264	3.742	-214.061	-132.918	27	23	79
0.264	3.742	-214.061	-132.918	0	0	0
0.283	3.784	-216.447	-135.013	27	24	79
0.301	3.827	-218.829	-137.103	27	24	79
0.301	3.827	-218.829	-137.103	0	0	0
0.321	3.869	-221.187	-139.202	27	24	79
0.340	3.911	-223.542	-141.298	27	24	79
0.340	3.911	-223.542	-141.298	0	0	0
0.355	3.944	-225.385	-142.961	21	19	61
0.371	3.977	-227.225	-144.622	21	19	61
0.386	4.010	-229.063	-146.280	21	19	61
0.402	4.043	-230.897	-147.937	21	19	61
0.417	4.077	-232.728	-149.591	21	19	61
0.417	4.077	-232.728	-149.591	0	0	0
0.435	4.114	-234.774	-151.453	23	21	67
0.452	4.151	-236.816	-153.312	23	21	67
0.470	4.188	-238.854	-155.168	23	21	67
0.470	4.188	-238.854	-155.168	0	0	0
0.508	4.242	-241.741	-158.507	33	38	111
0.508	4.242	-241.741	-158.507	0	0	0
0.512	4.329	-246.705	-160.925	56	28	164
0.505	4.416	-251.711	-162.754	57	21	166
0.505	4.416	-251.711	-162.754	0	0	0
0.505	4.493	-256.124	-164.675	50	22	146
0.514	4.570	-260.451	-167.062	49	27	143
0.533	4.645	-264.617	-169.882	47	32	137
0.562	4.717	-268.550	-173.094	45	37	131
0.599	4.785	-272.176	-176.654	41	41	120
0.599	4.785	-272.176	-176.654	0	0	0
0.639	4.840	-275.026	-180.069	32	39	114
0.683	4.892	-277.679	-183.591	30	40	117
0.730	4.941	-280.119	-187.208	28	41	120
0.780	4.988	-282.330	-190.907	25	42	123
0.833	5.031	-284.300	-194.676	22	43	125
0.888	5.071	-286.016	-198.500	20	44	128
0.892	5.062	-285.467	-198.491	-6	0	17
0.905	5.126	-288.945	-200.643	40	24	117
0.921	5.190	-292.337	-202.942	39	26	114
0.940	5.252	-295.630	-205.381	37	28	108
0.963	5.313	-298.812	-207.956	36	29	105
0.989	5.373	-301.869	-210.660	35	31	102
1.018	5.432	-304.788	-213.489	33	32	96
1.050	5.488	-307.557	-216.435	32	34	99
1.085	5.544	-310.162	-219.492	30	35	102
1.123	5.597	-312.592	-222.653	28	36	105
1.123	5.597	-312.592	-222.653	0	0	0
1.161	5.665	-315.804	-226.114	37	39	114
1.161	5.665	-315.804	-226.114	0	0	0
1.183	5.697	-317.243	-228.003	16	21	61
1.206	5.729	-318.671	-229.890	16	21	61
1.206	5.729	-318.671	-229.890	0	0	0
1.230	5.756	-319.808	-231.762	13	21	61
1.255	5.784	-320.933	-233.633	13	21	61
1.279	5.812	-322.046	-235.503	13	21	61
1.303	5.839	-323.145	-237.371	13	21	61
1.327	5.867	-324.232	-239.238	12	21	61
1.327	5.867	-324.232	-239.238	0	0	0
1.373	5.923	-326.459	-242.855	25	41	120
1.422	5.977	-328.448	-246.569	23	42	123
1.474	6.027	-330.188	-250.370	20	43	125
1.528	6.076	-331.667	-254.250	17	44	128
1.585	6.121	-332.878	-258.199	14	45	131
1.644	6.163	-333.813	-262.209	11	46	134
1.705	6.203	-334.466	-266.269	7	46	134
1.705	6.203	-334.466	-266.269	0	0	0
1.760	6.237	-334.932	-269.937	5	42	123
1.819	6.266	-334.969	-273.661	0	42	123
1.880	6.289	-334.575	-277.405	-4	43	125
1.943	6.305	-333.757	-281.133	-9	42	123
2.008	6.315	-332.528	-284.805	-14	42	123
2.073	6.319	-330.904	-288.386	-18	41	120
2.139	6.316	-328.911	-291.837	-23	39	114
2.139	6.316	-328.911	-291.837	0	0	0
2.205	6.356	-328.941	-296.182	0	49	143
2.272	6.394	-328.761	-300.548	-2	50	146
2.340	6.430	-328.373	-304.932	-4	50	146
2.410	6.464	-327.777	-309.331	-7	50	146
2.480	6.495	-326.976	-313.740	-9	50	146
2.480	6.495	-326.976	-313.740	0	0	0
2.543	6.522	-326.095	-317.652	-10	45	131
2.607	6.546	-325.027	-321.568	-12	45	131
2.671	6.568	-323.777	-325.484	-14	45	131
2.737	6.588	-322.347	-329.393	-16	44	128
2.803	6.606	-320.744	-333.293	-18	44	128
2.869	6.621	-318.972	-337.178	-20	44	128
2.937	6.634	-317.036	-341.043	-22	44	128
3.004	6.645	-314.943	-344.884	-24	44	128
3.072	6.654	-312.699	-348.696	-26	43	125
3.140	6.660	-310.309	-352.473	-27	43	125
3.208	6.664	-307.781	-356.211	-29	43	125
3.276	6.666	-305.121	-359.904	-30	42	123
3.345	6.665	-302.337	-363.547	-32	41	120
3.413	6.662	-299.435	-367.136	-33	41	120
3.481	6.657	-296.422	-370.664	-34	40	117
3.549	6.649	-293.306	-374.126	-35	39	114
3.549	6.649	-293.306	-374.126	0	0	0
3.620	6.631	-289.610	-377.496	-42	38	123
3.692	6.619	-286.104	-381.080	-40	41	120
3.765	6.614	-282.811	-384.847	-37	43	125
3.839	6.616	-279.752	-388.769	-35	45	131
3.839	6.616	-279.752	-388.769	0	0	0
3.872	6.616	-278.295	-390.550	-17	20	58
3.906	6.616	-276.831	-392.330	-17	20	58
3.940	6.615	-275.363	-394.108	-17	20	58
3.974	6.615	-273.889	-395.886	-17	20	58
4.007	6.615	-272.410	-397.662	-17	20	58
4.007	6.615	-272.410	-397.662	0	0	0
4.047	6.615	-270.655	-399.782	-20	24	70
4.088	6.615	-268.894	-401.901	-20	24	70
4.128	6.616	-267.126	-404.018	-20	24	70
4.168	6.616	-265.350	-406.134	-20	24	70
4.168	6.616	-265.350	-406.134	0	0	0
4.202	6.616	-263.814	-407.967	-17	21	61
4.237	6.616	-262.273	-409.798	-18	21	61
4.272	6.617	-260.727	-411.628	-18	21	61
4.307	6.617	-259.176	-413.457	-18	21	61
4.341	6.617	-257.620	-415.285	-18	21	61
4.376	6.618	-256.059	-417.112	-18	21	61
4.411	6.618	-254.494	-418.937	-18	21	61
4.446	6.618	-252.923	-420.761	-18	21	61
4.480	6.619	-251.348	-422.583	-18	21	61
4.515	6.619	-249.769	-424.404	-18	21	61
4.550	6.619	-248.185	-426.224	-18	21	61
4.584	6.619	-246.596	-428.043	-18	21	61
4.619	6.620	-245.003	-429.860	-18	21	61
4.654	6.620	-243.406	-431.675	-18	21	61
4.654	6.620	-243.406	-431.675	0	0	0
4.687	6.620	-241.884	-433.383	-17	19	55
4.720	6.620	-240.358	-435.090	-17	19	55
4.752	6.620	-238.828	-436.795	-17	19	55
4.785	6.620	-237.295	-438.499	-17	19	55
4.818	6.620	-235.758	-440.202	-17	19	55
4.818	6.620	-235.758	-440.202	0	0	0
4.852	6.620	-234.151	-441.949	-18	20	58
4.886	6.619	-232.541	-443.695	-18	20	58
4.920	6.619	-230.927	-445.439	-18	20	58
4.954	6.619	-229.310	-447.182	-18	20	58
4.988	6.618	-227.690	-448.923	-18	20	58
4.988	6.618	-227.690	-448.923	0	0	0
5.020	6.618	-226.144	-450.603	-18	19	55
5.053	6.618	-224.594	-452.281	-18	19	55
5.085	6.618	-223.042	-453.959	-18	19	55
5.118	6.618	-221.487	-455.634	-18	19	55
5.150	6.618	-219.928	-457.308	-18	19	55
5.183	6.618	-218.367	-458.980	-18	19	55
5.216	6.618	-216.803	-460.651	-18	19	55
5.248	6.618	-215.236	-462.321	-18	19	55
5.281	6.618	-213.666	-463.988	-18	19	55
5.313	6.618	-212.093	-465.654	-18	19	55
5.346	6.618	-210.517	-467.319	-18	19	55
5.378	6.618	-208.939	-468.981	-18	19	55
5.411	6.618	-207.358	-470.642	-18	19	55
5.444	6.618	-205.774	-472.301	-18	19	55
5.476	6.618	-204.188	-473.959	-18	19	55
5.509	6.618	-202.599	-475.615	-18	19	55
5.541	6.618	-201.007	-477.269	-18	19	55
5.574	6.618	-199.413	-478.921	-18	19	55
5.606	6.618	-197.817	-480.571	-18	19	55
5.639	6.618	-196.218	-482.220	-18	19	55
5.672	6.618	-194.616	-483.867	-18	19	55
5.704	6.618	-193.012	-485.512	-18	19	55
5.737	6.618	-191.406	-487.154	-18	19	55
5.769	6.618	-189.797	-488.795	-18	19	55
5.802	6.618	-188.186	-490.434	-18	19	55
5.834	6.618	-186.573	-492.072	-18	19	55
5.867	6.618	-184.957	-493.707	-18	19	55
5.900	6.618	-183.340	-495.340	-18	19	55
5.932	6.618	-181.720	-496.971	-18	19	55
5.965	6.618	-180.097	-498.600	-18	19	55
5.997	6.618	-178.473	-500.226	-18	19	55
6.030	6.618	-176.847	-501.851	-19	18	55
6.062	6.618	-175.218	-503.474	-19	18	55
6.095	6.618	-173.587	-505.094	-19	18	55
6.127	6.618	-171.955	-506.712	-19	18	55
6.160	6.618	-170.320	-508.328	-19	18	55
6.193	6.618	-168.683	-509.942	-19	18	55
6.225	6.618	-167.045	-511.553	-19	18	55
6.258	6.618	-165.404	-513.162	-19	18	55
6.290	6.618	-163.761	-514.769	-19	18	55
6.323	6.618	-162.117	-516.373	-19	18	55
6.355	6.618	-160.470	-517.975	-19	18	55
6.388	6.618	-158.822	-519.575	-19	18	55
6.421	6.618	-157.172	-521.172	-19	18	55
6.453	6.618	-155.520	-522.766	-19	18	55
6.486	6.618	-153.866	-524.358	-19	18	55
6.518	6.618	-152.211	-525.948	-19	18	55
6.551	6.618	-150.554	-527.534	-19	18	55
6.583	6.618	-148.895	-529.119	-19	18	55
6.616	6.618	-147.234	-530.700	-19	18	55
6.649	6.618	-145.572	-532.279	-19	18	55
6.681	6.618	-143.908	-533.855	-19	18	55
6.714	6.618	-142.242	-535.428	-19	18	55
6.746	6.618	-140.575	-536.999	-19	18	55
6.779	6.618	-138.906	-538.566	-19	18	55
6.811	6.618	-137.235	-540.131	-19	18	55
6.844	6.618	-135.563	-541.693	-19	18	55
6.877	6.618	-133.889	-543.252	-19	18	55
6.909	6.618	-132.214	-544.808	-19	18	55
6.942	6.618	-130.537	-546.360	-19	18	55
6.974	6.618	-128.859	-547.910	-19	18	55
7.007	6.618	-127.179	-549.457	-19	18	55
7.039	6.618	-125.498	-551.000	-19	18	55
7.072	6.618	-123.815	-552.540	-19	18	55
7.105	6.618	-122.131	-554.077	-19	17	55
7.137	6.618	-120.445	-555.611	-19	17	55
7.170	6.618	-118.758	-557.141	-19	17	55
7.202	6.618	-117.070	-558.668	-19	17	55
7.235	6.618	-115.380	-560.192	-19	17	55
7.267	6.618	-113.689	-561.712	-19	17	55
7.300	6.618	-111.997	-563.228	-19	17	55
7.333	6.618	-110.303	-564.741	-19	17	55
7.365	6.618	-108.608	-566.250	-19	17	55
7.398	6.618	-106.911	-567.756	-19	17	55
7.430	6.618	-105.213	-569.258	-19	17	55
7.463	6.618	-103.514	-570.756	-19	17	55
7.495	6.618	-101.814	-572.250	-19	17	55
7.528	6.618	-100.112	-573.740	-19	17	55
7.561	6.618	-98.410	-575.226	-19	17	55
7.593	6.618	-96.706	-576.709	-19	17	55
7.626	6.618	-95.001	-578.187	-19	17	55
7.658	6.618	-93.294	-579.661	-19	17	55
7.691	6.618	-91.587	-581.131	-19	17	55
7.723	6.618	-89.878	-582.597	-19	17	55
7.756	6.618	-88.168	-584.059	-19	17	55
7.788	6.618	-86.457	-585.516	-19	17	55
7.821	6.618	-84.745	-586.969	-19	17	55
7.854	6.618	-83.031	-588.417	-19	16	55
7.886	6.618	-81.317	-589.861	-20	16	58
7.919	6.618	-79.601	-591.300	-20	16	58
7.951	6.618	-77.885	-592.734	-20	16	58
7.984	6.618	-76.167	-594.164	-20	16	58
8.016	6.618	-74.448	-595.589	-20	16	58
8.049	6.618	-72.728	-597.009	-20	16	58
8.082	6.618	-71.007	-598.424	-20	16	58
8.114	6.618	-69.286	-599.835	-20	16	58
8.147	6.618	-67.563	-601.240	-20	16	58
8.179	6.618	-65.839	-602.639	-20	16	58
8.212	6.618	-64.114	-604.034	-20	16	58
8.244	6.618	-62.388	-605.423	-20	16	58
8.277	6.618	-60.661	-606.807	-20	16	58
8.310	6.618	-58.933	-608.186	-20	16	58
8.342	6.618	-57.204	-609.559	-20	16	58
8.375	6.618	-55.474	-610.926	-20	16	58
8.407	6.618	-53.744	-612.288	-20	15	58
8.440	6.618	-52.012	-613.644	-20	15	58
8.472	6.618	-50.279	-614.994	-20	15	58
8.505	6.618	-48.546	-616.338	-20	15	58
8.538	6.618	-46.811	-617.676	-20	15	58
8.570	6.618	-45.076	-619.007	-20	15	58
8.603	6.618	-43.340	-620.333	-20	15	58
8.635	6.618	-41.603	-621.652	-20	15	58
8.668	6.618	-39.865	-622.965	-20	15	58
8.700	6.618	-38.126	-624.272	-20	15	58
8.733	6.618	-36.386	-625.571	-20	15	58
8.766	6.618	-34.646	-626.865	-20	15	58
8.798	6.618	-32.904	-628.151	-20	15	58
8.831	6.618	-31.162	-629.430	-20	15	58
8.863	6.618	-29.419	-630.703	-20	14	58
8.896	6.618	-27.675	-631.968	-20	14	58
8.928	6.618	-25.931	-633.227	-20	14	58
8.961	6.618	-24.185	-634.477	-20	14	58
8.994	6.618	-22.439	-635.721	-20	14	58
9.026	6.618	-20.692	-636.957	-20	14	58
9.059	6.618	-18.944	-638.185	-20	14	58
9.091	6.618	-17.196	-639.406	-20	14	58
9.124	6.618	-15.446	-640.619	-20	14	58
9.156	6.618	-13.696	-641.824	-20	14	58
9.189	6.618	-11.945	-643.021	-20	14	58
9.221	6.618	-10.194	-644.210	-20	14	58
9.254	6.618	-8.442	-645.390	-20	13	58
9.287	6.618	-6.689	-646.562	-20	13	58
9.319	6.618	-4.935	-647.725	-20	13	58
9.352	6.618	-3.180	-648.880	-20	13	58
9.384	6.618	-1.425	-650.026	-20	13	58
9.417	6.618	0.331	-651.163	-20	13	58
9.449	6.618	2.087	-652.292	-20	13	58
9.482	6.618	3.845	-653.411	-20	13	58
9.515	6.618	5.602	-654.520	-20	13	58
9.547	6.618	7.361	-655.621	-20	13	58
9.580	6.618	9.120	-656.711	-20	12	58
9.612	6.618	10.880	-657.793	-20	12	58
9.645	6.618	12.641	-658.864	-20	12	58
9.677	6.618	14.402	-659.925	-20	12	58
9.710	6.618	16.164	-660.977	-20	12	58
9.743	6.618	17.927	-662.018	-20	12	58
9.775	6.618	19.690	-663.048	-20	12	58
9.808	6.618	21.453	-664.069	-20	12	58
9.840	6.618	23.218	-665.078	-20	11	58
9.873	6.618	24.983	-666.077	-20	11	58
9.905	6.618	26.749	-667.065	-20	11	58
9.938	6.618	28.515	-668.042	-20	11	58
9.971	6.618	30.282	-669.008	-20	11	58
10.003	6.618	32.049	-669.963	-20	11	58
10.036	6.618	33.817	-670.906	-20	11	58
10.068	6.618	35.586	-671.837	-20	11	58
10.101	6.618	37.355	-672.757	-20	10	58
10.133	6.618	39.125	-673.664	-20	10	58
10.166	6.618	40.895	-674.560	-20	10	58
10.199	6.618	42.666	-675.444	-20	10	58
10.231	6.618	44.437	-676.315	-20	10	58
10.264	6.618	46.209	-677.173	-20	10	58
10.296	6.618	47.982	-678.019	-20	10	58
10.329	6.618	49.755	-678.852	-20	9	58
10.361	6.618	51.529	-679.672	-20	9	58
10.394	6.618	53.303	-680.480	-20	9	58
10.427	6.618	55.078	-681.273	-20	9	58
10.459	6.618	56.853	-682.054	-20	9	58
10.492	6.618	58.629	-682.821	-20	9	58
10.524	6.618	60.405	-683.574	-20	9	58
10.557	6.618	62.182	-684.313	-20	8	58
10.589	6.618	63.959	-685.039	-20	8	58
10.622	6.618	65.737	-685.750	-20	8	58
10.655	6.618	67.515	-686.447	-20	8	58
10.687	6.618	69.294	-687.130	-20	8	58
10.720	6.618	71.074	-687.798	-20	8	58
10.752	6.618	72.853	-688.451	-20	7	58
10.785	6.618	74.634	-689.089	-20	7	58
10.817	6.618	76.414	-689.713	-20	7	58
10.850	6.618	78.196	-690.321	-20	7	58
10.882	6.618	79.977	-690.914	-20	7	58
10.915	6.618	81.760	-691.492	-20	7	58
10.948	6.618	83.542	-692.054	-20	6	58
10.980	6.618	85.325	-692.601	-20	6	58
11.013	6.618	87.109	-693.132	-20	6	58
11.045	6.618	88.893	-693.647	-20	6	58
11.078	6.618	90.678	-694.146	-20	6	58
11.110	6.618	92.463	-694.628	-20	5	58
11.143	6.618	94.248	-695.095	-20	5	58
11.176	6.618	96.034	-695.545	-20	5	58
11.208	6.618	97.820	-695.979	-20	5	58
11.208	6.618	97.820	-695.979	0	0	0
11.274	6.615	101.452	-696.648	-41	8	120
11.339	6.607	105.150	-696.940	-42	3	123
11.403	6.594	108.886	-696.852	-43	-1	125
11.465	6.575	112.636	-696.384	-43	-5	125
11.526	6.551	116.373	-695.542	-43	-10	125
11.585	6.523	120.073	-694.337	-42	-14	123
11.641	6.489	123.710	-692.784	-41	-18	120
11.695	6.451	127.262	-690.901	-40	-21	117
11.744	6.409	130.706	-688.709	-39	-25	114
11.791	6.363	134.019	-686.233	-38	-28	111
11.833	6.313	137.181	-683.500	-36	-31	105
11.871	6.259	140.173	-680.538	-34	-34	99
11.905	6.203	142.976	-677.375	-32	-36	105
11.933	6.144	145.573	-674.042	-30	-38	111
11.957	6.083	147.950	-670.568	-27	-40	117
11.976	6.021	150.092	-666.984	-24	-41	120
11.989	5.957	151.987	-663.317	-22	-42	123
11.997	5.892	153.623	-659.597	-19	-42	123
12.000	5.826	154.992	-655.851	-16	-43	125
12.000	5.826	154.992	-655.851	0	0	0
12.000	5.794	155.607	-653.986	-7	-21	61
12.000	5.761	156.226	-652.121	-7	-21	61
12.000	5.729	156.849	-650.256	-7	-21	61
12.000	5.696	157.477	-648.390	-7	-21	61
12.000	5.663	158.109	-646.525	-7	-21	61
12.000	5.631	158.745	-644.660	-7	-21	61
12.000	5.598	159.385	-642.795	-7	-21	61
12.000	5.566	160.029	-640.930	-7	-21	61
12.000	5.533	160.678	-639.065	-7	-21	61
12.000	5.501	161.330	-637.200	-7	-21	61
12.000	5.468	161.987	-635.335	-7	-21	61
12.000	5.436	162.648	-633.470	-8	-21	61
12.000	5.403	163.313	-631.605	-8	-21	61
12.000	5.371	163.982	-629.740	-8	-21	61
12.000	5.338	164.656	-627.875	-8	-21	61
12.000	5.305	165.333	-626.010	-8	-21	61
12.000	5.273	166.015	-624.145	-8	-21	61
12.000	5.240	166.700	-622.280	-8	-21	61
12.000	5.208	167.390	-620.415	-8	-21	61
12.000	5.175	168.084	-618.550	-8	-21	61
12.000	5.143	168.782	-616.685	-8	-21	61
12.000	5.110	169.483	-614.820	-8	-21	61
12.000	5.078	170.189	-612.955	-8	-21	61
12.000	5.045	170.899	-611.090	-8	-21	61
12.000	5.012	171.613	-609.225	-8	-21	61
12.000	4.980	172.331	-607.360	-8	-21	61
12.000	4.947	173.052	-605.494	-8	-21	61
12.000	4.915	173.778	-603.629	-8	-21	61
12.000	4.882	174.508	-601.764	-8	-21	61
12.000	4.850	175.241	-599.899	-8	-21	61
12.000	4.817	175.979	-598.034	-8	-21	61
12.000	4.785	176.720	-596.169	-8	-21	61
12.000	4.752	177.466	-594.304	-8	-21	61
12.000	4.720	178.215	-592.439	-9	-21	61
12.000	4.687	178.968	-590.574	-9	-21	61
12.000	4.654	179.725	-588.709	-9	-21	61
12.000	4.622	180.486	-586.844	-9	-21	61
12.000	4.589	181.250	-584.979	-9	-21	61
12.000	4.557	182.019	-583.114	-9	-21	61
12.000	4.524	182.791	-581.249	-9	-21	61
12.000	4.492	183.568	-579.384	-9	-21	61
12.000	4.459	184.347	-577.519	-9	-21	61
12.000	4.427	185.131	-575.654	-9	-21	61
12.000	4.394	185.919	-573.789	-9	-21	61
12.000	4.361	186.710	-571.924	-9	-21	61
12.000	4.329	187.505	-570.059	-9	-21	61
12.000	4.296	188.304	-568.194	-9	-21	61
12.000	4.264	189.106	-566.329	-9	-21	61
12.000	4.231	189.912	-564.463	-9	-21	61
12.000	4.199	190.722	-562.598	-9	-21	61
12.000	4.166	191.536	-560.733	-9	-21	61
12.000	4.134	192.353	-558.868	-9	-21	61
12.000	4.101	193.174	-557.003	-9	-21	61
12.000	4.068	193.999	-555.138	-9	-21	61
12.000	4.036	194.827	-553.273	-9	-21	61
12.000	4.003	195.659	-551.408	-9	-21	61
12.000	3.971	196.494	-549.543	-10	-21	61
12.000	3.938	197.334	-547.678	-10	-21	61
12.000	3.906	198.176	-545.813	-10	-21	61
12.000	3.873	199.023	-543.948	-10	-21	61
12.000	3.841	199.872	-542.083	-10	-21	61
12.000	3.808	200.726	-540.218	-10	-21	61
12.000	3.776	201.583	-538.353	-10	-21	61
12.000	3.743	202.443	-536.488	-10	-21	61
12.000	3.710	203.307	-534.623	-10	-21	61
12.000	3.678	204.175	-532.758	-10	-21	61
12.000	3.645	205.046	-530.893	-10	-21	61
12.000	3.613	205.921	-529.028	-10	-21	61
12.000	3.580	206.799	-527.163	-10	-21	61
12.000	3.548	207.680	-525.298	-10	-21	61
12.000	3.515	208.565	-523.432	-10	-21	61
12.000	3.483	209.454	-521.567	-10	-21	61
12.000	3.450	210.345	-519.702	-10	-21	61
12.000	3.417	211.241	-517.837	-10	-21	61
12.000	3.385	212.139	-515.972	-10	-21	61
12.000	3.352	213.041	-514.107	-10	-21	61
12.000	3.320	213.947	-512.242	-10	-21	61
12.000	3.287	214.856	-510.377	-10	-21	61
12.000	3.255	215.768	-508.512	-10	-21	61
12.000	3.222	216.683	-506.647	-10	-21	61
12.000	3.190	217.602	-504.782	-10	-21	61
12.000	3.157	218.525	-502.917	-10	-21	61
12.000	3.125	219.450	-501.052	-11	-21	61
12.000	3.092	220.379	-499.187	-11	-21	61
12.000	3.059	221.311	-497.322	-11	-21	61
12.000	3.027	222.246	-495.457	-11	-21	61
12.000	2.994	223.185	-493.592	-11	-21	61
12.000	2.962	224.127	-491.727	-11	-21	61
12.000	2.929	225.072	-489.862	-11	-21	61
12.000	2.897	226.021	-487.997	-11	-21	61
12.000	2.864	226.972	-486.132	-11	-21	61
12.000	2.832	227.927	-484.267	-11	-21	61
12.000	2.799	228.885	-482.401	-11	-21	61
12.000	2.766	229.847	-480.536	-11	-21	61
12.000	2.734	230.811	-478.671	-11	-21	61
12.000	2.701	231.779	-476.806	-11	-21	61
12.000	2.669	232.749	-474.941	-11	-21	61
12.000	2.636	233.723	-473.076	-11	-21	61
12.000	2.604	234.700	-471.211	-11	-21	61
12.000	2.571	235.680	-469.346	-11	-21	61
12.000	2.539	236.664	-467.481	-11	-21	61
12.000	2.506	237.650	-465.616	-11	-21	61
12.000	2.473	238.639	-463.751	-11	-21	61
12.000	2.441	239.632	-461.886	-11	-21	61
12.000	2.408	240.628	-460.021	-11	-21	61
12.000	2.376	241.626	-458.156	-11	-21	61
12.000	2.343	242.628	-456.291	-11	-21	61
12.000	2.311	243.633	-454.426	-11	-21	61
12.000	2.278	244.640	-452.561	-11	-21	61
12.000	2.246	245.651	-450.696	-11	-21	61
12.000	2.213	246.665	-448.831	-12	-21	61
12.000	2.181	247.681	-446.966	-12	-21	61
12.000	2.148	248.701	-445.101	-12	-21	61
12.000	2.115	249.724	-443.236	-12	-21	61
12.000	2.083	250.749	-441.370	-12	-21	61
12.000	2.050	251.778	-439.505	-12	-21	61
12.000	2.018	252.809	-437.640	-12	-21	61
12.000	1.985	253.844	-435.775	-12	-21	61
12.000	1.953	254.881	-433.910	-12	-21	61
12.000	1.920	255.921	-432.045	-12	-21	61
12.000	1.888	256.965	-430.180	-12	-21	61
12.000	1.855	258.010	-428.315	-12	-21	61
12.000	1.822	259.059	-426.450	-12	-21	61
12.000	1.790	260.111	-424.585	-12	-21	61
12.000	1.757	261.166	-422.720	-12	-21	61
12.000	1.725	262.223	-420.855	-12	-21	61
12.000	1.692	263.283	-418.990	-12	-21	61
12.000	1.660	264.346	-417.125	-12	-21	61
12.000	1.627	265.412	-415.260	-12	-21	61
12.000	1.595	266.481	-413.395	-12	-21	61
12.000	1.562	267.552	-411.530	-12	-21	61
12.000	1.529	268.626	-409.665	-12	-21	61
12.000	1.497	269.703	-407.800	-12	-21	61
12.000	1.464	270.783	-405.935	-12	-21	61
12.000	1.432	271.865	-404.070	-12	-21	61
12.000	1.399	272.950	-402.205	-12	-21	61
12.000	1.367	274.038	-400.340	-12	-21	61
12.000	1.334	275.129	-398.474	-12	-21	61
11.793	5.720	145.848	-649.469	1471	2856	8367
11.801	5.789	144.965	-653.435	10	45	131
11.802	5.858	143.656	-657.407	15	45	131
11.794	5.927	141.936	-661.332	20	45	131
11.778	5.995	139.827	-665.151	24	43	125
11.755	6.060	137.353	-668.807	28	42	123
11.724	6.122	134.545	-672.239	32	39	114
11.686	6.180	131.437	-675.389	35	36	105
11.641	6.233	128.067	-678.202	38	32	111
11.591	6.281	124.480	-680.625	41	28	120
11.535	6.323	120.719	-682.611	43	23	125
11.475	6.357	116.835	-684.120	44	17	128
11.411	6.385	112.878	-685.122	45	11	131
11.411	6.385	112.878	-685.122	0	0	0
11.338	6.401	108.594	-685.336	49	2	143
11.264	6.412	104.353	-685.116	48	-2	140
11.189	6.416	100.184	-684.466	47	-7	137
11.114	6.415	96.116	-683.393	46	-12	134
11.114	6.415	96.116	-683.393	0	0	0
11.077	6.416	94.087	-682.934	23	-5	67
11.040	6.417	92.059	-682.455	23	-5	67
11.003	6.418	90.031	-681.956	23	-6	67
10.966	6.419	88.004	-681.437	23	-6	67
10.929	6.420	85.978	-680.899	23	-6	67
10.929	6.420	85.978	-680.899	0	0	0
10.892	6.421	83.958	-680.320	23	-7	67
10.855	6.421	81.939	-679.721	23	-7	67
10.819	6.422	79.921	-679.103	23	-7	67
10.782	6.423	77.903	-678.466	23	-7	67
10.745	6.423	75.885	-677.810	23	-7	67
10.745	6.423	75.885	-677.810	0	0	0
10.708	6.424	73.876	-677.114	23	-8	67
10.671	6.424	71.867	-676.399	23	-8	67
10.634	6.424	69.859	-675.667	23	-8	67
10.597	6.424	67.851	-674.916	23	-9	67
10.560	6.425	65.844	-674.148	23	-9	67
10.560	6.425	65.844	-674.148	0	0	0
10.523	6.424	63.846	-673.340	23	-9	67
10.487	6.424	61.849	-672.515	23	-9	67
10.450	6.424	59.852	-671.673	23	-10	67
10.413	6.424	57.856	-670.814	23	-10	67
10.376	6.424	55.860	-669.938	23	-10	67
10.376	6.424	55.860	-669.938	0	0	0
10.339	6.423	53.874	-669.024	23	-10	67
10.302	6.422	51.889	-668.094	23	-11	67
10.265	6.422	49.905	-667.148	23	-11	67
10.228	6.421	47.921	-666.187	23	-11	67
10.191	6.421	45.939	-665.210	23	-11	67
10.191	6.421	45.939	-665.210	0	0	0
10.155	6.419	43.966	-664.196	22	-12	64
10.118	6.418	41.994	-663.167	22	-12	64
10.081	6.417	40.024	-662.123	22	-12	64
10.044	6.416	38.054	-661.065	22	-12	64
10.007	6.415	36.085	-659.993	22	-12	64
10.007	6.415	36.085	-659.993	0	0	0
9.935	6.419	32.107	-658.108	45	-21	131
9.862	6.415	28.257	-655.847	44	-26	128
9.790	6.406	24.569	-653.237	42	-30	123
9.719	6.390	21.076	-650.311	40	-33	117
9.719	6.390	21.076	-650.311	0	0	0
9.655	6.369	18.030	-647.325	35	-34	102
9.591	6.345	15.138	-644.178	33	-36	105
9.530	6.317	12.413	-640.888	31	-37	108
9.470	6.285	9.867	-637.470	29	-39	114
9.412	6.250	7.511	-633.941	27	-40	117
9.356	6.212	5.354	-630.316	25	-41	120
9.302	6.171	3.406	-626.612	22	-42	123
9.251	6.126	1.676	-622.844	20	-43	125
9.203	6.079	0.172	-619.027	17	-43	125
9.157	6.029	-1.100	-615.175	14	-44	128
9.114	5.977	-2.133	-611.303	12	-44	128
9.075	5.922	-2.923	-607.423	9	-44	128
9.075	5.922	-2.923	-607.423	0	0	0
9.039	5.863	-3.417	-603.478	6	-45	131
9.005	5.803	-3.734	-599.546	4	-45	131
8.973	5.741	-3.873	-595.632	2	-45	131
8.973	5.741	-3.873	-595.632	0	0	0
8.961	5.698	-3.427	-593.201	-5	-28	82
8.949	5.655	-2.969	-590.768	-5	-28	82
8.949	5.655	-2.969	-590.768	0	0	0
8.938	5.617	-2.565	-588.668	-5	-24	70
8.928	5.580	-2.153	-586.567	-5	-24	70
8.918	5.542	-1.732	-584.464	-5	-24	70
8.918	5.542	-1.732	-584.464	0	0	0
8.909	5.511	-1.371	-582.688	-4	-20	58
8.900	5.479	-1.003	-580.911	-4	-20	58
8.891	5.447	-0.630	-579.132	-4	-20	58
8.882	5.416	-0.251	-577.353	-4	-20	58
8.874	5.384	0.135	-575.572	-4	-20	58
8.865	5.353	0.526	-573.790	-4	-20	58
8.856	5.321	0.923	-572.007	-5	-20	58
8.847	5.289	1.325	-570.223	-5	-20	58
8.838	5.258	1.734	-568.438	-5	-20	58
8.830	5.226	2.149	-566.652	-5	-20	58
8.821	5.195	2.569	-564.865	-5	-20	58
8.812	5.163	2.995	-563.077	-5	-20	58
8.803	5.132	3.427	-561.288	-5	-20	58
8.794	5.100	3.865	-559.498	-5	-20	58
8.786	5.068	4.309	-557.707	-5	-20	58
8.777	5.037	4.758	-555.915	-5	-20	58
8.768	5.005	5.213	-554.122	-5	-20	58
8.759	4.974	5.674	-552.328	-5	-20	58
8.751	4.942	6.140	-550.533	-5	-20	58
8.742	4.910	6.613	-548.738	-5	-20	58
8.733	4.879	7.091	-546.941	-5	-20	58
8.724	4.847	7.574	-545.144	-6	-20	58
8.715	4.816	8.064	-543.346	-6	-20	58
8.707	4.784	8.559	-541.547	-6	-20	58
8.698	4.752	9.059	-539.747	-6	-20	58
8.689	4.721	9.566	-537.946	-6	-20	58
8.680	4.689	10.078	-536.144	-6	-20	58
8.671	4.658	10.595	-534.342	-6	-21	61
8.663	4.626	11.118	-532.539	-6	-21	61
8.654	4.594	11.647	-530.735	-6	-21	61
8.645	4.563	12.181	-528.931	-6	-21	61
8.645	4.563	12.181	-528.931	0	0	0
8.636	4.530	12.747	-527.062	-6	-21	61
8.627	4.497	13.319	-525.192	-7	-21	61
8.618	4.465	13.896	-523.321	-7	-21	61
8.609	4.432	14.480	-521.450	-7	-21	61
8.600	4.399	15.070	-519.578	-7	-21	61
8.591	4.366	15.665	-517.705	-7	-21	61
8.582	4.334	16.266	-515.831	-7	-21	61
8.573	4.301	16.873	-513.957	-7	-21	61
8.564	4.268	17.486	-512.082	-7	-21	61
8.555	4.235	18.104	-510.206	-7	-21	61
8.546	4.202	18.729	-508.330	-7	-21	61
8.537	4.170	19.359	-506.452	-7	-21	61
8.537	4.170	19.359	-506.452	0	0	0
8.528	4.137	20.000	-504.576	-7	-21	61
8.519	4.104	20.647	-502.699	-7	-21	61
8.510	4.071	21.300	-500.822	-7	-21	61
8.501	4.039	21.958	-498.943	-7	-21	61
8.492	4.006	22.622	-497.064	-8	-21	61
8.484	3.973	23.291	-495.185	-8	-21	61
8.475	3.940	23.966	-493.304	-8	-21	61
8.466	3.907	24.647	-491.423	-8	-21	61
8.457	3.875	25.333	-489.542	-8	-21	61
8.448	3.842	26.025	-487.660	-8	-21	61
8.439	3.809	26.722	-485.777	-8	-21	61
8.430	3.776	27.425	-483.893	-8	-21	61
8.430	3.776	27.425	-483.893	0	0	0
8.421	3.743	28.140	-482.011	-8	-21	61
8.413	3.711	28.861	-480.129	-8	-21	61
8.404	3.678	29.587	-478.245	-8	-21	61
8.395	3.645	30.318	-476.362	-8	-21	61
8.386	3.612	31.055	-474.477	-8	-21	61
8.377	3.579	31.797	-472.592	-8	-21	61
8.369	3.546	32.544	-470.707	-9	-21	61
8.360	3.514	33.297	-468.821	-9	-21	61
8.351	3.481	34.055	-466.934	-9	-21	61
8.342	3.448	34.819	-465.047	-9	-21	61
8.334	3.415	35.587	-463.159	-9	-21	61
8.325	3.382	36.361	-461.271	-9	-21	61
8.325	3.382	36.361	-461.271	0	0	0
8.316	3.349	37.148	-459.384	-9	-21	61
8.307	3.317	37.941	-457.497	-9	-21	61
8.299	3.284	38.738	-455.609	-9	-21	61
8.290	3.251	39.541	-453.721	-9	-21	61
8.282	3.218	40.348	-451.833	-9	-21	61
8.273	3.185	41.161	-449.943	-9	-21	61
8.264	3.152	41.979	-448.054	-9	-22	64
8.256	3.119	42.802	-446.164	-9	-22	64
8.247	3.087	43.630	-444.273	-9	-22	64
8.238	3.054	44.463	-442.382	-9	-22	64
8.230	3.021	45.301	-440.490	-10	-22	64
8.221	2.988	46.144	-438.598	-10	-22	64
8.221	2.988	46.144	-438.598	0	0	0
8.212	2.954	47.030	-436.645	-10	-22	64
8.204	2.920	47.922	-434.691	-10	-22	64
8.195	2.886	48.818	-432.736	-10	-22	64
8.186	2.852	49.720	-430.782	-10	-22	64
8.177	2.818	50.627	-428.826	-10	-22	64
8.169	2.784	51.539	-426.870	-10	-22	64
8.160	2.750	52.456	-424.914	-10	-22	64
8.151	2.716	53.378	-422.957	-10	-22	64
8.142	2.682	54.306	-421.000	-11	-22	64
8.142	2.682	54.306	-421.000	0	0	0
8.133	2.644	55.342	-418.851	-12	-24	70
8.124	2.607	56.384	-416.701	-12	-24	70
8.114	2.569	57.432	-414.551	-12	-24	70
8.114	2.569	57.432	-414.551	0	0	0
8.112	2.560	57.707	-414.013	-3	-6	17
8.112	2.560	57.707	-414.013	0	0	0
8.099	2.493	59.754	-410.271	-23	-43	125
8.094	2.425	62.182	-406.674	-28	-41	120
8.096	2.357	64.955	-403.267	-32	-39	114
8.106	2.290	68.032	-400.090	-35	-36	105
8.124	2.224	71.369	-397.178	-38	-33	111
8.149	2.161	74.920	-394.566	-40	-30	117
8.181	2.101	78.635	-392.281	-42	-26	123
8.220	2.045	82.463	-390.349	-44	-22	128
8.265	1.994	86.353	-388.791	-44	-18	128
8.315	1.948	90.254	-387.623	-44	-13	128
8.371	1.908	94.115	-386.859	-44	-9	128
8.430	1.875	97.888	-386.506	-43	-4	125
8.493	1.849	101.525	-386.568	-41	1	120
8.493	1.849	101.525	-386.568	0	0	0
8.567	1.832	105.210	-387.356	-42	9	123
8.641	1.822	108.719	-388.437	-40	12	117
8.716	1.817	112.033	-389.807	-38	16	111
8.791	1.818	115.133	-391.460	-35	19	102
8.791	1.818	115.133	-391.460	0	0	0
8.828	1.817	116.698	-392.160	-18	8	52
8.864	1.816	118.266	-392.853	-18	8	52
8.900	1.815	119.836	-393.538	-18	8	52
8.937	1.814	121.410	-394.215	-18	8	52
8.973	1.813	122.985	-394.884	-18	8	52
8.973	1.813	122.985	-394.884	0	0	0
9.009	1.813	124.549	-395.568	-18	8	52
9.046	1.812	126.115	-396.243	-18	8	52
9.082	1.811	127.684	-396.911	-18	8	52
9.118	1.811	129.256	-397.571	-18	8	52
9.155	1.810	130.830	-398.223	-18	7	52
9.155	1.810	130.830	-398.223	0	0	0
9.191	1.810	132.392	-398.890	-18	8	52
9.227	1.810	133.956	-399.549	-18	7	52
9.264	1.809	135.523	-400.199	-18	7	52
9.300	1.809	137.093	-400.842	-18	7	52
9.336	1.809	138.665	-401.477	-18	7	52
9.336	1.809	138.665	-401.477	0	0	0
9.373	1.809	140.225	-402.127	-18	7	52
9.409	1.809	141.786	-402.769	-18	7	52
9.445	1.809	143.351	-403.403	-18	7	52
9.482	1.810	144.918	-404.029	-18	7	52
9.518	1.810	146.487	-404.647	-18	7	52
9.518	1.810	146.487	-404.647	0	0	0
9.554	1.810	148.043	-405.280	-18	7	52
9.591	1.811	149.602	-405.905	-18	7	52
9.627	1.812	151.163	-406.522	-18	7	52
9.663	1.812	152.727	-407.131	-18	7	52
9.700	1.813	154.293	-407.732	-18	7	52
9.700	1.813	154.293	-407.732	0	0	0
9.736	1.814	155.845	-408.348	-18	7	52
9.772	1.815	157.400	-408.957	-18	7	52
9.808	1.816	158.958	-409.557	-18	7	52
9.845	1.817	160.518	-410.149	-18	7	52
9.881	1.818	162.080	-410.733	-18	7	52
9.881	1.818	162.080	-410.733	0	0	0
9.948	1.817	165.065	-411.605	-34	10	99
10.014	1.820	167.887	-412.704	-32	13	93
10.080	1.828	170.534	-414.027	-30	15	87
10.145	1.841	172.996	-415.568	-28	18	82
10.210	1.858	175.264	-417.322	-26	20	76
10.273	1.879	177.327	-419.284	-23	22	67
10.273	1.879	177.327	-419.284	0	0	0
10.333	1.905	179.128	-421.443	-20	25	73
10.392	1.934	180.758	-423.749	-19	26	76
10.449	1.966	182.214	-426.199	-17	28	82
10.504	2.002	183.493	-428.786	-15	29	84
10.557	2.040	184.591	-431.506	-12	31	90
10.608	2.082	185.507	-434.352	-10	32	93
10.657	2.126	186.237	-437.317	-8	34	99
10.703	2.173	186.780	-440.395	-6	35	102
10.747	2.222	187.135	-443.579	-4	36	105
10.787	2.273	187.301	-446.861	-2	37	108
10.825	2.327	187.278	-450.233	0	38	111
10.860	2.383	187.066	-453.686	2	39	114
10.891	2.440	186.665	-457.213	5	40	117
10.920	2.499	186.076	-460.803	7	41	120
10.920	2.499	186.076	-460.803	0	0	0
10.929	2.531	185.469	-462.666	7	21	61
10.937	2.563	184.867	-464.528	7	21	61
10.946	2.594	184.269	-466.391	7	21	61
10.955	2.626	183.675	-468.253	7	21	61
10.964	2.657	183.085	-470.115	7	21	61
10.973	2.689	182.500	-471.977	7	21	61
10.981	2.720	181.919	-473.839	7	21	61
10.990	2.752	181.342	-475.701	7	21	61
10.999	2.784	180.769	-477.563	7	21	61
11.008	2.815	180.200	-479.424	6	21	61
11.017	2.847	179.636	-481.285	6	21	61
11.025	2.878	179.076	-483.147	6	21	61
11.034	2.910	178.520	-485.007	6	21	61
11.043	2.942	177.969	-486.868	6	21	61
11.052	2.973	177.422	-488.729	6	21	61
11.061	3.005	176.879	-490.589	6	21	61
11.069	3.036	176.340	-492.450	6	21	61
11.078	3.068	175.806	-494.310	6	21	61
11.087	3.099	175.276	-496.170	6	21	61
11.096	3.131	174.751	-498.030	6	21	61
11.105	3.163	174.230	-499.889	6	21	61
11.114	3.194	173.713	-501.749	6	21	61
11.122	3.226	173.200	-503.608	6	21	61
11.131	3.257	172.692	-505.467	6	21	61
11.140	3.289	172.189	-507.326	6	21	61
11.140	3.289	172.189	-507.326	0	0	0
11.149	3.321	171.685	-509.186	6	21	61
11.157	3.352	171.185	-511.045	6	21	61
11.166	3.384	170.691	-512.904	6	21	61
11.175	3.415	170.200	-514.763	6	21	61
11.184	3.447	169.714	-516.622	6	21	61
11.192	3.479	169.232	-518.480	5	21	61
11.201	3.510	168.755	-520.338	5	21	61
11.210	3.542	168.282	-522.196	5	21	61
11.218	3.573	167.814	-524.054	5	21	61
11.227	3.605	167.350	-525.912	5	21	61
11.236	3.637	166.891	-527.770	5	21	61
11.245	3.668	166.436	-529.627	5	21	61
11.253	3.700	165.985	-531.484	5	21	61
11.262	3.731	165.539	-533.341	5	21	61
11.271	3.763	165.098	-535.197	5	21	61
11.280	3.795	164.661	-537.054	5	21	61
11.288	3.826	164.229	-538.910	5	21	61
11.297	3.858	163.801	-540.766	5	21	61
11.306	3.889	163.378	-542.621	5	21	61
11.314	3.921	162.959	-544.477	5	21	61
11.323	3.953	162.545	-546.332	5	21	61
11.332	3.984	162.135	-548.187	5	21	61
11.341	4.016	161.730	-550.042	5	21	61
11.349	4.047	161.330	-551.896	5	21	61
11.358	4.079	160.934	-553.750	5	21	61
11.358	4.079	160.934	-553.750	0	0	0
11.367	4.112	160.520	-555.682	5	22	64
11.376	4.145	160.111	-557.614	5	22	64
11.385	4.178	159.707	-559.546	5	22	64
11.394	4.211	159.308	-561.477	5	22	64
11.403	4.244	158.914	-563.408	4	22	64
11.412	4.277	158.525	-565.339	4	22	64
11.421	4.310	158.141	-567.269	4	22	64
11.430	4.343	157.762	-569.199	4	22	64
11.439	4.375	157.388	-571.129	4	22	64
11.448	4.408	157.020	-573.059	4	22	64
11.457	4.441	156.656	-574.988	4	22	64
11.466	4.474	156.297	-576.917	4	22	64
11.466	4.474	156.297	-576.917	0	0	0
11.475	4.507	155.938	-578.846	4	22	64
11.484	4.540	155.583	-580.775	4	22	64
11.493	4.573	155.234	-582.704	4	22	64
11.501	4.606	154.890	-584.632	4	22	64
11.510	4.639	154.550	-586.560	4	22	64
11.519	4.672	154.216	-588.488	4	22	64
11.528	4.705	153.887	-590.415	4	22	64
11.537	4.738	153.563	-592.342	4	22	64
11.546	4.771	153.245	-594.269	4	22	64
11.555	4.804	152.931	-596.195	4	22	64
11.564	4.837	152.623	-598.121	4	22	64
11.572	4.870	152.319	-600.046	3	22	64
11.572	4.870	152.319	-600.046	0	0	0
11.581	4.903	152.014	-601.972	3	22	64
11.590	4.936	151.714	-603.898	3	22	64
11.599	4.969	151.419	-605.823	3	22	64
11.607	5.002	151.129	-607.748	3	22	64
11.616	5.035	150.844	-609.673	3	22	64
11.625	5.068	150.565	-611.597	3	22	64
11.634	5.101	150.290	-613.521	3	22	64
11.642	5.134	150.021	-615.444	3	22	64
11.651	5.167	149.757	-617.367	3	22	64
11.660	5.200	149.498	-619.289	3	22	64
11.669	5.233	149.245	-621.211	3	22	64
11.677	5.266	148.997	-623.132	3	22	64
11.677	5.266	148.997	-623.132	0	0	0
11.698	5.330	148.708	-626.856	3	42	123
11.717	5.394	148.365	-630.594	4	43	125
11.734	5.459	147.968	-634.346	5	43	125
11.751	5.524	147.519	-638.110	5	43	125
11.766	5.589	147.015	-641.886	6	43	125
11.780	5.654	146.458	-645.673	6	43	125
11.793	5.720	145.848	-649.469	7	43	125
10.789	5.703	92.454	-639.183	608	-117	1781
10.796	5.780	91.188	-643.556	14	50	146
10.780	5.856	88.748	-647.478	28	45	131
10.742	5.924	85.339	-650.578	39	35	114
10.789	5.703	92.454	-639.183	-81	-130	380
10.781	5.671	92.692	-637.284	-3	-22	64
10.773	5.638	92.936	-635.385	-3	-22	64
10.764	5.606	93.185	-633.487	-3	-22	64
10.756	5.574	93.440	-631.588	-3	-22	64
10.748	5.542	93.700	-629.689	-3	-22	64
10.739	5.510	93.965	-627.790	-3	-22	64
10.731	5.478	94.235	-625.891	-3	-22	64
10.723	5.446	94.511	-623.992	-3	-22	64
10.714	5.414	94.792	-622.093	-3	-22	64
10.706	5.382	95.078	-620.194	-3	-22	64
10.697	5.350	95.370	-618.295	-3	-22	64
10.689	5.318	95.667	-616.396	-3	-22	64
10.681	5.286	95.969	-614.497	-3	-22	64
10.672	5.254	96.276	-612.598	-3	-22	64
10.664	5.221	96.589	-610.699	-4	-22	64
10.656	5.189	96.907	-608.800	-4	-22	64
10.647	5.157	97.230	-606.901	-4	-22	64
10.639	5.125	97.558	-605.002	-4	-22	64
10.631	5.093	97.892	-603.103	-4	-22	64
10.622	5.061	98.231	-601.204	-4	-22	64
10.614	5.029	98.575	-599.305	-4	-22	64
10.606	4.997	98.924	-597.406	-4	-22	64
10.597	4.965	99.278	-595.507	-4	-22	64
10.589	4.933	99.638	-593.608	-4	-22	64
10.581	4.901	100.002	-591.709	-4	-22	64
10.572	4.869	100.372	-589.810	-4	-22	64
10.564	4.836	100.747	-587.911	-4	-22	64
10.556	4.804	101.127	-586.012	-4	-22	64
10.547	4.772	101.512	-584.113	-4	-22	64
10.539	4.740	101.903	-582.214	-4	-22	64
10.531	4.708	102.298	-580.315	-4	-22	64
10.522	4.676	102.699	-578.416	-5	-22	64
10.514	4.644	103.105	-576.517	-5	-22	64
10.506	4.612	103.515	-574.618	-5	-22	64
10.497	4.580	103.931	-572.719	-5	-22	64
10.489	4.548	104.352	-570.820	-5	-22	64
10.480	4.516	104.778	-568.921	-5	-22	64
10.472	4.484	105.209	-567.022	-5	-22	64
10.472	4.484	105.209	-567.022	0	0	0
10.463	4.450	105.656	-565.046	-5	-22	64
10.455	4.417	106.108	-563.070	-5	-22	64
10.446	4.384	106.566	-561.093	-5	-22	64
10.437	4.350	107.029	-559.117	-5	-22	64
10.428	4.317	107.498	-557.141	-5	-22	64
10.419	4.283	107.972	-555.165	-5	-22	64
10.410	4.250	108.451	-553.189	-5	-22	64
10.402	4.217	108.936	-551.213	-6	-22	64
10.393	4.183	109.426	-549.237	-6	-22	64
10.384	4.150	109.921	-547.261	-6	-22	64
10.375	4.117	110.422	-545.285	-6	-22	64
10.366	4.083	110.928	-543.308	-6	-22	64
10.366	4.083	110.928	-543.308	0	0	0
10.358	4.050	111.433	-541.332	-6	-22	64
10.349	4.017	111.942	-539.356	-6	-22	64
10.340	3.983	112.457	-537.380	-6	-22	64
10.331	3.950	112.978	-535.404	-6	-22	64
10.322	3.917	113.503	-533.428	-6	-22	64
10.313	3.884	114.034	-531.452	-6	-22	64
10.304	3.850	114.570	-529.476	-6	-22	64
10.295	3.817	115.112	-527.500	-6	-22	64
10.286	3.784	115.658	-525.523	-6	-22	64
10.277	3.750	116.210	-523.547	-6	-22	64
10.268	3.717	116.767	-521.571	-6	-22	64
10.259	3.684	117.330	-519.595	-6	-22	64
10.259	3.684	117.330	-519.595	0	0	0
10.250	3.650	117.888	-517.619	-6	-22	64
10.241	3.617	118.451	-515.643	-6	-22	64
10.232	3.584	119.020	-513.667	-6	-22	64
10.223	3.551	119.593	-511.691	-7	-22	64
10.214	3.517	120.172	-509.715	-7	-22	64
10.205	3.484	120.756	-507.739	-7	-22	64
10.196	3.451	121.345	-505.763	-7	-22	64
10.186	3.417	121.939	-503.786	-7	-22	64
10.177	3.384	122.539	-501.810	-7	-22	64
10.168	3.351	123.143	-499.834	-7	-22	64
10.159	3.318	123.753	-497.858	-7	-22	64
10.150	3.284	124.367	-495.882	-7	-22	64
10.150	3.284	124.367	-495.882	0	0	0
10.141	3.251	124.975	-493.906	-7	-22	64
10.132	3.218	125.588	-491.930	-7	-22	64
10.122	3.185	126.206	-489.954	-7	-22	64
10.113	3.152	126.830	-487.978	-7	-22	64
10.104	3.118	127.458	-486.002	-7	-22	64
10.094	3.085	128.091	-484.026	-7	-22	64
10.085	3.052	128.729	-482.050	-7	-22	64
10.076	3.019	129.372	-480.074	-7	-22	64
10.066	2.986	130.021	-478.098	-7	-22	64
10.057	2.952	130.674	-476.122	-7	-22	64
10.048	2.919	131.332	-474.146	-7	-22	64
10.038	2.886	131.995	-472.170	-8	-22	64
10.038	2.886	131.995	-472.170	0	0	0
10.029	2.853	132.649	-470.194	-7	-22	64
10.019	2.820	133.308	-468.218	-7	-22	64
10.010	2.786	133.972	-466.242	-8	-22	64
10.000	2.753	134.641	-464.267	-8	-22	64
9.991	2.720	135.315	-462.291	-8	-22	64
9.981	2.687	135.994	-460.315	-8	-22	64
9.972	2.654	136.677	-458.339	-8	-22	64
9.962	2.621	137.366	-456.363	-8	-22	64
9.953	2.588	138.059	-454.387	-8	-22	64
9.943	2.554	138.757	-452.411	-8	-22	64
9.934	2.521	139.460	-450.435	-8	-22	64
9.924	2.488	140.167	-448.459	-8	-22	64
9.924	2.488	140.167	-448.459	0	0	0
9.891	2.421	141.030	-444.232	-10	-48	140
9.841	2.365	140.674	-440.395	4	-44	128
9.841	2.365	140.674	-440.395	0	0	0
9.777	2.309	139.746	-436.308	11	-46	134
9.704	2.265	138.045	-432.713	19	-41	120
9.625	2.234	135.616	-429.702	28	-34	99
9.625	2.234	135.616	-429.702	0	0	0
9.557	2.226	132.893	-428.124	31	-18	90
9.489	2.222	130.025	-426.725	33	-16	96
9.421	2.222	127.017	-425.511	34	-14	99
9.353	2.226	123.879	-424.482	36	-12	105
9.286	2.234	120.620	-423.642	37	-10	108
9.286	2.234	120.620	-423.642	0	0	0
9.209	2.256	116.448	-423.333	47	-4	137
9.147	2.306	111.870	-424.830	52	17	152
9.110	2.377	107.646	-427.900	48	35	140
9.110	2.377	107.646	-427.900	0	0	0
9.098	2.452	104.369	-431.655	37	43	125
9.102	2.528	101.798	-435.786	29	47	137
9.123	2.600	100.064	-440.107	20	49	143
9.123	2.600	100.064	-440.107	0	0	0
9.131	2.632	99.289	-441.972	9	21	61
9.139	2.664	98.519	-443.836	9	21	61
9.148	2.696	97.753	-445.701	9	21	61
9.156	2.727	96.992	-447.565	9	21	61
9.164	2.759	96.235	-449.430	9	21	61
9.172	2.791	95.482	-451.294	9	21	61
9.181	2.822	94.734	-453.158	9	21	61
9.189	2.854	93.990	-455.022	8	21	61
9.197	2.886	93.251	-456.886	8	21	61
9.205	2.918	92.516	-458.750	8	21	61
9.214	2.949	91.786	-460.613	8	21	61
9.222	2.981	91.060	-462.477	8	21	61
9.230	3.013	90.339	-464.340	8	21	61
9.239	3.044	89.622	-466.204	8	21	61
9.247	3.076	88.910	-468.067	8	21	61
9.255	3.108	88.202	-469.930	8	21	61
9.263	3.140	87.499	-471.793	8	21	61
9.272	3.171	86.801	-473.656	8	21	61
9.280	3.203	86.107	-475.518	8	21	61
9.288	3.235	85.418	-477.381	8	21	61
9.296	3.266	84.733	-479.243	8	21	61
9.305	3.298	84.053	-481.105	8	21	61
9.313	3.330	83.378	-482.968	8	21	61
9.321	3.361	82.707	-484.830	8	21	61
9.329	3.393	82.041	-486.691	8	21	61
9.338	3.425	81.380	-488.553	8	21	61
9.346	3.457	80.724	-490.415	7	21	61
9.354	3.488	80.072	-492.276	7	21	61
9.362	3.520	79.425	-494.137	7	21	61
9.371	3.552	78.783	-495.998	7	21	61
9.379	3.583	78.145	-497.859	7	21	61
9.387	3.615	77.513	-499.720	7	21	61
9.396	3.647	76.885	-501.581	7	21	61
9.404	3.679	76.262	-503.441	7	21	61
9.412	3.710	75.644	-505.302	7	21	61
9.420	3.742	75.030	-507.162	7	21	61
9.429	3.774	74.422	-509.022	7	21	61
9.429	3.774	74.422	-509.022	0	0	0
9.437	3.806	73.806	-510.934	7	22	64
9.446	3.839	73.194	-512.846	7	22	64
9.454	3.871	72.588	-514.758	7	22	64
9.463	3.904	71.988	-516.669	7	22	64
9.471	3.937	71.392	-518.580	7	22	64
9.480	3.969	70.802	-520.492	7	22	64
9.489	4.002	70.217	-522.403	7	22	64
9.497	4.034	69.637	-524.313	7	22	64
9.506	4.067	69.062	-526.224	7	22	64
9.514	4.099	68.493	-528.134	6	22	64
9.523	4.132	67.929	-530.044	6	22	64
9.531	4.165	67.370	-531.954	6	22	64
9.531	4.165	67.370	-531.954	0	0	0
9.540	4.197	66.823	-533.865	6	22	64
9.549	4.230	66.282	-535.775	6	22	64
9.557	4.262	65.746	-537.686	6	22	64
9.566	4.295	65.215	-539.596	6	22	64
9.575	4.327	64.690	-541.506	6	22	64
9.583	4.360	64.170	-543.415	6	22	64
9.592	4.392	63.655	-545.324	6	22	64
9.601	4.425	63.146	-547.234	6	22	64
9.609	4.457	62.642	-549.143	6	22	64
9.618	4.490	62.144	-551.051	6	22	64
9.627	4.522	61.651	-552.960	6	22	64
9.635	4.555	61.164	-554.868	6	22	64
9.635	4.555	61.164	-554.868	0	0	0
9.644	4.588	60.691	-556.777	5	22	64
9.653	4.620	60.224	-558.686	5	22	64
9.662	4.653	59.763	-560.595	5	22	64
9.671	4.685	59.307	-562.504	5	22	64
9.680	4.718	58.856	-564.412	5	22	64
9.688	4.750	58.412	-566.320	5	22	64
9.697	4.782	57.972	-568.228	5	22	64
9.706	4.815	57.539	-570.135	5	22	64
9.715	4.847	57.111	-572.043	5	22	64
9.724	4.880	56.688	-573.950	5	22	64
9.733	4.912	56.271	-575.857	5	22	64
9.741	4.945	55.860	-577.763	5	22	64
9.741	4.945	55.860	-577.763	0	0	0
9.751	4.977	55.467	-579.671	4	22	64
9.760	5.010	55.079	-581.579	4	22	64
9.769	5.042	54.697	-583.486	4	22	64
9.778	5.075	54.320	-585.394	4	22	64
9.787	5.107	53.949	-587.301	4	22	64
9.796	5.140	53.584	-589.207	4	22	64
9.805	5.172	53.225	-591.114	4	22	64
9.814	5.204	52.872	-593.020	4	22	64
9.823	5.237	52.524	-594.926	4	22	64
9.832	5.269	52.182	-596.831	4	22	64
9.841	5.302	51.845	-598.736	4	22	64
9.850	5.334	51.515	-600.641	4	22	64
9.850	5.334	51.515	-600.641	0	0	0
9.859	5.367	51.205	-602.548	4	22	64
9.869	5.399	50.901	-604.455	3	22	64
9.878	5.431	50.602	-606.361	3	22	64
9.887	5.464	50.310	-608.267	3	22	64
9.896	5.496	50.023	-610.172	3	22	64
9.906	5.528	49.742	-612.078	3	22	64
9.915	5.561	49.467	-613.983	3	22	64
9.924	5.593	49.198	-615.887	3	22	64
9.934	5.626	48.935	-617.792	3	22	64
9.943	5.658	48.678	-619.696	3	22	64
9.952	5.690	48.426	-621.599	3	22	64
9.961	5.723	48.181	-623.503	3	22	64
9.961	5.723	48.181	-623.503	0	0	0
9.970	5.748	48.074	-625.034	1	17	49
9.970	5.748	48.074	-625.034	0	0	0
9.982	5.773	48.119	-626.582	-1	18	52
9.982	5.773	48.119	-626.582	0	0	0
10.024	5.838	48.908	-631.009	-9	50	146
10.077	5.895	50.480	-635.261	-18	48	140
10.139	5.942	52.783	-639.197	-26	45	131
10.209	5.977	55.738	-642.677	-34	40	117
10.283	6.000	59.246	-645.574	-40	33	117
10.283	6.000	59.246	-645.574	0	0	0
10.352	6.010	62.694	-647.627	-39	23	114
10.421	6.015	66.274	-649.392	-41	20	120
10.490	6.016	69.967	-650.855	-42	17	123
10.559	6.011	73.752	-652.002	-43	13	125
10.628	6.002	77.611	-652.823	-44	9	128
10.628	6.002	77.611	-652.823	0	0	0
10.695	5.978	81.721	-652.724	-47	-1	137
10.742	5.924	85.339	-650.578	-41	-24	120
8.390	5.734	-33.694	-574.804	1354	-862	3966
8.414	5.803	-34.252	-578.694	6	44	128
8.427	5.875	-35.368	-582.314	13	41	120
8.430	5.948	-37.022	-585.578	19	37	108
8.423	6.020	-39.185	-588.407	25	32	93
8.406	6.091	-41.818	-590.728	30	26	87
8.378	6.158	-44.872	-592.481	35	20	102
8.341	6.221	-48.292	-593.620	39	13	114
8.296	6.278	-52.013	-594.115	42	6	123
8.296	6.278	-52.013	-594.115	0	0	0
8.243	6.324	-55.861	-593.835	44	-3	128
8.183	6.362	-59.844	-592.888	45	-11	131
8.119	6.390	-63.870	-591.304	46	-18	134
8.051	6.408	-67.844	-589.129	45	-25	131
7.981	6.415	-71.667	-586.427	44	-31	128
7.981	6.415	-71.667	-586.427	0	0	0
7.948	6.416	-73.398	-585.044	20	-16	58
7.915	6.416	-75.127	-583.656	20	-16	58
7.883	6.417	-76.855	-582.263	20	-16	58
7.850	6.418	-78.582	-580.864	20	-16	58
7.817	6.418	-80.307	-579.461	20	-16	58
7.784	6.419	-82.032	-578.053	20	-16	58
7.751	6.420	-83.755	-576.640	20	-16	58
7.718	6.420	-85.478	-575.222	20	-16	58
7.686	6.421	-87.199	-573.799	20	-16	58
7.653	6.421	-88.919	-572.371	20	-16	58
7.620	6.422	-90.637	-570.939	20	-16	58
7.587	6.423	-92.355	-569.503	20	-16	58
7.554	6.423	-94.071	-568.061	20	-16	58
7.554	6.423	-94.071	-568.061	0	0	0
7.519	6.424	-95.925	-566.488	21	-18	61
7.483	6.424	-97.777	-564.910	21	-18	61
7.447	6.425	-99.628	-563.326	21	-18	61
7.412	6.425	-101.477	-561.738	21	-18	61
7.376	6.426	-103.325	-560.144	21	-18	61
7.341	6.426	-105.171	-558.546	21	-18	61
7.341	6.426	-105.171	-558.546	0	0	0
7.305	6.426	-107.009	-556.935	21	-18	61
7.270	6.427	-108.846	-555.318	21	-18	61
7.234	6.427	-110.681	-553.698	21	-18	61
7.198	6.427	-112.514	-552.073	21	-18	61
7.163	6.427	-114.345	-550.443	21	-19	61
7.127	6.428	-116.175	-548.810	21	-19	61
7.127	6.428	-116.175	-548.810	0	0	0
7.092	6.428	-117.994	-547.161	21	-19	61
7.056	6.428	-119.811	-545.507	21	-19	61
7.020	6.427	-121.626	-543.850	21	-19	61
6.985	6.427	-123.440	-542.189	21	-19	61
6.949	6.427	-125.251	-540.523	21	-19	61
6.914	6.427	-127.060	-538.854	21	-19	61
6.914	6.427	-127.060	-538.854	0	0	0
6.878	6.427	-128.855	-537.168	20	-19	58
6.843	6.426	-130.649	-535.478	20	-19	58
6.807	6.426	-132.440	-533.784	20	-19	58
6.772	6.425	-134.229	-532.087	20	-19	58
6.736	6.425	-136.016	-530.386	20	-19	58
6.700	6.424	-137.800	-528.682	20	-19	58
6.700	6.424	-137.800	-528.682	0	0	0
6.665	6.423	-139.567	-526.958	20	-20	58
6.629	6.422	-141.332	-525.232	20	-20	58
6.594	6.421	-143.095	-523.502	20	-20	58
6.558	6.420	-144.855	-521.769	20	-20	58
6.523	6.419	-146.612	-520.033	20	-20	58
6.487	6.418	-148.368	-518.294	20	-20	58
6.487	6.418	-148.368	-518.294	0	0	0
6.415	6.421	-152.070	-514.900	42	-39	123
6.342	6.418	-155.607	-511.320	40	-41	120
6.271	6.409	-158.952	-507.580	38	-43	125
6.200	6.396	-162.081	-503.707	36	-44	128
6.200	6.396	-162.081	-503.707	0	0	0
6.136	6.375	-164.600	-500.014	29	-42	123
6.075	6.350	-166.886	-496.264	26	-43	125
6.016	6.320	-168.922	-492.479	23	-43	125
5.958	6.287	-170.696	-488.679	20	-43	125
5.904	6.249	-172.193	-484.884	17	-43	125
5.852	6.208	-173.402	-481.112	14	-43	125
5.804	6.162	-174.316	-477.383	10	-42	123
5.758	6.114	-174.927	-473.715	7	-42	123
5.717	6.062	-175.230	-470.125	3	-41	120
5.679	6.008	-175.223	-466.628	0	-40	117
5.645	5.951	-174.907	-463.242	-4	-39	114
5.616	5.891	-174.283	-459.980	-7	-37	108
5.590	5.830	-173.357	-456.857	-11	-36	105
5.590	5.830	-173.357	-456.857	0	0	0
5.560	5.743	-171.737	-452.663	-18	-48	140
5.533	5.655	-169.857	-448.576	-21	-47	137
5.533	5.655	-169.857	-448.576	0	0	0
5.522	5.617	-169.002	-446.876	-10	-19	55
5.512	5.580	-168.136	-445.171	-10	-19	55
5.501	5.542	-167.260	-443.463	-10	-19	55
5.501	5.542	-167.260	-443.463	0	0	0
5.492	5.511	-166.511	-442.012	-9	-17	49
5.484	5.479	-165.754	-440.559	-9	-17	49
5.475	5.447	-164.990	-439.102	-9	-17	49
5.466	5.415	-164.219	-437.642	-9	-17	49
5.457	5.384	-163.440	-436.179	-9	-17	49
5.448	5.352	-162.655	-434.713	-9	-17	49
5.439	5.320	-161.862	-433.244	-9	-17	49
5.439	5.320	-161.862	-433.244	0	0	0
5.428	5.282	-160.874	-431.457	-11	-20	58
5.418	5.243	-159.877	-429.665	-11	-20	58
5.407	5.204	-158.868	-427.869	-11	-20	58
5.396	5.166	-157.850	-426.069	-12	-20	58
5.396	5.166	-157.850	-426.069	0	0	0
5.387	5.133	-156.962	-424.532	-10	-17	49
5.378	5.099	-156.068	-422.992	-10	-18	52
5.369	5.066	-155.165	-421.449	-10	-18	52
5.360	5.033	-154.256	-419.902	-10	-18	52
5.351	5.000	-153.339	-418.353	-10	-18	52
5.351	5.000	-153.339	-418.353	0	0	0
5.343	4.966	-152.388	-416.784	-11	-18	52
5.334	4.933	-151.431	-415.211	-11	-18	52
5.325	4.899	-150.466	-413.636	-11	-18	52
5.316	4.865	-149.493	-412.057	-11	-18	52
5.307	4.831	-148.514	-410.476	-11	-18	52
5.307	4.831	-148.514	-410.476	0	0	0
5.299	4.799	-147.543	-408.953	-11	-17	49
5.290	4.766	-146.566	-407.426	-11	-17	49
5.282	4.733	-145.582	-405.897	-11	-17	49
5.274	4.701	-144.592	-404.365	-11	-17	49
5.266	4.668	-143.595	-402.831	-11	-17	49
5.266	4.668	-143.595	-402.831	0	0	0
5.240	4.592	-141.497	-398.987	-24	-44	128
5.223	4.514	-138.937	-395.420	-29	-41	120
5.215	4.434	-135.953	-392.164	-34	-37	108
5.215	4.354	-132.587	-389.251	-38	-33	111
5.215	4.354	-132.587	-389.251	0	0	0
5.224	4.284	-129.290	-387.090	-38	-25	111
5.244	4.217	-125.678	-385.432	-41	-19	120
5.273	4.153	-121.838	-384.307	-44	-13	128
5.311	4.094	-117.858	-383.737	-45	-6	131
5.358	4.041	-113.830	-383.732	-46	0	134
5.412	3.996	-109.843	-384.294	-45	6	131
5.472	3.960	-105.982	-385.410	-44	13	128
5.537	3.932	-102.328	-387.060	-42	19	123
5.537	3.932	-102.328	-387.060	0	0	0
5.615	3.919	-98.730	-389.784	-41	31	120
5.694	3.914	-95.418	-392.846	-38	35	111
5.773	3.916	-92.421	-396.218	-34	38	111
5.773	3.916	-92.421	-396.218	0	0	0
5.808	3.916	-91.047	-397.603	-16	16	46
5.842	3.916	-89.669	-398.985	-16	16	46
5.876	3.915	-88.287	-400.362	-16	16	46
5.911	3.915	-86.901	-401.736	-16	16	46
5.945	3.914	-85.511	-403.106	-16	16	46
5.979	3.914	-84.117	-404.471	-16	16	46
5.979	3.914	-84.117	-404.471	0	0	0
6.015	3.914	-82.665	-405.913	-17	16	49
6.051	3.913	-81.209	-407.351	-17	16	49
6.087	3.913	-79.749	-408.784	-17	16	49
6.123	3.913	-78.284	-410.213	-17	16	49
6.159	3.913	-76.815	-411.637	-17	16	49
6.195	3.913	-75.342	-413.057	-17	16	49
6.195	3.913	-75.342	-413.057	0	0	0
6.228	3.913	-74.003	-414.356	-15	15	43
6.261	3.913	-72.661	-415.651	-15	15	43
6.293	3.913	-71.315	-416.942	-15	15	43
6.326	3.913	-69.966	-418.229	-15	15	43
6.359	3.913	-68.614	-419.513	-15	15	43
6.392	3.914	-67.258	-420.792	-15	15	43
6.425	3.914	-65.899	-422.067	-15	15	43
6.457	3.914	-64.537	-423.339	-16	14	46
6.490	3.914	-63.171	-424.606	-16	14	46
6.523	3.914	-61.802	-425.869	-16	14	46
6.556	3.914	-60.430	-427.128	-16	14	46
6.589	3.914	-59.055	-428.383	-16	14	46
6.621	3.914	-57.676	-429.633	-16	14	46
6.654	3.914	-56.295	-430.880	-16	14	46
6.687	3.914	-54.910	-432.122	-16	14	46
6.720	3.914	-53.522	-433.360	-16	14	46
6.753	3.915	-52.131	-434.593	-16	14	46
6.753	3.915	-52.131	-434.593	0	0	0
6.788	3.914	-50.617	-435.898	-17	15	49
6.823	3.914	-49.099	-437.197	-17	15	49
6.858	3.914	-47.578	-438.491	-17	15	49
6.858	3.914	-47.578	-438.491	0	0	0
6.899	3.911	-45.720	-439.865	-21	16	61
6.899	3.911	-45.720	-439.865	0	0	0
6.890	3.864	-44.322	-437.448	-16	-28	82
6.890	3.864	-44.322	-437.448	0	0	0
6.880	3.823	-43.211	-435.282	-13	-25	73
6.869	3.782	-42.091	-433.113	-13	-25	73
6.859	3.742	-40.963	-430.942	-13	-25	73
6.859	3.742	-40.963	-430.942	0	0	0
6.850	3.706	-39.978	-429.009	-11	-22	64
6.840	3.670	-38.987	-427.074	-11	-22	64
6.830	3.634	-37.989	-425.137	-11	-22	64
6.821	3.598	-36.985	-423.199	-11	-22	64
6.811	3.563	-35.974	-421.259	-12	-22	64
6.811	3.563	-35.974	-421.259	0	0	0
6.802	3.530	-35.048	-419.465	-11	-20	58
6.793	3.497	-34.116	-417.670	-11	-20	58
6.785	3.464	-33.179	-415.874	-11	-20	58
6.776	3.431	-32.236	-414.077	-11	-20	58
6.767	3.398	-31.288	-412.278	-11	-20	58
6.758	3.365	-30.334	-410.478	-11	-20	58
6.749	3.332	-29.375	-408.677	-11	-20	58
6.740	3.299	-28.411	-406.874	-11	-21	61
6.731	3.266	-27.441	-405.071	-11	-21	61
6.722	3.233	-26.466	-403.266	-11	-21	61
6.713	3.200	-25.486	-401.460	-11	-21	61
6.704	3.167	-24.501	-399.653	-11	-21	61
6.695	3.134	-23.510	-397.845	-11	-21	61
6.686	3.101	-22.514	-396.035	-11	-21	61
6.686	3.101	-22.514	-396.035	0	0	0
6.677	3.068	-21.511	-394.206	-11	-21	61
6.667	3.035	-20.502	-392.375	-11	-21	61
6.658	3.001	-19.488	-390.544	-12	-21	61
6.649	2.968	-18.468	-388.711	-12	-21	61
6.640	2.935	-17.444	-386.878	-12	-21	61
6.631	2.902	-16.414	-385.043	-12	-21	61
6.622	2.869	-15.379	-383.207	-12	-21	61
6.612	2.835	-14.340	-381.370	-12	-21	61
6.603	2.802	-13.295	-379.532	-12	-21	61
6.594	2.769	-12.245	-377.694	-12	-21	61
6.585	2.736	-11.190	-375.854	-12	-21	61
6.576	2.702	-10.130	-374.013	-12	-21	61
6.567	2.669	-9.066	-372.171	-12	-21	61
6.557	2.636	-7.996	-370.328	-12	-21	61
6.548	2.603	-6.922	-368.485	-12	-21	61
6.539	2.569	-5.842	-366.640	-12	-21	61
6.539	2.569	-5.842	-366.640	0	0	0
6.530	2.538	-4.799	-364.863	-12	-20	58
6.521	2.506	-3.751	-363.085	-12	-20	58
6.513	2.474	-2.698	-361.307	-12	-20	58
6.504	2.442	-1.641	-359.527	-12	-20	58
6.495	2.410	-0.580	-357.747	-12	-20	58
6.495	2.410	-0.580	-357.747	0	0	0
6.456	2.335	1.212	-352.978	-20	-54	158
6.396	2.276	1.641	-348.221	-5	-54	158
6.322	2.237	0.670	-343.897	11	-49	143
6.322	2.237	0.670	-343.897	0	0	0
6.250	2.230	-1.638	-341.172	26	-31	90
6.178	2.226	-4.016	-338.513	27	-30	87
6.106	2.224	-6.465	-335.921	28	-29	84
6.034	2.223	-8.983	-333.398	29	-29	84
5.962	2.225	-11.570	-330.943	29	-28	84
5.890	2.228	-14.224	-328.558	30	-27	87
5.890	2.228	-14.224	-328.558	0	0	0
5.857	2.230	-15.468	-327.476	14	-12	41
5.824	2.232	-16.708	-326.388	14	-12	41
5.824	2.232	-16.708	-326.388	0	0	0
5.741	2.242	-19.993	-323.838	37	-29	108
5.741	2.242	-19.993	-323.838	0	0	0
5.682	2.298	-24.558	-324.225	52	4	152
5.663	2.376	-28.840	-326.967	49	31	143
5.663	2.376	-28.840	-326.967	0	0	0
5.669	2.434	-31.264	-329.725	28	31	90
5.669	2.434	-31.264	-329.725	0	0	0
5.680	2.469	-32.519	-331.675	14	22	64
5.690	2.505	-33.768	-333.625	14	22	64
5.701	2.540	-35.012	-335.572	14	22	64
5.712	2.575	-36.250	-337.519	14	22	64
5.722	2.611	-37.483	-339.464	14	22	64
5.733	2.646	-38.710	-341.408	14	22	64
5.744	2.682	-39.932	-343.351	14	22	64
5.744	2.682	-39.932	-343.351	0	0	0
5.767	2.750	-42.175	-347.206	26	44	128
5.788	2.820	-44.537	-350.990	27	43	125
5.806	2.890	-47.016	-354.695	28	42	123
5.821	2.961	-49.608	-358.313	29	41	120
5.833	3.032	-52.312	-361.837	31	40	117
5.833	3.032	-52.312	-361.837	0	0	0
5.820	3.095	-55.527	-364.025	37	25	108
5.820	3.095	-55.527	-364.025	0	0	0
5.750	3.102	-58.444	-361.674	33	-27	96
5.680	3.109	-61.297	-359.249	32	-28	93
5.610	3.114	-64.084	-356.750	32	-28	93
5.539	3.119	-66.805	-354.179	31	-29	90
5.469	3.122	-69.457	-351.539	30	-30	87
5.399	3.123	-72.038	-348.831	29	-31	90
5.328	3.124	-74.546	-346.057	29	-32	93
5.258	3.123	-76.980	-343.218	28	-32	93
5.258	3.123	-76.980	-343.218	0	0	0
5.221	3.123	-78.228	-341.707	14	-17	49
5.184	3.122	-79.471	-340.192	14	-17	49
5.147	3.121	-80.708	-338.672	14	-17	49
5.147	3.121	-80.708	-338.672	0	0	0
5.111	3.120	-81.909	-337.127	14	-18	52
5.074	3.119	-83.104	-335.578	14	-18	52
5.037	3.117	-84.292	-334.025	14	-18	52
5.000	3.116	-85.475	-332.469	13	-18	52
4.963	3.115	-86.651	-330.909	13	-18	52
4.926	3.113	-87.821	-329.345	13	-18	52
4.926	3.113	-87.821	-329.345	0	0	0
4.848	3.057	-87.793	-323.873	0	-62	181
4.848	3.057	-87.793	-323.873	0	0	0
4.825	2.996	-85.634	-320.488	-25	-39	114
4.804	2.934	-83.392	-317.134	-26	-38	111
4.784	2.871	-81.069	-313.810	-26	-38	111
4.765	2.809	-78.668	-310.518	-27	-37	108
4.748	2.745	-76.191	-307.258	-28	-37	108
4.732	2.682	-73.640	-304.032	-29	-37	108
4.732	2.682	-73.640	-304.032	0	0	0
4.723	2.644	-72.115	-302.147	-17	-21	61
4.714	2.607	-70.585	-300.260	-17	-21	61
4.705	2.569	-69.051	-298.370	-17	-21	61
4.705	2.569	-69.051	-298.370	0	0	0
4.697	2.537	-67.710	-296.703	-15	-19	55
4.689	2.504	-66.366	-295.035	-15	-19	55
4.681	2.471	-65.018	-293.364	-15	-19	55
4.673	2.438	-63.666	-291.693	-15	-19	55
4.664	2.406	-62.311	-290.019	-15	-19	55
4.664	2.406	-62.311	-290.019	0	0	0
4.655	2.355	-60.111	-287.557	-25	-28	82
4.655	2.355	-60.111	-287.557	0	0	0
4.651	2.288	-56.939	-284.619	-36	-33	105
4.657	2.221	-53.483	-282.051	-39	-29	114
4.672	2.155	-49.817	-279.898	-42	-24	123
4.696	2.092	-46.018	-278.201	-43	-19	125
4.728	2.034	-42.165	-276.988	-44	-14	128
4.769	1.980	-38.336	-276.283	-44	-8	128
4.817	1.933	-34.605	-276.096	-42	-2	123
4.871	1.893	-31.046	-276.431	-40	4	117
4.871	1.893	-31.046	-276.431	0	0	0
4.935	1.862	-27.635	-277.525	-39	12	114
5.003	1.839	-24.504	-279.057	-36	17	105
5.072	1.824	-21.692	-281.008	-32	22	93
5.143	1.818	-19.235	-283.354	-28	27	82
5.143	1.818	-19.235	-283.354	0	0	0
5.176	1.817	-18.197	-284.514	-12	13	38
5.209	1.816	-17.154	-285.669	-12	13	38
5.241	1.815	-16.108	-286.821	-12	13	38
5.274	1.815	-15.057	-287.970	-12	13	38
5.306	1.814	-14.001	-289.115	-12	13	38
5.339	1.813	-12.942	-290.256	-12	13	38
5.339	1.813	-12.942	-290.256	0	0	0
5.372	1.812	-11.896	-291.411	-12	13	38
5.404	1.812	-10.845	-292.562	-12	13	38
5.437	1.811	-9.790	-293.710	-12	13	38
5.469	1.811	-8.731	-294.853	-12	13	38
5.502	1.810	-7.668	-295.994	-12	13	38
5.535	1.810	-6.601	-297.130	-12	13	38
5.535	1.810	-6.601	-297.130	0	0	0
5.567	1.810	-5.544	-298.277	-12	13	38
5.600	1.809	-4.483	-299.421	-12	13	38
5.632	1.809	-3.418	-300.560	-12	13	38
5.665	1.809	-2.349	-301.696	-12	13	38
5.698	1.809	-1.275	-302.829	-12	13	38
5.730	1.809	-0.198	-303.957	-12	13	38
5.730	1.809	-0.198	-303.957	0	0	0
5.763	1.809	0.873	-305.094	-12	13	38
5.795	1.809	1.947	-306.226	-12	13	38
5.828	1.809	3.025	-307.355	-12	13	38
5.861	1.809	4.107	-308.480	-12	13	38
5.893	1.809	5.193	-309.601	-12	13	38
5.926	1.809	6.284	-310.719	-12	13	38
5.926	1.809	6.284	-310.719	0	0	0
5.958	1.809	7.369	-311.841	-12	13	38
5.991	1.810	8.459	-312.959	-12	13	38
6.024	1.810	9.552	-314.074	-12	13	38
6.056	1.810	10.650	-315.185	-12	13	38
6.089	1.810	11.751	-316.291	-13	13	38
6.121	1.811	12.856	-317.394	-13	13	38
6.121	1.811	12.856	-317.394	0	0	0
6.154	1.811	13.957	-318.501	-13	13	38
6.187	1.811	15.062	-319.604	-13	13	38
6.219	1.812	16.171	-320.703	-13	13	38
6.252	1.812	17.284	-321.798	-13	12	38
6.284	1.813	18.400	-322.889	-13	12	38
6.317	1.813	19.521	-323.976	-13	12	38
6.350	1.813	20.645	-325.059	-13	12	38
6.382	1.814	21.773	-326.137	-13	12	38
6.415	1.814	22.904	-327.212	-13	12	38
6.447	1.815	24.039	-328.283	-13	12	38
6.480	1.815	25.178	-329.349	-13	12	38
6.513	1.816	26.321	-330.411	-13	12	38
6.545	1.816	27.467	-331.469	-13	12	38
6.578	1.816	28.617	-332.523	-13	12	38
6.610	1.817	29.771	-333.573	-13	12	38
6.643	1.817	30.928	-334.618	-13	12	38
6.676	1.818	32.088	-335.659	-13	12	38
6.708	1.818	33.252	-336.696	-13	12	38
6.708	1.818	33.252	-336.696	0	0	0
6.750	1.820	34.690	-338.071	-16	16	46
6.750	1.820	34.690	-338.071	0	0	0
6.820	1.828	36.879	-340.612	-25	29	84
6.888	1.843	38.743	-343.434	-21	32	93
6.955	1.865	40.267	-346.514	-17	35	102
7.019	1.893	41.439	-349.824	-13	38	111
7.080	1.928	42.249	-353.336	-9	40	117
7.137	1.968	42.690	-357.019	-5	42	123
7.137	1.968	42.690	-357.019	0	0	0
7.193	2.005	43.247	-360.476	-6	39	114
7.246	2.046	43.538	-364.043	-3	41	120
7.295	2.090	43.563	-367.703	0	42	123
7.341	2.139	43.322	-371.436	3	42	123
7.384	2.191	42.815	-375.221	6	43	125
7.422	2.246	42.045	-379.039	9	43	125
7.456	2.303	41.015	-382.867	12	44	128
7.456	2.303	41.015	-382.867	0	0	0
7.498	2.406	38.507	-389.166	29	72	210
7.498	2.406	38.507	-389.166	0	0	0
7.508	2.439	37.558	-391.058	11	22	64
7.517	2.471	36.614	-392.948	11	22	64
7.527	2.504	35.675	-394.839	11	22	64
7.536	2.537	34.740	-396.729	11	22	64
7.546	2.569	33.811	-398.618	11	21	61
7.546	2.569	33.811	-398.618	0	0	0
7.557	2.607	32.754	-400.778	12	25	73
7.568	2.644	31.703	-402.938	12	25	73
7.578	2.682	30.658	-405.096	12	25	73
7.578	2.682	30.658	-405.096	0	0	0
7.588	2.713	29.788	-406.905	10	21	61
7.588	2.713	29.788	-406.905	0	0	0
7.597	2.747	28.829	-408.868	11	22	64
7.607	2.782	27.876	-410.831	11	22	64
7.616	2.816	26.928	-412.793	11	22	64
7.626	2.850	25.986	-414.754	11	22	64
7.636	2.884	25.049	-416.715	11	22	64
7.645	2.919	24.118	-418.675	11	22	64
7.655	2.953	23.192	-420.635	11	22	64
7.664	2.987	22.271	-422.594	10	22	64
7.674	3.021	21.357	-424.552	10	22	64
7.674	3.021	21.357	-424.552	0	0	0
7.683	3.056	20.433	-426.505	11	22	64
7.693	3.090	19.515	-428.457	10	22	64
7.702	3.124	18.603	-430.409	10	22	64
7.712	3.159	17.696	-432.360	10	22	64
7.721	3.193	16.795	-434.310	10	22	64
7.730	3.227	15.899	-436.259	10	22	64
7.740	3.262	15.010	-438.208	10	22	64
7.749	3.296	14.126	-440.156	10	22	64
7.758	3.330	13.247	-442.103	10	22	64
7.758	3.330	13.247	-442.103	0	0	0
7.767	3.365	12.363	-444.045	10	22	64
7.777	3.399	11.484	-445.987	10	22	64
7.786	3.433	10.611	-447.927	10	22	64
7.795	3.468	9.744	-449.867	10	22	64
7.804	3.502	8.883	-451.806	10	22	64
7.813	3.536	8.027	-453.744	10	22	64
7.822	3.571	7.178	-455.681	10	22	64
7.831	3.605	6.334	-457.617	10	22	64
7.840	3.640	5.496	-459.552	10	22	64
7.840	3.640	5.496	-459.552	0	0	0
7.849	3.674	4.655	-461.483	10	22	64
7.858	3.708	3.819	-463.413	10	22	64
7.867	3.743	2.990	-465.342	9	22	64
7.876	3.777	2.166	-467.270	9	22	64
7.885	3.812	1.349	-469.197	9	22	64
7.894	3.846	0.538	-471.123	9	22	64
7.903	3.881	-0.267	-473.048	9	22	64
7.912	3.915	-1.067	-474.972	9	22	64
7.921	3.949	-1.859	-476.895	9	22	64
7.921	3.949	-1.859	-476.895	0	0	0
7.930	3.984	-2.654	-478.814	9	22	64
7.939	4.018	-3.441	-480.732	9	22	64
7.947	4.053	-4.223	-482.649	9	22	64
7.956	4.087	-4.999	-484.564	9	22	64
7.965	4.122	-5.768	-486.478	9	22	64
7.974	4.156	-6.531	-488.392	9	22	64
7.983	4.191	-7.287	-490.304	9	22	64
7.992	4.225	-8.038	-492.214	9	22	64
8.000	4.260	-8.782	-494.124	8	22	64
8.000	4.260	-8.782	-494.124	0	0	0
8.009	4.292	-9.486	-495.929	8	21	61
8.017	4.325	-10.185	-497.733	8	21	61
8.025	4.358	-10.878	-499.536	8	21	61
8.033	4.390	-11.566	-501.338	8	21	61
8.042	4.423	-12.247	-503.139	8	20	58
8.050	4.456	-12.923	-504.938	8	20	58
8.058	4.488	-13.593	-506.736	8	20	58
8.066	4.521	-14.257	-508.533	8	20	58
8.075	4.554	-14.915	-510.328	7	20	58
8.083	4.586	-15.567	-512.123	7	20	58
8.091	4.619	-16.213	-513.915	7	20	58
8.099	4.652	-16.854	-515.707	7	20	58
8.108	4.684	-17.488	-517.497	7	20	58
8.116	4.717	-18.116	-519.286	7	20	58
8.124	4.750	-18.739	-521.073	7	20	58
8.132	4.782	-19.355	-522.859	7	20	58
8.141	4.815	-19.965	-524.643	7	20	58
8.149	4.848	-20.570	-526.426	7	20	58
8.157	4.880	-21.168	-528.208	7	20	58
8.157	4.880	-21.168	-528.208	0	0	0
8.166	4.914	-21.717	-530.052	6	21	61
8.176	4.947	-22.260	-531.894	6	21	61
8.185	4.980	-22.796	-533.736	6	21	61
8.195	5.013	-23.326	-535.576	6	21	61
8.204	5.046	-23.849	-537.414	6	21	61
8.214	5.079	-24.366	-539.251	6	21	61
8.223	5.113	-24.875	-541.086	6	21	61
8.232	5.146	-25.379	-542.920	6	21	61
8.242	5.179	-25.875	-544.752	6	21	61
8.251	5.212	-26.365	-546.583	6	21	61
8.261	5.245	-26.848	-548.412	5	21	61
8.261	5.245	-26.848	-548.412	0	0	0
8.270	5.280	-27.369	-550.318	6	22	64
8.280	5.315	-27.882	-552.222	6	22	64
8.289	5.350	-28.389	-554.124	6	22	64
8.299	5.385	-28.887	-556.024	6	22	64
8.308	5.420	-29.378	-557.922	6	22	64
8.318	5.454	-29.862	-559.818	6	22	64
8.327	5.489	-30.339	-561.712	5	22	64
8.327	5.489	-30.339	-561.712	0	0	0
8.341	5.542	-31.080	-564.556	8	32	93
8.341	5.542	-31.080	-564.556	0	0	0
8.351	5.580	-31.601	-566.562	6	23	67
8.360	5.617	-32.115	-568.564	6	23	67
8.370	5.655	-32.619	-570.564	6	23	67
8.370	5.655	-32.619	-570.564	0	0	0
8.380	5.694	-33.162	-572.686	6	24	70
8.390	5.734	-33.694	-574.804	6	24	70
7.408	5.805	-85.167	-538.639	586	-411	1716
7.400	5.771	-84.630	-536.980	-6	-19	55
7.392	5.738	-84.085	-535.319	-6	-19	55
7.383	5.704	-83.533	-533.654	-6	-19	55
7.375	5.670	-82.973	-531.986	-6	-19	55
7.366	5.637	-82.406	-530.314	-6	-19	55
7.358	5.603	-81.832	-528.639	-7	-19	55
7.350	5.569	-81.250	-526.962	-7	-19	55
7.341	5.535	-80.661	-525.281	-7	-19	55
7.333	5.502	-80.064	-523.597	-7	-19	55
7.324	5.468	-79.461	-521.910	-7	-19	55
7.316	5.434	-78.850	-520.220	-7	-19	55
7.308	5.401	-78.231	-518.527	-7	-19	55
7.299	5.367	-77.606	-516.832	-7	-19	55
7.299	5.367	-77.606	-516.832	0	0	0
7.290	5.332	-76.963	-515.071	-7	-20	58
7.282	5.297	-76.313	-513.307	-7	-20	58
7.273	5.263	-75.655	-511.541	-7	-20	58
7.264	5.228	-74.989	-509.771	-8	-20	58
7.255	5.193	-74.316	-507.999	-8	-20	58
7.246	5.158	-73.635	-506.224	-8	-20	58
7.237	5.124	-72.947	-504.446	-8	-20	58
7.237	5.124	-72.947	-504.446	0	0	0
7.229	5.090	-72.276	-502.701	-8	-20	58
7.220	5.056	-71.597	-500.954	-8	-20	58
7.211	5.022	-70.912	-499.204	-8	-20	58
7.202	4.988	-70.219	-497.451	-8	-20	58
7.193	4.954	-69.519	-495.696	-8	-20	58
7.184	4.920	-68.812	-493.939	-8	-20	58
7.176	4.886	-68.099	-492.180	-8	-20	58
7.176	4.886	-68.099	-492.180	0	0	0
7.166	4.850	-67.348	-490.306	-9	-21	61
7.157	4.814	-66.589	-488.430	-9	-21	61
7.147	4.778	-65.822	-486.552	-9	-21	61
7.137	4.743	-65.048	-484.672	-9	-21	61
7.128	4.707	-64.266	-482.788	-9	-21	61
7.118	4.671	-63.476	-480.903	-9	-21	61
7.118	4.671	-63.476	-480.903	0	0	0
7.100	4.600	-61.884	-477.207	-18	-42	123
7.080	4.530	-60.345	-473.461	-18	-43	125
7.059	4.460	-58.858	-469.671	-17	-43	125
7.036	4.391	-57.424	-465.837	-16	-44	128
7.011	4.323	-56.043	-461.964	-16	-44	128
7.011	4.323	-56.043	-461.964	0	0	0
6.987	4.315	-56.854	-460.749	9	-14	41
6.987	4.315	-56.854	-460.749	0	0	0
6.896	4.309	-60.685	-456.973	44	-43	128
6.804	4.310	-64.767	-453.463	46	-40	134
6.804	4.310	-64.767	-453.463	0	0	0
6.763	4.310	-66.586	-451.914	21	-18	61
6.722	4.311	-68.400	-450.359	21	-18	61
6.722	4.311	-68.400	-450.359	0	0	0
6.686	4.312	-70.002	-449.017	18	-15	52
6.651	4.313	-71.601	-447.669	18	-15	52
6.615	4.315	-73.197	-446.317	18	-15	52
6.579	4.316	-74.789	-444.959	18	-15	52
6.544	4.317	-76.378	-443.596	18	-16	52
6.508	4.318	-77.963	-442.227	18	-16	52
6.472	4.319	-79.546	-440.854	18	-16	52
6.437	4.321	-81.124	-439.476	18	-16	52
6.437	4.321	-81.124	-439.476	0	0	0
6.356	4.330	-84.947	-436.578	43	-33	125
6.278	4.355	-89.234	-434.459	49	-24	143
6.278	4.355	-89.234	-434.459	0	0	0
6.229	4.427	-94.070	-435.314	55	10	161
6.228	4.514	-97.420	-438.713	38	39	114
6.228	4.514	-97.420	-438.713	0	0	0
6.233	4.540	-98.187	-439.944	9	14	41
6.233	4.540	-98.187	-439.944	0	0	0
6.241	4.572	-99.059	-441.566	10	18	52
6.249	4.605	-99.925	-443.186	10	18	52
6.257	4.637	-100.784	-444.804	10	18	52
6.266	4.670	-101.638	-446.419	10	18	52
6.274	4.702	-102.485	-448.031	10	18	52
6.282	4.735	-103.325	-449.641	10	18	52
6.290	4.767	-104.159	-451.249	9	18	52
6.298	4.800	-104.987	-452.854	9	18	52
6.307	4.833	-105.809	-454.457	9	18	52
6.315	4.865	-106.624	-456.057	9	18	52
6.315	4.865	-106.624	-456.057	0	0	0
6.323	4.898	-107.420	-457.662	9	18	52
6.332	4.930	-108.210	-459.264	9	18	52
6.340	4.963	-108.993	-460.864	9	18	52
6.349	4.995	-109.770	-462.461	9	18	52
6.357	5.028	-110.540	-464.055	9	18	52
6.365	5.060	-111.303	-465.647	9	18	52
6.374	5.093	-112.059	-467.236	9	18	52
6.382	5.125	-112.809	-468.822	9	18	52
6.391	5.158	-113.552	-470.406	8	18	52
6.399	5.190	-114.288	-471.987	8	18	52
6.399	5.190	-114.288	-471.987	0	0	0
6.408	5.222	-114.999	-473.575	8	18	52
6.417	5.255	-115.703	-475.161	8	18	52
6.425	5.287	-116.399	-476.744	8	18	52
6.434	5.320	-117.089	-478.324	8	18	52
6.443	5.352	-117.772	-479.902	8	18	52
6.443	5.352	-117.772	-479.902	0	0	0
6.452	5.384	-118.430	-481.486	7	18	52
6.461	5.417	-119.082	-483.068	7	18	52
6.470	5.449	-119.726	-484.647	7	18	52
6.479	5.481	-120.363	-486.222	7	18	52
6.488	5.514	-120.992	-487.795	7	18	52
6.488	5.514	-120.992	-487.795	0	0	0
6.498	5.546	-121.593	-489.378	7	18	52
6.507	5.578	-122.187	-490.957	7	18	52
6.517	5.610	-122.774	-492.533	7	18	52
6.526	5.642	-123.353	-494.107	7	18	52
6.535	5.675	-123.924	-495.677	7	18	52
6.535	5.675	-123.924	-495.677	0	0	0
6.545	5.707	-124.463	-497.259	6	18	52
6.555	5.739	-124.995	-498.838	6	18	52
6.565	5.771	-125.519	-500.414	6	18	52
6.575	5.803	-126.035	-501.987	6	18	52
6.585	5.835	-126.544	-503.557	6	18	52
6.585	5.835	-126.544	-503.557	0	0	0
6.591	5.852	-126.751	-504.467	2	10	29
6.591	5.852	-126.751	-504.467	0	0	0
6.627	5.909	-126.709	-508.059	0	41	120
6.676	5.954	-125.712	-511.860	-11	43	125
6.734	5.987	-123.825	-515.648	-21	43	125
6.798	6.005	-121.170	-519.193	-30	40	117
6.798	6.005	-121.170	-519.193	0	0	0
6.867	6.012	-117.975	-522.552	-36	38	111
6.936	6.016	-114.675	-525.808	-38	37	111
7.005	6.017	-111.277	-528.952	-39	36	114
7.074	6.016	-107.789	-531.976	-40	34	117
7.074	6.016	-107.789	-531.976	0	0	0
7.144	6.014	-104.213	-535.032	-41	35	120
7.214	6.008	-100.538	-537.926	-42	33	123
7.284	5.999	-96.778	-540.647	-43	31	125
7.354	5.986	-92.943	-543.185	-44	29	128
7.354	5.986	-92.943	-543.185	0	0	0
7.397	5.935	-89.364	-543.147	-41	0	120
7.416	5.871	-86.622	-541.534	-31	-18	90
7.408	5.805	-85.167	-538.639	-17	-33	96
5.112	6.237	-209.252	-445.307	1412	-1062	4136
5.110	6.224	-208.936	-444.818	-4	-6	17
5.110	6.224	-208.936	-444.818	0	0	0
5.101	6.190	-208.169	-443.426	-9	-16	46
5.092	6.156	-207.393	-442.030	-9	-16	46
5.083	6.121	-206.607	-440.629	-9	-16	46
5.074	6.087	-205.811	-439.223	-9	-16	46
5.066	6.053	-205.006	-437.813	-9	-16	46
5.057	6.018	-204.192	-436.398	-9	-16	46
5.048	5.984	-203.368	-434.978	-9	-16	46
5.039	5.950	-202.535	-433.554	-9	-16	46
5.039	5.950	-202.535	-433.554	0	0	0
5.030	5.915	-201.701	-432.118	-9	-16	46
5.021	5.881	-200.859	-430.678	-10	-16	46
5.012	5.847	-200.007	-429.234	-10	-16	46
5.003	5.813	-199.146	-427.785	-10	-16	46
4.994	5.778	-198.276	-426.332	-10	-17	49
4.985	5.744	-197.397	-424.874	-10	-17	49
4.976	5.710	-196.509	-423.413	-10	-17	49
4.967	5.675	-195.612	-421.947	-10	-17	49
4.967	5.675	-195.612	-421.947	0	0	0
4.962	5.655	-195.065	-421.047	-6	-10	29
4.962	5.655	-195.065	-421.047	0	0	0
4.952	5.617	-194.078	-419.431	-11	-18	52
4.942	5.580	-193.079	-417.810	-11	-18	52
4.932	5.542	-192.070	-416.184	-11	-18	52
4.932	5.542	-192.070	-416.184	0	0	0
4.922	5.507	-191.113	-414.651	-11	-17	49
4.913	5.472	-190.146	-413.114	-11	-17	49
4.903	5.437	-189.170	-411.573	-11	-18	52
4.894	5.401	-188.186	-410.028	-11	-18	52
4.894	5.401	-188.186	-410.028	0	0	0
4.885	5.369	-187.285	-408.603	-10	-16	46
4.877	5.337	-186.376	-407.175	-10	-16	46
4.868	5.305	-185.460	-405.743	-10	-16	46
4.859	5.273	-184.537	-404.308	-11	-16	46
4.850	5.240	-183.607	-402.870	-11	-16	46
4.841	5.208	-182.669	-401.429	-11	-16	46
4.833	5.176	-181.725	-399.985	-11	-16	46
4.824	5.144	-180.773	-398.537	-11	-16	46
4.815	5.112	-179.815	-397.087	-11	-17	49
4.806	5.079	-178.849	-395.633	-11	-17	49
4.798	5.047	-177.877	-394.176	-11	-17	49
4.789	5.015	-176.898	-392.716	-11	-17	49
4.780	4.983	-175.911	-391.253	-11	-17	49
4.771	4.951	-174.919	-389.787	-11	-17	49
4.763	4.919	-173.919	-388.318	-11	-17	49
4.754	4.886	-172.913	-386.846	-11	-17	49
4.745	4.854	-171.900	-385.372	-12	-17	49
4.745	4.854	-171.900	-385.372	0	0	0
4.736	4.823	-170.908	-383.917	-11	-17	49
4.728	4.791	-169.910	-382.460	-11	-17	49
4.719	4.760	-168.905	-381.000	-11	-17	49
4.710	4.728	-167.894	-379.537	-12	-17	49
4.702	4.696	-166.877	-378.072	-12	-17	49
4.693	4.665	-165.854	-376.604	-12	-17	49
4.684	4.633	-164.824	-375.133	-12	-17	49
4.675	4.602	-163.789	-373.660	-12	-17	49
4.667	4.570	-162.748	-372.184	-12	-17	49
4.658	4.539	-161.701	-370.706	-12	-17	49
4.649	4.507	-160.648	-369.225	-12	-17	49
4.640	4.476	-159.589	-367.742	-12	-17	49
4.632	4.444	-158.524	-366.256	-12	-17	49
4.623	4.413	-157.454	-364.768	-12	-17	49
4.614	4.381	-156.378	-363.277	-12	-17	49
4.606	4.350	-155.296	-361.784	-12	-17	49
4.597	4.318	-154.209	-360.288	-12	-17	49
4.588	4.287	-153.116	-358.790	-12	-17	49
4.579	4.255	-152.018	-357.290	-12	-17	49
4.571	4.223	-150.914	-355.787	-13	-17	49
4.562	4.192	-149.805	-354.282	-13	-17	49
4.553	4.160	-148.690	-352.775	-13	-17	49
4.544	4.129	-147.571	-351.266	-13	-17	49
4.536	4.097	-146.445	-349.754	-13	-17	49
4.527	4.066	-145.315	-348.240	-13	-17	49
4.518	4.034	-144.179	-346.723	-13	-17	49
4.518	4.034	-144.179	-346.723	0	0	0
4.510	4.003	-143.003	-345.235	-13	-17	49
4.502	3.971	-141.823	-343.744	-13	-17	49
4.494	3.939	-140.637	-342.251	-13	-17	49
4.487	3.908	-139.447	-340.756	-14	-17	49
4.479	3.876	-138.251	-339.258	-14	-17	49
4.471	3.844	-137.051	-337.758	-14	-17	49
4.463	3.812	-135.847	-336.256	-14	-17	49
4.455	3.781	-134.637	-334.752	-14	-17	49
4.447	3.749	-133.423	-333.245	-14	-17	49
4.439	3.717	-132.204	-331.736	-14	-17	49
4.431	3.686	-130.981	-330.225	-14	-17	49
4.423	3.654	-129.753	-328.712	-14	-17	49
4.415	3.622	-128.521	-327.197	-14	-17	49
4.407	3.591	-127.285	-325.680	-14	-17	49
4.399	3.559	-126.043	-324.160	-14	-17	49
4.391	3.527	-124.798	-322.639	-14	-17	49
4.383	3.496	-123.548	-321.115	-14	-17	49
4.383	3.496	-123.548	-321.115	0	0	0
4.375	3.462	-122.222	-319.489	-15	-19	55
4.366	3.428	-120.890	-317.860	-15	-19	55
4.358	3.395	-119.554	-316.229	-15	-19	55
4.349	3.361	-118.213	-314.596	-15	-19	55
4.341	3.327	-116.868	-312.961	-15	-19	55
4.332	3.294	-115.517	-311.323	-15	-19	55
4.323	3.260	-114.162	-309.683	-15	-19	55
4.315	3.226	-112.803	-308.041	-15	-19	55
4.315	3.226	-112.803	-308.041	0	0	0
4.306	3.193	-111.446	-306.392	-15	-19	55
4.297	3.159	-110.085	-304.740	-15	-19	55
4.289	3.126	-108.720	-303.086	-16	-19	55
4.280	3.092	-107.349	-301.430	-16	-19	55
4.271	3.058	-105.975	-299.772	-16	-19	55
4.262	3.025	-104.596	-298.112	-16	-19	55
4.254	2.991	-103.213	-296.450	-16	-19	55
4.245	2.958	-101.825	-294.786	-16	-19	55
4.245	2.958	-101.825	-294.786	0	0	0
4.236	2.924	-100.443	-293.112	-16	-19	55
4.227	2.891	-99.057	-291.437	-16	-19	55
4.218	2.857	-97.666	-289.760	-16	-19	55
4.209	2.823	-96.271	-288.080	-16	-19	55
4.200	2.790	-94.872	-286.399	-16	-19	55
4.191	2.756	-93.469	-284.717	-16	-19	55
4.182	2.723	-92.062	-283.032	-16	-19	55
4.173	2.689	-90.651	-281.345	-16	-19	55
4.173	2.689	-90.651	-281.345	0	0	0
4.164	2.656	-89.248	-279.648	-16	-19	55
4.155	2.622	-87.840	-277.949	-16	-19	55
4.145	2.589	-86.429	-276.249	-16	-19	55
4.136	2.556	-85.014	-274.546	-16	-19	55
4.127	2.522	-83.595	-272.842	-16	-19	55
4.117	2.489	-82.172	-271.136	-16	-19	55
4.108	2.455	-80.745	-269.429	-16	-19	55
4.099	2.422	-79.314	-267.720	-16	-19	55
4.099	2.422	-79.314	-267.720	0	0	0
4.089	2.388	-77.893	-265.999	-16	-20	58
4.080	2.355	-76.469	-264.276	-16	-20	58
4.070	2.322	-75.041	-262.552	-16	-20	58
4.060	2.288	-73.610	-260.826	-16	-20	58
4.051	2.255	-72.174	-259.099	-16	-20	58
4.041	2.222	-70.735	-257.370	-16	-20	58
4.032	2.188	-69.291	-255.640	-16	-20	58
4.022	2.155	-67.845	-253.908	-16	-20	58
4.022	2.155	-67.845	-253.908	0	0	0
4.012	2.122	-66.411	-252.163	-16	-20	58
4.002	2.089	-64.973	-250.416	-16	-20	58
3.992	2.055	-63.532	-248.668	-16	-20	58
3.982	2.022	-62.087	-246.919	-16	-20	58
3.972	1.989	-60.639	-245.169	-16	-20	58
3.962	1.956	-59.187	-243.417	-17	-20	58
3.952	1.922	-57.731	-241.663	-17	-20	58
3.942	1.889	-56.272	-239.909	-17	-20	58
3.942	1.889	-56.272	-239.909	0	0	0
3.867	1.825	-54.800	-234.249	-17	-64	187
3.867	1.825	-54.800	-234.249	0	0	0
3.795	1.811	-55.848	-230.806	12	-39	114
3.722	1.811	-57.574	-227.830	20	-34	99
3.722	1.811	-57.574	-227.830	0	0	0
3.685	1.809	-58.358	-226.245	9	-18	52
3.648	1.807	-59.133	-224.656	9	-18	52
3.611	1.806	-59.902	-223.065	9	-18	52
3.611	1.806	-59.902	-223.065	0	0	0
3.540	1.803	-61.396	-220.053	17	-34	99
3.469	1.802	-62.916	-217.069	17	-34	99
3.398	1.801	-64.462	-214.113	18	-34	99
3.327	1.802	-66.034	-211.186	18	-33	96
3.256	1.803	-67.631	-208.288	18	-33	96
3.185	1.806	-69.255	-205.419	18	-33	96
3.114	1.810	-70.904	-202.579	19	-32	93
3.043	1.814	-72.579	-199.768	19	-32	93
2.973	1.820	-74.279	-196.988	19	-32	93
2.902	1.826	-76.005	-194.236	20	-31	90
2.831	1.834	-77.756	-191.515	20	-31	90
2.831	1.834	-77.756	-191.515	0	0	0
2.767	1.848	-79.738	-189.299	23	-25	73
2.703	1.865	-81.795	-187.163	23	-24	70
2.639	1.883	-83.927	-185.106	24	-23	70
2.576	1.903	-86.131	-183.132	25	-22	73
2.514	1.925	-88.408	-181.240	26	-22	76
2.452	1.949	-90.757	-179.432	27	-21	79
2.392	1.975	-93.176	-177.708	28	-20	82
2.331	2.003	-95.663	-176.071	28	-19	82
2.272	2.032	-98.219	-174.520	29	-18	84
2.214	2.063	-100.842	-173.056	30	-17	87
2.157	2.096	-103.530	-171.680	31	-16	90
2.100	2.130	-106.282	-170.394	31	-15	90
2.045	2.167	-109.097	-169.197	32	-14	93
1.991	2.204	-111.974	-168.090	33	-13	96
1.938	2.244	-114.910	-167.074	33	-12	96
1.886	2.285	-117.906	-166.149	34	-11	99
1.835	2.328	-120.958	-165.316	35	-9	102
1.786	2.372	-124.065	-164.576	35	-8	102
1.786	2.372	-124.065	-164.576	0	0	0
1.722	2.454	-129.520	-164.437	62	-2	181
1.722	2.454	-129.520	-164.437	0	0	0
1.660	2.432	-129.061	-160.824	-5	-41	120
1.604	2.397	-127.751	-157.062	-15	-43	125
1.604	2.397	-127.751	-157.062	0	0	0
1.570	2.377	-127.032	-154.805	-8	-26	76
1.536	2.357	-126.303	-152.549	-8	-26	76
1.502	2.337	-125.564	-150.292	-8	-26	76
1.467	2.317	-124.814	-148.036	-9	-26	76
1.467	2.317	-124.814	-148.036	0	0	0
1.431	2.297	-124.035	-145.633	-9	-27	79
1.394	2.276	-123.243	-143.231	-9	-27	79
1.394	2.276	-123.243	-143.231	0	0	0
1.336	2.245	-122.061	-139.512	-13	-42	123
1.277	2.217	-121.085	-135.833	-11	-42	123
1.216	2.194	-120.318	-132.209	-9	-41	120
1.153	2.175	-119.763	-128.655	-6	-40	117
1.089	2.160	-119.421	-125.185	-4	-39	114
1.025	2.149	-119.293	-121.813	-1	-38	111
0.960	2.142	-119.380	-118.551	1	-37	108
0.894	2.140	-119.682	-115.413	3	-36	105
0.829	2.141	-120.196	-112.409	6	-34	99
0.763	2.148	-120.923	-109.552	8	-33	96
0.763	2.148	-120.923	-109.552	0	0	0
0.689	2.163	-122.220	-106.594	15	-34	99
0.620	2.194	-124.281	-104.309	23	-26	76
0.558	2.237	-127.034	-102.785	31	-17	90
0.558	2.237	-127.034	-102.785	0	0	0
0.511	2.286	-130.026	-102.110	34	-8	99
0.454	2.324	-132.410	-100.631	27	-17	79
0.391	2.350	-134.071	-98.418	19	-25	73
0.391	2.350	-134.071	-98.418	0	0	0
0.330	2.406	-137.431	-97.243	38	-13	111
0.283	2.474	-141.445	-97.113	46	-1	134
0.283	2.474	-141.445	-97.113	0	0	0
0.256	2.546	-145.633	-98.028	48	10	140
0.271	2.622	-149.938	-101.047	49	34	143
0.271	2.622	-149.938	-101.047	0	0	0
0.306	2.682	-153.310	-104.605	38	40	117
0.306	2.682	-153.310	-104.605	0	0	0
0.222	2.737	-156.624	-102.162	38	-28	111
0.222	2.737	-156.624	-102.162	0	0	0
0.191	2.813	-161.035	-102.955	50	9	146
0.202	2.894	-165.677	-105.879	53	33	155
0.202	2.894	-165.677	-105.879	0	0	0
0.215	2.958	-169.312	-108.400	41	29	120
0.229	3.022	-172.926	-110.966	41	29	120
0.245	3.085	-176.518	-113.578	41	30	120
0.262	3.148	-180.087	-116.235	41	30	120
0.280	3.211	-183.628	-118.935	40	31	117
0.299	3.273	-187.141	-121.679	40	31	117
0.320	3.335	-190.624	-124.465	40	32	117
0.342	3.396	-194.073	-127.293	39	32	114
0.365	3.457	-197.487	-130.163	39	33	114
0.389	3.517	-200.863	-133.073	38	33	111
0.415	3.577	-204.198	-136.023	38	34	111
0.415	3.577	-204.198	-136.023	0	0	0
0.433	3.619	-206.511	-138.068	26	23	76
0.450	3.661	-208.821	-140.109	26	23	76
0.450	3.661	-208.821	-140.109	0	0	0
0.469	3.702	-211.111	-142.169	26	23	76
0.487	3.743	-213.397	-144.225	26	23	76
0.487	3.743	-213.397	-144.225	0	0	0
0.506	3.785	-215.666	-146.295	26	24	76
0.524	3.826	-217.930	-148.362	26	24	76
0.524	3.826	-217.930	-148.362	0	0	0
0.540	3.859	-219.728	-150.026	20	19	58
0.555	3.891	-221.523	-151.688	20	19	58
0.570	3.924	-223.314	-153.348	20	19	58
0.586	3.957	-225.102	-155.006	20	19	58
0.601	3.990	-226.887	-156.661	20	19	58
0.601	3.990	-226.887	-156.661	0	0	0
0.621	4.031	-229.106	-158.735	25	24	73
0.640	4.072	-231.319	-160.805	25	24	73
0.640	4.072	-231.319	-160.805	0	0	0
0.680	4.130	-234.389	-164.378	35	41	120
0.707	4.195	-237.911	-167.489	40	35	117
0.707	4.195	-237.911	-167.489	0	0	0
0.714	4.275	-242.413	-169.936	51	28	149
0.714	4.356	-246.982	-172.006	52	24	152
0.707	4.436	-251.583	-173.679	52	19	152
0.707	4.436	-251.583	-173.679	0	0	0
0.712	4.518	-256.243	-175.983	53	26	155
0.732	4.598	-260.631	-179.048	50	35	146
0.769	4.673	-264.556	-182.759	45	42	131
0.769	4.673	-264.556	-182.759	0	0	0
0.811	4.728	-267.357	-186.305	32	40	117
0.857	4.781	-269.897	-189.980	29	42	123
0.907	4.829	-272.156	-193.763	26	43	125
0.961	4.873	-274.112	-197.635	22	44	128
1.018	4.914	-275.748	-201.572	19	45	131
1.078	4.949	-277.049	-205.552	15	45	131
1.078	4.949	-277.049	-205.552	0	0	0
1.136	5.022	-280.431	-210.306	38	54	158
1.136	5.022	-280.431	-210.306	0	0	0
1.104	5.086	-284.400	-210.153	45	-2	131
1.104	5.086	-284.400	-210.153	0	0	0
1.121	5.150	-287.721	-212.515	38	27	111
1.142	5.212	-290.911	-215.046	36	29	105
1.166	5.272	-293.954	-217.737	35	31	102
1.195	5.331	-296.832	-220.580	33	32	96
1.227	5.388	-299.528	-223.564	31	34	99
1.263	5.443	-302.025	-226.679	28	35	102
1.263	5.443	-302.025	-226.679	0	0	0
1.325	5.510	-304.727	-231.445	31	54	158
1.360	5.594	-308.763	-235.158	46	42	134
1.360	5.594	-308.763	-235.158	0	0	0
1.366	5.603	-309.140	-235.680	4	6	17
1.366	5.603	-309.140	-235.680	0	0	0
1.390	5.630	-310.204	-237.519	12	21	61
1.413	5.657	-311.256	-239.356	12	21	61
1.437	5.684	-312.296	-241.193	12	21	61
1.461	5.710	-313.324	-243.028	12	21	61
1.484	5.737	-314.340	-244.862	12	21	61
1.484	5.737	-314.340	-244.862	0	0	0
1.531	5.795	-316.532	-248.601	25	43	125
1.582	5.849	-318.437	-252.455	22	44	128
1.636	5.900	-320.042	-256.409	18	45	131
1.693	5.948	-321.333	-260.452	15	46	134
1.753	5.992	-322.301	-264.568	11	47	137
1.816	6.032	-322.938	-268.743	7	48	140
1.816	6.032	-322.938	-268.743	0	0	0
1.879	6.069	-323.352	-272.884	5	47	137
1.947	6.096	-323.018	-277.082	-4	48	140
2.018	6.112	-321.949	-281.228	-12	47	137
2.092	6.116	-320.180	-285.212	-20	45	131
2.092	6.116	-320.180	-285.212	0	0	0
2.211	6.122	-317.163	-291.703	-34	74	216
2.211	6.122	-317.163	-291.703	0	0	0
2.267	6.157	-317.293	-295.438	1	42	123
2.324	6.190	-317.263	-299.189	0	43	125
2.382	6.222	-317.074	-302.955	-2	43	125
2.441	6.253	-316.725	-306.732	-4	43	125
2.501	6.282	-316.218	-310.519	-6	43	125
2.561	6.309	-315.554	-314.312	-8	43	125
2.561	6.309	-315.554	-314.312	0	0	0
2.625	6.336	-314.692	-318.269	-10	45	131
2.690	6.360	-313.627	-322.227	-12	45	131
2.755	6.381	-312.364	-326.180	-14	45	131
2.822	6.401	-310.906	-330.121	-17	45	131
2.889	6.417	-309.259	-334.046	-19	45	131
2.956	6.431	-307.430	-337.947	-21	44	128
3.025	6.443	-305.423	-341.818	-23	44	128
3.093	6.452	-303.247	-345.654	-25	44	128
3.162	6.458	-300.909	-349.448	-27	43	125
3.231	6.461	-298.414	-353.193	-28	43	125
3.300	6.462	-295.773	-356.884	-30	42	123
3.369	6.461	-292.992	-360.513	-32	41	120
3.438	6.457	-290.080	-364.074	-33	41	120
3.507	6.450	-287.044	-367.560	-35	40	117
3.507	6.450	-287.044	-367.560	0	0	0
3.573	6.433	-283.674	-370.685	-38	36	111
3.640	6.421	-280.438	-373.959	-37	37	108
3.708	6.413	-277.346	-377.370	-35	39	114
3.777	6.410	-274.410	-380.902	-33	40	117
3.845	6.412	-271.638	-384.541	-32	41	120
3.845	6.412	-271.638	-384.541	0	0	0
3.886	6.412	-269.931	-386.659	-19	24	70
3.926	6.412	-268.216	-388.774	-20	24	70
3.967	6.412	-266.493	-390.888	-20	24	70
4.007	6.412	-264.763	-393.000	-20	24	70
4.007	6.412	-264.763	-393.000	0	0	0
4.048	6.412	-263.037	-395.119	-20	24	70
4.088	6.412	-261.305	-397.237	-20	24	70
4.129	6.412	-259.564	-399.352	-20	24	70
4.169	6.412	-257.816	-401.465	-20	24	70
4.169	6.412	-257.816	-401.465	0	0	0
4.204	6.413	-256.318	-403.280	-17	21	61
4.239	6.413	-254.815	-405.092	-17	21	61
4.273	6.413	-253.306	-406.904	-17	21	61
4.308	6.414	-251.792	-408.714	-17	21	61
4.343	6.414	-250.273	-410.523	-17	21	61
4.377	6.414	-248.749	-412.330	-17	21	61
4.412	6.415	-247.220	-414.136	-17	21	61
4.447	6.415	-245.686	-415.940	-17	21	61
4.481	6.415	-244.147	-417.743	-18	21	61
4.516	6.415	-242.603	-419.545	-18	20	58
4.551	6.416	-241.055	-421.344	-18	20	58
4.585	6.416	-239.502	-423.143	-18	20	58
4.620	6.416	-237.944	-424.940	-18	20	58
4.655	6.417	-236.382	-426.735	-18	20	58
4.655	6.417	-236.382	-426.735	0	0	0
4.695	6.417	-234.542	-428.819	-21	24	70
4.736	6.417	-232.696	-430.901	-21	24	70
4.776	6.417	-230.845	-432.981	-21	24	70
4.817	6.417	-228.988	-435.058	-21	24	70
4.817	6.417	-228.988	-435.058	0	0	0
4.851	6.416	-227.401	-436.798	-18	20	58
4.885	6.416	-225.811	-438.535	-18	20	58
4.919	6.416	-224.216	-440.272	-18	20	58
4.953	6.415	-222.618	-442.006	-18	20	58
4.988	6.415	-221.017	-443.738	-18	20	58
4.988	6.415	-221.017	-443.738	0	0	0
5.062	6.384	-216.513	-446.727	-51	34	149
5.109	6.318	-212.146	-447.314	-50	7	146
5.112	6.237	-209.252	-445.307	-33	-23	96
4.032	5.947	-245.426	-382.774	412	-711	2083
4.022	5.906	-244.123	-381.219	-15	-18	52
4.013	5.865	-242.807	-379.657	-15	-18	52
4.032	5.947	-245.426	-382.774	30	35	102
4.024	5.952	-245.921	-382.540	6	-3	17
4.024	5.952	-245.921	-382.540	0	0	0
3.954	5.975	-249.698	-379.506	43	-35	125
3.880	5.986	-253.085	-376.013	39	-40	117
3.880	5.986	-253.085	-376.013	0	0	0
3.814	5.992	-255.933	-372.781	32	-37	108
3.749	5.995	-258.667	-369.473	31	-38	111
3.683	5.996	-261.280	-366.094	30	-38	111
3.617	5.995	-263.765	-362.651	28	-39	114
3.551	5.991	-266.117	-359.149	27	-40	117
3.485	5.985	-268.329	-355.593	25	-40	117
3.485	5.985	-268.329	-355.593	0	0	0
3.410	5.981	-270.957	-351.609	30	-45	131
3.335	5.972	-273.320	-347.526	27	-46	134
3.262	5.959	-275.404	-343.362	24	-47	137
3.189	5.941	-277.192	-339.137	20	-48	140
3.117	5.918	-278.673	-334.867	17	-49	143
3.047	5.891	-279.836	-330.573	13	-49	143
3.047	5.891	-279.836	-330.573	0	0	0
2.977	5.861	-280.841	-326.225	11	-49	143
2.908	5.830	-281.701	-321.876	10	-49	143
2.839	5.798	-282.414	-317.526	8	-49	143
2.839	5.798	-282.414	-317.526	0	0	0
2.805	5.782	-282.713	-315.350	3	-25	73
2.771	5.765	-282.997	-313.174	3	-25	73
2.771	5.765	-282.997	-313.174	0	0	0
2.737	5.748	-283.228	-311.001	3	-25	73
2.703	5.731	-283.444	-308.828	2	-25	73
2.669	5.714	-283.643	-306.655	2	-25	73
2.635	5.696	-283.826	-304.481	2	-25	73
2.635	5.696	-283.826	-304.481	0	0	0
2.617	5.648	-281.999	-302.339	-21	-24	70
2.617	5.648	-281.999	-302.339	0	0	0
2.627	5.578	-278.257	-301.184	-43	-13	125
2.641	5.509	-274.431	-300.214	-44	-11	128
2.659	5.440	-270.535	-299.431	-44	-9	128
2.659	5.440	-270.535	-299.431	0	0	0
2.666	5.373	-267.009	-298.112	-40	-15	117
2.656	5.307	-263.986	-295.889	-34	-25	99
2.629	5.245	-261.651	-292.920	-27	-34	99
2.587	5.192	-260.145	-289.414	-17	-40	117
2.587	5.192	-260.145	-289.414	0	0	0
2.515	5.173	-261.112	-285.217	11	-48	140
2.440	5.179	-263.380	-281.561	26	-42	123
2.440	5.179	-263.380	-281.561	0	0	0
2.357	5.228	-268.023	-278.521	53	-35	155
2.357	5.228	-268.023	-278.521	0	0	0
2.343	5.307	-272.412	-279.833	50	15	146
2.350	5.387	-276.329	-282.150	45	26	131
2.350	5.387	-276.329	-282.150	0	0	0
2.321	5.412	-278.364	-281.260	23	-10	67
2.321	5.412	-278.364	-281.260	0	0	0
2.277	5.357	-276.687	-277.653	-19	-41	120
2.236	5.301	-274.816	-274.115	-21	-40	117
2.196	5.243	-272.758	-270.654	-23	-39	114
2.160	5.184	-270.521	-267.272	-25	-38	111
2.160	5.184	-270.521	-267.272	0	0	0
2.170	5.179	-270.056	-267.690	-5	5	14
2.170	5.179	-270.056	-267.690	0	0	0
2.235	5.170	-268.033	-270.803	-23	35	102
2.300	5.162	-266.047	-273.955	-23	36	105
2.366	5.156	-264.098	-277.145	-22	36	105
2.366	5.156	-264.098	-277.145	0	0	0
2.448	5.132	-260.761	-280.707	-38	41	120
2.516	5.080	-256.364	-282.846	-50	24	146
2.516	5.080	-256.364	-282.846	0	0	0
2.565	5.028	-252.409	-283.955	-45	13	131
2.628	4.993	-248.952	-286.161	-39	25	114
2.628	4.993	-248.952	-286.161	0	0	0
2.700	4.984	-246.574	-289.548	-27	39	114
2.772	4.979	-244.349	-293.052	-25	40	117
2.844	4.978	-242.281	-296.667	-24	41	120
2.916	4.981	-240.373	-300.381	-22	42	123
2.916	4.981	-240.373	-300.381	0	0	0
2.985	4.986	-238.627	-303.973	-20	41	120
3.054	4.990	-236.748	-307.514	-21	40	117
3.123	4.991	-234.740	-311.000	-23	40	117
3.192	4.990	-232.607	-314.427	-24	39	114
3.261	4.988	-230.353	-317.792	-26	38	111
3.330	4.984	-227.981	-321.091	-27	38	111
3.399	4.978	-225.496	-324.320	-28	37	108
3.399	4.978	-225.496	-324.320	0	0	0
3.415	4.972	-224.693	-324.934	-9	7	26
3.415	4.972	-224.693	-324.934	0	0	0
3.427	4.960	-223.757	-325.222	-11	3	32
3.427	4.960	-223.757	-325.222	0	0	0
3.457	4.900	-219.946	-324.908	-43	-4	125
3.468	4.834	-216.439	-323.503	-40	-16	117
3.460	4.767	-213.506	-321.129	-33	-27	96
3.460	4.767	-213.506	-321.129	0	0	0
3.428	4.710	-211.779	-317.832	-20	-38	111
3.389	4.657	-210.421	-314.341	-15	-40	117
3.344	4.608	-209.447	-310.706	-11	-41	120
3.294	4.566	-208.867	-306.981	-7	-42	123
3.294	4.566	-208.867	-306.981	0	0	0
3.236	4.526	-208.629	-302.972	-3	-46	134
3.175	4.493	-208.728	-298.966	1	-46	134
3.111	4.465	-209.165	-294.998	5	-45	131
3.111	4.465	-209.165	-294.998	0	0	0
3.118	4.453	-208.361	-294.986	-9	0	26
3.118	4.453	-208.361	-294.986	0	0	0
3.176	4.390	-203.600	-295.863	-54	10	158
3.236	4.330	-198.898	-296.948	-54	12	158
3.300	4.273	-194.264	-298.238	-53	15	155
3.300	4.273	-194.264	-298.238	0	0	0
3.354	4.224	-190.282	-299.217	-45	11	131
3.410	4.179	-186.398	-300.472	-44	14	128
3.471	4.138	-182.632	-301.999	-43	17	125
3.534	4.102	-179.001	-303.789	-41	20	120
3.534	4.102	-179.001	-303.789	0	0	0
3.546	4.142	-180.594	-305.700	18	22	64
3.559	4.182	-182.179	-307.607	18	22	64
3.559	4.182	-182.179	-307.607	0	0	0
3.569	4.217	-183.582	-309.199	16	18	52
3.579	4.251	-184.978	-310.787	16	18	52
3.589	4.286	-186.368	-312.373	16	18	52
3.598	4.321	-187.753	-313.956	16	18	52
3.608	4.356	-189.131	-315.535	16	18	52
3.618	4.390	-190.503	-317.112	16	18	52
3.618	4.390	-190.503	-317.112	0	0	0
3.627	4.423	-191.795	-318.580	15	17	49
3.636	4.456	-193.081	-320.045	15	17	49
3.645	4.489	-194.362	-321.507	15	17	49
3.654	4.521	-195.638	-322.967	15	17	49
3.663	4.554	-196.907	-324.424	14	17	49
3.672	4.587	-198.171	-325.877	14	17	49
3.681	4.619	-199.429	-327.328	14	17	49
3.690	4.652	-200.682	-328.776	14	16	46
3.699	4.685	-201.928	-330.221	14	16	46
3.699	4.685	-201.928	-330.221	0	0	0
3.708	4.718	-203.211	-331.702	15	17	49
3.717	4.752	-204.488	-333.180	15	17	49
3.726	4.786	-205.759	-334.654	14	17	49
3.735	4.820	-207.023	-336.126	14	17	49
3.745	4.853	-208.281	-337.594	14	17	49
3.754	4.887	-209.531	-339.058	14	17	49
3.763	4.921	-210.775	-340.519	14	17	49
3.772	4.954	-212.013	-341.977	14	17	49
3.781	4.988	-213.243	-343.432	14	17	49
3.790	5.022	-214.467	-344.883	14	17	49
3.790	5.022	-214.467	-344.883	0	0	0
3.799	5.053	-215.613	-346.234	13	15	43
3.807	5.085	-216.754	-347.581	13	15	43
3.816	5.117	-217.888	-348.926	13	15	43
3.824	5.148	-219.016	-350.267	13	15	43
3.832	5.180	-220.138	-351.605	13	15	43
3.841	5.212	-221.253	-352.941	13	15	43
3.849	5.243	-222.362	-354.272	13	15	43
3.858	5.275	-223.464	-355.601	13	15	43
3.866	5.307	-224.559	-356.927	12	15	43
3.874	5.338	-225.648	-358.249	12	15	43
3.883	5.370	-226.731	-359.567	12	15	43
3.891	5.401	-227.806	-360.883	12	15	43
3.900	5.433	-228.874	-362.195	12	15	43
3.908	5.465	-229.936	-363.504	12	15	43
3.917	5.496	-230.991	-364.809	12	15	43
3.925	5.528	-232.038	-366.111	12	15	43
3.933	5.560	-233.078	-367.409	12	15	43
3.942	5.591	-234.112	-368.704	12	15	43
3.950	5.623	-235.138	-369.996	12	15	43
3.959	5.655	-236.156	-371.284	12	15	43
3.959	5.655	-236.156	-371.284	0	0	0
3.968	5.690	-237.288	-372.691	13	16	46
3.977	5.725	-238.410	-374.093	13	16	46
3.986	5.760	-239.523	-375.491	13	16	46
3.995	5.795	-240.627	-376.884	13	16	46
4.004	5.830	-241.722	-378.273	12	16	46
4.013	5.865	-242.807	-379.657	12	16	46
3.263	6.046	-279.233	-345.547	414	-388	1212
3.304	6.132	-281.481	-349.684	26	47	137
3.327	6.224	-284.596	-353.007	35	38	111
3.327	6.224	-284.596	-353.007	0	0	0
3.335	6.337	-289.100	-355.988	51	34	149
3.335	6.337	-289.100	-355.988	0	0	0
3.267	6.350	-292.273	-352.676	36	-38	111
3.198	6.352	-295.015	-349.059	31	-41	120
3.129	6.344	-297.246	-345.229	25	-44	128
3.129	6.344	-297.246	-345.229	0	0	0
3.064	6.339	-299.420	-341.673	25	-40	117
3.000	6.326	-301.220	-338.015	20	-42	123
3.000	6.326	-301.220	-338.015	0	0	0
2.991	6.322	-301.326	-337.435	1	-7	20
2.991	6.322	-301.326	-337.435	0	0	0
3.057	6.245	-295.524	-339.272	-66	21	193
3.057	6.245	-295.524	-339.272	0	0	0
3.092	6.164	-290.645	-339.284	-56	0	164
3.117	6.079	-285.964	-338.622	-53	-8	155
3.117	6.079	-285.964	-338.622	0	0	0
3.141	6.026	-282.738	-338.651	-37	0	108
3.141	6.026	-282.738	-338.651	0	0	0
3.263	6.046	-279.233	-345.547	-40	78	228
3.051	6.038	-286.436	-334.273	82	-128	375
3.037	5.996	-285.031	-332.555	-16	-20	58
3.051	6.038	-286.436	-334.273	16	20	58
3.030	6.131	-291.391	-335.280	56	11	164
2.989	6.217	-296.714	-335.067	61	-2	178
2.989	6.217	-296.714	-335.067	0	0	0
2.947	6.269	-300.523	-333.976	43	-12	125
2.892	6.305	-304.140	-331.835	41	-24	120
2.892	6.305	-304.140	-331.835	0	0	0
2.849	6.299	-305.374	-329.400	14	-28	82
2.849	6.299	-305.374	-329.400	0	0	0
2.780	6.278	-306.796	-325.308	16	-47	137
2.712	6.255	-308.028	-321.206	14	-47	137
2.645	6.230	-309.067	-317.099	12	-47	137
2.579	6.202	-309.910	-312.992	10	-47	137
2.579	6.202	-309.910	-312.992	0	0	0
2.678	6.125	-303.081	-316.573	-78	41	228
2.678	6.125	-303.081	-316.573	0	0	0
2.722	6.072	-299.136	-317.743	-45	13	131
2.752	6.009	-295.229	-317.877	-44	2	128
2.752	6.009	-295.229	-317.877	0	0	0
2.765	5.970	-292.906	-317.689	-26	-2	76
2.779	5.930	-290.582	-317.490	-26	-2	76
2.779	5.930	-290.582	-317.490	0	0	0
2.786	5.914	-289.581	-317.486	-11	0	32
2.786	5.914	-289.581	-317.486	0	0	0
2.838	5.916	-288.021	-320.250	-18	31	90
2.838	5.916	-288.021	-320.250	0	0	0
2.906	5.938	-286.794	-324.337	-14	47	137
2.973	5.965	-285.796	-328.446	-11	47	137
3.037	5.996	-285.031	-332.555	-9	47	137
2.710	5.932	-292.880	-313.935	89	-212	621
2.675	6.022	-298.288	-314.102	62	2	181
2.612	6.095	-303.778	-312.384	62	-20	181
2.612	6.095	-303.778	-312.384	0	0	0
2.556	6.129	-307.191	-310.171	39	-25	114
2.492	6.146	-309.990	-307.169	32	-34	99
2.492	6.146	-309.990	-307.169	0	0	0
2.422	6.127	-311.206	-303.049	14	-47	137
2.357	6.096	-311.661	-298.908	5	-47	137
2.357	6.096	-311.661	-298.908	0	0	0
2.281	6.055	-311.897	-293.995	3	-56	164
2.208	6.009	-311.657	-289.135	-3	-55	161
2.139	5.958	-310.943	-284.355	-8	-54	158
2.139	5.958	-310.943	-284.355	0	0	0
2.130	5.947	-310.640	-283.654	-3	-8	23
2.130	5.947	-310.640	-283.654	0	0	0
2.207	5.923	-307.322	-287.208	-38	40	117
2.284	5.898	-303.930	-290.715	-39	40	117
2.284	5.898	-303.930	-290.715	0	0	0
2.351	5.859	-300.115	-293.404	-43	31	125
2.402	5.800	-295.747	-294.710	-50	15	146
2.402	5.800	-295.747	-294.710	0	0	0
2.425	5.763	-293.245	-295.071	-28	4	82
2.448	5.726	-290.744	-295.422	-28	4	82
2.448	5.726	-290.744	-295.422	0	0	0
2.460	5.711	-289.640	-295.696	-13	3	38
2.460	5.711	-289.640	-295.696	0	0	0
2.508	5.716	-288.550	-298.313	-12	30	87
2.508	5.716	-288.550	-298.313	0	0	0
2.577	5.756	-288.472	-302.885	-1	52	152
2.645	5.800	-288.551	-307.429	1	52	152
2.710	5.846	-288.787	-311.931	3	51	149
2.710	5.846	-288.787	-311.931	0	0	0
2.710	5.932	-292.880	-313.935	47	23	137
2.512	5.625	-283.932	-296.348	-102	-200	585
2.551	5.549	-278.985	-296.559	-56	2	164
2.572	5.465	-274.228	-295.544	-54	-12	158
2.572	5.378	-269.919	-293.367	-49	-25	143
2.512	5.625	-283.932	-296.348	159	34	465
2.503	5.624	-284.111	-295.878	2	-5	14
2.503	5.624	-284.111	-295.878	0	0	0
2.442	5.586	-283.962	-291.772	-2	-47	137
2.399	5.528	-282.179	-288.165	-20	-41	120
2.399	5.528	-282.179	-288.165	0	0	0
2.400	5.450	-278.222	-286.282	-45	-21	131
2.414	5.373	-273.943	-285.147	-49	-13	143
2.443	5.301	-269.497	-284.793	-51	-4	149
2.443	5.301	-269.497	-284.793	0	0	0
2.473	5.268	-267.031	-285.503	-28	8	82
2.473	5.268	-267.031	-285.503	0	0	0
2.543	5.304	-266.971	-290.044	-1	52	152
2.572	5.378	-269.919	-293.367	34	38	111
2.396	5.055	-258.125	-276.048	-134	-197	577
2.479	5.010	-253.699	-279.104	-50	35	146
2.528	4.928	-248.277	-279.383	-62	3	181
2.528	4.928	-248.277	-279.383	0	0	0
2.568	4.895	-245.560	-280.497	-31	13	90
2.568	4.895	-245.560	-280.497	0	0	0
2.636	4.889	-243.445	-283.770	-24	37	108
2.705	4.884	-241.356	-287.074	-24	38	111
2.774	4.879	-239.293	-290.409	-23	38	111
2.843	4.877	-237.256	-293.773	-23	38	111
2.911	4.875	-235.246	-297.168	-23	39	114
2.980	4.875	-233.262	-300.591	-23	39	114
3.049	4.876	-231.304	-304.042	-22	39	114
3.049	4.876	-231.304	-304.042	0	0	0
3.084	4.876	-230.323	-305.769	-11	20	58
3.118	4.877	-229.334	-307.495	-11	20	58
3.152	4.877	-228.336	-309.219	-11	20	58
3.187	4.878	-227.329	-310.942	-11	20	58
3.221	4.879	-226.315	-312.663	-12	20	58
3.255	4.879	-225.292	-314.382	-12	20	58
3.255	4.879	-225.292	-314.382	0	0	0
3.319	4.879	-223.350	-317.501	-22	35	102
3.319	4.879	-223.350	-317.501	0	0	0
3.343	4.877	-222.453	-318.612	-10	13	38
3.343	4.877	-222.453	-318.612	0	0	0
3.294	4.821	-221.302	-314.571	-13	-46	134
3.238	4.772	-220.625	-310.399	-8	-47	137
3.177	4.731	-220.428	-306.161	-2	-48	140
3.111	4.697	-220.714	-301.927	3	-48	140
3.041	4.672	-221.479	-297.763	9	-47	137
2.969	4.656	-222.716	-293.732	14	-46	134
2.895	4.650	-224.408	-289.894	19	-44	128
2.895	4.650	-224.408	-289.894	0	0	0
2.860	4.648	-225.282	-288.118	10	-20	58
2.825	4.647	-226.147	-286.341	10	-20	58
2.825	4.647	-226.147	-286.341	0	0	0
2.790	4.646	-227.060	-284.589	10	-20	58
2.754	4.646	-227.963	-282.836	10	-20	58
2.754	4.646	-227.963	-282.836	0	0	0
2.680	4.650	-230.107	-279.268	24	-41	120
2.606	4.651	-232.069	-275.605	22	-42	123
2.531	4.650	-233.841	-271.855	20	-43	125
2.457	4.646	-235.419	-268.024	18	-44	128
2.383	4.639	-236.797	-264.119	16	-44	128
2.383	4.639	-236.797	-264.119	0	0	0
2.305	4.624	-237.823	-259.817	12	-49	143
2.234	4.588	-237.490	-255.281	-4	-52	152
2.234	4.588	-237.490	-255.281	0	0	0
2.176	4.525	-235.395	-250.619	-24	-53	155
2.176	4.525	-235.395	-250.619	0	0	0
2.104	4.518	-236.525	-246.820	13	-43	125
2.032	4.514	-237.764	-243.084	14	-43	125
1.960	4.513	-239.109	-239.416	15	-42	123
1.887	4.514	-240.561	-235.818	17	-41	120
1.815	4.519	-242.119	-232.297	18	-40	117
1.815	4.519	-242.119	-232.297	0	0	0
1.743	4.522	-243.568	-228.708	16	-41	120
1.670	4.515	-244.458	-224.874	10	-44	128
1.599	4.500	-244.772	-220.861	4	-46	134
1.530	4.475	-244.502	-216.737	-3	-47	137
1.530	4.475	-244.502	-216.737	0	0	0
1.478	4.436	-243.122	-213.016	-16	-42	123
1.430	4.391	-241.331	-209.378	-20	-41	120
1.387	4.342	-239.160	-205.868	-25	-40	117
1.350	4.287	-236.640	-202.523	-29	-38	111
1.350	4.287	-236.640	-202.523	0	0	0
1.332	4.259	-235.277	-200.868	-16	-19	55
1.315	4.230	-233.909	-199.210	-16	-19	55
1.297	4.202	-232.535	-197.552	-16	-19	55
1.280	4.173	-231.157	-195.892	-16	-19	55
1.262	4.145	-229.773	-194.231	-16	-19	55
1.245	4.116	-228.384	-192.568	-16	-19	55
1.227	4.088	-226.990	-190.904	-16	-19	55
1.210	4.059	-225.591	-189.239	-16	-19	55
1.192	4.031	-224.187	-187.573	-16	-19	55
1.192	4.031	-224.187	-187.573	0	0	0
1.174	4.001	-222.692	-185.837	-17	-20	58
1.156	3.970	-221.191	-184.100	-17	-20	58
1.138	3.940	-219.685	-182.361	-17	-20	58
1.120	3.910	-218.175	-180.621	-17	-20	58
1.102	3.880	-216.659	-178.879	-17	-20	58
1.102	3.880	-216.659	-178.879	0	0	0
1.086	3.851	-215.222	-177.254	-16	-18	52
1.069	3.823	-213.780	-175.628	-16	-19	55
1.053	3.795	-212.334	-174.000	-16	-19	55
1.036	3.766	-210.884	-172.371	-16	-19	55
1.020	3.738	-209.430	-170.741	-17	-19	55
1.003	3.709	-207.972	-169.110	-17	-19	55
0.987	3.681	-206.511	-167.478	-17	-19	55
0.970	3.652	-205.045	-165.844	-17	-19	55
0.954	3.624	-203.576	-164.209	-17	-19	55
0.937	3.596	-202.103	-162.573	-17	-19	55
0.920	3.567	-200.626	-160.936	-17	-19	55
0.904	3.539	-199.145	-159.297	-17	-19	55
0.887	3.510	-197.661	-157.658	-17	-19	55
0.871	3.482	-196.173	-156.017	-17	-19	55
0.854	3.453	-194.682	-154.375	-17	-19	55
0.838	3.425	-193.187	-152.732	-17	-19	55
0.838	3.425	-193.187	-152.732	0	0	0
0.820	3.395	-191.596	-150.972	-18	-20	58
0.802	3.364	-190.001	-149.212	-18	-20	58
0.784	3.334	-188.402	-147.450	-18	-20	58
0.766	3.304	-186.800	-145.687	-18	-20	58
0.749	3.274	-185.193	-143.923	-18	-20	58
0.749	3.274	-185.193	-143.923	0	0	0
0.731	3.244	-183.596	-142.147	-18	-20	58
0.712	3.214	-181.995	-140.371	-18	-20	58
0.694	3.184	-180.390	-138.593	-18	-20	58
0.676	3.154	-178.782	-136.814	-18	-20	58
0.658	3.124	-177.170	-135.034	-18	-20	58
0.658	3.124	-177.170	-135.034	0	0	0
0.639	3.094	-175.573	-133.239	-18	-20	58
0.621	3.064	-173.972	-131.443	-18	-20	58
0.602	3.034	-172.367	-129.645	-18	-20	58
0.584	3.005	-170.759	-127.847	-18	-20	58
0.565	2.975	-169.147	-126.048	-18	-20	58
0.565	2.975	-169.147	-126.048	0	0	0
0.521	2.917	-166.032	-122.137	-35	-44	128
0.467	2.867	-163.383	-118.036	-30	-47	137
0.407	2.826	-161.259	-113.854	-24	-48	140
0.340	2.795	-159.708	-109.700	-18	-47	137
0.340	2.795	-159.708	-109.700	0	0	0
0.302	2.816	-160.981	-108.435	14	-14	41
0.302	2.816	-160.981	-108.435	0	0	0
0.304	2.892	-165.311	-110.797	49	27	143
0.312	2.967	-169.603	-113.427	49	30	143
0.326	3.041	-173.826	-116.312	48	33	140
0.346	3.115	-177.951	-119.435	47	36	137
0.372	3.186	-181.948	-122.780	45	38	131
0.372	3.186	-181.948	-122.780	0	0	0
0.394	3.249	-185.507	-125.688	40	33	117
0.417	3.312	-189.025	-128.645	40	34	117
0.442	3.374	-192.501	-131.649	40	34	117
0.468	3.436	-195.931	-134.701	39	35	114
0.495	3.497	-199.311	-137.798	38	35	111
0.524	3.558	-202.639	-140.941	38	36	111
0.554	3.618	-205.911	-144.126	37	36	108
0.586	3.677	-209.125	-147.355	37	37	108
0.619	3.735	-212.277	-150.624	36	37	108
0.619	3.735	-212.277	-150.624	0	0	0
0.650	3.796	-215.547	-153.847	37	37	108
0.679	3.857	-218.855	-157.010	38	36	111
0.707	3.919	-222.198	-160.112	38	35	111
0.734	3.982	-225.577	-163.149	38	35	111
0.759	4.045	-228.990	-166.120	39	34	114
0.782	4.109	-232.437	-169.021	39	33	114
0.805	4.173	-235.916	-171.851	40	32	117
0.805	4.173	-235.916	-171.851	0	0	0
0.814	4.249	-240.176	-174.331	48	28	140
0.814	4.326	-244.538	-176.345	50	23	146
0.805	4.403	-248.944	-177.862	50	17	146
0.805	4.403	-248.944	-177.862	0	0	0
0.806	4.479	-253.303	-179.849	50	23	146
0.822	4.555	-257.427	-182.584	47	31	137
0.853	4.625	-261.129	-185.957	42	38	123
0.899	4.687	-264.234	-189.834	35	44	128
0.899	4.687	-264.234	-189.834	0	0	0
0.947	4.739	-266.674	-193.591	28	43	125
0.998	4.788	-268.885	-197.427	25	44	128
1.051	4.833	-270.856	-201.327	22	44	128
1.108	4.876	-272.575	-205.282	20	45	131
1.166	4.915	-274.031	-209.277	17	45	131
1.227	4.950	-275.216	-213.300	13	46	134
1.290	4.982	-276.122	-217.337	10	46	134
1.354	5.011	-276.744	-221.375	7	46	134
1.354	5.011	-276.744	-221.375	0	0	0
1.419	5.038	-277.257	-225.384	6	46	134
1.486	5.060	-277.370	-229.364	1	45	131
1.554	5.075	-277.079	-233.284	-3	45	131
1.623	5.085	-276.389	-237.114	-8	44	128
1.693	5.089	-275.308	-240.823	-12	42	123
1.763	5.086	-273.848	-244.380	-17	40	117
1.763	5.086	-273.848	-244.380	0	0	0
1.801	5.085	-273.069	-246.309	-9	22	64
1.838	5.085	-272.277	-248.235	-9	22	64
1.876	5.084	-271.472	-250.161	-9	22	64
1.914	5.083	-270.653	-252.084	-9	22	64
1.952	5.082	-269.822	-254.007	-9	22	64
1.989	5.082	-268.977	-255.927	-10	22	64
1.989	5.082	-268.977	-255.927	0	0	0
2.027	5.080	-268.088	-257.830	-10	22	64
2.065	5.079	-267.186	-259.732	-10	22	64
2.102	5.077	-266.272	-261.632	-10	22	64
2.140	5.076	-265.345	-263.530	-11	22	64
2.140	5.076	-265.345	-263.530	0	0	0
2.178	5.074	-264.371	-265.407	-11	21	61
2.215	5.072	-263.386	-267.282	-11	21	61
2.215	5.072	-263.386	-267.282	0	0	0
2.306	5.067	-260.987	-271.795	-27	51	149
2.396	5.055	-258.125	-276.048	-33	48	140
2.070	5.221	-274.560	-263.578	187	-142	547
2.121	5.267	-275.778	-267.333	14	43	125
2.148	5.329	-278.376	-270.304	30	34	99
2.148	5.329	-278.376	-270.304	0	0	0
2.125	5.430	-284.162	-271.553	66	14	193
2.125	5.430	-284.162	-271.553	0	0	0
2.064	5.503	-289.447	-270.127	60	-16	175
1.984	5.554	-294.021	-267.113	52	-34	152
1.984	5.554	-294.021	-267.113	0	0	0
1.911	5.571	-296.560	-263.705	29	-39	114
1.837	5.568	-298.084	-259.752	17	-45	131
1.766	5.547	-298.472	-255.527	4	-48	140
1.766	5.547	-298.472	-255.527	0	0	0
1.716	5.494	-296.688	-251.655	-20	-44	128
1.676	5.432	-294.165	-248.161	-29	-40	117
1.676	5.432	-294.165	-248.161	0	0	0
1.636	5.362	-291.201	-244.420	-34	-43	125
1.600	5.290	-287.949	-240.872	-37	-40	117
1.570	5.215	-284.435	-237.532	-40	-38	117
1.570	5.215	-284.435	-237.532	0	0	0
1.568	5.202	-283.755	-237.113	-8	-5	23
1.568	5.202	-283.755	-237.113	0	0	0
1.640	5.194	-282.014	-240.644	-20	40	117
1.712	5.190	-280.413	-244.270	-18	41	120
1.784	5.189	-278.953	-247.986	-17	42	123
1.856	5.191	-277.637	-251.783	-15	43	125
1.928	5.198	-276.465	-255.653	-13	44	128
1.999	5.208	-275.439	-259.587	-12	45	131
2.070	5.221	-274.560	-263.578	-10	45	131
1.471	5.191	-284.824	-231.776	117	-362	1060
1.512	5.244	-287.014	-235.197	25	39	114
1.548	5.301	-289.522	-238.387	29	36	105
1.576	5.362	-292.321	-241.299	32	33	96
1.597	5.426	-295.384	-243.893	35	30	102
1.597	5.426	-295.384	-243.893	0	0	0
1.582	5.447	-296.814	-243.563	16	-4	46
1.582	5.447	-296.814	-243.563	0	0	0
1.493	5.464	-299.377	-239.280	29	-49	143
1.404	5.447	-299.967	-234.207	7	-58	169
1.404	5.447	-299.967	-234.207	0	0	0
1.347	5.381	-297.296	-229.721	-30	-51	149
1.347	5.381	-297.296	-229.721	0	0	0
1.309	5.317	-294.345	-226.245	-34	-40	117
1.275	5.250	-291.163	-222.931	-36	-38	111
1.246	5.181	-287.774	-219.791	-39	-36	114
1.221	5.110	-284.197	-216.837	-41	-34	120
1.221	5.110	-284.197	-216.837	0	0	0
1.220	5.097	-283.494	-216.475	-8	-4	23
1.220	5.097	-283.494	-216.475	0	0	0
1.288	5.106	-282.999	-220.190	-6	42	123
1.353	5.125	-283.058	-224.040	1	44	128
1.415	5.153	-283.670	-227.933	7	44	128
1.471	5.191	-284.824	-231.776	13	44	128
1.449	5.535	-304.032	-238.543	219	77	641
1.453	5.547	-304.582	-239.067	6	6	17
1.449	5.535	-304.032	-238.543	-6	-6	17
1.517	5.518	-301.866	-241.752	-25	37	108
1.587	5.517	-300.467	-245.421	-16	42	123
1.587	5.517	-300.467	-245.421	0	0	0
1.641	5.513	-299.195	-248.172	-14	31	90
1.641	5.513	-299.195	-248.172	0	0	0
1.690	5.563	-300.929	-251.879	20	42	123
1.735	5.617	-302.880	-255.455	22	41	120
1.775	5.674	-305.043	-258.880	25	39	114
1.812	5.734	-307.411	-262.132	27	37	108
1.812	5.734	-307.411	-262.132	0	0	0
1.792	5.768	-309.642	-261.819	25	-4	73
1.792	5.768	-309.642	-261.819	0	0	0
1.696	5.797	-313.264	-257.400	41	-50	146
1.696	5.797	-313.264	-257.400	0	0	0
1.642	5.753	-312.097	-253.553	-13	-44	128
1.590	5.706	-310.633	-249.782	-17	-43	125
1.541	5.656	-308.884	-246.102	-20	-42	123
1.495	5.603	-306.862	-242.526	-23	-41	120
1.453	5.547	-304.582	-239.067	-26	-39	114
1.767	5.851	-314.566	-262.295	114	264	773
1.857	5.806	-310.145	-266.084	-50	43	146
1.857	5.806	-310.145	-266.084	0	0	0
1.931	5.845	-310.456	-270.879	4	55	161
1.931	5.845	-310.456	-270.879	0	0	0
1.984	5.893	-311.607	-274.726	13	44	128
2.033	5.944	-313.021	-278.443	16	42	123
2.077	6.000	-314.692	-282.004	19	41	120
2.077	6.000	-314.692	-282.004	0	0	0
2.078	6.002	-314.774	-282.095	1	1	2
2.078	6.002	-314.774	-282.095	0	0	0
2.055	6.007	-315.664	-280.970	10	-13	38
2.055	6.007	-315.664	-280.970	0	0	0
2.006	5.992	-316.165	-278.057	6	-33	96
2.006	5.992	-316.165	-278.057	0	0	0
1.928	5.964	-316.683	-273.318	6	-54	158
1.854	5.928	-316.590	-268.590	-1	-54	158
1.784	5.883	-315.887	-263.928	-8	-53	155
1.784	5.883	-315.887	-263.928	0	0	0
1.767	5.851	-314.566	-262.295	-15	-19	55
1.949	5.800	-307.637	-270.851	-79	97	284
1.885	5.730	-305.490	-265.930	-24	-56	164
1.829	5.654	-302.783	-261.243	-31	-53	155
1.949	5.800	-307.637	-270.851	55	109	319
2.005	5.850	-308.897	-274.900	14	46	134
2.071	5.885	-308.983	-279.186	1	49	143
2.071	5.885	-308.983	-279.186	0	0	0
2.149	5.881	-306.734	-283.230	-26	46	134
2.224	5.857	-303.543	-286.648	-36	39	114
2.290	5.816	-299.643	-289.212	-44	29	128
2.290	5.816	-299.643	-289.212	0	0	0
2.357	5.745	-294.282	-291.078	-61	21	178
2.407	5.663	-288.752	-291.775	-63	8	184
2.407	5.663	-288.752	-291.775	0	0	0
2.409	5.636	-287.345	-291.252	-16	-6	46
2.409	5.636	-287.345	-291.252	0	0	0
2.352	5.573	-285.755	-286.771	-18	-51	149
2.292	5.513	-284.265	-282.217	-17	-52	152
2.230	5.455	-282.876	-277.597	-16	-53	155
2.230	5.455	-282.876	-277.597	0	0	0
2.194	5.441	-283.089	-275.376	2	-25	73
2.194	5.441	-283.089	-275.376	0	0	0
2.171	5.476	-285.452	-275.032	27	-4	79
2.148	5.511	-287.814	-274.678	27	-4	79
2.148	5.511	-287.814	-274.678	0	0	0
2.126	5.540	-289.890	-274.233	24	-5	70
2.126	5.540	-289.890	-274.233	0	0	0
2.062	5.596	-294.362	-272.186	51	-23	149
1.980	5.620	-297.546	-268.433	36	-43	125
1.980	5.620	-297.546	-268.433	0	0	0
1.901	5.629	-299.871	-264.516	26	-45	131
1.823	5.640	-302.209	-260.631	27	-44	128
1.823	5.640	-302.209	-260.631	0	0	0
1.829	5.654	-302.783	-261.243	7	7	20
2.260	4.527	-233.709	-254.879	-786	-72	2302
2.323	4.565	-234.321	-259.108	7	48	140
2.396	4.581	-233.477	-263.146	-10	46	134
2.260	4.527	-233.709	-254.879	3	-94	275
2.257	4.521	-233.437	-254.547	-3	-4	11
2.257	4.521	-233.437	-254.547	0	0	0
2.323	4.516	-231.707	-257.669	-20	36	105
2.388	4.511	-230.006	-260.822	-19	36	105
2.454	4.509	-228.332	-264.006	-19	36	105
2.520	4.507	-226.688	-267.221	-19	37	108
2.586	4.506	-225.072	-270.464	-18	37	108
2.651	4.507	-223.486	-273.737	-18	37	108
2.717	4.509	-221.928	-277.038	-18	38	111
2.783	4.512	-220.399	-280.367	-17	38	111
2.849	4.516	-218.900	-283.722	-17	38	111
2.914	4.522	-217.430	-287.104	-17	38	111
2.980	4.528	-215.990	-290.511	-16	39	114
2.980	4.528	-215.990	-290.511	0	0	0
3.051	4.550	-215.101	-294.620	-10	47	137
3.119	4.577	-214.510	-298.801	-7	48	140
3.186	4.610	-214.222	-303.028	-3	48	140
3.249	4.648	-214.236	-307.271	0	48	140
3.249	4.648	-214.236	-307.271	0	0	0
3.300	4.691	-214.831	-311.030	7	43	125
3.341	4.743	-216.071	-314.610	14	41	120
3.373	4.802	-217.921	-317.885	21	37	108
3.373	4.802	-217.921	-317.885	0	0	0
3.333	4.788	-218.478	-315.542	6	-27	79
3.333	4.788	-218.478	-315.542	0	0	0
3.283	4.737	-217.552	-311.564	-11	-45	131
3.226	4.693	-217.107	-307.488	-5	-46	134
3.165	4.657	-217.148	-303.384	0	-47	137
3.099	4.629	-217.676	-299.322	6	-46	134
3.030	4.610	-218.683	-295.370	11	-45	131
3.030	4.610	-218.683	-295.370	0	0	0
2.952	4.597	-220.204	-291.159	17	-48	140
2.873	4.588	-221.893	-287.036	19	-47	137
2.794	4.583	-223.750	-283.008	21	-46	134
2.715	4.583	-225.771	-279.085	23	-45	131
2.715	4.583	-225.771	-279.085	0	0	0
2.679	4.583	-226.696	-277.321	11	-20	58
2.644	4.583	-227.612	-275.555	10	-20	58
2.608	4.584	-228.518	-273.787	10	-20	58
2.572	4.584	-229.414	-272.018	10	-20	58
2.536	4.584	-230.301	-270.247	10	-20	58
2.501	4.584	-231.177	-268.474	10	-20	58
2.501	4.584	-231.177	-268.474	0	0	0
2.466	4.583	-231.954	-266.699	9	-20	58
2.431	4.582	-232.721	-264.923	9	-20	58
2.396	4.581	-233.477	-263.146	9	-20	58
2.518	4.429	-222.669	-264.862	-123	20	360
2.447	4.429	-224.301	-261.369	19	-40	117
2.377	4.427	-225.838	-257.840	17	-40	117
2.306	4.425	-227.277	-254.276	16	-41	120
2.236	4.422	-228.618	-250.678	15	-41	120
2.166	4.417	-229.858	-247.048	14	-41	120
2.095	4.412	-230.996	-243.387	13	-42	123
2.025	4.405	-232.032	-239.696	12	-42	123
2.518	4.429	-222.669	-264.862	-107	286	837
2.583	4.430	-221.161	-268.118	-17	37	108
2.649	4.430	-219.578	-271.346	-18	37	108
2.714	4.429	-217.921	-274.544	-19	36	105
2.779	4.428	-216.191	-277.710	-20	36	105
2.845	4.426	-214.390	-280.845	-20	36	105
2.910	4.423	-212.517	-283.947	-21	35	102
2.975	4.419	-210.577	-287.015	-22	35	102
2.975	4.419	-210.577	-287.015	0	0	0
3.059	4.394	-207.045	-290.358	-40	38	117
3.127	4.339	-202.387	-291.941	-53	18	155
3.127	4.339	-202.387	-291.941	0	0	0
3.167	4.285	-198.599	-292.174	-43	3	125
3.210	4.234	-194.863	-292.692	-43	6	125
3.258	4.188	-191.199	-293.492	-42	9	123
3.309	4.145	-187.631	-294.571	-41	12	120
3.309	4.145	-187.631	-294.571	0	0	0
3.366	4.109	-184.241	-296.117	-39	18	114
3.421	4.071	-180.776	-297.507	-39	16	114
3.475	4.031	-177.244	-298.736	-40	14	117
3.475	4.031	-177.244	-298.736	0	0	0
3.506	3.955	-172.550	-297.628	-53	-13	155
3.506	3.955	-172.550	-297.628	0	0	0
3.489	3.879	-169.266	-294.352	-37	-37	108
3.472	3.804	-166.018	-291.004	-37	-38	111
3.452	3.729	-162.808	-287.586	-37	-39	114
3.432	3.655	-159.635	-284.102	-36	-40	117
3.432	3.655	-159.635	-284.102	0	0	0
3.422	3.621	-158.211	-282.530	-16	-18	52
3.413	3.588	-156.783	-280.956	-16	-18	52
3.403	3.555	-155.350	-279.379	-16	-18	52
3.394	3.521	-153.913	-277.800	-16	-18	52
3.394	3.521	-153.913	-277.800	0	0	0
3.385	3.490	-152.541	-276.279	-16	-17	49
3.375	3.458	-151.166	-274.755	-16	-17	49
3.366	3.426	-149.787	-273.230	-16	-17	49
3.357	3.394	-148.404	-271.702	-16	-17	49
3.348	3.362	-147.017	-270.172	-16	-17	49
3.338	3.331	-145.626	-268.640	-16	-17	49
3.329	3.299	-144.231	-267.107	-16	-17	49
3.320	3.267	-142.832	-265.571	-16	-17	49
3.311	3.235	-141.429	-264.033	-16	-17	49
3.301	3.203	-140.023	-262.494	-16	-18	52
3.292	3.171	-138.612	-260.952	-16	-18	52
3.283	3.140	-137.198	-259.408	-16	-18	52
3.283	3.140	-137.198	-259.408	0	0	0
3.260	3.136	-137.559	-258.264	4	-13	38
3.260	3.136	-137.559	-258.264	0	0	0
3.202	3.167	-140.612	-256.721	35	-18	102
3.144	3.200	-143.721	-255.264	35	-17	102
3.088	3.235	-146.884	-253.895	36	-16	105
3.032	3.271	-150.100	-252.614	37	-15	108
2.978	3.309	-153.367	-251.421	37	-14	108
2.924	3.349	-156.683	-250.318	38	-13	111
2.872	3.391	-160.046	-249.305	38	-12	111
2.872	3.391	-160.046	-249.305	0	0	0
2.824	3.438	-163.630	-248.639	41	-8	120
2.786	3.494	-167.430	-248.710	43	1	125
2.760	3.556	-171.303	-249.517	44	9	128
2.760	3.556	-171.303	-249.517	0	0	0
2.760	3.628	-175.079	-251.912	43	27	125
2.767	3.700	-178.701	-254.550	41	30	120
2.779	3.771	-182.142	-257.416	39	33	114
2.779	3.771	-182.142	-257.416	0	0	0
2.791	3.844	-185.697	-260.319	40	33	117
2.793	3.918	-189.522	-262.762	44	28	128
2.785	3.992	-193.557	-264.693	46	22	134
2.767	4.064	-197.734	-266.075	48	16	140
2.739	4.133	-201.981	-266.878	48	9	140
2.703	4.198	-206.223	-267.085	48	2	140
2.658	4.257	-210.382	-266.692	47	-4	137
2.658	4.257	-210.382	-266.692	0	0	0
2.597	4.301	-214.109	-265.002	42	-19	123
2.597	4.301	-214.109	-265.002	0	0	0
2.544	4.257	-213.072	-261.117	-12	-44	128
2.556	4.190	-209.266	-259.656	-43	-17	125
2.556	4.190	-209.266	-259.656	0	0	0
2.601	4.131	-205.166	-260.119	-47	5	137
2.639	4.068	-200.968	-260.029	-48	-1	140
2.669	4.001	-196.738	-259.388	-48	-7	140
2.669	4.001	-196.738	-259.388	0	0	0
2.681	3.930	-192.750	-257.773	-45	-18	131
2.688	3.858	-188.850	-255.844	-44	-22	128
2.689	3.787	-185.060	-253.614	-43	-25	125
2.684	3.715	-181.398	-251.100	-42	-29	123
2.673	3.644	-177.886	-248.323	-40	-32	117
2.657	3.574	-174.540	-245.301	-38	-34	111
2.636	3.506	-171.377	-242.058	-36	-37	108
2.609	3.439	-168.412	-238.617	-34	-39	114
2.609	3.439	-168.412	-238.617	0	0	0
2.584	3.375	-165.507	-235.345	-33	-37	108
2.552	3.314	-162.906	-231.837	-30	-40	117
2.514	3.257	-160.638	-228.143	-26	-42	123
2.469	3.205	-158.727	-224.313	-22	-44	128
2.418	3.158	-157.193	-220.401	-17	-45	131
2.418	3.158	-157.193	-220.401	0	0	0
2.324	3.145	-158.213	-215.570	12	-55	161
2.232	3.167	-161.081	-211.982	33	-41	120
2.232	3.167	-161.081	-211.982	0	0	0
2.165	3.215	-164.902	-210.382	43	-18	125
2.105	3.273	-169.086	-209.431	48	-11	140
2.055	3.339	-173.550	-209.146	51	-3	149
2.055	3.339	-173.550	-209.146	0	0	0
2.021	3.395	-177.202	-209.318	42	2	123
1.989	3.453	-180.889	-209.631	42	4	123
1.960	3.512	-184.604	-210.087	42	5	123
1.934	3.572	-188.340	-210.684	43	7	125
1.910	3.633	-192.093	-211.421	43	8	125
1.889	3.695	-195.854	-212.299	43	10	125
1.871	3.758	-199.617	-213.315	43	12	125
1.856	3.822	-203.375	-214.468	43	13	125
1.843	3.887	-207.121	-215.758	43	15	125
1.843	3.887	-207.121	-215.758	0	0	0
1.826	3.952	-210.964	-216.806	44	12	128
1.815	4.018	-214.777	-218.191	43	16	125
1.810	4.085	-218.522	-219.903	43	19	125
1.810	4.085	-218.522	-219.903	0	0	0
1.841	4.148	-221.455	-223.254	33	38	111
1.903	4.180	-222.139	-227.284	8	46	134
1.903	4.180	-222.139	-227.284	0	0	0
1.955	4.226	-223.665	-231.152	17	44	128
1.982	4.289	-226.609	-234.284	33	36	105
1.982	4.289	-226.609	-234.284	0	0	0
2.025	4.405	-232.032	-239.696	62	62	181
1.905	4.345	-231.037	-232.000	-11	-88	257
1.867	4.268	-227.569	-227.991	-39	-46	134
1.793	4.229	-226.699	-223.131	-10	-55	161
1.905	4.345	-231.037	-232.000	49	101	295
1.900	4.408	-234.597	-233.525	41	17	120
1.900	4.408	-234.597	-233.525	0	0	0
1.808	4.412	-236.471	-229.024	21	-51	149
1.808	4.412	-236.471	-229.024	0	0	0
1.717	4.402	-237.487	-224.191	12	-55	161
1.628	4.382	-237.848	-219.163	4	-57	166
1.628	4.382	-237.848	-219.163	0	0	0
1.632	4.336	-235.250	-218.090	-30	-12	87
1.632	4.336	-235.250	-218.090	0	0	0
1.665	4.274	-231.318	-218.015	-45	-1	131
1.723	4.235	-228.230	-219.838	-35	21	102
1.793	4.229	-226.699	-223.131	-17	37	108
1.723	4.148	-223.424	-217.406	-37	-65	190
1.607	4.186	-227.353	-212.646	45	-54	158
1.607	4.186	-227.353	-212.646	0	0	0
1.559	4.249	-231.544	-211.989	48	-7	140
1.516	4.315	-235.853	-211.666	49	-4	143
1.516	4.315	-235.853	-211.666	0	0	0
1.487	4.276	-234.092	-209.145	-20	-29	84
1.487	4.276	-234.092	-209.145	0	0	0
1.464	4.240	-232.437	-207.004	-19	-24	70
1.441	4.204	-230.774	-204.862	-19	-24	70
1.418	4.168	-229.101	-202.717	-19	-24	70
1.418	4.168	-229.101	-202.717	0	0	0
1.398	4.137	-227.591	-200.830	-17	-21	61
1.378	4.105	-226.074	-198.941	-17	-21	61
1.358	4.073	-224.551	-197.051	-17	-22	64
1.338	4.041	-223.020	-195.159	-17	-22	64
1.318	4.009	-221.484	-193.266	-17	-22	64
1.318	4.009	-221.484	-193.266	0	0	0
1.301	3.981	-220.124	-191.613	-15	-19	55
1.283	3.953	-218.759	-189.959	-16	-19	55
1.266	3.925	-217.389	-188.304	-16	-19	55
1.249	3.897	-216.014	-186.647	-16	-19	55
1.231	3.869	-214.635	-184.990	-16	-19	55
1.214	3.840	-213.251	-183.331	-16	-19	55
1.197	3.812	-211.863	-181.672	-16	-19	55
1.197	3.812	-211.863	-181.672	0	0	0
1.178	3.781	-210.316	-179.841	-18	-21	61
1.159	3.750	-208.763	-178.009	-18	-21	61
1.140	3.719	-207.205	-176.176	-18	-21	61
1.121	3.688	-205.642	-174.342	-18	-21	61
1.102	3.657	-204.073	-172.506	-18	-21	61
1.083	3.626	-202.499	-170.668	-18	-21	61
1.064	3.594	-200.921	-168.829	-18	-21	61
1.064	3.594	-200.921	-168.829	0	0	0
1.047	3.567	-199.496	-167.186	-16	-19	55
1.030	3.539	-198.067	-165.541	-16	-19	55
1.013	3.511	-196.634	-163.896	-16	-19	55
0.997	3.483	-195.197	-162.249	-16	-19	55
0.980	3.455	-193.757	-160.601	-16	-19	55
0.963	3.427	-192.313	-158.952	-16	-19	55
0.946	3.399	-190.865	-157.302	-16	-19	55
0.929	3.371	-189.413	-155.651	-17	-19	55
0.929	3.371	-189.413	-155.651	0	0	0
0.911	3.340	-187.819	-153.857	-18	-20	58
0.893	3.309	-186.221	-152.062	-18	-20	58
0.875	3.279	-184.619	-150.266	-18	-20	58
0.857	3.248	-183.013	-148.468	-18	-20	58
0.838	3.218	-181.402	-146.669	-18	-20	58
0.820	3.187	-179.788	-144.869	-18	-20	58
0.802	3.156	-178.169	-143.068	-18	-20	58
0.802	3.156	-178.169	-143.068	0	0	0
0.784	3.125	-176.496	-141.230	-19	-21	61
0.766	3.093	-174.818	-139.392	-19	-21	61
0.747	3.062	-173.137	-137.552	-19	-21	61
0.729	3.030	-171.452	-135.711	-19	-21	61
0.711	2.999	-169.763	-133.869	-19	-21	61
0.692	2.967	-168.070	-132.025	-19	-21	61
0.692	2.967	-168.070	-132.025	0	0	0
0.673	2.904	-164.565	-129.145	-40	-33	117
0.673	2.904	-164.565	-129.145	0	0	0
0.658	2.832	-160.556	-126.268	-46	-33	134
0.624	2.768	-157.065	-122.619	-40	-42	123
0.624	2.768	-157.065	-122.619	0	0	0
0.563	2.733	-155.362	-118.636	-19	-45	131
0.497	2.713	-154.453	-114.786	-10	-44	128
0.428	2.707	-154.379	-111.253	-1	-40	117
0.428	2.707	-154.379	-111.253	0	0	0
0.409	2.690	-153.490	-109.822	-10	-16	46
0.409	2.690	-153.490	-109.822	0	0	0
0.444	2.633	-150.070	-109.776	-39	-1	114
0.497	2.590	-147.439	-111.001	-30	14	87
0.561	2.567	-145.877	-113.365	-18	27	79
0.629	2.567	-145.547	-116.610	-4	37	108
0.629	2.567	-145.547	-116.610	0	0	0
0.698	2.589	-146.460	-120.644	10	46	134
0.764	2.620	-147.851	-124.787	16	47	137
0.826	2.659	-149.700	-128.972	21	48	140
0.882	2.706	-151.983	-133.132	26	47	137
0.882	2.706	-151.983	-133.132	0	0	0
0.935	2.752	-154.217	-137.106	25	45	131
0.992	2.793	-156.138	-141.112	22	46	134
1.051	2.830	-157.730	-145.121	18	46	134
1.114	2.861	-158.977	-149.106	14	45	131
1.179	2.887	-159.868	-153.040	10	45	131
1.179	2.887	-159.868	-153.040	0	0	0
1.260	2.887	-159.091	-156.952	-9	45	131
1.341	2.872	-157.372	-160.268	-20	38	111
1.416	2.840	-154.790	-162.850	-29	29	84
1.416	2.840	-154.790	-162.850	0	0	0
1.463	2.759	-149.720	-162.471	-58	-4	169
1.463	2.759	-149.720	-162.471	0	0	0
1.411	2.721	-148.137	-158.786	-18	-42	123
1.348	2.733	-149.500	-156.194	16	-29	84
1.348	2.733	-149.500	-156.194	0	0	0
1.287	2.761	-151.711	-154.212	25	-23	73
1.223	2.780	-153.395	-151.744	19	-28	82
1.223	2.780	-153.395	-151.744	0	0	0
1.151	2.758	-152.831	-147.611	-6	-47	137
1.091	2.712	-150.729	-143.301	-24	-49	143
1.091	2.712	-150.729	-143.301	0	0	0
1.033	2.668	-148.728	-139.165	-23	-47	137
0.974	2.627	-146.817	-135.024	-22	-47	137
0.914	2.587	-144.998	-130.882	-21	-47	137
0.852	2.549	-143.272	-126.743	-20	-47	137
0.789	2.514	-141.638	-122.612	-19	-47	137
0.725	2.480	-140.099	-118.493	-18	-47	137
0.725	2.480	-140.099	-118.493	0	0	0
0.662	2.459	-139.235	-114.812	-10	-42	123
0.596	2.451	-139.090	-111.401	-2	-39	114
0.530	2.456	-139.669	-108.389	7	-34	99
0.530	2.456	-139.669	-108.389	0	0	0
0.465	2.485	-141.577	-106.225	22	-25	73
0.405	2.521	-143.823	-104.416	26	-21	76
0.348	2.563	-146.387	-102.980	29	-16	84
0.348	2.563	-146.387	-102.980	0	0	0
0.385	2.489	-142.047	-102.456	-49	-6	143
0.445	2.432	-138.605	-103.557	-39	13	114
0.445	2.432	-138.605	-103.557	0	0	0
0.533	2.397	-136.268	-106.679	-27	36	105
0.599	2.329	-132.085	-107.663	-48	11	140
0.599	2.329	-132.085	-107.663	0	0	0
0.663	2.287	-129.399	-109.338	-31	19	90
0.733	2.259	-127.418	-111.764	-23	28	82
0.808	2.245	-126.214	-114.850	-14	35	102
0.808	2.245	-126.214	-114.850	0	0	0
0.875	2.244	-125.745	-117.960	-5	35	102
0.942	2.247	-125.471	-121.193	-3	37	108
1.008	2.254	-125.393	-124.537	-1	38	111
1.074	2.265	-125.511	-127.983	1	39	114
1.139	2.280	-125.825	-131.519	4	40	117
1.203	2.298	-126.334	-135.134	6	41	120
1.266	2.321	-127.037	-138.816	8	42	123
1.328	2.347	-127.932	-142.553	10	43	125
1.388	2.377	-129.017	-146.332	12	43	125
1.445	2.410	-130.290	-150.140	14	43	125
1.445	2.410	-130.290	-150.140	0	0	0
1.478	2.430	-131.037	-152.285	8	24	70
1.510	2.449	-131.774	-154.430	8	24	70
1.510	2.449	-131.774	-154.430	0	0	0
1.540	2.468	-132.506	-156.475	8	23	67
1.570	2.488	-133.230	-158.520	8	23	67
1.600	2.507	-133.945	-160.565	8	23	67
1.630	2.526	-134.652	-162.610	8	23	67
1.661	2.545	-135.350	-164.655	8	23	67
1.661	2.545	-135.350	-164.655	0	0	0
1.701	2.572	-136.331	-167.441	11	32	93
1.742	2.598	-137.295	-170.226	11	32	93
1.742	2.598	-137.295	-170.226	0	0	0
1.769	2.617	-137.958	-172.104	8	21	61
1.796	2.635	-138.613	-173.981	7	21	61
1.824	2.653	-139.260	-175.859	7	21	61
1.824	2.653	-139.260	-175.859	0	0	0
1.863	2.681	-140.233	-178.615	11	31	90
1.903	2.708	-141.190	-181.371	11	31	90
1.903	2.708	-141.190	-181.371	0	0	0
1.967	2.755	-142.802	-185.919	18	52	152
2.030	2.803	-144.479	-190.465	19	52	152
2.092	2.852	-146.222	-195.007	20	52	152
2.092	2.852	-146.222	-195.007	0	0	0
2.124	2.878	-147.143	-197.353	10	27	79
2.156	2.904	-148.052	-199.698	10	27	79
2.156	2.904	-148.052	-199.698	0	0	0
2.186	2.930	-148.961	-201.988	10	26	76
2.217	2.956	-149.859	-204.277	10	26	76
2.217	2.956	-149.859	-204.277	0	0	0
2.288	3.019	-152.065	-209.696	25	62	181
2.354	3.087	-154.539	-215.064	28	61	178
2.354	3.087	-154.539	-215.064	0	0	0
2.348	3.092	-154.907	-214.937	4	-1	11
2.348	3.092	-154.907	-214.937	0	0	0
2.278	3.110	-157.185	-212.273	26	-30	87
2.207	3.125	-159.251	-209.435	24	-32	93
2.207	3.125	-159.251	-209.435	0	0	0
2.125	3.177	-163.498	-207.285	48	-24	140
2.059	3.247	-168.472	-206.410	57	-10	166
2.059	3.247	-168.472	-206.410	0	0	0
2.015	3.301	-172.126	-206.078	42	-4	123
1.976	3.357	-175.866	-205.982	43	-1	125
1.940	3.416	-179.677	-206.122	43	2	125
1.908	3.477	-183.543	-206.499	44	4	128
1.881	3.540	-187.451	-207.111	44	7	128
1.857	3.604	-191.385	-207.955	45	10	131
1.838	3.670	-195.327	-209.030	45	12	131
1.823	3.738	-199.260	-210.331	45	15	131
1.812	3.806	-203.168	-211.854	44	17	128
1.812	3.806	-203.168	-211.854	0	0	0
1.804	3.839	-205.116	-212.426	22	7	64
1.796	3.872	-207.064	-212.992	22	6	64
1.787	3.905	-209.012	-213.554	22	6	64
1.779	3.938	-210.960	-214.110	22	6	64
1.771	3.971	-212.907	-214.661	22	6	64
1.762	4.004	-214.855	-215.207	22	6	64
1.754	4.037	-216.803	-215.748	22	6	64
1.746	4.070	-218.751	-216.284	22	6	64
1.737	4.103	-220.699	-216.814	22	6	64
1.729	4.136	-222.647	-217.340	22	6	64
1.729	4.136	-222.647	-217.340	0	0	0
1.723	4.148	-223.424	-217.406	9	1	26
2.649	3.285	-159.386	-235.403	-729	205	2135
2.687	3.315	-160.173	-238.168	9	31	90
2.687	3.315	-160.173	-238.168	0	0	0
2.710	3.271	-157.344	-237.751	-32	-5	93
2.710	3.271	-157.344	-237.751	0	0	0
2.733	3.204	-153.285	-236.556	-46	-14	134
2.762	3.140	-149.225	-235.720	-46	-10	134
2.798	3.078	-145.201	-235.248	-46	-5	134
2.839	3.021	-141.251	-235.144	-45	-1	131
2.886	2.967	-137.407	-235.410	-44	3	128
2.886	2.967	-137.407	-235.410	0	0	0
2.943	2.914	-133.348	-236.091	-46	8	134
3.001	2.863	-129.361	-236.929	-45	10	131
3.062	2.815	-125.451	-237.923	-44	11	128
3.125	2.769	-121.624	-239.071	-44	13	128
3.125	2.769	-121.624	-239.071	0	0	0
3.162	2.682	-116.181	-237.562	-62	-17	181
3.162	2.682	-116.181	-237.562	0	0	0
3.150	2.612	-112.800	-234.463	-38	-35	111
3.135	2.543	-109.483	-231.270	-38	-36	111
3.118	2.474	-106.233	-227.986	-37	-37	108
3.099	2.407	-103.051	-224.618	-36	-38	111
3.099	2.407	-103.051	-224.618	0	0	0
3.087	2.366	-101.162	-222.634	-22	-23	67
3.076	2.326	-99.268	-220.647	-22	-23	67
3.065	2.286	-97.369	-218.658	-22	-23	67
3.065	2.286	-97.369	-218.658	0	0	0
3.053	2.245	-95.444	-216.609	-22	-23	67
3.041	2.204	-93.514	-214.558	-22	-23	67
3.029	2.163	-91.580	-212.504	-22	-23	67
3.029	2.163	-91.580	-212.504	0	0	0
3.019	2.132	-90.087	-210.888	-17	-18	52
3.010	2.100	-88.590	-209.270	-17	-18	52
3.000	2.068	-87.091	-207.651	-17	-18	52
2.990	2.037	-85.589	-206.030	-17	-18	52
2.980	2.005	-84.084	-204.408	-17	-18	52
2.971	1.973	-82.577	-202.785	-17	-18	52
2.961	1.942	-81.066	-201.160	-17	-18	52
2.961	1.942	-81.066	-201.160	0	0	0
2.909	1.923	-81.085	-198.204	0	-34	99
2.909	1.923	-81.085	-198.204	0	0	0
2.834	1.940	-83.435	-195.633	27	-29	84
2.759	1.959	-85.855	-193.139	28	-28	82
2.686	1.980	-88.345	-190.724	28	-27	82
2.612	2.002	-90.905	-188.388	29	-27	84
2.612	2.002	-90.905	-188.388	0	0	0
2.548	2.024	-93.204	-186.349	26	-23	76
2.484	2.047	-95.594	-184.414	27	-22	79
2.421	2.073	-98.074	-182.584	28	-21	82
2.359	2.101	-100.642	-180.862	29	-20	84
2.298	2.131	-103.296	-179.249	30	-18	87
2.238	2.164	-106.033	-177.746	31	-17	90
2.179	2.198	-108.853	-176.354	32	-16	93
2.122	2.235	-111.752	-175.074	33	-15	96
2.066	2.274	-114.728	-173.908	34	-13	99
2.011	2.314	-117.780	-172.857	35	-12	102
1.958	2.357	-120.905	-171.920	36	-11	105
1.906	2.401	-124.100	-171.100	36	-9	105
1.856	2.448	-127.363	-170.396	37	-8	108
1.808	2.496	-130.690	-169.809	38	-7	111
1.808	2.496	-130.690	-169.809	0	0	0
1.862	2.542	-132.536	-173.892	21	46	134
1.917	2.588	-134.294	-177.980	20	47	137
1.973	2.633	-135.963	-182.071	19	47	137
2.029	2.677	-137.542	-186.163	18	47	137
2.086	2.720	-139.030	-190.258	17	47	137
2.144	2.762	-140.424	-194.352	16	47	137
2.202	2.803	-141.724	-198.446	15	47	137
2.202	2.803	-141.724	-198.446	0	0	0
2.255	2.844	-143.056	-202.238	15	43	125
2.306	2.885	-144.422	-206.028	16	43	125
2.357	2.927	-145.822	-209.813	16	43	125
2.407	2.971	-147.257	-213.594	16	43	125
2.407	2.971	-147.257	-213.594	0	0	0
2.454	3.018	-148.935	-217.351	19	43	125
2.498	3.067	-150.753	-221.072	21	42	123
2.540	3.119	-152.711	-224.747	22	42	123
2.579	3.173	-154.804	-228.368	24	41	120
2.615	3.228	-157.031	-231.923	25	40	117
2.649	3.285	-159.386	-235.403	27	40	117
2.787	3.383	-161.596	-245.093	25	110	322
2.786	3.395	-162.249	-245.457	7	4	20
2.786	3.395	-162.249	-245.457	0	0	0
2.789	3.402	-162.520	-245.783	3	4	11
2.789	3.402	-162.520	-245.783	0	0	0
2.797	3.399	-162.194	-246.096	-4	4	11
2.797	3.399	-162.194	-246.096	0	0	0
2.813	3.387	-161.213	-246.435	-11	4	32
2.813	3.387	-161.213	-246.435	0	0	0
2.864	3.339	-157.505	-247.174	-42	8	123
2.917	3.292	-153.860	-248.052	-41	10	120
2.972	3.248	-150.282	-249.070	-41	12	120
2.972	3.248	-150.282	-249.070	0	0	0
3.033	3.211	-146.911	-250.564	-38	17	111
3.095	3.175	-143.608	-252.167	-38	18	111
3.158	3.142	-140.377	-253.878	-37	19	108
3.223	3.111	-137.219	-255.696	-36	21	105
3.223	3.111	-137.219	-255.696	0	0	0
3.262	3.060	-133.591	-255.641	-41	-1	120
3.262	3.060	-133.591	-255.641	0	0	0
3.248	2.985	-130.038	-252.355	-40	-37	117
3.225	2.913	-126.818	-248.722	-37	-41	120
3.193	2.844	-123.976	-244.805	-32	-45	131
3.193	2.844	-123.976	-244.805	0	0	0
3.139	2.889	-127.578	-244.012	41	-9	120
3.087	2.935	-131.236	-243.339	42	-8	123
3.036	2.984	-134.947	-242.787	42	-6	123
2.987	3.034	-138.706	-242.356	43	-5	125
2.941	3.087	-142.511	-242.047	43	-4	125
2.896	3.141	-146.358	-241.859	44	-2	128
2.896	3.141	-146.358	-241.859	0	0	0
2.858	3.196	-150.129	-242.067	43	2	125
2.828	3.256	-153.958	-242.680	44	7	128
2.804	3.318	-157.796	-243.693	44	12	128
2.787	3.383	-161.596	-245.093	43	16	125
