x	y	theta1	theta2	steps1	steps2	interval
0.000	1.945	137.068	-147.905	-139	-133	407
0.019	1.945	136.817	-147.841	3	-1	8
0.038	1.945	136.566	-147.776	3	-1	8
0.057	1.945	136.316	-147.710	3	-1	8
0.076	1.945	136.066	-147.645	3	-1	8
0.095	1.945	135.817	-147.578	3	-1	8
0.114	1.945	135.568	-147.511	3	-1	8
0.133	1.945	135.321	-147.444	3	-1	8
0.152	1.945	135.073	-147.376	3	-1	8
0.171	1.945	134.827	-147.308	3	-1	8
0.190	1.945	134.581	-147.240	3	-1	8
0.209	1.945	134.336	-147.170	3	-1	8
0.228	1.945	134.091	-147.101	3	-1	8
0.247	1.945	133.847	-147.031	3	-1	8
0.266	1.945	133.603	-146.960	3	-1	8
0.285	1.945	133.361	-146.889	3	-1	8
0.304	1.945	133.118	-146.818	3	-1	8
0.323	1.945	132.877	-146.746	3	-1	8
0.342	1.945	132.636	-146.673	3	-1	8
0.361	1.945	132.396	-146.600	3	-1	8
0.380	1.945	132.156	-146.527	3	-1	8
0.399	1.945	131.917	-146.454	3	-1	8
0.418	1.945	131.679	-146.379	3	-1	8
0.437	1.945	131.441	-146.305	3	-1	8
0.457	1.945	131.204	-146.230	3	-1	8
0.476	1.945	130.968	-146.154	3	-1	8
0.495	1.945	130.732	-146.078	3	-1	8
0.514	1.945	130.497	-146.002	3	-1	8
0.533	1.945	130.263	-145.925	3	-1	8
0.552	1.945	130.029	-145.848	3	-1	8
0.571	1.945	129.796	-145.770	3	-1	8
0.590	1.945	129.563	-145.692	3	-1	8
0.609	1.945	129.331	-145.614	3	-1	8
0.628	1.945	129.100	-145.535	3	-1	8
0.647	1.945	128.869	-145.456	3	-1	8
0.666	1.945	128.640	-145.376	3	-1	8
0.685	1.945	128.410	-145.296	3	-1	8
0.704	1.945	128.182	-145.215	3	-1	8
0.723	1.945	127.954	-145.135	3	-1	8
0.742	1.945	127.726	-145.053	3	-1	8
0.761	1.945	127.500	-144.972	3	-1	8
0.780	1.945	127.273	-144.889	3	-1	8
0.799	1.945	127.048	-144.807	3	-1	8
0.818	1.945	126.823	-144.724	3	-1	8
0.837	1.945	126.599	-144.641	3	-1	8
0.856	1.945	126.376	-144.557	3	-1	8
0.875	1.945	126.153	-144.473	3	-1	8
0.894	1.945	125.930	-144.389	3	-1	8
0.913	1.945	125.709	-144.304	3	-1	8
0.932	1.945	125.488	-144.219	3	-1	8
0.951	1.945	125.267	-144.133	3	-1	8
0.970	1.945	125.048	-144.047	2	-1	5
0.989	1.945	124.829	-143.961	2	-1	5
1.008	1.945	124.610	-143.874	2	-1	5
1.027	1.945	124.392	-143.787	2	-1	5
1.046	1.945	124.175	-143.699	2	-1	5
1.065	1.945	123.959	-143.612	2	-1	5
1.084	1.945	123.743	-143.523	2	-1	5
1.103	1.945	123.527	-143.435	2	-1	5
1.122	1.945	123.313	-143.346	2	-1	5
1.141	1.945	123.099	-143.257	2	-1	5
1.160	1.945	122.885	-143.167	2	-1	5
1.179	1.945	122.672	-143.077	2	-1	5
1.198	1.945	122.460	-142.987	2	-1	5
1.217	1.945	122.248	-142.896	2	-1	5
1.236	1.945	122.037	-142.805	2	-1	5
1.255	1.945	121.827	-142.714	2	-1	5
1.274	1.945	121.617	-142.622	2	-1	5
1.293	1.945	121.408	-142.530	2	-1	5
1.312	1.945	121.199	-142.438	2	-1	5
1.332	1.945	120.991	-142.345	2	-1	5
1.351	1.945	120.784	-142.252	2	-1	5
1.370	1.945	120.577	-142.159	2	-1	5
1.389	1.945	120.371	-142.065	2	-1	5
1.408	1.945	120.165	-141.971	2	-1	5
1.427	1.945	119.960	-141.877	2	-1	5
1.446	1.945	119.756	-141.782	2	-1	5
1.465	1.945	119.552	-141.687	2	-1	5
1.484	1.945	119.349	-141.592	2	-1	5
1.503	1.945	119.146	-141.496	2	-1	5
1.522	1.945	118.944	-141.400	2	-1	5
1.541	1.945	118.743	-141.304	2	-1	5
1.560	1.945	118.542	-141.207	2	-1	5
1.579	1.945	118.341	-141.110	2	-1	5
1.598	1.945	118.141	-141.013	2	-1	5
1.617	1.945	117.942	-140.916	2	-1	5
1.636	1.945	117.744	-140.818	2	-1	5
1.655	1.945	117.545	-140.720	2	-1	5
1.674	1.945	117.348	-140.621	2	-1	5
1.693	1.945	117.151	-140.522	2	-1	5
1.712	1.945	116.955	-140.423	2	-1	5
1.731	1.945	116.759	-140.324	2	-1	5
1.750	1.945	116.563	-140.224	2	-1	5
1.769	1.945	116.369	-140.124	2	-1	5
1.788	1.945	116.174	-140.024	2	-1	5
1.807	1.945	115.981	-139.923	2	-1	5
1.826	1.945	115.788	-139.823	2	-1	5
1.845	1.945	115.595	-139.721	2	-1	5
1.864	1.945	115.403	-139.620	2	-1	5
1.883	1.945	115.211	-139.518	2	-1	5
1.902	1.945	115.020	-139.416	2	-1	5
1.921	1.945	114.830	-139.314	2	-1	5
1.940	1.945	114.640	-139.211	2	-1	5
1.959	1.945	114.451	-139.109	2	-1	5
1.978	1.945	114.262	-139.005	2	-1	5
1.997	1.945	114.073	-138.902	2	-1	5
2.016	1.945	113.886	-138.798	2	-1	5
2.035	1.945	113.698	-138.694	2	-1	5
2.054	1.945	113.512	-138.590	2	-1	5
2.073	1.945	113.325	-138.486	2	-1	5
2.092	1.945	113.139	-138.381	2	-1	5
2.111	1.945	112.954	-138.276	2	-1	5
2.130	1.945	112.769	-138.170	2	-1	5
2.149	1.945	112.585	-138.065	2	-1	5
2.168	1.945	112.401	-137.959	2	-1	5
2.188	1.945	112.218	-137.853	2	-1	5
2.207	1.945	112.035	-137.746	2	-1	5
2.226	1.945	111.853	-137.640	2	-1	5
2.245	1.945	111.671	-137.533	2	-1	5
2.264	1.945	111.490	-137.426	2	-1	5
2.283	1.945	111.309	-137.318	2	-1	5
2.302	1.945	111.129	-137.211	2	-1	5
2.321	1.945	110.949	-137.103	2	-1	5
2.340	1.945	110.769	-136.994	2	-1	5
2.359	1.945	110.590	-136.886	2	-1	5
2.378	1.945	110.412	-136.777	2	-1	5
2.397	1.945	110.234	-136.668	2	-1	5
2.416	1.945	110.056	-136.559	2	-1	5
2.435	1.945	109.879	-136.449	2	-1	5
2.454	1.945	109.703	-136.340	2	-1	5
2.473	1.945	109.527	-136.230	2	-1	5
2.492	1.945	109.351	-136.119	2	-1	5
2.511	1.945	109.176	-136.009	2	-1	5
2.530	1.945	109.001	-135.898	2	-1	5
2.549	1.945	108.826	-135.787	2	-1	5
2.568	1.945	108.652	-135.676	2	-1	5
2.587	1.945	108.479	-135.565	2	-1	5
2.606	1.945	108.306	-135.453	2	-1	5
2.625	1.945	108.133	-135.341	2	-1	5
2.644	1.945	107.961	-135.229	2	-1	5
2.663	1.945	107.790	-135.116	2	-1	5
2.682	1.945	107.618	-135.004	2	-1	5
2.701	1.945	107.447	-134.891	2	-1	5
2.720	1.945	107.277	-134.778	2	-1	5
2.739	1.945	107.107	-134.664	2	-1	5
2.758	1.945	106.937	-134.551	2	-1	5
2.777	1.945	106.768	-134.437	2	-1	5
2.796	1.945	106.599	-134.323	2	-1	5
2.815	1.945	106.431	-134.209	2	-1	5
2.834	1.945	106.263	-134.094	2	-1	5
2.853	1.945	106.095	-133.979	2	-1	5
2.872	1.945	105.928	-133.864	2	-1	5
2.891	1.945	105.762	-133.749	2	-1	5
2.910	1.945	105.595	-133.634	2	-1	5
2.929	1.945	105.429	-133.518	2	-1	5
2.948	1.945	105.264	-133.402	2	-1	5
2.967	1.945	105.099	-133.286	2	-1	5
2.986	1.945	104.934	-133.170	2	-1	5
3.005	1.945	104.769	-133.053	2	-1	5
3.024	1.945	104.606	-132.937	2	-1	5
3.043	1.945	104.442	-132.820	2	-1	5
3.062	1.945	104.279	-132.702	2	-1	5
3.082	1.945	104.116	-132.585	2	-1	5
3.101	1.945	103.953	-132.467	2	-1	5
3.120	1.945	103.791	-132.350	2	-1	5
3.139	1.945	103.630	-132.231	2	-1	5
3.158	1.945	103.468	-132.113	2	-1	5
3.177	1.945	103.307	-131.995	2	-1	5
3.196	1.945	103.147	-131.876	2	-1	5
3.215	1.945	102.986	-131.757	2	-1	5
3.234	1.945	102.826	-131.638	2	-1	5
3.253	1.945	102.667	-131.519	2	-1	5
3.272	1.945	102.508	-131.399	2	-1	5
3.291	1.945	102.349	-131.279	2	-1	5
3.310	1.945	102.190	-131.159	2	-1	5
3.329	1.945	102.032	-131.039	2	-1	5
3.348	1.945	101.874	-130.919	2	-1	5
3.367	1.945	101.717	-130.798	2	-1	5
3.386	1.945	101.560	-130.677	2	-1	5
3.405	1.945	101.403	-130.556	2	-1	5
3.424	1.945	101.247	-130.435	2	-1	5
3.443	1.945	101.091	-130.313	2	-1	5
3.462	1.945	100.935	-130.192	2	-1	5
3.481	1.945	100.779	-130.070	2	-1	5
3.500	1.945	100.624	-129.948	2	-1	5
3.519	1.945	100.470	-129.826	2	-1	5
3.538	1.945	100.315	-129.703	2	-1	5
3.557	1.945	100.161	-129.580	2	-1	5
3.576	1.945	100.007	-129.457	2	-1	5
3.595	1.945	99.854	-129.334	2	-1	5
3.614	1.945	99.701	-129.211	2	-1	5
3.633	1.945	99.548	-129.088	2	-1	5
3.652	1.945	99.395	-128.964	2	-1	5
3.671	1.945	99.243	-128.840	2	-1	5
3.690	1.945	99.091	-128.716	2	-1	5
3.709	1.945	98.939	-128.592	2	-1	5
3.728	1.945	98.788	-128.467	2	-1	5
3.747	1.945	98.637	-128.342	2	-1	5
3.766	1.945	98.486	-128.218	2	-1	5
3.785	1.945	98.336	-128.093	2	-1	5
3.804	1.945	98.186	-127.967	2	-1	5
3.823	1.945	98.036	-127.842	2	-1	5
3.842	1.945	97.886	-127.716	2	-1	5
3.861	1.945	97.737	-127.590	2	-1	5
3.880	1.945	97.588	-127.464	2	-1	5
3.899	1.945	97.439	-127.338	2	-1	5
3.918	1.945	97.291	-127.211	2	-1	5
3.938	1.945	97.143	-127.085	2	-1	5
3.957	1.945	96.995	-126.958	2	-1	5
3.976	1.945	96.848	-126.831	2	-1	5
3.995	1.945	96.700	-126.704	2	-1	5
4.014	1.945	96.553	-126.576	2	-1	5
4.033	1.945	96.406	-126.449	2	-1	5
4.052	1.945	96.260	-126.321	2	-1	5
4.071	1.945	96.114	-126.193	2	-1	5
4.090	1.945	95.968	-126.065	2	-1	5
4.109	1.945	95.822	-125.936	2	-1	5
4.128	1.945	95.677	-125.808	2	-1	5
4.147	1.945	95.532	-125.679	2	-1	5
4.166	1.945	95.387	-125.550	2	-1	5
4.185	1.945	95.242	-125.421	2	-1	5
4.204	1.945	95.098	-125.291	2	-1	5
4.223	1.945	94.954	-125.162	2	-1	5
4.242	1.945	94.810	-125.032	2	-1	5
4.261	1.945	94.666	-124.902	2	-1	5
4.280	1.945	94.523	-124.772	2	-1	5
4.299	1.945	94.379	-124.642	2	-1	5
4.318	1.945	94.237	-124.511	2	-1	5
4.337	1.945	94.094	-124.381	2	-1	5
4.356	1.945	93.951	-124.250	2	-1	5
4.375	1.945	93.809	-124.119	2	-1	5
4.394	1.945	93.667	-123.988	2	-1	5
4.413	1.945	93.526	-123.856	2	-1	5
4.432	1.945	93.384	-123.725	2	-1	5
4.451	1.945	93.243	-123.593	2	-1	5
4.470	1.945	93.102	-123.461	2	-2	5
4.489	1.945	92.961	-123.329	2	-2	5
4.508	1.945	92.821	-123.196	2	-2	5
4.527	1.945	92.680	-123.064	2	-2	5
4.546	1.945	92.540	-122.931	2	-2	5
4.565	1.945	92.400	-122.798	2	-2	5
4.584	1.945	92.260	-122.665	2	-2	5
4.603	1.945	92.121	-122.532	2	-2	5
4.622	1.945	91.982	-122.398	2	-2	5
4.641	1.945	91.843	-122.265	2	-2	5
4.660	1.945	91.704	-122.131	2	-2	5
4.679	1.945	91.565	-121.997	2	-2	5
4.698	1.945	91.427	-121.863	2	-2	5
4.717	1.945	91.289	-121.728	2	-2	5
4.736	1.945	91.151	-121.594	2	-2	5
4.755	1.945	91.013	-121.459	2	-2	5
4.774	1.945	90.875	-121.324	2	-2	5
4.793	1.945	90.738	-121.189	2	-2	5
4.812	1.945	90.601	-121.053	2	-2	5
4.832	1.945	90.464	-120.918	2	-2	5
4.851	1.945	90.327	-120.782	2	-2	5
4.870	1.945	90.190	-120.646	2	-2	5
4.889	1.945	90.054	-120.510	2	-2	5
4.908	1.945	89.918	-120.374	2	-2	5
4.927	1.945	89.782	-120.238	2	-2	5
4.946	1.945	89.646	-120.101	2	-2	5
4.965	1.945	89.510	-119.964	2	-2	5
4.984	1.945	89.375	-119.827	2	-2	5
5.003	1.945	89.240	-119.690	2	-2	5
5.022	1.945	89.104	-119.553	2	-2	5
5.041	1.945	88.970	-119.415	2	-2	5
5.060	1.945	88.835	-119.277	2	-2	5
5.079	1.945	88.700	-119.139	2	-2	5
5.098	1.945	88.566	-119.001	2	-2	5
5.117	1.945	88.432	-118.863	2	-2	5
5.136	1.945	88.298	-118.725	2	-2	5
5.155	1.945	88.164	-118.586	2	-2	5
5.174	1.945	88.030	-118.447	2	-2	5
5.193	1.945	87.896	-118.308	2	-2	5
5.212	1.945	87.763	-118.169	2	-2	5
5.231	1.945	87.630	-118.029	2	-2	5
5.250	1.945	87.497	-117.890	2	-2	5
5.269	1.945	87.364	-117.750	2	-2	5
5.288	1.945	87.231	-117.610	2	-2	5
5.307	1.945	87.099	-117.470	2	-2	5
5.326	1.945	86.966	-117.330	2	-2	5
5.345	1.945	86.834	-117.189	2	-2	5
5.364	1.945	86.702	-117.048	2	-2	5
5.383	1.945	86.570	-116.907	2	-2	5
5.402	1.945	86.438	-116.766	1	-2	5
5.421	1.945	86.307	-116.625	1	-2	5
5.440	1.945	86.175	-116.484	1	-2	5
5.459	1.945	86.044	-116.342	1	-2	5
5.478	1.945	85.913	-116.200	1	-2	5
5.497	1.945	85.782	-116.058	1	-2	5
5.516	1.945	85.651	-115.916	1	-2	5
5.535	1.945	85.520	-115.773	1	-2	5
5.554	1.945	85.389	-115.631	1	-2	5
5.573	1.945	85.259	-115.488	1	-2	5
5.592	1.945	85.129	-115.345	1	-2	5
5.611	1.945	84.998	-115.202	1	-2	5
5.630	1.945	84.868	-115.059	1	-2	5
5.649	1.945	84.738	-114.915	1	-2	5
5.668	1.945	84.609	-114.771	1	-2	5
5.688	1.945	84.479	-114.627	1	-2	5
5.707	1.945	84.349	-114.483	1	-2	5
5.726	1.945	84.220	-114.339	1	-2	5
5.745	1.945	84.091	-114.195	1	-2	5
5.764	1.945	83.962	-114.050	1	-2	5
5.783	1.945	83.833	-113.905	1	-2	5
5.802	1.945	83.704	-113.760	1	-2	5
5.821	1.945	83.575	-113.615	1	-2	5
5.840	1.945	83.446	-113.469	1	-2	5
5.859	1.945	83.318	-113.324	1	-2	5
5.878	1.945	83.189	-113.178	1	-2	5
5.897	1.945	83.061	-113.032	1	-2	5
5.916	1.945	82.933	-112.886	1	-2	5
5.935	1.945	82.805	-112.739	1	-2	5
5.954	1.945	82.677	-112.593	1	-2	5
5.973	1.945	82.549	-112.446	1	-2	5
5.992	1.945	82.421	-112.299	1	-2	5
6.011	1.945	82.294	-112.152	1	-2	5
6.030	1.945	82.166	-112.004	1	-2	5
6.049	1.945	82.039	-111.857	1	-2	5
6.068	1.945	81.911	-111.709	1	-2	5
6.087	1.945	81.784	-111.561	1	-2	5
6.106	1.945	81.657	-111.413	1	-2	5
6.125	1.945	81.530	-111.264	1	-2	5
6.144	1.945	81.403	-111.116	1	-2	5
6.163	1.945	81.277	-110.967	1	-2	5
6.182	1.945	81.150	-110.818	1	-2	5
6.201	1.945	81.023	-110.669	1	-2	5
6.220	1.945	80.897	-110.519	1	-2	5
6.239	1.945	80.770	-110.370	1	-2	5
6.258	1.945	80.644	-110.220	1	-2	5
6.277	1.945	80.518	-110.070	1	-2	5
6.296	1.945	80.392	-109.920	1	-2	5
6.315	1.945	80.266	-109.770	1	-2	5
6.334	1.945	80.140	-109.619	1	-2	5
6.353	1.945	80.014	-109.468	1	-2	5
6.372	1.945	79.888	-109.317	1	-2	5
6.391	1.945	79.762	-109.166	1	-2	5
6.410	1.945	79.637	-109.015	1	-2	5
6.429	1.945	79.511	-108.863	1	-2	5
6.448	1.945	79.386	-108.711	1	-2	5
6.467	1.945	79.260	-108.559	1	-2	5
6.486	1.945	79.135	-108.407	1	-2	5
6.505	1.945	79.010	-108.255	1	-2	5
6.524	1.945	78.885	-108.102	1	-2	5
6.543	1.945	78.760	-107.949	1	-2	5
6.562	1.945	78.635	-107.796	1	-2	5
6.582	1.945	78.510	-107.643	1	-2	5
6.601	1.945	78.385	-107.490	1	-2	5
6.620	1.945	78.260	-107.336	1	-2	5
6.639	1.945	78.136	-107.182	1	-2	5
6.658	1.945	78.011	-107.028	1	-2	5
6.677	1.945	77.886	-106.874	1	-2	5
6.696	1.945	77.762	-106.719	1	-2	5
6.715	1.945	77.637	-106.564	1	-2	5
6.734	1.945	77.513	-106.409	1	-2	5
6.753	1.945	77.389	-106.254	1	-2	5
6.772	1.945	77.265	-106.099	1	-2	5
6.791	1.945	77.140	-105.943	1	-2	5
6.810	1.945	77.016	-105.788	1	-2	5
6.829	1.945	76.892	-105.632	1	-2	5
6.848	1.945	76.768	-105.475	1	-2	5
6.867	1.945	76.644	-105.319	1	-2	5
6.886	1.945	76.520	-105.162	1	-2	5
6.905	1.945	76.396	-105.005	1	-2	5
6.924	1.945	76.273	-104.848	1	-2	5
6.943	1.945	76.149	-104.691	1	-2	5
6.962	1.945	76.025	-104.533	1	-2	5
6.981	1.945	75.902	-104.376	1	-2	5
7.000	1.945	75.778	-104.218	1	-2	5
0.000	1.945	137.068	-147.905	-697	497	2041
0.000	1.964	137.117	-147.776	-1	-1	2
0.000	1.984	137.164	-147.648	-1	-1	2
0.000	2.003	137.211	-147.519	-1	-1	2
0.000	2.022	137.257	-147.390	-1	-1	2
0.000	2.042	137.301	-147.260	-1	-1	2
0.000	2.061	137.345	-147.131	0	-1	2
0.000	2.080	137.388	-147.002	0	-1	2
0.000	2.100	137.430	-146.872	0	-1	2
0.000	2.119	137.471	-146.742	0	-1	2
0.000	2.138	137.511	-146.612	0	-1	2
0.000	2.158	137.551	-146.482	0	-1	2
0.000	2.177	137.589	-146.351	0	-1	2
0.000	2.196	137.627	-146.221	0	-1	2
0.000	2.216	137.664	-146.090	0	-1	2
0.000	2.235	137.700	-145.959	0	-1	2
0.000	2.254	137.735	-145.828	0	-1	2
0.000	2.273	137.769	-145.697	0	-1	2
0.000	2.293	137.803	-145.566	0	-1	2
0.000	2.312	137.835	-145.435	0	-1	2
0.000	2.331	137.867	-145.303	0	-1	2
0.000	2.351	137.898	-145.171	0	-1	2
0.000	2.370	137.928	-145.039	0	-2	5
0.000	2.389	137.958	-144.907	0	-2	5
0.000	2.409	137.987	-144.775	0	-2	5
0.000	2.428	138.015	-144.643	0	-2	5
0.000	2.447	138.042	-144.510	0	-2	5
0.000	2.467	138.068	-144.378	0	-2	5
0.000	2.486	138.094	-144.245	0	-2	5
0.000	2.505	138.119	-144.112	0	-2	5
0.000	2.525	138.143	-143.979	0	-2	5
0.000	2.544	138.167	-143.846	0	-2	5
0.000	2.563	138.190	-143.713	0	-2	5
0.000	2.583	138.212	-143.579	0	-2	5
0.000	2.602	138.233	-143.445	0	-2	5
0.000	2.621	138.254	-143.312	0	-2	5
0.000	2.641	138.274	-143.178	0	-2	5
0.000	2.660	138.294	-143.044	0	-2	5
0.000	2.679	138.312	-142.910	0	-2	5
0.000	2.699	138.331	-142.775	0	-2	5
0.000	2.718	138.348	-142.641	0	-2	5
0.000	2.737	138.365	-142.506	0	-2	5
0.000	2.757	138.381	-142.371	0	-2	5
0.000	2.776	138.396	-142.237	0	-2	5
0.000	2.795	138.411	-142.102	0	-2	5
0.000	2.815	138.425	-141.966	0	-2	5
0.000	2.834	138.439	-141.831	0	-2	5
0.000	2.834	138.439	-141.831	0	0	0
0.002	2.873	138.441	-141.554	0	-3	8
0.008	2.911	138.395	-141.267	1	-3	8
0.008	2.911	138.395	-141.267	0	0	0
0.017	2.951	138.316	-140.960	1	-3	8
0.027	2.991	138.226	-140.652	1	-4	11
0.037	3.031	138.126	-140.343	1	-4	11
0.048	3.070	138.016	-140.032	1	-4	11
0.061	3.109	137.896	-139.721	1	-4	11
0.073	3.148	137.766	-139.409	1	-4	11
0.087	3.187	137.627	-139.096	2	-4	11
0.102	3.225	137.479	-138.783	2	-4	11
0.117	3.263	137.322	-138.469	2	-4	11
0.133	3.301	137.157	-138.155	2	-4	11
0.133	3.301	137.157	-138.155	0	0	0
0.143	3.325	137.050	-137.952	1	-2	5
0.154	3.349	136.943	-137.749	1	-2	5
0.154	3.349	136.943	-137.749	0	0	0
0.165	3.374	136.830	-137.541	1	-2	5
0.176	3.399	136.716	-137.332	1	-2	5
0.176	3.399	136.716	-137.332	0	0	0
0.187	3.423	136.601	-137.125	1	-2	5
0.198	3.448	136.486	-136.917	1	-2	5
0.198	3.448	136.486	-136.917	0	0	0
0.207	3.467	136.392	-136.753	1	-2	5
0.216	3.487	136.299	-136.589	1	-2	5
0.225	3.506	136.206	-136.425	1	-2	5
0.234	3.525	136.113	-136.260	1	-2	5
0.243	3.545	136.020	-136.096	1	-2	5
0.243	3.545	136.020	-136.096	0	0	0
0.254	3.566	135.915	-135.912	1	-2	5
0.264	3.588	135.809	-135.727	1	-2	5
0.274	3.610	135.704	-135.542	1	-2	5
0.274	3.610	135.704	-135.542	0	0	0
0.296	3.641	135.476	-135.252	3	-3	8
0.296	3.641	135.476	-135.252	0	0	0
0.298	3.692	135.450	-134.880	0	-4	11
0.294	3.743	135.485	-134.526	0	-4	11
0.294	3.743	135.485	-134.526	0	0	0
0.294	3.788	135.477	-134.201	0	-4	11
0.300	3.833	135.410	-133.861	1	-4	11
0.311	3.876	135.286	-133.512	1	-4	11
0.328	3.918	135.110	-133.160	2	-4	11
0.349	3.958	134.884	-132.811	3	-4	11
0.349	3.958	134.884	-132.811	0	0	0
0.373	3.990	134.643	-132.510	3	-3	8
0.399	4.020	134.384	-132.214	3	-3	8
0.426	4.049	134.110	-131.924	3	-3	8
0.455	4.076	133.820	-131.641	3	-3	8
0.486	4.102	133.517	-131.366	3	-3	8
0.518	4.125	133.202	-131.101	4	-3	11
0.520	4.120	133.183	-131.132	0	0	0
0.528	4.157	133.099	-130.838	1	-3	8
0.537	4.194	132.996	-130.541	1	-3	8
0.548	4.230	132.874	-130.241	1	-3	8
0.562	4.266	132.734	-129.940	2	-3	8
0.577	4.301	132.577	-129.639	2	-3	8
0.594	4.335	132.404	-129.338	2	-3	8
0.613	4.368	132.214	-129.039	2	-3	8
0.633	4.400	132.009	-128.741	2	-3	8
0.655	4.431	131.791	-128.446	2	-3	8
0.655	4.431	131.791	-128.446	0	0	0
0.677	4.471	131.568	-128.088	3	-4	11
0.677	4.471	131.568	-128.088	0	0	0
0.690	4.490	131.438	-127.909	1	-2	5
0.704	4.509	131.308	-127.731	1	-2	5
0.704	4.509	131.308	-127.731	0	0	0
0.718	4.525	131.171	-127.569	2	-2	5
0.732	4.541	131.034	-127.407	2	-2	5
0.746	4.557	130.898	-127.244	2	-2	5
0.760	4.573	130.762	-127.082	2	-2	5
0.774	4.589	130.626	-126.919	2	-2	5
0.774	4.589	130.626	-126.919	0	0	0
0.801	4.622	130.367	-126.594	3	-4	11
0.830	4.653	130.096	-126.274	3	-4	11
0.860	4.683	129.812	-125.959	3	-4	11
0.891	4.711	129.516	-125.651	3	-4	11
0.924	4.737	129.211	-125.350	3	-3	8
0.959	4.762	128.895	-125.056	4	-3	11
0.994	4.785	128.572	-124.771	4	-3	11
0.994	4.785	128.572	-124.771	0	0	0
1.027	4.805	128.279	-124.517	3	-3	8
1.061	4.822	127.973	-124.280	3	-3	8
1.097	4.835	127.657	-124.063	4	-2	11
1.134	4.845	127.334	-123.867	4	-2	11
1.171	4.851	127.007	-123.695	4	-2	11
1.209	4.853	126.679	-123.549	4	-2	11
1.247	4.851	126.353	-123.429	4	-1	11
1.247	4.851	126.353	-123.429	0	0	0
1.286	4.874	126.013	-123.123	4	-3	11
1.325	4.896	125.669	-122.823	4	-3	11
1.365	4.917	125.322	-122.527	4	-3	11
1.406	4.937	124.971	-122.237	4	-3	11
1.447	4.956	124.618	-121.952	4	-3	11
1.447	4.956	124.618	-121.952	0	0	0
1.483	4.971	124.302	-121.705	4	-3	11
1.521	4.985	123.984	-121.464	4	-3	11
1.558	4.998	123.663	-121.230	4	-3	11
1.597	5.010	123.340	-121.002	4	-3	11
1.635	5.020	123.015	-120.781	4	-3	11
1.674	5.029	122.689	-120.568	4	-2	11
1.713	5.037	122.362	-120.362	4	-2	11
1.752	5.043	122.034	-120.163	4	-2	11
1.792	5.048	121.705	-119.972	4	-2	11
1.832	5.052	121.377	-119.789	4	-2	11
1.871	5.054	121.048	-119.614	4	-2	11
1.911	5.055	120.720	-119.448	4	-2	11
1.951	5.055	120.393	-119.289	4	-2	11
1.991	5.053	120.066	-119.139	4	-2	11
2.031	5.050	119.741	-118.998	4	-2	11
2.070	5.046	119.417	-118.865	4	-2	11
2.070	5.046	119.417	-118.865	0	0	0
2.112	5.035	119.080	-118.771	4	-1	11
2.154	5.028	118.736	-118.643	4	-1	11
2.196	5.025	118.388	-118.483	4	-2	11
2.239	5.026	118.040	-118.291	4	-2	11
2.239	5.026	118.040	-118.291	0	0	0
2.259	5.026	117.880	-118.207	2	-1	5
2.279	5.026	117.720	-118.122	2	-1	5
2.298	5.026	117.561	-118.037	2	-1	5
2.318	5.026	117.401	-117.952	2	-1	5
2.338	5.025	117.242	-117.866	2	-1	5
2.338	5.025	117.242	-117.866	0	0	0
2.361	5.026	117.052	-117.763	2	-1	5
2.384	5.026	116.863	-117.658	2	-1	5
2.408	5.026	116.674	-117.554	2	-1	5
2.431	5.026	116.485	-117.449	2	-1	5
2.431	5.026	116.485	-117.449	0	0	0
2.451	5.026	116.321	-117.357	2	-1	5
2.472	5.026	116.158	-117.264	2	-1	5
2.492	5.026	115.995	-117.172	2	-1	5
2.512	5.027	115.832	-117.079	2	-1	5
2.532	5.027	115.669	-116.985	2	-1	5
2.553	5.027	115.507	-116.892	2	-1	5
2.573	5.027	115.344	-116.798	2	-1	5
2.593	5.027	115.182	-116.703	2	-1	5
2.613	5.027	115.020	-116.609	2	-1	5
2.634	5.028	114.858	-116.514	2	-1	5
2.654	5.028	114.696	-116.418	2	-1	5
2.674	5.028	114.534	-116.323	2	-1	5
2.695	5.028	114.372	-116.227	2	-1	5
2.715	5.028	114.211	-116.130	2	-1	5
2.715	5.028	114.211	-116.130	0	0	0
2.734	5.028	114.058	-116.040	2	-1	5
2.753	5.028	113.906	-115.949	2	-1	5
2.772	5.028	113.753	-115.859	2	-1	5
2.791	5.028	113.601	-115.767	2	-1	5
2.810	5.028	113.449	-115.676	2	-1	5
2.810	5.028	113.449	-115.676	0	0	0
2.830	5.028	113.292	-115.583	2	-1	5
2.850	5.028	113.135	-115.490	2	-1	5
2.870	5.028	112.978	-115.396	2	-1	5
2.890	5.027	112.821	-115.302	2	-1	5
2.909	5.027	112.665	-115.208	2	-1	5
2.909	5.027	112.665	-115.208	0	0	0
2.928	5.027	112.514	-115.115	2	-1	5
2.947	5.027	112.364	-115.023	2	-1	5
2.966	5.027	112.214	-114.930	2	-1	5
2.985	5.027	112.065	-114.836	2	-1	5
3.004	5.027	111.915	-114.743	2	-1	5
3.023	5.027	111.765	-114.649	2	-1	5
3.042	5.027	111.616	-114.555	2	-1	5
3.061	5.027	111.467	-114.460	2	-1	5
3.080	5.027	111.317	-114.366	2	-1	5
3.099	5.027	111.168	-114.271	2	-1	5
3.118	5.027	111.019	-114.175	2	-1	5
3.137	5.027	110.870	-114.080	2	-1	5
3.156	5.027	110.722	-113.984	2	-1	5
3.175	5.027	110.573	-113.888	2	-1	5
3.194	5.027	110.425	-113.791	2	-1	5
3.213	5.027	110.276	-113.695	2	-1	5
3.232	5.027	110.128	-113.598	2	-1	5
3.251	5.027	109.980	-113.501	2	-1	5
3.270	5.027	109.832	-113.403	2	-1	5
3.289	5.027	109.684	-113.305	2	-1	5
3.308	5.027	109.536	-113.207	2	-1	5
3.327	5.027	109.388	-113.109	2	-1	5
3.346	5.027	109.241	-113.010	2	-1	5
3.365	5.027	109.093	-112.911	2	-1	5
3.384	5.027	108.946	-112.812	2	-1	5
3.403	5.027	108.799	-112.712	2	-1	5
3.422	5.027	108.652	-112.613	2	-1	5
3.441	5.027	108.505	-112.513	2	-1	5
3.460	5.027	108.358	-112.412	2	-1	5
3.479	5.027	108.211	-112.312	2	-1	5
3.498	5.027	108.064	-112.211	2	-1	5
3.517	5.027	107.918	-112.110	2	-1	5
3.536	5.027	107.771	-112.008	2	-1	5
3.555	5.027	107.625	-111.907	2	-1	5
3.574	5.027	107.479	-111.805	2	-1	5
3.593	5.027	107.333	-111.702	2	-1	5
3.612	5.027	107.187	-111.600	2	-1	5
3.631	5.027	107.041	-111.497	2	-1	5
3.650	5.027	106.895	-111.394	2	-1	5
3.669	5.027	106.750	-111.291	2	-1	5
3.688	5.027	106.604	-111.187	2	-1	5
3.707	5.027	106.459	-111.083	2	-1	5
3.726	5.027	106.313	-110.979	2	-1	5
3.745	5.027	106.168	-110.874	2	-1	5
3.764	5.027	106.023	-110.770	2	-1	5
3.783	5.027	105.878	-110.665	2	-1	5
3.802	5.027	105.733	-110.559	2	-1	5
3.821	5.027	105.589	-110.454	2	-1	5
3.840	5.027	105.444	-110.348	2	-1	5
3.859	5.027	105.299	-110.242	2	-1	5
3.878	5.027	105.155	-110.136	2	-1	5
3.897	5.027	105.011	-110.029	2	-1	5
3.916	5.027	104.866	-109.922	2	-1	5
3.935	5.027	104.722	-109.815	2	-1	5
3.954	5.027	104.578	-109.708	2	-1	5
3.973	5.027	104.434	-109.600	2	-1	5
3.992	5.027	104.291	-109.492	2	-1	5
4.011	5.027	104.147	-109.384	2	-1	5
4.030	5.027	104.003	-109.275	2	-1	5
4.049	5.027	103.860	-109.166	2	-1	5
4.068	5.027	103.717	-109.057	2	-1	5
4.087	5.027	103.573	-108.948	2	-1	5
4.106	5.027	103.430	-108.838	2	-1	5
4.125	5.027	103.287	-108.728	2	-1	5
4.144	5.027	103.144	-108.618	2	-1	5
4.163	5.027	103.001	-108.508	2	-1	5
4.182	5.027	102.858	-108.397	2	-1	5
4.201	5.027	102.716	-108.286	2	-1	5
4.220	5.027	102.573	-108.175	2	-1	5
4.239	5.027	102.431	-108.064	2	-1	5
4.258	5.027	102.288	-107.952	2	-1	5
4.277	5.027	102.146	-107.840	2	-1	5
4.296	5.027	102.004	-107.728	2	-1	5
4.315	5.027	101.862	-107.615	2	-1	5
4.334	5.027	101.720	-107.502	2	-1	5
4.353	5.027	101.578	-107.389	2	-1	5
4.372	5.027	101.436	-107.276	2	-1	5
4.391	5.027	101.294	-107.162	2	-1	5
4.410	5.027	101.153	-107.048	2	-1	5
4.429	5.027	101.011	-106.934	2	-1	5
4.448	5.027	100.870	-106.820	2	-1	5
4.467	5.027	100.728	-106.705	2	-1	5
4.486	5.027	100.587	-106.590	2	-1	5
4.505	5.027	100.446	-106.475	2	-1	5
4.524	5.027	100.305	-106.359	2	-1	5
4.543	5.027	100.164	-106.243	2	-1	5
4.562	5.027	100.023	-106.127	2	-1	5
4.581	5.027	99.882	-106.011	2	-1	5
4.600	5.027	99.742	-105.894	2	-1	5
4.619	5.027	99.601	-105.777	2	-1	5
4.638	5.027	99.460	-105.660	2	-1	5
4.657	5.027	99.320	-105.543	2	-1	5
4.676	5.027	99.180	-105.425	2	-1	5
4.695	5.027	99.039	-105.307	2	-1	5
4.714	5.027	98.899	-105.189	2	-1	5
4.733	5.027	98.759	-105.071	2	-1	5
4.752	5.027	98.619	-104.952	2	-1	5
4.771	5.027	98.479	-104.833	2	-1	5
4.790	5.027	98.339	-104.714	2	-1	5
4.809	5.027	98.200	-104.594	2	-1	5
4.828	5.027	98.060	-104.474	2	-1	5
4.847	5.027	97.920	-104.354	2	-1	5
4.866	5.027	97.781	-104.234	2	-1	5
4.885	5.027	97.641	-104.113	2	-1	5
4.904	5.027	97.502	-103.992	2	-1	5
4.923	5.027	97.363	-103.871	2	-1	5
4.942	5.027	97.223	-103.750	2	-1	5
4.961	5.027	97.084	-103.628	2	-1	5
4.980	5.027	96.945	-103.506	2	-1	5
4.999	5.027	96.806	-103.384	2	-1	5
5.018	5.027	96.667	-103.261	2	-1	5
5.037	5.027	96.529	-103.139	2	-1	5
5.056	5.027	96.390	-103.016	2	-1	5
5.075	5.027	96.251	-102.892	2	-1	5
5.094	5.027	96.112	-102.769	2	-1	5
5.113	5.027	95.974	-102.645	2	-1	5
5.132	5.027	95.835	-102.521	2	-1	5
5.151	5.027	95.697	-102.396	2	-1	5
5.170	5.027	95.559	-102.272	2	-1	5
5.189	5.027	95.420	-102.147	2	-1	5
5.208	5.027	95.282	-102.022	2	-1	5
5.227	5.027	95.144	-101.896	2	-1	5
5.246	5.027	95.006	-101.770	2	-1	5
5.265	5.027	94.868	-101.644	2	-1	5
5.284	5.027	94.730	-101.518	2	-1	5
5.303	5.027	94.592	-101.391	2	-1	5
5.322	5.027	94.455	-101.265	2	-1	5
5.341	5.027	94.317	-101.137	2	-1	5
5.360	5.027	94.179	-101.010	2	-1	5
5.379	5.027	94.042	-100.882	2	-1	5
5.398	5.027	93.904	-100.754	2	-1	5
5.417	5.027	93.767	-100.626	2	-1	5
5.436	5.027	93.629	-100.498	2	-1	5
5.455	5.027	93.492	-100.369	2	-1	5
5.474	5.027	93.354	-100.240	2	-1	5
5.493	5.027	93.217	-100.111	2	-1	5
5.512	5.027	93.080	-99.981	2	-1	5
5.531	5.027	92.943	-99.851	2	-1	5
5.550	5.027	92.806	-99.721	2	-1	5
5.569	5.027	92.669	-99.591	2	-1	5
5.588	5.027	92.532	-99.460	2	-1	5
5.607	5.027	92.395	-99.329	2	-1	5
5.626	5.027	92.258	-99.198	2	-1	5
5.645	5.027	92.121	-99.066	2	-1	5
5.664	5.027	91.985	-98.934	2	-1	5
5.683	5.027	91.848	-98.802	2	-2	5
5.702	5.027	91.711	-98.670	2	-2	5
5.721	5.027	91.575	-98.537	2	-2	5
5.740	5.027	91.438	-98.404	2	-2	5
5.759	5.027	91.302	-98.271	2	-2	5
5.778	5.027	91.165	-98.138	2	-2	5
5.797	5.027	91.029	-98.004	2	-2	5
5.816	5.027	90.892	-97.870	2	-2	5
5.835	5.027	90.756	-97.735	2	-2	5
5.854	5.027	90.620	-97.601	2	-2	5
5.873	5.027	90.484	-97.466	2	-2	5
5.892	5.027	90.347	-97.331	2	-2	5
5.911	5.027	90.211	-97.195	2	-2	5
5.930	5.027	90.075	-97.059	2	-2	5
5.949	5.027	89.939	-96.923	2	-2	5
5.968	5.027	89.803	-96.787	2	-2	5
5.987	5.027	89.667	-96.650	2	-2	5
6.006	5.027	89.531	-96.513	2	-2	5
6.025	5.027	89.395	-96.376	2	-2	5
6.044	5.027	89.259	-96.239	2	-2	5
6.063	5.027	89.123	-96.101	2	-2	5
6.082	5.027	88.988	-95.963	2	-2	5
6.101	5.027	88.852	-95.825	2	-2	5
6.120	5.027	88.716	-95.686	2	-2	5
6.139	5.027	88.580	-95.547	2	-2	5
6.158	5.027	88.445	-95.408	2	-2	5
6.177	5.027	88.309	-95.268	2	-2	5
6.196	5.027	88.173	-95.128	2	-2	5
6.215	5.027	88.038	-94.988	2	-2	5
6.234	5.027	87.902	-94.848	2	-2	5
6.253	5.027	87.767	-94.707	2	-2	5
6.272	5.027	87.631	-94.566	2	-2	5
6.291	5.027	87.496	-94.425	2	-2	5
6.310	5.027	87.360	-94.283	2	-2	5
6.329	5.027	87.225	-94.141	2	-2	5
6.348	5.027	87.089	-93.999	2	-2	5
6.367	5.027	86.954	-93.857	2	-2	5
6.386	5.027	86.819	-93.714	2	-2	5
6.405	5.027	86.683	-93.571	2	-2	5
6.424	5.027	86.548	-93.428	2	-2	5
6.443	5.027	86.413	-93.284	2	-2	5
6.462	5.027	86.277	-93.140	2	-2	5
6.481	5.027	86.142	-92.996	2	-2	5
6.500	5.027	86.007	-92.851	2	-2	5
6.519	5.027	85.871	-92.706	2	-2	5
6.538	5.027	85.736	-92.561	2	-2	5
6.538	5.027	85.736	-92.561	0	0	0
6.576	5.026	85.463	-92.278	3	-3	8
6.614	5.021	85.190	-92.016	3	-3	8
6.651	5.013	84.917	-91.777	3	-3	8
6.688	5.002	84.648	-91.561	3	-2	8
6.724	4.988	84.383	-91.371	3	-2	8
6.758	4.972	84.124	-91.207	3	-2	8
6.791	4.952	83.874	-91.071	3	-2	8
6.822	4.930	83.633	-90.964	3	-1	8
6.851	4.905	83.403	-90.886	3	-1	8
6.878	4.878	83.186	-90.839	2	-1	5
6.903	4.849	82.983	-90.821	2	0	5
6.925	4.818	82.795	-90.834	2	0	5
6.944	4.785	82.623	-90.878	2	0	5
6.961	4.751	82.468	-90.951	2	1	5
6.975	4.715	82.332	-91.054	2	1	5
6.986	4.679	82.214	-91.186	1	1	2
6.994	4.641	82.117	-91.346	1	2	5
6.998	4.603	82.039	-91.532	1	2	5
7.000	4.565	81.982	-91.744	1	2	5
7.000	4.565	81.982	-91.744	0	0	0
7.000	4.546	81.959	-91.856	0	1	2
7.000	4.527	81.935	-91.967	0	1	2
7.000	4.508	81.912	-92.078	0	1	2
7.000	4.489	81.887	-92.189	0	1	2
7.000	4.470	81.863	-92.299	0	1	2
7.000	4.451	81.838	-92.409	0	1	2
7.000	4.432	81.813	-92.518	0	1	2
7.000	4.413	81.788	-92.628	0	1	2
7.000	4.394	81.762	-92.737	0	1	2
7.000	4.375	81.736	-92.845	0	1	2
7.000	4.356	81.709	-92.954	0	1	2
7.000	4.337	81.683	-93.062	0	1	2
7.000	4.318	81.656	-93.169	0	1	2
7.000	4.299	81.628	-93.277	0	1	2
7.000	4.280	81.601	-93.384	0	1	2
7.000	4.262	81.573	-93.491	0	1	2
7.000	4.243	81.544	-93.597	0	1	2
7.000	4.224	81.516	-93.703	0	1	2
7.000	4.205	81.487	-93.809	0	1	2
7.000	4.186	81.458	-93.915	0	1	2
7.000	4.167	81.428	-94.020	0	1	2
7.000	4.148	81.398	-94.125	0	1	2
7.000	4.129	81.368	-94.230	0	1	2
7.000	4.110	81.337	-94.334	0	1	2
7.000	4.091	81.307	-94.438	0	1	2
7.000	4.072	81.275	-94.542	0	1	2
7.000	4.053	81.244	-94.645	0	1	2
7.000	4.034	81.212	-94.748	0	1	2
7.000	4.015	81.180	-94.851	0	1	2
7.000	3.996	81.148	-94.953	0	1	2
7.000	3.977	81.115	-95.055	0	1	2
7.000	3.958	81.082	-95.157	0	1	2
7.000	3.939	81.048	-95.259	0	1	2
7.000	3.920	81.015	-95.360	0	1	2
7.000	3.901	80.981	-95.461	0	1	2
7.000	3.882	80.946	-95.562	0	1	2
7.000	3.863	80.912	-95.662	0	1	2
7.000	3.844	80.877	-95.762	0	1	2
7.000	3.825	80.842	-95.862	0	1	2
7.000	3.806	80.806	-95.961	0	1	2
7.000	3.787	80.770	-96.060	0	1	2
7.000	3.768	80.734	-96.159	0	1	2
7.000	3.749	80.697	-96.257	0	1	2
7.000	3.730	80.660	-96.355	0	1	2
7.000	3.711	80.623	-96.453	0	1	2
7.000	3.692	80.586	-96.551	0	1	2
7.000	3.673	80.548	-96.648	0	1	2
7.000	3.654	80.510	-96.745	0	1	2
7.000	3.635	80.471	-96.842	0	1	2
7.000	3.616	80.433	-96.938	0	1	2
7.000	3.597	80.394	-97.034	0	1	2
7.000	3.578	80.354	-97.130	0	1	2
7.000	3.559	80.314	-97.225	0	1	2
7.000	3.540	80.274	-97.320	0	1	2
7.000	3.521	80.234	-97.415	0	1	2
7.000	3.502	80.193	-97.509	0	1	2
7.000	3.483	80.152	-97.604	0	1	2
7.000	3.464	80.111	-97.698	0	1	2
7.000	3.445	80.070	-97.791	0	1	2
7.000	3.426	80.028	-97.884	0	1	2
7.000	3.407	79.985	-97.977	0	1	2
7.000	3.388	79.943	-98.070	0	1	2
7.000	3.369	79.900	-98.162	0	1	2
7.000	3.350	79.857	-98.254	0	1	2
7.000	3.331	79.813	-98.346	0	1	2
7.000	3.312	79.769	-98.438	0	1	2
7.000	3.293	79.725	-98.529	1	1	2
7.000	3.274	79.681	-98.620	1	1	2
7.000	3.255	79.636	-98.710	1	1	2
7.000	3.236	79.591	-98.800	1	1	2
7.000	3.217	79.545	-98.890	1	1	2
7.000	3.198	79.500	-98.980	1	1	2
7.000	3.179	79.453	-99.069	1	1	2
7.000	3.160	79.407	-99.158	1	1	2
7.000	3.141	79.360	-99.247	1	1	2
7.000	3.122	79.313	-99.335	1	1	2
7.000	3.103	79.266	-99.423	1	1	2
7.000	3.084	79.218	-99.511	1	1	2
7.000	3.065	79.170	-99.599	1	1	2
7.000	3.046	79.122	-99.686	1	1	2
7.000	3.027	79.073	-99.773	1	1	2
7.000	3.008	79.024	-99.859	1	1	2
7.000	2.989	78.975	-99.945	1	1	2
7.000	2.970	78.926	-100.031	1	1	2
7.000	2.951	78.876	-100.117	1	1	2
7.000	2.932	78.826	-100.202	1	1	2
7.000	2.913	78.775	-100.287	1	1	2
7.000	2.894	78.724	-100.372	1	1	2
7.000	2.875	78.673	-100.457	1	1	2
7.000	2.856	78.622	-100.541	1	1	2
7.000	2.837	78.570	-100.625	1	1	2
7.000	2.818	78.518	-100.708	1	1	2
7.000	2.799	78.465	-100.791	1	1	2
7.000	2.780	78.412	-100.874	1	1	2
7.000	2.761	78.359	-100.957	1	1	2
7.000	2.742	78.306	-101.039	1	1	2
7.000	2.723	78.252	-101.121	1	1	2
7.000	2.704	78.198	-101.203	1	1	2
7.000	2.685	78.144	-101.284	1	1	2
7.000	2.666	78.089	-101.365	1	1	2
7.000	2.648	78.034	-101.446	1	1	2
7.000	2.629	77.979	-101.526	1	1	2
7.000	2.610	77.923	-101.607	1	1	2
7.000	2.591	77.868	-101.686	1	1	2
7.000	2.572	77.811	-101.766	1	1	2
7.000	2.553	77.755	-101.845	1	1	2
7.000	2.534	77.698	-101.924	1	1	2
7.000	2.515	77.641	-102.003	1	1	2
7.000	2.496	77.583	-102.081	1	1	2
7.000	2.477	77.525	-102.159	1	1	2
7.000	2.458	77.467	-102.237	1	1	2
7.000	2.439	77.409	-102.314	1	1	2
7.000	2.420	77.350	-102.391	1	1	2
7.000	2.401	77.291	-102.468	1	1	2
7.000	2.382	77.231	-102.544	1	1	2
7.000	2.363	77.172	-102.620	1	1	2
7.000	2.344	77.112	-102.696	1	1	2
7.000	2.325	77.051	-102.772	1	1	2
7.000	2.306	76.991	-102.847	1	1	2
7.000	2.287	76.930	-102.922	1	1	2
7.000	2.268	76.868	-102.997	1	1	2
7.000	2.249	76.807	-103.071	1	1	2
7.000	2.230	76.745	-103.145	1	1	2
7.000	2.211	76.683	-103.219	1	1	2
7.000	2.192	76.620	-103.292	1	1	2
7.000	2.173	76.557	-103.365	1	1	2
7.000	2.154	76.494	-103.438	1	1	2
7.000	2.135	76.430	-103.510	1	1	2
7.000	2.116	76.367	-103.582	1	1	2
7.000	2.097	76.302	-103.654	1	1	2
7.000	2.078	76.238	-103.726	1	1	2
7.000	2.059	76.173	-103.797	1	1	2
7.000	2.040	76.108	-103.868	1	1	2
7.000	2.021	76.043	-103.938	1	1	2
7.000	2.002	75.977	-104.009	1	1	2
7.000	1.983	75.911	-104.079	1	1	2
7.000	1.964	75.845	-104.148	1	1	2
7.000	1.945	75.778	-104.218	1	1	2
6.879	4.503	82.758	-93.076	-79	-127	372
6.884	4.543	82.774	-92.802	0	-3	8
6.884	4.584	82.822	-92.562	-1	-3	8
6.880	4.624	82.903	-92.360	-1	-2	5
6.871	4.664	83.013	-92.199	-1	-2	5
6.857	4.702	83.153	-92.079	-2	-1	5
6.839	4.738	83.321	-92.005	-2	-1	5
6.817	4.772	83.514	-91.975	-2	0	5
6.791	4.803	83.731	-91.991	-2	0	5
6.761	4.831	83.968	-92.052	-3	1	8
6.729	4.855	84.222	-92.158	-3	1	8
6.694	4.875	84.491	-92.307	-3	2	8
6.656	4.891	84.771	-92.498	-3	2	8
6.656	4.891	84.771	-92.498	0	0	0
6.614	4.901	85.084	-92.769	-4	3	11
6.570	4.907	85.398	-93.064	-4	3	11
6.527	4.910	85.711	-93.383	-4	4	11
6.483	4.909	86.021	-93.722	-4	4	11
6.483	4.909	86.021	-93.722	0	0	0
6.461	4.909	86.175	-93.882	-2	2	5
6.440	4.910	86.328	-94.041	-2	2	5
6.418	4.911	86.482	-94.200	-2	2	5
6.397	4.911	86.636	-94.359	-2	2	5
6.375	4.912	86.789	-94.517	-2	2	5
6.375	4.912	86.789	-94.517	0	0	0
6.354	4.912	86.943	-94.676	-2	2	5
6.332	4.913	87.097	-94.835	-2	2	5
6.311	4.913	87.250	-94.994	-2	2	5
6.289	4.913	87.404	-95.152	-2	2	5
6.268	4.914	87.558	-95.310	-2	2	5
6.268	4.914	87.558	-95.310	0	0	0
6.246	4.914	87.711	-95.469	-2	2	5
6.225	4.914	87.865	-95.627	-2	2	5
6.203	4.914	88.018	-95.785	-2	2	5
6.182	4.914	88.172	-95.943	-2	2	5
6.160	4.914	88.326	-96.101	-2	2	5
6.160	4.914	88.326	-96.101	0	0	0
6.139	4.914	88.479	-96.259	-2	2	5
6.117	4.914	88.633	-96.417	-2	2	5
6.096	4.914	88.786	-96.575	-2	2	5
6.074	4.914	88.940	-96.733	-2	2	5
6.053	4.914	89.094	-96.890	-2	2	5
6.053	4.914	89.094	-96.890	0	0	0
6.031	4.913	89.247	-97.048	-2	2	5
6.010	4.913	89.401	-97.206	-2	2	5
5.988	4.913	89.554	-97.364	-2	2	5
5.967	4.912	89.708	-97.521	-2	2	5
5.945	4.912	89.861	-97.678	-2	2	5
5.945	4.912	89.861	-97.678	0	0	0
5.924	4.911	90.015	-97.836	-2	2	5
5.902	4.911	90.168	-97.993	-2	2	5
5.881	4.910	90.322	-98.151	-2	2	5
5.859	4.910	90.475	-98.308	-2	2	5
5.837	4.909	90.629	-98.464	-2	2	5
5.837	4.909	90.629	-98.464	0	0	0
5.795	4.911	90.935	-98.752	-3	3	8
5.753	4.909	91.237	-99.062	-3	4	11
5.711	4.903	91.534	-99.392	-3	4	11
5.669	4.894	91.822	-99.739	-3	4	11
5.669	4.894	91.822	-99.739	0	0	0
5.632	4.882	92.081	-100.076	-3	4	11
5.595	4.868	92.332	-100.420	-3	4	11
5.559	4.851	92.574	-100.770	-3	4	11
5.524	4.833	92.808	-101.125	-3	4	11
5.490	4.813	93.030	-101.484	-3	4	11
5.458	4.790	93.242	-101.845	-2	4	11
5.426	4.766	93.442	-102.208	-2	4	11
5.396	4.740	93.629	-102.571	-2	4	11
5.368	4.713	93.802	-102.933	-2	4	11
5.342	4.684	93.961	-103.292	-2	4	11
5.317	4.653	94.105	-103.649	-2	4	11
5.294	4.621	94.233	-104.000	-1	4	11
5.294	4.621	94.233	-104.000	0	0	0
5.272	4.587	94.343	-104.351	-1	4	11
5.253	4.552	94.441	-104.697	-1	4	11
5.234	4.516	94.527	-105.037	-1	4	11
5.234	4.516	94.527	-105.037	0	0	0
5.227	4.490	94.544	-105.237	0	2	5
5.220	4.465	94.560	-105.437	0	2	5
5.220	4.465	94.560	-105.437	0	0	0
5.214	4.443	94.574	-105.609	0	2	5
5.208	4.421	94.587	-105.780	0	2	5
5.202	4.400	94.600	-105.951	0	2	5
5.202	4.400	94.600	-105.951	0	0	0
5.197	4.381	94.610	-106.095	0	2	5
5.192	4.363	94.620	-106.239	0	2	5
5.187	4.344	94.630	-106.383	0	2	5
5.181	4.326	94.639	-106.526	0	2	5
5.176	4.307	94.648	-106.669	0	2	5
5.171	4.289	94.657	-106.812	0	2	5
5.166	4.271	94.665	-106.955	0	2	5
5.161	4.252	94.673	-107.097	0	2	5
5.156	4.234	94.681	-107.240	0	2	5
5.151	4.215	94.688	-107.382	0	2	5
5.146	4.197	94.695	-107.523	0	2	5
5.140	4.178	94.702	-107.665	0	2	5
5.135	4.160	94.708	-107.806	0	2	5
5.130	4.142	94.714	-107.947	0	2	5
5.125	4.123	94.720	-108.088	0	2	5
5.120	4.105	94.725	-108.229	0	2	5
5.115	4.086	94.730	-108.369	0	2	5
5.110	4.068	94.735	-108.509	0	2	5
5.104	4.049	94.739	-108.649	0	2	5
5.099	4.031	94.743	-108.789	0	2	5
5.094	4.013	94.747	-108.928	0	2	5
5.089	3.994	94.750	-109.067	0	2	5
5.084	3.976	94.753	-109.206	0	2	5
5.079	3.957	94.756	-109.345	0	2	5
5.074	3.939	94.758	-109.483	0	2	5
5.069	3.921	94.760	-109.622	0	2	5
5.063	3.902	94.761	-109.760	0	2	5
5.058	3.884	94.763	-109.898	0	2	5
5.053	3.865	94.764	-110.035	0	2	5
5.048	3.847	94.764	-110.172	0	2	5
5.043	3.828	94.764	-110.310	0	2	5
5.043	3.828	94.764	-110.310	0	0	0
5.038	3.809	94.764	-110.451	0	2	5
5.032	3.790	94.763	-110.592	0	2	5
5.027	3.771	94.761	-110.733	0	2	5
5.022	3.752	94.759	-110.874	0	2	5
5.017	3.733	94.757	-111.015	0	2	5
5.011	3.714	94.755	-111.155	0	2	5
5.006	3.695	94.752	-111.295	0	2	5
5.001	3.675	94.748	-111.435	0	2	5
4.996	3.656	94.745	-111.575	0	2	5
4.990	3.637	94.741	-111.714	0	2	5
4.985	3.618	94.736	-111.853	0	2	5
4.980	3.599	94.731	-111.992	0	2	5
4.980	3.599	94.731	-111.992	0	0	0
4.975	3.580	94.725	-112.130	0	2	5
4.969	3.561	94.719	-112.268	0	2	5
4.964	3.542	94.713	-112.406	0	2	5
4.959	3.522	94.706	-112.543	0	2	5
4.954	3.503	94.699	-112.681	0	2	5
4.949	3.484	94.691	-112.818	0	2	5
4.944	3.465	94.683	-112.955	0	2	5
4.938	3.446	94.674	-113.091	0	2	5
4.933	3.427	94.665	-113.228	0	2	5
4.928	3.408	94.656	-113.364	0	2	5
4.923	3.389	94.646	-113.500	0	2	5
4.918	3.369	94.636	-113.635	0	2	5
4.918	3.369	94.636	-113.635	0	0	0
4.912	3.350	94.625	-113.770	0	2	5
4.907	3.331	94.614	-113.905	0	2	5
4.902	3.312	94.602	-114.039	0	2	5
4.897	3.293	94.590	-114.174	0	2	5
4.892	3.274	94.577	-114.308	0	2	5
4.887	3.255	94.564	-114.441	0	2	5
4.882	3.235	94.550	-114.575	0	2	5
4.877	3.216	94.536	-114.708	0	2	5
4.871	3.197	94.522	-114.841	0	2	5
4.866	3.178	94.507	-114.974	0	2	5
4.861	3.159	94.492	-115.106	0	2	5
4.856	3.140	94.476	-115.239	0	2	5
4.856	3.140	94.476	-115.239	0	0	0
4.851	3.120	94.460	-115.370	0	1	2
4.846	3.101	94.443	-115.502	0	1	2
4.841	3.082	94.425	-115.633	0	1	2
4.836	3.063	94.407	-115.764	0	1	2
4.831	3.044	94.388	-115.894	0	1	2
4.826	3.025	94.370	-116.024	0	1	2
4.821	3.005	94.350	-116.155	0	1	2
4.816	2.986	94.331	-116.284	0	1	2
4.811	2.967	94.310	-116.414	0	1	2
4.806	2.948	94.290	-116.543	0	1	2
4.801	2.929	94.269	-116.672	0	1	2
4.796	2.910	94.247	-116.801	0	1	2
4.796	2.910	94.247	-116.801	0	0	0
4.791	2.890	94.224	-116.934	0	2	5
4.785	2.870	94.200	-117.066	0	2	5
4.780	2.850	94.176	-117.197	0	1	2
4.775	2.830	94.151	-117.329	0	1	2
4.770	2.810	94.125	-117.460	0	1	2
4.765	2.791	94.099	-117.591	0	1	2
4.760	2.771	94.073	-117.722	0	1	2
4.755	2.751	94.046	-117.853	0	1	2
4.750	2.731	94.019	-117.983	0	1	2
4.750	2.731	94.019	-117.983	0	0	0
4.744	2.709	93.987	-118.125	0	2	5
4.739	2.687	93.955	-118.267	0	2	5
4.733	2.666	93.922	-118.408	0	2	5
4.733	2.666	93.922	-118.408	0	0	0
4.732	2.660	93.913	-118.443	0	0	0
4.732	2.660	93.913	-118.443	0	0	0
4.724	2.621	93.837	-118.680	1	3	8
4.721	2.581	93.723	-118.887	1	2	5
4.723	2.542	93.573	-119.063	2	2	5
4.729	2.502	93.390	-119.204	2	2	5
4.739	2.464	93.176	-119.309	2	1	5
4.754	2.427	92.933	-119.376	3	1	8
4.772	2.392	92.667	-119.404	3	0	8
4.795	2.359	92.379	-119.393	3	0	8
4.821	2.330	92.076	-119.343	3	-1	8
4.851	2.303	91.760	-119.255	4	-1	11
4.883	2.280	91.437	-119.130	4	-1	11
4.918	2.260	91.112	-118.969	4	-2	11
4.954	2.245	90.788	-118.775	4	-2	11
4.954	2.245	90.788	-118.775	0	0	0
4.997	2.236	90.443	-118.511	4	-3	11
5.041	2.229	90.108	-118.228	4	-3	11
5.084	2.227	89.784	-117.925	4	-3	11
5.128	2.227	89.473	-117.607	4	-4	11
5.128	2.227	89.473	-117.607	0	0	0
5.150	2.227	89.320	-117.457	2	-2	5
5.171	2.226	89.167	-117.307	2	-2	5
5.192	2.226	89.015	-117.156	2	-2	5
5.213	2.225	88.862	-117.005	2	-2	5
5.234	2.224	88.710	-116.854	2	-2	5
5.234	2.224	88.710	-116.854	0	0	0
5.255	2.224	88.558	-116.702	2	-2	5
5.277	2.224	88.407	-116.549	2	-2	5
5.298	2.223	88.256	-116.396	2	-2	5
5.319	2.223	88.106	-116.243	2	-2	5
5.340	2.223	87.955	-116.090	2	-2	5
5.340	2.223	87.955	-116.090	0	0	0
5.361	2.222	87.806	-115.935	2	-2	5
5.383	2.222	87.656	-115.781	2	-2	5
5.404	2.222	87.507	-115.625	2	-2	5
5.425	2.222	87.358	-115.470	2	-2	5
5.446	2.222	87.210	-115.315	2	-2	5
5.446	2.222	87.210	-115.315	0	0	0
5.467	2.222	87.062	-115.158	2	-2	5
5.489	2.222	86.915	-115.001	2	-2	5
5.510	2.222	86.767	-114.843	2	-2	5
5.531	2.222	86.620	-114.686	2	-2	5
5.552	2.222	86.473	-114.528	2	-2	5
5.552	2.222	86.473	-114.528	0	0	0
5.573	2.223	86.328	-114.369	2	-2	5
5.594	2.223	86.182	-114.209	2	-2	5
5.616	2.223	86.036	-114.050	2	-2	5
5.637	2.224	85.891	-113.890	2	-2	5
5.658	2.224	85.746	-113.730	2	-2	5
5.658	2.224	85.746	-113.730	0	0	0
5.679	2.225	85.602	-113.569	2	-2	5
5.700	2.225	85.458	-113.407	2	-2	5
5.722	2.226	85.314	-113.246	2	-2	5
5.743	2.227	85.171	-113.084	2	-2	5
5.764	2.227	85.028	-112.921	2	-2	5
5.764	2.227	85.028	-112.921	0	0	0
5.803	2.226	84.758	-112.631	3	-3	8
5.841	2.228	84.500	-112.329	3	-3	8
5.880	2.233	84.253	-112.018	3	-4	11
5.918	2.240	84.019	-111.697	3	-4	11
5.956	2.250	83.798	-111.370	3	-4	11
5.992	2.263	83.592	-111.038	2	-4	11
5.992	2.263	83.592	-111.038	0	0	0
6.028	2.278	83.406	-110.706	2	-4	11
6.062	2.295	83.232	-110.373	2	-4	11
6.095	2.314	83.071	-110.038	2	-4	11
6.127	2.334	82.924	-109.704	2	-4	11
6.158	2.357	82.789	-109.372	2	-4	11
6.188	2.381	82.669	-109.041	1	-4	11
6.217	2.407	82.563	-108.714	1	-4	11
6.243	2.434	82.470	-108.391	1	-4	11
6.269	2.463	82.393	-108.074	1	-4	11
6.293	2.493	82.329	-107.762	1	-4	11
6.315	2.524	82.280	-107.458	1	-3	8
6.335	2.557	82.245	-107.161	0	-3	8
6.353	2.590	82.225	-106.873	0	-3	8
6.370	2.625	82.220	-106.595	0	-3	8
6.370	2.625	82.220	-106.595	0	0	0
6.375	2.643	82.242	-106.475	0	-1	2
6.380	2.662	82.263	-106.355	0	-1	2
6.385	2.680	82.284	-106.235	0	-1	2
6.390	2.698	82.304	-106.114	0	-1	2
6.396	2.717	82.325	-105.993	0	-1	2
6.401	2.735	82.345	-105.872	0	-1	2
6.406	2.754	82.364	-105.750	0	-1	2
6.411	2.772	82.383	-105.629	0	-1	2
6.416	2.790	82.402	-105.507	0	-1	2
6.421	2.809	82.420	-105.384	0	-1	2
6.426	2.827	82.438	-105.262	0	-1	2
6.432	2.846	82.456	-105.139	0	-1	2
6.437	2.864	82.474	-105.016	0	-1	2
6.442	2.883	82.491	-104.893	0	-1	2
6.447	2.901	82.507	-104.769	0	-1	2
6.452	2.919	82.523	-104.645	0	-1	2
6.457	2.938	82.539	-104.521	0	-1	2
6.462	2.956	82.555	-104.396	0	-1	2
6.467	2.975	82.570	-104.272	0	-1	2
6.473	2.993	82.585	-104.147	0	-1	2
6.478	3.012	82.600	-104.022	0	-1	2
6.483	3.030	82.614	-103.896	0	-1	2
6.488	3.048	82.628	-103.770	0	-1	2
6.493	3.067	82.641	-103.644	0	-1	2
6.498	3.085	82.654	-103.518	0	-1	2
6.498	3.085	82.654	-103.518	0	0	0
6.503	3.104	82.667	-103.392	0	-1	2
6.508	3.122	82.680	-103.265	0	-1	2
6.514	3.140	82.693	-103.138	0	-1	2
6.519	3.159	82.705	-103.011	0	-1	2
6.524	3.177	82.717	-102.884	0	-1	2
6.529	3.196	82.728	-102.756	0	-1	2
6.534	3.214	82.739	-102.628	0	-1	2
6.539	3.233	82.750	-102.500	0	-1	2
6.544	3.251	82.760	-102.372	0	-1	2
6.549	3.270	82.770	-102.243	0	-1	2
6.554	3.288	82.780	-102.114	0	-1	2
6.559	3.306	82.789	-101.985	0	-1	2
6.564	3.325	82.798	-101.855	0	-1	2
6.570	3.343	82.807	-101.725	0	-1	2
6.575	3.362	82.815	-101.595	0	-1	2
6.580	3.380	82.823	-101.465	0	-1	2
6.585	3.399	82.831	-101.334	0	-1	2
6.590	3.417	82.838	-101.203	0	-1	2
6.595	3.435	82.845	-101.072	0	-1	2
6.600	3.454	82.852	-100.941	0	-1	2
6.605	3.472	82.858	-100.809	0	-1	2
6.610	3.491	82.864	-100.677	0	-2	5
6.615	3.509	82.869	-100.544	0	-2	5
6.620	3.528	82.875	-100.412	0	-2	5
6.626	3.546	82.880	-100.279	0	-2	5
6.626	3.546	82.880	-100.279	0	0	0
6.631	3.565	82.885	-100.141	0	-2	5
6.636	3.584	82.890	-100.002	0	-2	5
6.641	3.604	82.894	-99.863	0	-2	5
6.647	3.623	82.899	-99.724	0	-2	5
6.652	3.642	82.902	-99.585	0	-2	5
6.657	3.661	82.906	-99.445	0	-2	5
6.662	3.681	82.909	-99.305	0	-2	5
6.667	3.700	82.912	-99.165	0	-2	5
6.673	3.719	82.914	-99.024	0	-2	5
6.678	3.738	82.916	-98.883	0	-2	5
6.683	3.757	82.918	-98.742	0	-2	5
6.688	3.777	82.919	-98.600	0	-2	5
6.688	3.777	82.919	-98.600	0	0	0
6.694	3.796	82.920	-98.459	0	-2	5
6.699	3.815	82.921	-98.317	0	-2	5
6.704	3.834	82.922	-98.175	0	-2	5
6.709	3.854	82.922	-98.032	0	-2	5
6.714	3.873	82.922	-97.890	0	-2	5
6.720	3.892	82.922	-97.746	0	-2	5
6.725	3.911	82.921	-97.603	0	-2	5
6.730	3.931	82.920	-97.459	0	-2	5
6.735	3.950	82.918	-97.315	0	-2	5
6.740	3.969	82.916	-97.171	0	-2	5
6.745	3.988	82.914	-97.027	0	-2	5
6.751	4.008	82.912	-96.882	0	-2	5
6.751	4.008	82.912	-96.882	0	0	0
6.756	4.027	82.909	-96.737	0	-2	5
6.761	4.046	82.907	-96.592	0	-2	5
6.766	4.065	82.903	-96.446	0	-2	5
6.771	4.085	82.900	-96.301	0	-2	5
6.776	4.104	82.896	-96.155	0	-2	5
6.781	4.123	82.892	-96.008	0	-2	5
6.786	4.142	82.887	-95.862	0	-2	5
6.791	4.162	82.883	-95.715	0	-2	5
6.797	4.181	82.877	-95.567	0	-2	5
6.802	4.200	82.872	-95.420	0	-2	5
6.807	4.219	82.866	-95.272	0	-2	5
6.812	4.239	82.860	-95.124	0	-2	5
6.812	4.239	82.860	-95.124	0	0	0
6.824	4.276	82.833	-94.821	0	-3	8
6.835	4.313	82.810	-94.521	0	-3	8
6.845	4.351	82.792	-94.225	0	-3	8
6.855	4.389	82.777	-93.932	0	-3	8
6.864	4.427	82.766	-93.643	0	-3	8
6.872	4.465	82.760	-93.358	0	-3	8
6.879	4.503	82.758	-93.076	0	-3	8
6.294	4.493	86.885	-97.656	-47	52	152
6.298	4.538	86.917	-97.360	0	-3	8
6.288	4.583	87.042	-97.169	-1	-2	5
6.266	4.622	87.248	-97.097	-2	-1	5
6.294	4.493	86.885	-97.656	4	6	17
6.289	4.474	86.894	-97.802	0	2	5
6.284	4.456	86.903	-97.947	0	2	5
6.279	4.437	86.912	-98.093	0	2	5
6.274	4.418	86.920	-98.238	0	2	5
6.269	4.400	86.928	-98.383	0	2	5
6.265	4.381	86.935	-98.528	0	2	5
6.260	4.362	86.942	-98.672	0	2	5
6.255	4.343	86.949	-98.816	0	2	5
6.250	4.325	86.955	-98.960	0	2	5
6.245	4.306	86.962	-99.104	0	2	5
6.240	4.287	86.967	-99.247	0	2	5
6.235	4.269	86.973	-99.390	0	2	5
6.230	4.250	86.978	-99.533	0	2	5
6.226	4.231	86.983	-99.675	0	2	5
6.221	4.213	86.987	-99.817	0	2	5
6.216	4.194	86.991	-99.959	0	2	5
6.211	4.175	86.995	-100.101	0	2	5
6.206	4.156	86.999	-100.242	0	2	5
6.201	4.138	87.002	-100.383	0	2	5
6.196	4.119	87.005	-100.524	0	2	5
6.192	4.100	87.007	-100.664	0	2	5
6.187	4.082	87.009	-100.804	0	2	5
6.182	4.063	87.011	-100.944	0	2	5
6.177	4.044	87.012	-101.084	0	2	5
6.172	4.025	87.013	-101.223	0	2	5
6.167	4.007	87.014	-101.362	0	2	5
6.162	3.988	87.015	-101.501	0	2	5
6.157	3.969	87.015	-101.640	0	2	5
6.153	3.951	87.014	-101.778	0	2	5
6.148	3.932	87.014	-101.916	0	2	5
6.143	3.913	87.013	-102.054	0	2	5
6.138	3.894	87.012	-102.191	0	2	5
6.133	3.876	87.010	-102.328	0	2	5
6.128	3.857	87.008	-102.465	0	2	5
6.123	3.838	87.006	-102.602	0	2	5
6.118	3.820	87.003	-102.738	0	2	5
6.114	3.801	87.000	-102.874	0	2	5
6.109	3.782	86.996	-103.010	0	2	5
6.109	3.782	86.996	-103.010	0	0	0
6.104	3.763	86.993	-103.152	0	2	5
6.098	3.743	86.989	-103.293	0	2	5
6.093	3.724	86.985	-103.434	0	2	5
6.088	3.704	86.981	-103.574	0	2	5
6.083	3.685	86.976	-103.715	0	2	5
6.078	3.665	86.971	-103.855	0	2	5
6.073	3.646	86.965	-103.994	0	2	5
6.068	3.626	86.959	-104.134	0	2	5
6.063	3.607	86.953	-104.273	0	2	5
6.057	3.588	86.946	-104.412	0	2	5
6.052	3.568	86.939	-104.550	0	2	5
6.047	3.549	86.931	-104.689	0	2	5
6.047	3.549	86.931	-104.689	0	0	0
6.042	3.529	86.924	-104.827	0	2	5
6.037	3.510	86.916	-104.965	0	2	5
6.031	3.490	86.908	-105.103	0	2	5
6.026	3.471	86.900	-105.241	0	2	5
6.021	3.451	86.891	-105.378	0	2	5
6.016	3.432	86.882	-105.515	0	2	5
6.011	3.413	86.872	-105.652	0	2	5
6.005	3.393	86.862	-105.788	0	2	5
6.000	3.374	86.852	-105.925	0	2	5
5.995	3.354	86.841	-106.060	0	2	5
5.990	3.335	86.830	-106.196	0	2	5
5.985	3.315	86.818	-106.331	0	2	5
5.985	3.315	86.818	-106.331	0	0	0
5.979	3.296	86.807	-106.467	0	2	5
5.974	3.277	86.795	-106.602	0	2	5
5.969	3.257	86.783	-106.737	0	2	5
5.963	3.238	86.771	-106.872	0	2	5
5.958	3.218	86.758	-107.007	0	2	5
5.953	3.199	86.745	-107.141	0	2	5
5.947	3.180	86.731	-107.275	0	2	5
5.942	3.160	86.717	-107.408	0	2	5
5.937	3.141	86.703	-107.542	0	2	5
5.932	3.121	86.688	-107.675	0	2	5
5.926	3.102	86.673	-107.808	0	2	5
5.921	3.083	86.657	-107.940	0	2	5
5.921	3.083	86.657	-107.940	0	0	0
5.915	3.063	86.642	-108.073	0	2	5
5.910	3.044	86.626	-108.206	0	2	5
5.905	3.024	86.611	-108.338	0	2	5
5.899	3.005	86.594	-108.470	0	2	5
5.894	2.986	86.578	-108.602	0	1	2
5.888	2.966	86.560	-108.734	0	1	2
5.883	2.947	86.543	-108.865	0	1	2
5.877	2.928	86.525	-108.996	0	1	2
5.872	2.908	86.507	-109.127	0	1	2
5.867	2.889	86.488	-109.257	0	1	2
5.861	2.869	86.469	-109.387	0	1	2
5.856	2.850	86.449	-109.517	0	1	2
5.856	2.850	86.449	-109.517	0	0	0
5.850	2.831	86.430	-109.647	0	1	2
5.845	2.811	86.411	-109.778	0	1	2
5.839	2.792	86.392	-109.908	0	1	2
5.834	2.773	86.372	-110.037	0	1	2
5.828	2.753	86.351	-110.167	0	1	2
5.822	2.734	86.330	-110.296	0	1	2
5.817	2.715	86.309	-110.424	0	1	2
5.811	2.695	86.287	-110.553	0	1	2
5.806	2.676	86.265	-110.681	0	1	2
5.800	2.657	86.242	-110.809	0	1	2
5.795	2.637	86.219	-110.937	0	1	2
5.789	2.618	86.196	-111.064	0	1	2
5.789	2.618	86.196	-111.064	0	0	0
5.770	2.579	86.200	-111.380	0	4	11
5.741	2.546	86.299	-111.742	-1	4	11
5.741	2.546	86.299	-111.742	0	0	0
5.703	2.514	86.451	-112.163	-2	5	14
5.661	2.488	86.660	-112.591	-2	5	14
5.614	2.470	86.921	-113.012	-3	5	14
5.614	2.470	86.921	-113.012	0	0	0
5.575	2.465	87.181	-113.324	-3	4	11
5.535	2.463	87.451	-113.626	-3	3	8
5.496	2.463	87.729	-113.918	-3	3	8
5.456	2.465	88.016	-114.198	-3	3	8
5.417	2.470	88.309	-114.466	-3	3	8
5.417	2.470	88.309	-114.466	0	0	0
5.372	2.482	88.671	-114.738	-4	3	11
5.336	2.512	89.029	-114.869	-4	1	11
5.314	2.553	89.322	-114.839	-3	0	8
5.314	2.553	89.322	-114.839	0	0	0
5.307	2.597	89.520	-114.693	-2	-2	5
5.310	2.641	89.649	-114.474	-1	-2	5
5.322	2.684	89.704	-114.194	-1	-3	8
5.322	2.684	89.704	-114.194	0	0	0
5.326	2.702	89.729	-114.074	0	-1	2
5.331	2.721	89.754	-113.954	0	-1	2
5.336	2.739	89.779	-113.833	0	-1	2
5.341	2.758	89.803	-113.713	0	-1	2
5.346	2.776	89.827	-113.592	0	-1	2
5.351	2.795	89.851	-113.471	0	-1	2
5.355	2.813	89.874	-113.350	0	-1	2
5.360	2.832	89.897	-113.228	0	-1	2
5.365	2.850	89.919	-113.107	0	-1	2
5.370	2.869	89.941	-112.985	0	-1	2
5.375	2.887	89.963	-112.862	0	-1	2
5.380	2.906	89.984	-112.740	0	-1	2
5.384	2.924	90.005	-112.617	0	-1	2
5.389	2.943	90.026	-112.494	0	-1	2
5.394	2.961	90.046	-112.371	0	-1	2
5.399	2.980	90.065	-112.248	0	-1	2
5.404	2.998	90.085	-112.124	0	-1	2
5.408	3.017	90.104	-112.000	0	-1	2
5.413	3.035	90.122	-111.876	0	-1	2
5.418	3.054	90.140	-111.751	0	-1	2
5.423	3.072	90.158	-111.627	0	-1	2
5.428	3.091	90.175	-111.502	0	-1	2
5.433	3.109	90.192	-111.376	0	-1	2
5.437	3.128	90.209	-111.251	0	-1	2
5.442	3.146	90.225	-111.125	0	-1	2
5.447	3.165	90.241	-110.999	0	-1	2
5.452	3.183	90.257	-110.873	0	-1	2
5.457	3.202	90.272	-110.747	0	-1	2
5.461	3.220	90.287	-110.620	0	-1	2
5.466	3.239	90.301	-110.493	0	-1	2
5.471	3.257	90.315	-110.366	0	-1	2
5.476	3.276	90.329	-110.239	0	-1	2
5.481	3.294	90.342	-110.111	0	-1	2
5.486	3.312	90.355	-109.983	0	-1	2
5.490	3.331	90.368	-109.855	0	-1	2
5.495	3.349	90.380	-109.727	0	-1	2
5.500	3.368	90.392	-109.598	0	-1	2
5.500	3.368	90.392	-109.598	0	0	0
5.505	3.387	90.403	-109.466	0	-2	5
5.510	3.406	90.414	-109.333	0	-2	5
5.515	3.425	90.425	-109.200	0	-2	5
5.520	3.444	90.435	-109.066	0	-2	5
5.525	3.463	90.445	-108.933	0	-2	5
5.530	3.482	90.455	-108.799	0	-2	5
5.535	3.501	90.464	-108.664	0	-2	5
5.540	3.520	90.473	-108.530	0	-2	5
5.545	3.539	90.481	-108.395	0	-2	5
5.550	3.558	90.489	-108.260	0	-2	5
5.555	3.577	90.497	-108.125	0	-2	5
5.560	3.596	90.504	-107.990	0	-2	5
5.560	3.596	90.504	-107.990	0	0	0
5.565	3.615	90.511	-107.853	0	-2	5
5.570	3.634	90.517	-107.717	0	-2	5
5.575	3.653	90.522	-107.580	0	-2	5
5.580	3.672	90.528	-107.444	0	-2	5
5.585	3.691	90.532	-107.306	0	-2	5
5.590	3.710	90.537	-107.169	0	-2	5
5.595	3.729	90.541	-107.031	0	-2	5
5.600	3.748	90.545	-106.893	0	-2	5
5.606	3.767	90.549	-106.755	0	-2	5
5.611	3.786	90.552	-106.617	0	-2	5
5.616	3.805	90.554	-106.478	0	-2	5
5.621	3.824	90.557	-106.339	0	-2	5
5.621	3.824	90.557	-106.339	0	0	0
5.626	3.843	90.558	-106.199	0	-2	5
5.631	3.862	90.559	-106.059	0	-2	5
5.636	3.881	90.560	-105.919	0	-2	5
5.641	3.900	90.560	-105.778	0	-2	5
5.646	3.919	90.560	-105.638	0	-2	5
5.652	3.937	90.559	-105.497	0	-2	5
5.657	3.956	90.558	-105.355	0	-2	5
5.662	3.975	90.557	-105.214	0	-2	5
5.667	3.994	90.555	-105.072	0	-2	5
5.672	4.013	90.553	-104.930	0	-2	5
5.677	4.032	90.551	-104.787	0	-2	5
5.683	4.051	90.549	-104.645	0	-2	5
5.683	4.051	90.549	-104.645	0	0	0
5.688	4.070	90.545	-104.501	0	-2	5
5.693	4.089	90.540	-104.357	0	-2	5
5.698	4.108	90.536	-104.213	0	-2	5
5.704	4.127	90.531	-104.069	0	-2	5
5.709	4.146	90.525	-103.924	0	-2	5
5.714	4.165	90.520	-103.779	0	-2	5
5.719	4.184	90.514	-103.634	0	-2	5
5.725	4.203	90.507	-103.489	0	-2	5
5.730	4.222	90.501	-103.343	0	-2	5
5.735	4.240	90.494	-103.197	0	-2	5
5.741	4.259	90.486	-103.051	0	-2	5
5.746	4.278	90.478	-102.904	0	-2	5
5.746	4.278	90.478	-102.904	0	0	0
5.751	4.297	90.469	-102.757	0	-2	5
5.757	4.316	90.460	-102.609	0	-2	5
5.762	4.335	90.450	-102.461	0	-2	5
5.767	4.354	90.440	-102.313	0	-2	5
5.773	4.373	90.429	-102.164	0	-2	5
5.778	4.392	90.418	-102.015	0	-2	5
5.784	4.410	90.407	-101.866	0	-2	5
5.789	4.429	90.395	-101.716	0	-2	5
5.795	4.448	90.383	-101.567	0	-2	5
5.800	4.467	90.371	-101.417	0	-2	5
5.805	4.486	90.359	-101.266	0	-2	5
5.811	4.505	90.346	-101.116	0	-2	5
5.811	4.505	90.346	-101.116	0	0	0
5.816	4.520	90.329	-100.991	0	-1	2
5.816	4.520	90.329	-100.991	0	0	0
5.823	4.534	90.301	-100.859	0	-2	5
5.823	4.534	90.301	-100.859	0	0	0
5.847	4.572	90.174	-100.455	1	-5	14
5.878	4.605	89.995	-100.034	2	-5	14
5.915	4.633	89.769	-99.609	3	-5	14
5.955	4.653	89.504	-99.193	3	-5	14
5.999	4.666	89.209	-98.799	3	-4	11
5.999	4.666	89.209	-98.799	0	0	0
6.039	4.672	88.931	-98.474	3	-4	11
6.079	4.675	88.648	-98.162	3	-4	11
6.119	4.676	88.360	-97.864	3	-3	8
6.159	4.673	88.070	-97.583	3	-3	8
6.199	4.668	87.779	-97.319	3	-3	8
6.199	4.668	87.779	-97.319	0	0	0
6.239	4.654	87.481	-97.112	3	-2	8
6.266	4.622	87.248	-97.097	3	0	8
4.894	4.512	97.018	-107.303	-111	116	339
4.908	4.552	96.968	-106.967	1	-4	11
4.916	4.594	96.963	-106.659	0	-4	11
4.918	4.636	97.002	-106.384	0	-3	8
4.914	4.678	97.083	-106.149	-1	-3	8
4.903	4.720	97.207	-105.957	-1	-2	5
4.887	4.759	97.369	-105.814	-2	-2	5
4.866	4.796	97.567	-105.720	-2	-1	5
4.839	4.829	97.797	-105.680	-3	0	8
4.839	4.829	97.797	-105.680	0	0	0
4.808	4.856	98.052	-105.703	-3	0	8
4.774	4.878	98.328	-105.782	-3	1	8
4.736	4.894	98.622	-105.913	-3	1	8
4.696	4.905	98.924	-106.094	-3	2	8
4.656	4.909	99.230	-106.321	-3	3	8
4.656	4.909	99.230	-106.321	0	0	0
4.636	4.909	99.372	-106.437	-2	1	5
4.617	4.910	99.515	-106.554	-2	1	5
4.598	4.910	99.657	-106.670	-2	1	5
4.579	4.910	99.800	-106.785	-2	1	5
4.560	4.911	99.942	-106.900	-2	1	5
4.541	4.911	100.085	-107.016	-2	1	5
4.522	4.911	100.228	-107.130	-2	1	5
4.502	4.912	100.371	-107.245	-2	1	5
4.483	4.912	100.513	-107.359	-2	1	5
4.464	4.913	100.657	-107.473	-2	1	5
4.445	4.913	100.800	-107.587	-2	1	5
4.426	4.913	100.943	-107.700	-2	1	5
4.407	4.914	101.086	-107.813	-2	1	5
4.407	4.914	101.086	-107.813	0	0	0
4.386	4.914	101.242	-107.936	-2	1	5
4.365	4.914	101.397	-108.059	-2	1	5
4.344	4.914	101.553	-108.182	-2	1	5
4.324	4.915	101.709	-108.304	-2	1	5
4.303	4.915	101.864	-108.425	-2	1	5
4.282	4.915	102.020	-108.547	-2	1	5
4.282	4.915	102.020	-108.547	0	0	0
4.261	4.915	102.176	-108.669	-2	1	5
4.241	4.916	102.332	-108.791	-2	1	5
4.220	4.916	102.489	-108.912	-2	1	5
4.199	4.916	102.645	-109.033	-2	1	5
4.178	4.916	102.801	-109.154	-2	1	5
4.158	4.916	102.958	-109.274	-2	1	5
4.158	4.916	102.958	-109.274	0	0	0
4.137	4.916	103.115	-109.396	-2	1	5
4.116	4.916	103.271	-109.517	-2	1	5
4.095	4.916	103.428	-109.637	-2	1	5
4.075	4.916	103.585	-109.758	-2	1	5
4.054	4.916	103.742	-109.878	-2	1	5
4.033	4.916	103.899	-109.998	-2	1	5
4.033	4.916	103.899	-109.998	0	0	0
4.012	4.916	104.056	-110.119	-2	1	5
3.992	4.915	104.213	-110.240	-2	1	5
3.971	4.915	104.371	-110.360	-2	1	5
3.950	4.915	104.528	-110.480	-2	1	5
3.929	4.914	104.686	-110.600	-2	1	5
3.909	4.914	104.843	-110.720	-2	1	5
3.909	4.914	104.843	-110.720	0	0	0
3.888	4.913	105.001	-110.841	-2	1	5
3.867	4.913	105.158	-110.962	-2	1	5
3.846	4.912	105.316	-111.082	-2	1	5
3.826	4.912	105.474	-111.202	-2	1	5
3.805	4.911	105.632	-111.322	-2	1	5
3.784	4.910	105.791	-111.442	-2	1	5
3.784	4.910	105.791	-111.442	0	0	0
3.742	4.912	106.115	-111.665	-4	3	11
3.700	4.910	106.438	-111.908	-4	3	11
3.658	4.906	106.757	-112.171	-4	3	11
3.616	4.897	107.070	-112.451	-4	3	11
3.616	4.897	107.070	-112.451	0	0	0
3.580	4.885	107.346	-112.731	-3	3	8
3.544	4.871	107.612	-113.022	-3	3	8
3.509	4.854	107.868	-113.324	-3	3	8
3.476	4.834	108.113	-113.634	-3	4	11
3.444	4.812	108.344	-113.950	-3	4	11
3.414	4.788	108.561	-114.273	-2	4	11
3.385	4.761	108.762	-114.599	-2	4	11
3.359	4.733	108.946	-114.927	-2	4	11
3.335	4.703	109.112	-115.255	-2	4	11
3.313	4.671	109.258	-115.582	-2	4	11
3.293	4.638	109.385	-115.906	-1	4	11
3.276	4.603	109.489	-116.226	-1	4	11
3.261	4.567	109.572	-116.539	-1	4	11
3.261	4.567	109.572	-116.539	0	0	0
3.243	4.517	109.662	-116.965	-1	5	14
3.228	4.465	109.734	-117.384	-1	5	14
3.228	4.465	109.734	-117.384	0	0	0
3.221	4.443	109.759	-117.559	0	2	5
3.215	4.421	109.784	-117.733	0	2	5
3.209	4.400	109.809	-117.908	0	2	5
3.209	4.400	109.809	-117.908	0	0	0
3.204	4.381	109.829	-118.055	0	2	5
3.199	4.363	109.850	-118.202	0	2	5
3.194	4.344	109.870	-118.349	0	2	5
3.188	4.326	109.889	-118.495	0	2	5
3.183	4.307	109.908	-118.642	0	2	5
3.178	4.289	109.927	-118.788	0	2	5
3.173	4.270	109.946	-118.934	0	2	5
3.173	4.270	109.946	-118.934	0	0	0
3.166	4.248	109.967	-119.112	0	2	5
3.160	4.225	109.988	-119.289	0	2	5
3.154	4.203	110.008	-119.466	0	2	5
3.148	4.180	110.028	-119.643	0	2	5
3.148	4.180	110.028	-119.643	0	0	0
3.143	4.161	110.044	-119.794	0	2	5
3.137	4.141	110.059	-119.944	0	2	5
3.132	4.122	110.074	-120.094	0	2	5
3.127	4.103	110.089	-120.245	0	2	5
3.122	4.083	110.103	-120.394	0	2	5
3.122	4.083	110.103	-120.394	0	0	0
3.116	4.064	110.116	-120.546	0	2	5
3.111	4.044	110.128	-120.697	0	2	5
3.106	4.024	110.140	-120.849	0	2	5
3.101	4.005	110.152	-121.000	0	2	5
3.096	3.985	110.164	-121.150	0	2	5
3.096	3.985	110.164	-121.150	0	0	0
3.091	3.966	110.173	-121.296	0	2	5
3.086	3.947	110.182	-121.441	0	2	5
3.081	3.928	110.190	-121.585	0	2	5
3.076	3.909	110.198	-121.730	0	2	5
3.072	3.890	110.205	-121.875	0	2	5
3.072	3.890	110.205	-121.875	0	0	0
3.057	3.845	110.251	-122.228	-1	4	11
3.047	3.800	110.251	-122.563	0	4	11
3.042	3.753	110.207	-122.875	1	4	11
3.042	3.707	110.117	-123.160	1	3	8
3.042	3.707	110.117	-123.160	0	0	0
3.047	3.666	109.993	-123.378	1	2	5
3.059	3.626	109.819	-123.556	2	2	5
3.076	3.589	109.599	-123.688	2	2	5
3.098	3.555	109.340	-123.771	3	1	8
3.125	3.524	109.046	-123.804	3	0	8
3.157	3.498	108.725	-123.786	4	0	11
3.192	3.477	108.386	-123.717	4	-1	11
3.230	3.461	108.036	-123.599	4	-1	11
3.230	3.461	108.036	-123.599	0	0	0
3.275	3.453	107.641	-123.387	4	-2	11
3.322	3.450	107.253	-123.144	4	-3	11
3.368	3.451	106.877	-122.870	4	-3	11
3.368	3.451	106.877	-122.870	0	0	0
3.388	3.451	106.713	-122.757	2	-1	5
3.408	3.451	106.548	-122.644	2	-1	5
3.428	3.450	106.384	-122.530	2	-1	5
3.448	3.450	106.221	-122.416	2	-1	5
3.468	3.450	106.057	-122.302	2	-1	5
3.488	3.450	105.894	-122.188	2	-1	5
3.488	3.450	105.894	-122.188	0	0	0
3.509	3.450	105.723	-122.066	2	-1	5
3.530	3.450	105.553	-121.944	2	-1	5
3.551	3.449	105.383	-121.822	2	-1	5
3.572	3.449	105.213	-121.700	2	-1	5
3.593	3.449	105.044	-121.577	2	-1	5
3.614	3.449	104.875	-121.454	2	-1	5
3.614	3.449	104.875	-121.454	0	0	0
3.633	3.449	104.721	-121.341	2	-1	5
3.652	3.449	104.568	-121.227	2	-1	5
3.671	3.449	104.414	-121.114	2	-1	5
3.690	3.449	104.261	-121.000	2	-1	5
3.709	3.450	104.108	-120.885	2	-1	5
3.729	3.450	103.956	-120.771	2	-1	5
3.748	3.450	103.803	-120.656	2	-1	5
3.767	3.450	103.651	-120.542	2	-1	5
3.786	3.450	103.499	-120.426	2	-1	5
3.805	3.450	103.347	-120.311	2	-1	5
3.824	3.450	103.196	-120.195	2	-1	5
3.843	3.450	103.044	-120.080	2	-1	5
3.862	3.450	102.893	-119.964	2	-1	5
3.882	3.450	102.742	-119.847	2	-1	5
3.901	3.450	102.591	-119.731	2	-1	5
3.920	3.450	102.441	-119.614	2	-1	5
3.939	3.450	102.290	-119.497	2	-1	5
3.939	3.450	102.290	-119.497	0	0	0
3.960	3.450	102.128	-119.372	2	-1	5
3.980	3.450	101.967	-119.247	2	-1	5
4.001	3.450	101.805	-119.121	2	-1	5
4.001	3.450	101.805	-119.121	0	0	0
4.025	3.448	101.615	-118.984	2	-2	5
4.025	3.448	101.615	-118.984	0	0	0
4.019	3.420	101.590	-119.171	0	2	5
4.019	3.420	101.590	-119.171	0	0	0
4.013	3.397	101.577	-119.340	0	2	5
4.007	3.373	101.565	-119.508	0	2	5
4.001	3.349	101.551	-119.676	0	2	5
4.001	3.349	101.551	-119.676	0	0	0
3.996	3.328	101.541	-119.825	0	2	5
3.990	3.308	101.530	-119.974	0	2	5
3.984	3.287	101.519	-120.123	0	2	5
3.979	3.266	101.507	-120.272	0	2	5
3.973	3.245	101.494	-120.420	0	2	5
3.973	3.245	101.494	-120.420	0	0	0
3.968	3.226	101.483	-120.557	0	2	5
3.963	3.206	101.472	-120.694	0	2	5
3.958	3.187	101.460	-120.831	0	2	5
3.952	3.168	101.448	-120.967	0	2	5
3.947	3.149	101.435	-121.103	0	2	5
3.942	3.129	101.422	-121.239	0	2	5
3.937	3.110	101.409	-121.375	0	2	5
3.931	3.091	101.395	-121.510	0	2	5
3.926	3.072	101.380	-121.646	0	2	5
3.921	3.053	101.365	-121.781	0	2	5
3.916	3.033	101.350	-121.916	0	2	5
3.911	3.014	101.334	-122.050	0	2	5
3.905	2.995	101.318	-122.185	0	2	5
3.900	2.976	101.301	-122.319	0	2	5
3.900	2.976	101.301	-122.319	0	0	0
3.895	2.956	101.284	-122.454	0	2	5
3.889	2.937	101.267	-122.590	0	2	5
3.884	2.917	101.249	-122.725	0	2	5
3.879	2.898	101.231	-122.859	0	2	5
3.873	2.879	101.212	-122.994	0	2	5
3.868	2.859	101.193	-123.128	0	2	5
3.863	2.840	101.173	-123.262	0	2	5
3.857	2.821	101.153	-123.396	0	2	5
3.852	2.801	101.132	-123.530	0	2	5
3.847	2.782	101.111	-123.663	0	2	5
3.841	2.762	101.089	-123.797	0	2	5
3.836	2.743	101.067	-123.930	0	2	5
3.830	2.724	101.045	-124.062	0	2	5
3.825	2.704	101.021	-124.195	0	2	5
3.820	2.685	100.998	-124.327	0	2	5
3.814	2.666	100.974	-124.459	0	2	5
3.814	2.666	100.974	-124.459	0	0	0
3.809	2.647	100.950	-124.586	0	1	2
3.804	2.628	100.925	-124.713	0	1	2
3.799	2.610	100.901	-124.840	0	1	2
3.794	2.591	100.876	-124.966	0	1	2
3.789	2.572	100.850	-125.092	0	1	2
3.789	2.572	100.850	-125.092	0	0	0
3.766	2.529	100.876	-125.453	0	4	11
3.731	2.494	101.026	-125.845	-2	4	11
3.688	2.471	101.289	-126.233	-3	4	11
3.688	2.471	101.289	-126.233	0	0	0
3.646	2.468	101.613	-126.515	-4	3	11
3.604	2.465	101.943	-126.791	-4	3	11
3.562	2.464	102.280	-127.060	-4	3	11
3.520	2.464	102.622	-127.323	-4	3	11
3.478	2.464	102.969	-127.580	-4	3	11
3.436	2.466	103.322	-127.829	-4	3	11
3.436	2.466	103.322	-127.829	0	0	0
3.417	2.468	103.487	-127.942	-2	1	5
3.397	2.469	103.652	-128.054	-2	1	5
3.397	2.469	103.652	-128.054	0	0	0
3.349	2.474	104.076	-128.323	-5	3	14
3.349	2.474	104.076	-128.323	0	0	0
3.315	2.507	104.480	-128.362	-5	0	14
3.303	2.553	104.744	-128.195	-3	-2	8
3.303	2.553	104.744	-128.195	0	0	0
3.307	2.586	104.834	-127.999	-1	-2	5
3.307	2.586	104.834	-127.999	0	0	0
3.313	2.607	104.856	-127.854	0	-2	5
3.319	2.628	104.876	-127.708	0	-2	5
3.326	2.648	104.897	-127.562	0	-2	5
3.332	2.669	104.916	-127.416	0	-2	5
3.338	2.690	104.935	-127.269	0	-2	5
3.344	2.710	104.954	-127.123	0	-2	5
3.351	2.731	104.972	-126.976	0	-2	5
3.351	2.731	104.972	-126.976	0	0	0
3.364	2.771	104.991	-126.681	0	-3	8
3.376	2.811	105.023	-126.393	0	-3	8
3.387	2.852	105.069	-126.111	-1	-3	8
3.395	2.894	105.127	-125.837	-1	-3	8
3.402	2.935	105.198	-125.569	-1	-3	8
3.402	2.935	105.198	-125.569	0	0	0
3.395	2.972	105.370	-125.415	-2	-2	5
3.395	2.972	105.370	-125.415	0	0	0
3.354	2.976	105.721	-125.631	-4	2	11
3.313	2.980	106.072	-125.851	-4	2	11
3.272	2.983	106.423	-126.073	-4	3	11
3.231	2.986	106.772	-126.298	-4	3	11
3.190	2.988	107.122	-126.526	-4	3	11
3.149	2.989	107.471	-126.757	-4	3	11
3.108	2.989	107.819	-126.991	-4	3	11
3.067	2.989	108.166	-127.227	-4	3	11
3.067	2.989	108.166	-127.227	0	0	0
3.046	2.988	108.348	-127.352	-2	1	5
3.024	2.988	108.530	-127.476	-2	1	5
3.003	2.987	108.713	-127.600	-2	1	5
3.003	2.987	108.713	-127.600	0	0	0
2.981	2.987	108.895	-127.726	-2	1	5
2.960	2.986	109.077	-127.852	-2	1	5
2.938	2.985	109.259	-127.977	-2	1	5
2.917	2.984	109.442	-128.101	-2	1	5
2.895	2.984	109.626	-128.226	-2	1	5
2.874	2.983	109.809	-128.350	-2	1	5
2.874	2.983	109.809	-128.350	0	0	0
2.828	2.950	110.112	-128.791	-3	5	14
2.828	2.950	110.112	-128.791	0	0	0
2.815	2.914	110.120	-129.068	0	3	8
2.802	2.878	110.119	-129.341	0	3	8
2.791	2.842	110.109	-129.611	0	3	8
2.780	2.805	110.090	-129.877	0	3	8
2.770	2.768	110.061	-130.140	0	3	8
2.760	2.731	110.023	-130.399	0	3	8
2.760	2.731	110.023	-130.399	0	0	0
2.755	2.709	109.997	-130.549	0	2	5
2.750	2.687	109.971	-130.700	0	2	5
2.745	2.666	109.944	-130.850	0	2	5
2.745	2.666	109.944	-130.850	0	0	0
2.740	2.646	109.921	-130.982	0	2	5
2.735	2.627	109.897	-131.114	0	2	5
2.730	2.608	109.873	-131.245	0	1	2
2.726	2.589	109.848	-131.377	0	1	2
2.721	2.570	109.823	-131.508	0	1	2
2.721	2.570	109.823	-131.508	0	0	0
2.715	2.540	109.766	-131.700	1	2	5
2.715	2.540	109.766	-131.700	0	0	0
2.713	2.501	109.645	-131.926	1	3	8
2.716	2.462	109.472	-132.119	2	2	5
2.725	2.424	109.251	-132.274	3	2	8
2.739	2.387	108.986	-132.389	3	1	8
2.758	2.353	108.683	-132.461	3	1	8
2.782	2.322	108.349	-132.488	4	0	11
2.810	2.294	107.992	-132.470	4	0	11
2.841	2.271	107.619	-132.406	4	-1	11
2.841	2.271	107.619	-132.406	0	0	0
2.879	2.253	107.217	-132.278	5	-1	14
2.918	2.239	106.817	-132.114	5	-2	14
2.959	2.231	106.428	-131.916	4	-2	11
3.000	2.227	106.054	-131.687	4	-3	11
3.000	2.227	106.054	-131.687	0	0	0
3.019	2.227	105.888	-131.575	2	-1	5
3.038	2.226	105.722	-131.464	2	-1	5
3.057	2.226	105.556	-131.352	2	-1	5
3.076	2.225	105.391	-131.239	2	-1	5
3.095	2.225	105.226	-131.127	2	-1	5
3.114	2.224	105.062	-131.014	2	-1	5
3.114	2.224	105.062	-131.014	0	0	0
3.133	2.224	104.898	-130.900	2	-1	5
3.152	2.224	104.735	-130.786	2	-1	5
3.171	2.223	104.573	-130.671	2	-1	5
3.190	2.223	104.411	-130.557	2	-1	5
3.209	2.223	104.249	-130.442	2	-1	5
3.228	2.222	104.087	-130.327	2	-1	5
3.228	2.222	104.087	-130.327	0	0	0
3.247	2.222	103.927	-130.210	2	-1	5
3.266	2.222	103.766	-130.094	2	-1	5
3.286	2.222	103.606	-129.977	2	-1	5
3.305	2.222	103.447	-129.860	2	-1	5
3.324	2.222	103.288	-129.743	2	-1	5
3.343	2.222	103.129	-129.625	2	-1	5
3.343	2.222	103.129	-129.625	0	0	0
3.362	2.222	102.971	-129.507	2	-1	5
3.381	2.222	102.813	-129.388	2	-1	5
3.400	2.222	102.656	-129.269	2	-1	5
3.419	2.222	102.499	-129.150	2	-1	5
3.438	2.222	102.342	-129.031	2	-1	5
3.457	2.222	102.186	-128.912	2	-1	5
3.457	2.222	102.186	-128.912	0	0	0
3.476	2.222	102.030	-128.792	2	-1	5
3.495	2.222	101.875	-128.671	2	-1	5
3.514	2.222	101.720	-128.550	2	-1	5
3.533	2.223	101.565	-128.430	2	-1	5
3.552	2.223	101.411	-128.309	2	-1	5
3.571	2.223	101.257	-128.187	2	-1	5
3.571	2.223	101.257	-128.187	0	0	0
3.590	2.223	101.103	-128.065	2	-1	5
3.609	2.223	100.950	-127.943	2	-1	5
3.628	2.224	100.798	-127.821	2	-1	5
3.647	2.224	100.645	-127.698	2	-1	5
3.666	2.224	100.493	-127.575	2	-1	5
3.685	2.224	100.341	-127.452	2	-1	5
3.704	2.225	100.190	-127.329	2	-1	5
3.723	2.225	100.038	-127.206	2	-1	5
3.742	2.225	99.887	-127.082	2	-1	5
3.761	2.225	99.737	-126.958	2	-1	5
3.780	2.226	99.586	-126.834	2	-1	5
3.799	2.226	99.436	-126.710	2	-1	5
3.818	2.226	99.286	-126.586	2	-1	5
3.837	2.226	99.136	-126.461	2	-1	5
3.856	2.226	98.987	-126.336	2	-1	5
3.875	2.227	98.838	-126.211	2	-1	5
3.894	2.227	98.689	-126.086	2	-1	5
3.913	2.227	98.541	-125.961	2	-1	5
3.913	2.227	98.541	-125.961	0	0	0
3.937	2.228	98.355	-125.797	2	-2	5
3.937	2.228	98.355	-125.797	0	0	0
3.978	2.233	98.056	-125.508	3	-3	8
4.018	2.242	97.780	-125.204	3	-3	8
4.057	2.254	97.529	-124.888	3	-4	11
4.094	2.271	97.305	-124.564	3	-4	11
4.130	2.291	97.109	-124.234	2	-4	11
4.163	2.315	96.944	-123.902	2	-4	11
4.163	2.315	96.944	-123.902	0	0	0
4.196	2.336	96.778	-123.586	2	-4	11
4.227	2.360	96.634	-123.269	2	-4	11
4.256	2.386	96.513	-122.954	1	-4	11
4.283	2.414	96.415	-122.643	1	-4	11
4.307	2.445	96.340	-122.336	1	-3	8
4.329	2.477	96.289	-122.036	1	-3	8
4.349	2.510	96.261	-121.745	0	-3	8
4.349	2.510	96.261	-121.745	0	0	0
4.374	2.570	96.288	-121.294	0	-5	14
4.374	2.570	96.288	-121.294	0	0	0
4.379	2.589	96.313	-121.166	0	-1	2
4.385	2.608	96.338	-121.037	0	-1	2
4.391	2.627	96.362	-120.908	0	-1	2
4.396	2.646	96.386	-120.778	0	-1	2
4.402	2.666	96.409	-120.649	0	-1	2
4.402	2.666	96.409	-120.649	0	0	0
4.408	2.687	96.435	-120.500	0	-2	5
4.414	2.709	96.461	-120.352	0	-2	5
4.421	2.731	96.486	-120.202	0	-2	5
4.421	2.731	96.486	-120.202	0	0	0
4.426	2.749	96.506	-120.077	0	-1	2
4.426	2.749	96.506	-120.077	0	0	0
4.432	2.769	96.529	-119.942	0	-2	5
4.437	2.789	96.552	-119.806	0	-2	5
4.443	2.809	96.574	-119.670	0	-2	5
4.449	2.829	96.596	-119.533	0	-2	5
4.454	2.849	96.617	-119.397	0	-2	5
4.460	2.869	96.638	-119.260	0	-2	5
4.465	2.889	96.658	-119.123	0	-2	5
4.471	2.909	96.678	-118.985	0	-2	5
4.477	2.929	96.698	-118.848	0	-2	5
4.477	2.929	96.698	-118.848	0	0	0
4.482	2.949	96.718	-118.711	0	-2	5
4.487	2.969	96.737	-118.573	0	-2	5
4.493	2.989	96.757	-118.436	0	-2	5
4.498	3.009	96.775	-118.298	0	-2	5
4.504	3.029	96.793	-118.160	0	-2	5
4.509	3.049	96.811	-118.021	0	-2	5
4.515	3.069	96.828	-117.883	0	-2	5
4.520	3.089	96.845	-117.744	0	-2	5
4.526	3.109	96.861	-117.605	0	-2	5
4.526	3.109	96.861	-117.605	0	0	0
4.531	3.129	96.878	-117.466	0	-2	5
4.536	3.149	96.895	-117.327	0	-2	5
4.542	3.169	96.911	-117.188	0	-2	5
4.547	3.189	96.926	-117.048	0	-2	5
4.552	3.210	96.941	-116.908	0	-2	5
4.558	3.230	96.956	-116.768	0	-2	5
4.563	3.250	96.970	-116.628	0	-2	5
4.568	3.270	96.984	-116.487	0	-2	5
4.574	3.290	96.997	-116.347	0	-2	5
4.574	3.290	96.997	-116.347	0	0	0
4.579	3.310	97.010	-116.206	0	-2	5
4.584	3.330	97.023	-116.065	0	-2	5
4.589	3.350	97.036	-115.924	0	-2	5
4.594	3.370	97.048	-115.783	0	-2	5
4.600	3.390	97.060	-115.641	0	-2	5
4.605	3.410	97.071	-115.499	0	-2	5
4.610	3.430	97.082	-115.357	0	-2	5
4.615	3.450	97.093	-115.215	0	-2	5
4.621	3.470	97.103	-115.072	0	-2	5
4.621	3.470	97.103	-115.072	0	0	0
4.626	3.491	97.113	-114.930	0	-2	5
4.631	3.511	97.122	-114.787	0	-2	5
4.636	3.531	97.132	-114.644	0	-2	5
4.641	3.551	97.140	-114.501	0	-2	5
4.646	3.571	97.149	-114.357	0	-2	5
4.651	3.591	97.157	-114.214	0	-2	5
4.657	3.611	97.164	-114.070	0	-2	5
4.662	3.631	97.171	-113.925	0	-2	5
4.667	3.651	97.178	-113.781	0	-2	5
4.667	3.651	97.178	-113.781	0	0	0
4.672	3.670	97.184	-113.644	0	-2	5
4.676	3.690	97.190	-113.507	0	-2	5
4.681	3.709	97.196	-113.369	0	-2	5
4.686	3.728	97.201	-113.232	0	-2	5
4.691	3.747	97.206	-113.094	0	-2	5
4.696	3.766	97.210	-112.956	0	-2	5
4.701	3.785	97.214	-112.818	0	-2	5
4.705	3.804	97.218	-112.679	0	-2	5
4.710	3.823	97.221	-112.541	0	-2	5
4.715	3.842	97.224	-112.402	0	-2	5
4.720	3.861	97.226	-112.262	0	-2	5
4.725	3.880	97.229	-112.123	0	-2	5
4.729	3.899	97.230	-111.983	0	-2	5
4.734	3.918	97.232	-111.843	0	-2	5
4.739	3.937	97.233	-111.703	0	-2	5
4.744	3.956	97.233	-111.563	0	-2	5
4.749	3.975	97.234	-111.422	0	-2	5
4.753	3.994	97.234	-111.281	0	-2	5
4.758	4.014	97.233	-111.140	0	-2	5
4.758	4.014	97.233	-111.140	0	0	0
4.764	4.033	97.228	-110.993	0	-2	5
4.769	4.052	97.222	-110.845	0	-2	5
4.775	4.072	97.215	-110.697	0	-2	5
4.780	4.091	97.209	-110.549	0	-2	5
4.786	4.110	97.202	-110.400	0	-2	5
4.791	4.130	97.194	-110.251	0	-2	5
4.797	4.149	97.187	-110.103	0	-2	5
4.802	4.168	97.179	-109.953	0	-2	5
4.808	4.188	97.170	-109.804	0	-2	5
4.813	4.207	97.161	-109.654	0	-2	5
4.819	4.226	97.152	-109.504	0	-2	5
4.819	4.226	97.152	-109.504	0	0	0
4.824	4.247	97.144	-109.348	0	-2	5
4.830	4.267	97.135	-109.191	0	-2	5
4.835	4.287	97.126	-109.034	0	-2	5
4.841	4.308	97.116	-108.877	0	-2	5
4.847	4.328	97.107	-108.720	0	-2	5
4.852	4.348	97.096	-108.562	0	-2	5
4.858	4.369	97.086	-108.404	0	-2	5
4.858	4.369	97.086	-108.404	0	0	0
4.866	4.400	97.071	-108.167	0	-3	8
4.866	4.400	97.071	-108.167	0	0	0
4.871	4.421	97.061	-107.999	0	-2	5
4.877	4.443	97.051	-107.830	0	-2	5
4.882	4.465	97.040	-107.662	0	-2	5
4.882	4.465	97.040	-107.662	0	0	0
4.888	4.488	97.029	-107.482	0	-2	5
4.894	4.512	97.018	-107.303	0	-2	5
4.321	4.553	101.345	-110.630	-49	38	143
4.317	4.533	101.357	-110.782	0	2	5
4.312	4.514	101.369	-110.935	0	2	5
4.307	4.494	101.381	-111.087	0	2	5
4.302	4.474	101.392	-111.239	0	2	5
4.297	4.455	101.403	-111.391	0	2	5
4.292	4.435	101.414	-111.542	0	2	5
4.287	4.415	101.424	-111.693	0	2	5
4.282	4.396	101.434	-111.844	0	2	5
4.277	4.376	101.444	-111.995	0	2	5
4.273	4.356	101.453	-112.146	0	2	5
4.268	4.337	101.462	-112.296	0	2	5
4.263	4.317	101.470	-112.446	0	2	5
4.258	4.297	101.478	-112.596	0	2	5
4.258	4.297	101.478	-112.596	0	0	0
4.253	4.277	101.487	-112.751	0	2	5
4.248	4.257	101.495	-112.905	0	2	5
4.242	4.237	101.503	-113.060	0	2	5
4.237	4.216	101.511	-113.214	0	2	5
4.232	4.196	101.518	-113.368	0	2	5
4.227	4.176	101.525	-113.522	0	2	5
4.222	4.155	101.531	-113.676	0	2	5
4.222	4.155	101.531	-113.676	0	0	0
4.217	4.136	101.537	-113.826	0	2	5
4.212	4.116	101.544	-113.976	0	2	5
4.206	4.096	101.549	-114.126	0	2	5
4.201	4.076	101.555	-114.275	0	2	5
4.196	4.057	101.560	-114.425	0	2	5
4.191	4.037	101.564	-114.574	0	2	5
4.186	4.017	101.568	-114.722	0	2	5
4.186	4.017	101.568	-114.722	0	0	0
4.180	3.996	101.573	-114.881	0	2	5
4.175	3.975	101.578	-115.038	0	2	5
4.169	3.954	101.582	-115.196	0	2	5
4.163	3.933	101.586	-115.353	0	2	5
4.158	3.912	101.589	-115.510	0	2	5
4.152	3.891	101.592	-115.667	0	2	5
4.152	3.891	101.592	-115.667	0	0	0
4.142	3.850	101.594	-115.973	0	3	8
4.130	3.809	101.602	-116.281	0	4	11
4.118	3.769	101.615	-116.593	0	4	11
4.104	3.728	101.634	-116.907	0	4	11
4.090	3.688	101.658	-117.224	0	4	11
4.090	3.688	101.658	-117.224	0	0	0
4.076	3.684	101.758	-117.334	-1	1	2
4.076	3.684	101.758	-117.334	0	0	0
4.022	3.680	102.166	-117.683	-5	4	14
3.969	3.681	102.586	-118.006	-5	4	14
3.969	3.681	102.586	-118.006	0	0	0
3.945	3.681	102.773	-118.148	-2	2	5
3.921	3.681	102.961	-118.289	-2	2	5
3.921	3.681	102.961	-118.289	0	0	0
3.900	3.682	103.126	-118.410	-2	1	5
3.880	3.683	103.291	-118.530	-2	1	5
3.859	3.684	103.456	-118.651	-2	1	5
3.838	3.684	103.621	-118.771	-2	1	5
3.817	3.685	103.787	-118.891	-2	1	5
3.796	3.686	103.953	-119.010	-2	1	5
3.776	3.686	104.119	-119.130	-2	1	5
3.755	3.687	104.285	-119.249	-2	1	5
3.755	3.687	104.285	-119.249	0	0	0
3.707	3.692	104.672	-119.496	-4	3	11
3.662	3.707	105.064	-119.674	-4	2	11
3.662	3.707	105.064	-119.674	0	0	0
3.634	3.749	105.378	-119.594	-4	-1	11
3.633	3.800	105.484	-119.297	-1	-3	8
3.633	3.800	105.484	-119.297	0	0	0
3.636	3.815	105.490	-119.190	0	-1	2
3.636	3.815	105.490	-119.190	0	0	0
3.641	3.834	105.489	-119.049	0	-2	5
3.645	3.853	105.487	-118.907	0	-2	5
3.650	3.872	105.485	-118.766	0	-2	5
3.655	3.891	105.482	-118.625	0	-2	5
3.660	3.910	105.479	-118.483	0	-2	5
3.665	3.929	105.476	-118.341	0	-2	5
3.669	3.948	105.472	-118.199	0	-2	5
3.674	3.967	105.468	-118.056	0	-2	5
3.679	3.986	105.463	-117.914	0	-2	5
3.684	4.005	105.459	-117.771	0	-2	5
3.684	4.005	105.459	-117.771	0	0	0
3.689	4.024	105.452	-117.627	0	-2	5
3.693	4.043	105.445	-117.484	0	-2	5
3.698	4.062	105.438	-117.340	0	-2	5
3.703	4.080	105.431	-117.196	0	-2	5
3.708	4.099	105.423	-117.051	0	-2	5
3.713	4.118	105.415	-116.907	0	-2	5
3.718	4.137	105.406	-116.762	0	-2	5
3.723	4.156	105.397	-116.617	0	-2	5
3.728	4.175	105.388	-116.472	0	-2	5
3.733	4.194	105.379	-116.327	0	-2	5
3.733	4.194	105.379	-116.327	0	0	0
3.738	4.213	105.367	-116.180	0	-2	5
3.743	4.232	105.355	-116.034	0	-2	5
3.748	4.251	105.343	-115.887	0	-2	5
3.753	4.270	105.330	-115.740	0	-2	5
3.758	4.289	105.317	-115.593	0	-2	5
3.758	4.289	105.317	-115.593	0	0	0
3.764	4.308	105.302	-115.445	0	-2	5
3.769	4.326	105.287	-115.297	0	-2	5
3.774	4.345	105.272	-115.149	0	-2	5
3.780	4.364	105.256	-115.000	0	-2	5
3.785	4.383	105.240	-114.852	0	-2	5
3.785	4.383	105.240	-114.852	0	0	0
3.790	4.402	105.222	-114.702	0	-2	5
3.796	4.420	105.203	-114.552	0	-2	5
3.801	4.439	105.184	-114.402	0	-2	5
3.807	4.458	105.165	-114.251	0	-2	5
3.812	4.477	105.146	-114.101	0	-2	5
3.812	4.477	105.146	-114.101	0	0	0
3.818	4.496	105.124	-113.949	0	-2	5
3.824	4.514	105.101	-113.797	0	-2	5
3.830	4.533	105.079	-113.645	0	-2	5
3.835	4.552	105.056	-113.493	0	-2	5
3.841	4.570	105.033	-113.340	0	-2	5
3.841	4.570	105.033	-113.340	0	0	0
3.845	4.581	105.014	-113.253	0	-1	2
3.845	4.581	105.014	-113.253	0	0	0
3.866	4.613	104.889	-112.923	1	-4	11
3.894	4.640	104.700	-112.589	2	-4	11
3.928	4.659	104.460	-112.272	3	-4	11
3.966	4.670	104.184	-111.990	3	-3	8
3.966	4.670	104.184	-111.990	0	0	0
4.006	4.674	103.882	-111.732	3	-3	8
4.046	4.676	103.577	-111.483	3	-3	8
4.086	4.677	103.272	-111.244	3	-3	8
4.126	4.676	102.965	-111.014	3	-3	8
4.126	4.676	102.965	-111.014	0	0	0
4.167	4.675	102.651	-110.780	4	-3	11
4.208	4.671	102.337	-110.558	4	-3	11
4.249	4.666	102.023	-110.350	4	-2	11
4.290	4.658	101.710	-110.156	4	-2	11
4.290	4.658	101.710	-110.156	0	0	0
4.315	4.629	101.485	-110.191	3	0	8
4.326	4.592	101.356	-110.358	1	2	5
4.321	4.553	101.345	-110.630	0	3	8
2.982	4.805	111.980	-116.378	-121	65	354
2.981	4.797	111.987	-116.437	0	1	2
2.981	4.797	111.987	-116.437	0	0	0
2.976	4.777	112.016	-116.598	0	2	5
2.970	4.757	112.044	-116.760	0	2	5
2.965	4.737	112.072	-116.921	0	2	5
2.960	4.717	112.099	-117.082	0	2	5
2.955	4.697	112.126	-117.243	0	2	5
2.950	4.677	112.153	-117.404	0	2	5
2.945	4.657	112.180	-117.564	0	2	5
2.939	4.637	112.206	-117.724	0	2	5
2.939	4.637	112.206	-117.724	0	0	0
2.934	4.617	112.232	-117.885	0	2	5
2.929	4.597	112.258	-118.045	0	2	5
2.924	4.577	112.284	-118.205	0	2	5
2.918	4.557	112.310	-118.365	0	2	5
2.913	4.537	112.335	-118.524	0	2	5
2.908	4.517	112.360	-118.684	0	2	5
2.903	4.497	112.384	-118.843	0	2	5
2.897	4.477	112.408	-119.002	0	2	5
2.897	4.477	112.408	-119.002	0	0	0
2.894	4.465	112.423	-119.099	0	1	2
2.894	4.465	112.423	-119.099	0	0	0
2.888	4.443	112.449	-119.273	0	2	5
2.883	4.421	112.475	-119.446	0	2	5
2.877	4.400	112.501	-119.619	0	2	5
2.877	4.400	112.501	-119.619	0	0	0
2.871	4.379	112.525	-119.782	0	2	5
2.866	4.359	112.548	-119.945	0	2	5
2.860	4.338	112.571	-120.107	0	2	5
2.855	4.317	112.593	-120.269	0	2	5
2.855	4.317	112.593	-120.269	0	0	0
2.850	4.299	112.614	-120.418	0	2	5
2.845	4.280	112.635	-120.566	0	2	5
2.840	4.261	112.655	-120.714	0	2	5
2.834	4.242	112.675	-120.862	0	2	5
2.829	4.224	112.695	-121.010	0	2	5
2.824	4.205	112.714	-121.158	0	2	5
2.819	4.186	112.733	-121.306	0	2	5
2.814	4.167	112.752	-121.453	0	2	5
2.809	4.148	112.770	-121.600	0	2	5
2.804	4.130	112.788	-121.747	0	2	5
2.799	4.111	112.806	-121.894	0	2	5
2.794	4.092	112.823	-122.041	0	2	5
2.788	4.073	112.840	-122.188	0	2	5
2.783	4.055	112.857	-122.334	0	2	5
2.778	4.036	112.873	-122.480	0	2	5
2.773	4.017	112.889	-122.627	0	2	5
2.768	3.998	112.905	-122.772	0	2	5
2.768	3.998	112.905	-122.772	0	0	0
2.763	3.980	112.921	-122.916	0	2	5
2.758	3.961	112.936	-123.059	0	2	5
2.753	3.943	112.951	-123.202	0	2	5
2.748	3.925	112.966	-123.344	0	2	5
2.743	3.906	112.980	-123.487	0	2	5
2.737	3.888	112.994	-123.630	0	2	5
2.732	3.869	113.008	-123.772	0	2	5
2.727	3.851	113.021	-123.914	0	2	5
2.722	3.833	113.034	-124.056	0	2	5
2.717	3.814	113.047	-124.198	0	2	5
2.712	3.796	113.059	-124.340	0	2	5
2.707	3.778	113.071	-124.481	0	2	5
2.702	3.759	113.082	-124.622	0	2	5
2.697	3.741	113.094	-124.764	0	2	5
2.692	3.722	113.105	-124.905	0	2	5
2.687	3.704	113.115	-125.046	0	2	5
2.681	3.686	113.125	-125.186	0	2	5
2.676	3.667	113.135	-125.327	0	2	5
2.671	3.649	113.144	-125.467	0	2	5
2.666	3.630	113.153	-125.608	0	2	5
2.661	3.612	113.162	-125.748	0	2	5
2.656	3.594	113.170	-125.888	0	2	5
2.651	3.575	113.178	-126.028	0	2	5
2.646	3.557	113.186	-126.167	0	2	5
2.641	3.538	113.193	-126.307	0	2	5
2.636	3.520	113.200	-126.446	0	2	5
2.636	3.520	113.200	-126.446	0	0	0
2.631	3.502	113.202	-126.583	0	2	5
2.626	3.483	113.204	-126.721	0	2	5
2.622	3.465	113.205	-126.858	0	2	5
2.617	3.446	113.206	-126.995	0	2	5
2.613	3.428	113.207	-127.131	0	2	5
2.608	3.409	113.207	-127.268	0	2	5
2.603	3.391	113.207	-127.404	0	2	5
2.599	3.372	113.206	-127.540	0	2	5
2.594	3.354	113.205	-127.676	0	2	5
2.589	3.335	113.203	-127.812	0	2	5
2.585	3.317	113.201	-127.948	0	2	5
2.580	3.298	113.199	-128.084	0	2	5
2.576	3.280	113.196	-128.219	0	2	5
2.571	3.261	113.193	-128.354	0	2	5
2.566	3.243	113.190	-128.489	0	2	5
2.562	3.224	113.185	-128.624	0	2	5
2.557	3.206	113.181	-128.759	0	2	5
2.557	3.206	113.181	-128.759	0	0	0
2.552	3.186	113.177	-128.902	0	2	5
2.547	3.166	113.172	-129.046	0	2	5
2.542	3.147	113.166	-129.189	0	2	5
2.537	3.127	113.160	-129.331	0	2	5
2.532	3.108	113.154	-129.474	0	2	5
2.527	3.088	113.147	-129.617	0	2	5
2.522	3.068	113.140	-129.759	0	2	5
2.517	3.049	113.132	-129.901	0	2	5
2.517	3.049	113.132	-129.901	0	0	0
2.512	3.029	113.124	-130.043	0	2	5
2.507	3.010	113.116	-130.185	0	2	5
2.502	2.990	113.108	-130.327	0	2	5
2.497	2.970	113.099	-130.469	0	2	5
2.492	2.951	113.089	-130.610	0	2	5
2.486	2.931	113.079	-130.752	0	2	5
2.481	2.912	113.069	-130.893	0	2	5
2.476	2.892	113.058	-131.034	0	2	5
2.476	2.892	113.058	-131.034	0	0	0
2.471	2.872	113.048	-131.175	0	2	5
2.466	2.853	113.037	-131.316	0	2	5
2.460	2.833	113.025	-131.457	0	2	5
2.455	2.814	113.014	-131.598	0	2	5
2.450	2.794	113.001	-131.738	0	2	5
2.445	2.775	112.988	-131.879	0	2	5
2.440	2.755	112.975	-132.019	0	2	5
2.434	2.735	112.961	-132.159	0	2	5
2.434	2.735	112.961	-132.159	0	0	0
2.429	2.716	112.948	-132.299	0	2	5
2.423	2.696	112.934	-132.440	0	2	5
2.418	2.677	112.920	-132.580	0	2	5
2.413	2.657	112.906	-132.720	0	2	5
2.407	2.638	112.890	-132.859	0	2	5
2.402	2.618	112.875	-132.999	0	2	5
2.396	2.599	112.858	-133.138	0	2	5
2.391	2.579	112.842	-133.278	0	2	5
2.391	2.579	112.842	-133.278	0	0	0
2.385	2.560	112.826	-133.417	0	2	5
2.380	2.540	112.810	-133.557	0	2	5
2.374	2.521	112.794	-133.696	0	2	5
2.369	2.502	112.777	-133.835	0	2	5
2.363	2.482	112.759	-133.974	0	2	5
2.357	2.463	112.741	-134.113	0	2	5
2.352	2.443	112.722	-134.252	0	2	5
2.346	2.424	112.702	-134.390	0	2	5
2.346	2.424	112.702	-134.390	0	0	0
2.340	2.404	112.685	-134.529	0	2	5
2.334	2.385	112.666	-134.668	0	2	5
2.329	2.366	112.648	-134.807	0	2	5
2.323	2.346	112.628	-134.946	0	2	5
2.317	2.327	112.608	-135.084	0	2	5
2.311	2.307	112.588	-135.223	0	2	5
2.305	2.288	112.566	-135.361	0	2	5
2.299	2.269	112.544	-135.499	0	2	5
2.299	2.269	112.544	-135.499	0	0	0
2.255	2.231	112.807	-135.944	-3	5	14
2.255	2.231	112.807	-135.944	0	0	0
2.214	2.223	113.173	-136.215	-4	3	11
2.171	2.223	113.578	-136.447	-5	3	14
2.171	2.223	113.578	-136.447	0	0	0
2.149	2.222	113.782	-136.570	-2	1	5
2.128	2.221	113.986	-136.693	-2	1	5
2.106	2.220	114.191	-136.815	-2	1	5
2.106	2.220	114.191	-136.815	0	0	0
2.065	2.219	114.585	-137.045	-4	3	11
2.023	2.218	114.985	-137.270	-5	3	14
1.982	2.217	115.389	-137.490	-5	3	14
1.941	2.218	115.798	-137.706	-5	2	14
1.899	2.219	116.212	-137.917	-5	2	14
1.858	2.220	116.629	-138.124	-5	2	14
1.817	2.222	117.051	-138.325	-5	2	14
1.775	2.225	117.478	-138.521	-5	2	14
1.734	2.228	117.908	-138.712	-5	2	14
1.693	2.232	118.342	-138.898	-5	2	14
1.652	2.237	118.780	-139.078	-5	2	14
1.652	2.237	118.780	-139.078	0	0	0
1.614	2.245	119.198	-139.217	-5	2	14
1.577	2.254	119.620	-139.345	-5	1	14
1.540	2.265	120.043	-139.464	-5	1	14
1.503	2.277	120.468	-139.573	-5	1	14
1.467	2.290	120.895	-139.672	-5	1	14
1.431	2.304	121.321	-139.761	-5	1	14
1.395	2.319	121.748	-139.839	-5	1	14
1.360	2.335	122.173	-139.907	-5	1	14
1.325	2.352	122.597	-139.964	-5	1	14
1.291	2.370	123.019	-140.010	-5	1	14
1.258	2.389	123.438	-140.046	-5	0	14
1.225	2.409	123.853	-140.071	-5	0	14
1.193	2.431	124.264	-140.085	-5	0	14
1.161	2.453	124.670	-140.088	-5	0	14
1.130	2.476	125.071	-140.081	-5	0	14
1.100	2.500	125.465	-140.062	-4	0	11
1.071	2.524	125.852	-140.033	-4	0	11
1.042	2.550	126.232	-139.993	-4	0	11
1.042	2.550	126.232	-139.993	0	0	0
1.004	2.598	126.763	-139.843	-6	-2	17
1.004	2.598	126.763	-139.843	0	0	0
0.968	2.586	127.123	-140.076	-4	3	11
0.936	2.565	127.425	-140.341	-3	3	8
0.936	2.565	127.425	-140.341	0	0	0
0.916	2.553	127.614	-140.498	-2	2	5
0.896	2.542	127.804	-140.654	-2	2	5
0.876	2.530	127.995	-140.810	-2	2	5
0.856	2.518	128.187	-140.966	-2	2	5
0.856	2.518	128.187	-140.966	0	0	0
0.835	2.506	128.394	-141.131	-2	2	5
0.813	2.494	128.603	-141.295	-2	2	5
0.813	2.494	128.603	-141.295	0	0	0
0.780	2.476	128.934	-141.547	-4	3	11
0.745	2.460	129.286	-141.788	-4	3	11
0.709	2.447	129.656	-142.017	-4	3	11
0.673	2.435	130.045	-142.233	-4	2	11
0.635	2.426	130.449	-142.435	-5	2	14
0.598	2.420	130.867	-142.622	-5	2	14
0.560	2.416	131.298	-142.792	-5	2	14
0.522	2.415	131.739	-142.945	-5	2	14
0.483	2.416	132.188	-143.081	-5	2	14
0.445	2.419	132.642	-143.197	-5	1	14
0.445	2.419	132.642	-143.197	0	0	0
0.402	2.429	133.170	-143.292	-6	1	17
0.362	2.446	133.683	-143.319	-6	0	17
0.326	2.472	134.160	-143.276	-5	0	14
0.326	2.472	134.160	-143.276	0	0	0
0.298	2.500	134.539	-143.179	-4	-1	11
0.265	2.523	134.968	-143.142	-5	0	14
0.228	2.537	135.428	-143.165	-5	0	14
0.228	2.537	135.428	-143.165	0	0	0
0.193	2.570	135.900	-143.061	-5	-1	14
0.165	2.610	136.279	-142.878	-4	-2	11
0.165	2.610	136.279	-142.878	0	0	0
0.149	2.652	136.521	-142.640	-3	-3	8
0.158	2.696	136.476	-142.310	1	-4	11
0.158	2.696	136.476	-142.310	0	0	0
0.179	2.731	136.277	-142.003	2	-3	8
0.179	2.731	136.277	-142.003	0	0	0
0.129	2.763	136.880	-141.936	-7	-1	20
0.129	2.763	136.880	-141.936	0	0	0
0.112	2.808	137.128	-141.682	-3	-3	8
0.118	2.855	137.101	-141.334	0	-4	11
0.118	2.855	137.101	-141.334	0	0	0
0.125	2.892	137.045	-141.052	1	-3	8
0.134	2.929	136.979	-140.768	1	-3	8
0.143	2.966	136.903	-140.483	1	-3	8
0.153	3.003	136.818	-140.197	1	-3	8
0.163	3.040	136.724	-139.909	1	-3	8
0.175	3.076	136.620	-139.621	1	-3	8
0.187	3.112	136.508	-139.332	1	-3	8
0.199	3.148	136.387	-139.042	1	-3	8
0.213	3.183	136.257	-138.751	1	-3	8
0.227	3.218	136.120	-138.461	2	-3	8
0.242	3.253	135.974	-138.169	2	-3	8
0.242	3.253	135.974	-138.169	0	0	0
0.252	3.278	135.873	-137.967	1	-2	5
0.263	3.302	135.771	-137.764	1	-2	5
0.263	3.302	135.771	-137.764	0	0	0
0.273	3.326	135.666	-137.561	1	-2	5
0.284	3.350	135.562	-137.358	1	-2	5
0.284	3.350	135.562	-137.358	0	0	0
0.295	3.374	135.454	-137.155	1	-2	5
0.306	3.398	135.346	-136.952	1	-2	5
0.306	3.398	135.346	-136.952	0	0	0
0.315	3.418	135.258	-136.789	1	-2	5
0.324	3.437	135.170	-136.627	1	-2	5
0.333	3.456	135.082	-136.464	1	-2	5
0.342	3.475	134.993	-136.301	1	-2	5
0.351	3.494	134.905	-136.138	1	-2	5
0.351	3.494	134.905	-136.138	0	0	0
0.362	3.518	134.794	-135.934	1	-2	5
0.373	3.542	134.682	-135.730	1	-2	5
0.373	3.542	134.682	-135.730	0	0	0
0.397	3.576	134.450	-135.417	3	-4	11
0.413	3.614	134.293	-135.098	2	-4	11
0.413	3.614	134.293	-135.098	0	0	0
0.417	3.661	134.257	-134.752	0	-4	11
0.417	3.707	134.260	-134.417	0	-4	11
0.413	3.754	134.301	-134.095	0	-4	11
0.413	3.754	134.301	-134.095	0	0	0
0.415	3.802	134.272	-133.742	0	-4	11
0.427	3.849	134.147	-133.370	1	-4	11
0.448	3.892	133.933	-132.994	2	-4	11
0.448	3.892	133.933	-132.994	0	0	0
0.473	3.925	133.687	-132.686	3	-4	11
0.500	3.955	133.420	-132.384	3	-3	8
0.529	3.984	133.131	-132.091	3	-3	8
0.561	4.010	132.824	-131.807	3	-3	8
0.594	4.033	132.501	-131.535	4	-3	11
0.629	4.054	132.163	-131.276	4	-3	11
0.629	4.054	132.163	-131.276	0	0	0
0.663	4.096	131.837	-130.863	4	-5	14
0.663	4.096	131.837	-130.863	0	0	0
0.644	4.134	132.006	-130.652	-2	-2	5
0.644	4.134	132.006	-130.652	0	0	0
0.654	4.171	131.905	-130.354	1	-3	8
0.666	4.207	131.782	-130.054	1	-3	8
0.680	4.242	131.637	-129.752	2	-3	8
0.697	4.277	131.472	-129.450	2	-3	8
0.716	4.310	131.287	-129.149	2	-3	8
0.737	4.342	131.084	-128.850	2	-3	8
0.737	4.342	131.084	-128.850	0	0	0
0.773	4.381	130.738	-128.452	4	-5	14
0.793	4.430	130.533	-128.028	2	-5	14
0.793	4.430	130.533	-128.028	0	0	0
0.797	4.435	130.498	-127.979	0	-1	2
0.797	4.435	130.498	-127.979	0	0	0
0.811	4.451	130.367	-127.821	1	-2	5
0.824	4.466	130.235	-127.662	1	-2	5
0.838	4.482	130.105	-127.503	1	-2	5
0.852	4.498	129.974	-127.344	1	-2	5
0.866	4.513	129.844	-127.185	1	-2	5
0.866	4.513	129.844	-127.185	0	0	0
0.893	4.547	129.583	-126.851	3	-4	11
0.923	4.579	129.305	-126.523	3	-4	11
0.954	4.608	129.013	-126.201	3	-4	11
0.988	4.636	128.706	-125.888	3	-4	11
1.023	4.662	128.387	-125.584	4	-3	11
1.059	4.685	128.057	-125.290	4	-3	11
1.059	4.685	128.057	-125.290	0	0	0
1.096	4.707	127.726	-125.006	4	-3	11
1.136	4.723	127.373	-124.756	4	-3	11
1.177	4.732	127.006	-124.547	4	-2	11
1.220	4.734	126.635	-124.382	4	-2	11
1.220	4.734	126.635	-124.382	0	0	0
1.290	4.738	126.031	-124.111	7	-3	20
1.290	4.738	126.031	-124.111	0	0	0
1.323	4.758	125.742	-123.845	3	-3	8
1.356	4.778	125.450	-123.582	3	-3	8
1.390	4.796	125.154	-123.323	3	-3	8
1.424	4.814	124.856	-123.069	3	-3	8
1.459	4.831	124.554	-122.818	3	-3	8
1.494	4.847	124.251	-122.572	3	-3	8
1.494	4.847	124.251	-122.572	0	0	0
1.531	4.862	123.931	-122.321	4	-3	11
1.569	4.877	123.608	-122.077	4	-3	11
1.607	4.889	123.283	-121.840	4	-3	11
1.646	4.900	122.954	-121.611	4	-3	11
1.685	4.910	122.624	-121.391	4	-3	11
1.725	4.918	122.292	-121.178	4	-2	11
1.764	4.925	121.959	-120.974	4	-2	11
1.804	4.930	121.625	-120.779	4	-2	11
1.844	4.934	121.290	-120.593	4	-2	11
1.885	4.936	120.955	-120.416	4	-2	11
1.925	4.936	120.621	-120.249	4	-2	11
1.965	4.936	120.287	-120.091	4	-2	11
2.006	4.933	119.954	-119.943	4	-2	11
2.046	4.929	119.623	-119.804	4	-2	11
2.046	4.929	119.623	-119.804	0	0	0
2.084	4.919	119.304	-119.713	4	-1	11
2.124	4.912	118.979	-119.598	4	-1	11
2.163	4.908	118.652	-119.460	4	-2	11
2.203	4.906	118.324	-119.300	4	-2	11
2.243	4.907	117.997	-119.118	4	-2	11
2.243	4.907	117.997	-119.118	0	0	0
2.267	4.907	117.803	-119.016	2	-1	5
2.290	4.907	117.610	-118.913	2	-1	5
2.314	4.907	117.417	-118.810	2	-1	5
2.338	4.907	117.224	-118.707	2	-1	5
2.338	4.907	117.224	-118.707	0	0	0
2.361	4.907	117.032	-118.601	2	-1	5
2.385	4.907	116.839	-118.495	2	-1	5
2.408	4.907	116.647	-118.389	2	-1	5
2.432	4.907	116.455	-118.282	2	-1	5
2.432	4.907	116.455	-118.282	0	0	0
2.452	4.907	116.291	-118.190	2	-1	5
2.472	4.908	116.126	-118.097	2	-1	5
2.493	4.908	115.962	-118.003	2	-1	5
2.513	4.908	115.798	-117.910	2	-1	5
2.533	4.908	115.634	-117.816	2	-1	5
2.553	4.908	115.471	-117.721	2	-1	5
2.574	4.908	115.307	-117.627	2	-1	5
2.594	4.909	115.144	-117.532	2	-1	5
2.614	4.909	114.981	-117.436	2	-1	5
2.634	4.909	114.818	-117.341	2	-1	5
2.655	4.909	114.655	-117.245	2	-1	5
2.675	4.909	114.492	-117.149	2	-1	5
2.695	4.910	114.329	-117.052	2	-1	5
2.715	4.910	114.167	-116.955	2	-1	5
2.715	4.910	114.167	-116.955	0	0	0
2.739	4.910	113.978	-116.843	2	-1	5
2.763	4.910	113.788	-116.730	2	-1	5
2.786	4.910	113.599	-116.617	2	-1	5
2.810	4.910	113.411	-116.504	2	-1	5
2.810	4.910	113.411	-116.504	0	0	0
2.830	4.910	113.251	-116.409	2	-1	5
2.850	4.909	113.092	-116.315	2	-1	5
2.870	4.909	112.933	-116.220	2	-1	5
2.890	4.909	112.774	-116.124	2	-1	5
2.909	4.909	112.616	-116.029	2	-1	5
2.909	4.909	112.616	-116.029	0	0	0
2.953	4.891	112.261	-115.939	4	-1	11
2.980	4.852	112.025	-116.068	3	1	8
2.982	4.805	111.980	-116.378	1	4	11
2.352	4.636	117.010	-120.532	-57	47	166
2.346	4.612	117.043	-120.723	0	2	5
2.341	4.588	117.075	-120.914	0	2	5
2.352	4.636	117.010	-120.532	1	-4	11
2.348	4.639	117.046	-120.531	0	0	0
2.348	4.639	117.046	-120.531	0	0	0
2.306	4.652	117.395	-120.625	-4	1	11
2.263	4.658	117.755	-120.772	-4	2	11
2.263	4.658	117.755	-120.772	0	0	0
2.225	4.662	118.076	-120.918	-4	2	11
2.187	4.664	118.397	-121.073	-4	2	11
2.148	4.664	118.719	-121.237	-4	2	11
2.110	4.664	119.041	-121.409	-4	2	11
2.071	4.661	119.363	-121.590	-4	2	11
2.033	4.658	119.684	-121.779	-4	2	11
2.033	4.658	119.684	-121.779	0	0	0
1.989	4.655	120.052	-121.980	-4	2	11
1.946	4.650	120.418	-122.198	-4	2	11
1.903	4.643	120.781	-122.432	-4	3	11
1.860	4.632	121.140	-122.682	-4	3	11
1.818	4.619	121.492	-122.946	-4	3	11
1.778	4.603	121.838	-123.224	-4	3	11
1.778	4.603	121.838	-123.224	0	0	0
1.737	4.586	122.184	-123.510	-4	3	11
1.696	4.568	122.529	-123.799	-4	3	11
1.656	4.549	122.872	-124.090	-4	3	11
1.656	4.549	122.872	-124.090	0	0	0
1.636	4.539	123.043	-124.238	-2	2	5
1.616	4.530	123.214	-124.384	-2	2	5
1.616	4.530	123.214	-124.384	0	0	0
1.596	4.520	123.383	-124.533	-2	2	5
1.577	4.510	123.554	-124.681	-2	2	5
1.557	4.500	123.724	-124.828	-2	2	5
1.537	4.490	123.895	-124.976	-2	2	5
1.537	4.490	123.895	-124.976	0	0	0
1.526	4.461	123.985	-125.219	-1	3	8
1.526	4.461	123.985	-125.219	0	0	0
1.532	4.420	123.923	-125.484	1	3	8
1.541	4.380	123.840	-125.736	1	3	8
1.551	4.340	123.735	-125.975	1	3	8
1.551	4.340	123.735	-125.975	0	0	0
1.555	4.301	123.683	-126.232	1	3	8
1.549	4.262	123.719	-126.526	0	3	8
1.534	4.226	123.843	-126.839	-1	4	11
1.509	4.196	124.047	-127.150	-2	4	11
1.509	4.196	124.047	-127.150	0	0	0
1.467	4.184	124.421	-127.394	-4	3	11
1.424	4.188	124.815	-127.538	-4	2	11
1.424	4.188	124.815	-127.538	0	0	0
1.375	4.216	125.267	-127.526	-5	0	14
1.375	4.216	125.267	-127.526	0	0	0
1.367	4.262	125.351	-127.232	-1	-3	8
1.371	4.309	125.330	-126.889	0	-4	11
1.371	4.309	125.330	-126.889	0	0	0
1.354	4.324	125.485	-126.850	-2	0	5
1.354	4.324	125.485	-126.850	0	0	0
1.328	4.292	125.707	-127.170	-3	4	11
1.304	4.259	125.917	-127.493	-2	4	11
1.281	4.225	126.115	-127.816	-2	4	11
1.260	4.190	126.299	-128.141	-2	4	11
1.260	4.190	126.299	-128.141	0	0	0
1.266	4.188	126.244	-128.136	1	0	2
1.266	4.188	126.244	-128.136	0	0	0
1.304	4.183	125.897	-128.032	4	-1	11
1.342	4.178	125.550	-127.920	4	-1	11
1.380	4.174	125.203	-127.800	4	-1	11
1.380	4.174	125.203	-127.800	0	0	0
1.428	4.160	124.764	-127.715	5	-1	14
1.468	4.130	124.388	-127.767	4	1	11
1.468	4.130	124.388	-127.767	0	0	0
1.496	4.100	124.111	-127.866	3	1	8
1.533	4.079	123.769	-127.864	4	0	11
1.533	4.079	123.769	-127.864	0	0	0
1.575	4.074	123.387	-127.730	4	-2	11
1.617	4.071	123.005	-127.579	4	-2	11
1.659	4.071	122.625	-127.409	4	-2	11
1.701	4.072	122.247	-127.222	4	-2	11
1.701	4.072	122.247	-127.222	0	0	0
1.741	4.075	121.891	-127.034	4	-2	11
1.782	4.077	121.533	-126.851	4	-2	11
1.822	4.078	121.176	-126.675	4	-2	11
1.862	4.078	120.818	-126.504	4	-2	11
1.902	4.076	120.460	-126.340	4	-2	11
1.943	4.074	120.103	-126.181	4	-2	11
1.983	4.070	119.746	-126.029	4	-2	11
1.983	4.070	119.746	-126.029	0	0	0
1.992	4.067	119.660	-126.012	1	0	2
1.992	4.067	119.660	-126.012	0	0	0
1.999	4.060	119.590	-126.024	1	0	2
1.999	4.060	119.590	-126.024	0	0	0
2.016	4.025	119.403	-126.184	2	2	5
2.023	3.986	119.304	-126.413	1	3	8
2.018	3.947	119.300	-126.692	0	3	8
2.018	3.947	119.300	-126.692	0	0	0
2.000	3.914	119.429	-126.998	-1	3	8
1.977	3.883	119.594	-127.305	-2	3	8
1.951	3.855	119.793	-127.607	-2	3	8
1.922	3.830	120.024	-127.902	-3	3	8
1.922	3.830	120.024	-127.902	0	0	0
1.888	3.807	120.300	-128.204	-3	3	8
1.852	3.787	120.599	-128.492	-3	3	8
1.815	3.771	120.919	-128.764	-4	3	11
1.815	3.771	120.919	-128.764	0	0	0
1.819	3.764	120.871	-128.792	1	0	2
1.819	3.764	120.871	-128.792	0	0	0
1.852	3.727	120.517	-128.886	4	1	11
1.888	3.693	120.146	-128.957	4	1	11
1.925	3.660	119.760	-129.006	4	1	11
1.925	3.660	119.760	-129.006	0	0	0
1.956	3.631	119.433	-129.052	4	1	11
1.989	3.604	119.090	-129.071	4	0	11
2.025	3.580	118.733	-129.063	4	0	11
2.061	3.559	118.364	-129.027	4	0	11
2.061	3.559	118.364	-129.027	0	0	0
2.069	3.583	118.336	-128.842	0	-2	5
2.076	3.606	118.308	-128.657	0	-2	5
2.076	3.606	118.308	-128.657	0	0	0
2.082	3.626	118.290	-128.500	0	-2	5
2.088	3.647	118.271	-128.343	0	-2	5
2.093	3.667	118.251	-128.185	0	-2	5
2.099	3.687	118.232	-128.028	0	-2	5
2.105	3.707	118.211	-127.870	0	-2	5
2.111	3.728	118.191	-127.712	0	-2	5
2.111	3.728	118.191	-127.712	0	0	0
2.116	3.747	118.173	-127.564	0	-2	5
2.121	3.766	118.154	-127.416	0	-2	5
2.126	3.785	118.135	-127.267	0	-2	5
2.131	3.804	118.115	-127.119	0	-2	5
2.137	3.823	118.095	-126.970	0	-2	5
2.142	3.842	118.075	-126.821	0	-2	5
2.147	3.861	118.054	-126.672	0	-2	5
2.152	3.880	118.033	-126.523	0	-2	5
2.158	3.899	118.012	-126.374	0	-2	5
2.158	3.899	118.012	-126.374	0	0	0
2.163	3.919	117.991	-126.220	0	-2	5
2.168	3.939	117.969	-126.066	0	-2	5
2.174	3.958	117.946	-125.912	0	-2	5
2.179	3.978	117.923	-125.758	0	-2	5
2.184	3.998	117.900	-125.604	0	-2	5
2.190	4.017	117.877	-125.449	0	-2	5
2.195	4.037	117.853	-125.295	0	-2	5
2.200	4.057	117.829	-125.140	0	-2	5
2.206	4.076	117.804	-124.985	0	-2	5
2.211	4.096	117.779	-124.830	0	-2	5
2.211	4.096	117.779	-124.830	0	0	0
2.216	4.115	117.756	-124.684	0	-2	5
2.221	4.133	117.733	-124.539	0	-2	5
2.226	4.151	117.710	-124.393	0	-2	5
2.231	4.170	117.686	-124.248	0	-2	5
2.236	4.188	117.662	-124.102	0	-2	5
2.240	4.207	117.637	-123.956	0	-2	5
2.245	4.225	117.612	-123.809	0	-2	5
2.250	4.244	117.587	-123.663	0	-2	5
2.255	4.262	117.562	-123.517	0	-2	5
2.260	4.281	117.536	-123.370	0	-2	5
2.265	4.299	117.510	-123.223	0	-2	5
2.270	4.318	117.484	-123.076	0	-2	5
2.275	4.336	117.457	-122.929	0	-2	5
2.280	4.354	117.431	-122.782	0	-2	5
2.285	4.373	117.403	-122.635	0	-2	5
2.290	4.391	117.376	-122.487	0	-2	5
2.294	4.410	117.348	-122.340	0	-2	5
2.299	4.428	117.320	-122.192	0	-2	5
2.304	4.447	117.292	-122.044	0	-2	5
2.309	4.465	117.263	-121.896	0	-2	5
2.309	4.465	117.263	-121.896	0	0	0
2.314	4.486	117.233	-121.733	0	-2	5
2.320	4.506	117.202	-121.569	0	-2	5
2.325	4.526	117.171	-121.406	0	-2	5
2.330	4.547	117.139	-121.242	0	-2	5
2.336	4.567	117.107	-121.078	0	-2	5
2.341	4.588	117.075	-120.914	0	-2	5
1.904	4.694	120.783	-122.066	-42	13	123
1.927	4.744	120.591	-121.615	2	-5	14
1.941	4.797	120.486	-121.180	1	-5	14
1.904	4.694	120.783	-122.066	-3	10	29
1.832	4.682	121.388	-122.445	-7	4	20
1.832	4.682	121.388	-122.445	0	0	0
1.818	4.713	121.511	-122.283	-1	-2	5
1.818	4.713	121.511	-122.283	0	0	0
1.804	4.762	121.636	-121.987	-1	-3	8
1.783	4.810	121.808	-121.729	-2	-3	8
1.783	4.810	121.808	-121.729	0	0	0
1.745	4.854	122.132	-121.561	-4	-2	11
1.745	4.854	122.132	-121.561	0	0	0
1.750	4.857	122.088	-121.520	1	0	2
1.750	4.857	122.088	-121.520	0	0	0
1.787	4.864	121.774	-121.322	4	-2	11
1.825	4.867	121.456	-121.149	4	-2	11
1.825	4.867	121.456	-121.149	0	0	0
1.865	4.872	121.120	-120.953	4	-2	11
1.906	4.871	120.782	-120.799	4	-2	11
1.946	4.863	120.451	-120.691	4	-1	11
1.946	4.863	120.451	-120.691	0	0	0
1.941	4.797	120.486	-121.180	0	6	17
1.780	4.689	121.830	-122.604	-15	16	46
1.772	4.665	121.898	-122.810	-1	2	5
1.780	4.689	121.830	-122.604	1	-2	5
1.768	4.743	121.941	-122.268	-1	-4	11
1.744	4.793	122.142	-122.002	-2	-3	8
1.744	4.793	122.142	-122.002	0	0	0
1.719	4.823	122.348	-121.883	-2	-1	5
1.687	4.845	122.619	-121.855	-3	0	8
1.687	4.845	122.619	-121.855	0	0	0
1.662	4.841	122.832	-121.979	-2	1	5
1.662	4.841	122.832	-121.979	0	0	0
1.622	4.829	123.172	-122.221	-4	3	11
1.582	4.815	123.509	-122.470	-4	3	11
1.543	4.801	123.844	-122.726	-4	3	11
1.504	4.784	124.175	-122.988	-4	3	11
1.504	4.784	124.175	-122.988	0	0	0
1.562	4.740	123.688	-123.093	6	1	17
1.562	4.740	123.688	-123.093	0	0	0
1.588	4.709	123.469	-123.216	2	1	5
1.605	4.672	123.323	-123.412	2	2	5
1.605	4.672	123.323	-123.412	0	0	0
1.613	4.649	123.253	-123.547	1	2	5
1.621	4.626	123.183	-123.682	1	2	5
1.621	4.626	123.183	-123.682	0	0	0
1.625	4.616	123.147	-123.733	0	1	2
1.625	4.616	123.147	-123.733	0	0	0
1.655	4.618	122.888	-123.605	3	-1	8
1.655	4.618	122.888	-123.605	0	0	0
1.695	4.631	122.547	-123.357	4	-3	11
1.734	4.646	122.217	-123.091	4	-3	11
1.772	4.665	121.898	-122.810	4	-3	11
1.581	4.627	123.529	-123.829	-19	12	55
1.560	4.679	123.708	-123.534	-2	-3	8
1.523	4.722	124.022	-123.368	-4	-2	11
1.581	4.627	123.529	-123.829	6	5	17
1.581	4.577	123.527	-124.186	0	4	11
1.581	4.577	123.527	-124.186	0	0	0
1.543	4.550	123.854	-124.527	-4	4	11
1.504	4.524	124.194	-124.858	-4	4	11
1.463	4.501	124.546	-125.178	-4	4	11
1.463	4.501	124.546	-125.178	0	0	0
1.435	4.498	124.789	-125.306	-3	1	8
1.435	4.498	124.789	-125.306	0	0	0
1.428	4.507	124.852	-125.269	-1	0	2
1.428	4.507	124.852	-125.269	0	0	0
1.415	4.528	124.971	-125.165	-1	-1	2
1.401	4.550	125.090	-125.061	-1	-1	2
1.401	4.550	125.090	-125.061	0	0	0
1.372	4.584	125.346	-124.923	-3	-2	8
1.332	4.607	125.687	-124.905	-4	0	11
1.332	4.607	125.687	-124.905	0	0	0
1.287	4.622	126.077	-124.961	-4	1	11
1.242	4.636	126.468	-125.019	-4	1	11
1.242	4.636	126.468	-125.019	0	0	0
1.248	4.642	126.422	-124.955	1	-1	2
1.248	4.642	126.422	-124.955	0	0	0
1.288	4.672	126.064	-124.593	4	-4	11
1.330	4.699	125.689	-124.246	4	-4	11
1.375	4.722	125.300	-123.915	4	-4	11
1.375	4.722	125.300	-123.915	0	0	0
1.413	4.741	124.967	-123.644	4	-3	11
1.454	4.752	124.615	-123.413	4	-3	11
1.454	4.752	124.615	-123.413	0	0	0
1.491	4.742	124.300	-123.346	4	-1	11
1.523	4.722	124.022	-123.368	3	0	8
1.336	4.559	125.659	-125.236	-19	21	61
1.297	4.583	125.996	-125.202	-4	0	11
1.254	4.597	126.376	-125.260	-4	1	11
1.208	4.599	126.775	-125.404	-5	2	14
1.336	4.559	125.659	-125.236	13	-2	38
1.375	4.518	125.321	-125.388	4	2	11
1.404	4.470	125.061	-125.623	3	3	8
1.404	4.470	125.061	-125.623	0	0	0
1.405	4.454	125.049	-125.729	0	1	2
1.405	4.454	125.049	-125.729	0	0	0
1.372	4.418	125.340	-126.115	-3	4	11
1.337	4.382	125.645	-126.495	-3	4	11
1.301	4.349	125.963	-126.870	-4	4	11
1.301	4.349	125.963	-126.870	0	0	0
1.280	4.341	126.153	-127.004	-2	2	5
1.280	4.341	126.153	-127.004	0	0	0
1.266	4.361	126.274	-126.909	-1	-1	2
1.253	4.381	126.394	-126.812	-1	-1	2
1.253	4.381	126.394	-126.812	0	0	0
1.240	4.399	126.510	-126.735	-1	-1	2
1.240	4.399	126.510	-126.735	0	0	0
1.203	4.431	126.844	-126.636	-4	-1	11
1.155	4.445	127.270	-126.707	-5	1	14
1.155	4.445	127.270	-126.707	0	0	0
1.109	4.450	127.680	-126.828	-5	1	14
1.063	4.457	128.089	-126.940	-5	1	14
1.063	4.457	128.089	-126.940	0	0	0
1.067	4.465	128.056	-126.872	0	-1	2
1.067	4.465	128.056	-126.872	0	0	0
1.100	4.509	127.753	-126.438	3	-5	14
1.137	4.550	127.414	-126.013	4	-5	14
1.137	4.550	127.414	-126.013	0	0	0
1.169	4.579	127.122	-125.687	3	-4	11
1.208	4.599	126.775	-125.404	4	-3	11
1.126	4.576	127.503	-125.857	-8	5	23
1.157	4.604	127.223	-125.549	3	-4	11
1.186	4.634	126.964	-125.231	3	-4	11
1.212	4.666	126.728	-124.904	3	-4	11
1.212	4.666	126.728	-124.904	0	0	0
1.212	4.668	126.723	-124.894	0	0	0
1.212	4.668	126.723	-124.894	0	0	0
1.199	4.671	126.841	-124.918	-1	0	2
1.199	4.671	126.841	-124.918	0	0	0
1.170	4.662	127.092	-125.081	-3	2	8
1.170	4.662	127.092	-125.081	0	0	0
1.125	4.646	127.495	-125.357	-5	3	14
1.082	4.625	127.884	-125.660	-4	3	11
1.041	4.599	128.252	-125.987	-4	4	11
1.041	4.599	128.252	-125.987	0	0	0
1.031	4.580	128.349	-126.160	-1	2	5
1.031	4.580	128.349	-126.160	0	0	0
1.083	4.553	127.892	-126.174	5	0	14
1.083	4.553	127.892	-126.174	0	0	0
1.126	4.576	127.503	-125.857	4	-4	11
1.045	4.531	128.235	-126.463	-8	7	23
0.989	4.548	128.725	-126.526	-6	1	17
1.045	4.531	128.235	-126.463	6	-1	17
1.057	4.512	128.136	-126.566	1	1	2
1.057	4.512	128.136	-126.566	0	0	0
1.036	4.477	128.333	-126.892	-2	4	11
1.012	4.443	128.554	-127.214	-3	4	11
0.986	4.412	128.796	-127.530	-3	4	11
0.957	4.382	129.058	-127.838	-3	4	11
0.957	4.382	129.058	-127.838	0	0	0
0.926	4.385	129.344	-127.926	-3	1	8
0.926	4.385	129.344	-127.926	0	0	0
0.885	4.386	129.716	-128.055	-4	1	11
0.845	4.396	130.075	-128.112	-4	1	11
0.845	4.396	130.075	-128.112	0	0	0
0.848	4.403	130.047	-128.053	0	-1	2
0.848	4.403	130.047	-128.053	0	0	0
0.872	4.435	129.814	-127.736	3	-4	11
0.899	4.466	129.564	-127.423	3	-4	11
0.927	4.495	129.299	-127.117	3	-3	8
0.958	4.523	129.018	-126.817	3	-3	8
0.989	4.548	128.725	-126.526	3	-3	8
0.819	4.344	130.328	-128.571	-18	23	67
0.786	4.306	130.643	-128.956	-4	4	11
0.819	4.344	130.328	-128.571	4	-4	11
0.871	4.354	129.851	-128.328	5	-3	14
0.923	4.344	129.380	-128.229	5	-1	14
0.923	4.344	129.380	-128.229	0	0	0
0.932	4.332	129.300	-128.288	1	1	2
0.932	4.332	129.300	-128.288	0	0	0
0.919	4.295	129.418	-128.598	-1	4	11
0.903	4.259	129.575	-128.910	-2	4	11
0.882	4.226	129.767	-129.219	-2	4	11
0.858	4.195	129.994	-129.522	-3	3	8
0.858	4.195	129.994	-129.522	0	0	0
0.825	4.173	130.302	-129.790	-4	3	11
0.789	4.156	130.639	-130.028	-4	3	11
0.751	4.145	130.997	-130.230	-4	2	11
0.712	4.140	131.367	-130.391	-4	2	11
0.712	4.140	131.367	-130.391	0	0	0
0.712	4.148	131.360	-130.335	0	-1	2
0.712	4.148	131.360	-130.335	0	0	0
0.727	4.189	131.218	-129.991	2	-4	11
0.744	4.229	131.050	-129.646	2	-4	11
0.764	4.268	130.858	-129.300	2	-4	11
0.786	4.306	130.643	-128.956	2	-4	11
0.790	4.090	130.635	-130.502	0	18	52
0.752	4.073	130.991	-130.744	-4	3	11
0.716	4.054	131.339	-130.996	-4	3	11
0.680	4.034	131.678	-131.259	-4	3	11
0.646	4.011	132.006	-131.532	-4	3	11
0.613	3.986	132.323	-131.813	-4	3	11
0.582	3.959	132.627	-132.103	-3	3	8
0.552	3.931	132.917	-132.400	-3	3	8
0.524	3.901	133.192	-132.703	-3	3	8
0.790	4.090	130.635	-130.502	29	-25	84
0.828	4.105	130.281	-130.264	4	-3	11
0.867	4.118	129.917	-130.044	4	-2	11
0.906	4.127	129.546	-129.844	4	-2	11
0.947	4.133	129.169	-129.666	4	-2	11
0.988	4.135	128.790	-129.510	4	-2	11
1.028	4.134	128.412	-129.378	4	-2	11
1.028	4.134	128.412	-129.378	0	0	0
1.050	4.133	128.208	-129.304	2	-1	5
1.072	4.133	128.004	-129.229	2	-1	5
1.094	4.132	127.801	-129.154	2	-1	5
1.116	4.132	127.598	-129.078	2	-1	5
1.138	4.131	127.395	-129.002	2	-1	5
1.160	4.131	127.192	-128.926	2	-1	5
1.160	4.131	127.192	-128.926	0	0	0
1.182	4.130	126.990	-128.851	2	-1	5
1.204	4.129	126.788	-128.776	2	-1	5
1.226	4.129	126.585	-128.700	2	-1	5
1.248	4.128	126.384	-128.624	2	-1	5
1.248	4.128	126.384	-128.624	0	0	0
1.270	4.127	126.182	-128.551	2	-1	5
1.292	4.125	125.981	-128.477	2	-1	5
1.292	4.125	125.981	-128.477	0	0	0
1.345	4.123	125.497	-128.295	5	-2	14
1.398	4.115	125.017	-128.145	5	-2	14
1.398	4.115	125.017	-128.145	0	0	0
1.446	4.089	124.560	-128.138	5	0	14
1.475	4.042	124.273	-128.354	3	2	8
1.475	4.042	124.273	-128.354	0	0	0
1.498	4.022	124.048	-128.394	3	0	8
1.498	4.022	124.048	-128.394	0	0	0
1.538	4.018	123.681	-128.260	4	-2	11
1.578	4.015	123.315	-128.119	4	-2	11
1.618	4.013	122.950	-127.971	4	-2	11
1.658	4.011	122.586	-127.816	4	-2	11
1.698	4.010	122.223	-127.656	4	-2	11
1.738	4.010	121.862	-127.488	4	-2	11
1.779	4.011	121.502	-127.315	4	-2	11
1.779	4.011	121.502	-127.315	0	0	0
1.799	4.011	121.322	-127.227	2	-1	5
1.819	4.011	121.143	-127.138	2	-1	5
1.839	4.012	120.965	-127.050	2	-1	5
1.859	4.012	120.786	-126.961	2	-1	5
1.879	4.013	120.608	-126.871	2	-1	5
1.899	4.013	120.430	-126.782	2	-1	5
1.899	4.013	120.430	-126.782	0	0	0
1.936	4.013	120.104	-126.620	4	-2	11
1.936	4.013	120.104	-126.620	0	0	0
1.950	4.011	119.976	-126.569	1	-1	2
1.950	4.011	119.976	-126.569	0	0	0
1.921	3.979	120.197	-126.912	-3	4	11
1.889	3.950	120.456	-127.245	-3	4	11
1.853	3.926	120.751	-127.563	-3	4	11
1.815	3.907	121.076	-127.861	-4	3	11
1.774	3.892	121.428	-128.134	-4	3	11
1.732	3.883	121.801	-128.377	-4	3	11
1.689	3.879	122.188	-128.586	-4	2	11
1.689	3.879	122.188	-128.586	0	0	0
1.668	3.878	122.373	-128.678	-2	1	5
1.648	3.877	122.559	-128.770	-2	1	5
1.648	3.877	122.559	-128.770	0	0	0
1.627	3.877	122.746	-128.858	-2	1	5
1.607	3.877	122.933	-128.944	-2	1	5
1.607	3.877	122.933	-128.944	0	0	0
1.563	3.879	123.333	-129.107	-5	2	14
1.520	3.880	123.733	-129.279	-5	2	14
1.477	3.879	124.133	-129.461	-5	2	14
1.433	3.877	124.532	-129.651	-5	2	14
1.390	3.872	124.930	-129.851	-5	2	14
1.390	3.872	124.930	-129.851	0	0	0
1.345	3.864	125.346	-130.088	-5	3	14
1.303	3.843	125.715	-130.393	-4	3	11
1.303	3.843	125.715	-130.393	0	0	0
1.269	3.806	126.005	-130.776	-3	4	11
1.269	3.806	126.005	-130.776	0	0	0
1.227	3.802	126.398	-130.965	-4	2	11
1.185	3.800	126.795	-131.142	-5	2	14
1.143	3.799	127.195	-131.307	-5	2	14
1.101	3.800	127.597	-131.458	-5	2	14
1.059	3.802	128.001	-131.595	-5	2	14
1.059	3.802	128.001	-131.595	0	0	0
1.016	3.804	128.407	-131.737	-5	2	14
0.974	3.801	128.811	-131.915	-5	2	14
0.933	3.792	129.206	-132.126	-4	2	11
0.893	3.777	129.585	-132.366	-4	3	11
0.893	3.777	129.585	-132.366	0	0	0
0.862	3.754	129.873	-132.634	-3	3	8
0.834	3.728	130.134	-132.914	-3	3	8
0.809	3.699	130.365	-133.204	-3	3	8
0.787	3.668	130.563	-133.500	-2	3	8
0.787	3.668	130.563	-133.500	0	0	0
0.777	3.651	130.655	-133.651	-1	2	5
0.767	3.634	130.747	-133.803	-1	2	5
0.757	3.618	130.840	-133.954	-1	2	5
0.746	3.601	130.932	-134.105	-1	2	5
0.736	3.584	131.024	-134.256	-1	2	5
0.726	3.568	131.117	-134.407	-1	2	5
0.716	3.551	131.209	-134.558	-1	2	5
0.706	3.535	131.302	-134.709	-1	2	5
0.695	3.518	131.395	-134.859	-1	2	5
0.695	3.518	131.395	-134.859	0	0	0
0.685	3.500	131.490	-135.018	-1	2	5
0.674	3.483	131.585	-135.176	-1	2	5
0.664	3.465	131.679	-135.334	-1	2	5
0.654	3.448	131.774	-135.492	-1	2	5
0.643	3.430	131.870	-135.649	-1	2	5
0.643	3.430	131.870	-135.649	0	0	0
0.633	3.413	131.957	-135.797	-1	2	5
0.624	3.397	132.045	-135.945	-1	2	5
0.614	3.380	132.132	-136.093	-1	2	5
0.604	3.364	132.220	-136.241	-1	2	5
0.595	3.347	132.307	-136.388	-1	2	5
0.585	3.330	132.395	-136.536	-1	2	5
0.576	3.314	132.483	-136.684	-1	2	5
0.566	3.297	132.571	-136.831	-1	2	5
0.556	3.281	132.659	-136.978	-1	2	5
0.547	3.264	132.747	-137.126	-1	2	5
0.537	3.247	132.835	-137.273	-1	2	5
0.527	3.231	132.923	-137.420	-1	2	5
0.518	3.214	133.011	-137.567	-1	2	5
0.508	3.198	133.099	-137.714	-1	2	5
0.498	3.181	133.187	-137.861	-1	2	5
0.489	3.165	133.275	-138.008	-1	2	5
0.489	3.165	133.275	-138.008	0	0	0
0.478	3.147	133.371	-138.164	-1	2	5
0.468	3.129	133.466	-138.320	-1	2	5
0.458	3.112	133.562	-138.477	-1	2	5
0.447	3.094	133.657	-138.633	-1	2	5
0.437	3.076	133.753	-138.789	-1	2	5
0.437	3.076	133.753	-138.789	0	0	0
0.426	3.059	133.851	-138.945	-1	2	5
0.416	3.041	133.949	-139.101	-1	2	5
0.405	3.024	134.047	-139.256	-1	2	5
0.394	3.006	134.145	-139.412	-1	2	5
0.384	2.989	134.243	-139.567	-1	2	5
0.384	2.989	134.243	-139.567	0	0	0
0.373	2.971	134.345	-139.722	-1	2	5
0.362	2.954	134.447	-139.878	-1	2	5
0.351	2.937	134.548	-140.033	-1	2	5
0.340	2.919	134.650	-140.187	-1	2	5
0.330	2.902	134.752	-140.342	-1	2	5
0.330	2.902	134.752	-140.342	0	0	0
0.304	2.868	135.006	-140.659	-3	4	11
0.273	2.839	135.323	-140.961	-4	3	11
0.237	2.815	135.698	-141.238	-4	3	11
0.199	2.797	136.121	-141.484	-5	3	14
0.199	2.797	136.121	-141.484	0	0	0
0.176	2.809	136.391	-141.472	-3	0	8
0.176	2.809	136.391	-141.472	0	0	0
0.177	2.854	136.420	-141.163	0	-4	11
0.182	2.897	136.407	-140.843	0	-4	11
0.190	2.941	136.351	-140.516	1	-4	11
0.202	2.983	136.254	-140.183	1	-4	11
0.217	3.025	136.117	-139.847	2	-4	11
0.217	3.025	136.117	-139.847	0	0	0
0.230	3.062	136.003	-139.550	1	-3	8
0.243	3.099	135.879	-139.252	1	-3	8
0.258	3.135	135.745	-138.953	2	-3	8
0.273	3.171	135.601	-138.654	2	-3	8
0.289	3.207	135.449	-138.354	2	-3	8
0.306	3.242	135.287	-138.055	2	-3	8
0.323	3.277	135.116	-137.755	2	-3	8
0.342	3.312	134.937	-137.455	2	-3	8
0.361	3.346	134.750	-137.156	2	-3	8
0.361	3.346	134.750	-137.156	0	0	0
0.379	3.381	134.576	-136.851	2	-3	8
0.396	3.417	134.410	-136.546	2	-3	8
0.412	3.453	134.254	-136.240	2	-3	8
0.428	3.489	134.106	-135.934	2	-3	8
0.443	3.526	133.967	-135.627	2	-3	8
0.456	3.563	133.837	-135.321	1	-3	8
0.469	3.601	133.715	-135.015	1	-3	8
0.469	3.601	133.715	-135.015	0	0	0
0.475	3.645	133.670	-134.682	1	-4	11
0.475	3.690	133.675	-134.362	0	-4	11
0.470	3.735	133.731	-134.060	-1	-3	8
0.470	3.735	133.731	-134.060	0	0	0
0.470	3.780	133.729	-133.738	0	-4	11
0.480	3.824	133.634	-133.395	1	-4	11
0.498	3.865	133.452	-133.044	2	-4	11
0.524	3.901	133.192	-132.703	3	-4	11
0.769	3.505	130.647	-134.695	29	23	84
0.759	3.489	130.737	-134.844	-1	2	5
0.749	3.472	130.827	-134.992	-1	2	5
0.739	3.456	130.917	-135.141	-1	2	5
0.728	3.440	131.007	-135.289	-1	2	5
0.718	3.423	131.097	-135.438	-1	2	5
0.708	3.407	131.188	-135.586	-1	2	5
0.698	3.391	131.278	-135.734	-1	2	5
0.698	3.391	131.278	-135.734	0	0	0
0.687	3.372	131.377	-135.898	-1	2	5
0.676	3.354	131.475	-136.062	-1	2	5
0.665	3.336	131.574	-136.225	-1	2	5
0.654	3.318	131.673	-136.389	-1	2	5
0.643	3.300	131.772	-136.552	-1	2	5
0.632	3.282	131.872	-136.715	-1	2	5
0.621	3.263	131.971	-136.879	-1	2	5
0.621	3.263	131.971	-136.879	0	0	0
0.611	3.247	132.059	-137.025	-1	2	5
0.601	3.231	132.147	-137.171	-1	2	5
0.591	3.214	132.235	-137.317	-1	2	5
0.581	3.198	132.323	-137.463	-1	2	5
0.572	3.182	132.411	-137.609	-1	2	5
0.562	3.166	132.500	-137.755	-1	2	5
0.552	3.149	132.588	-137.900	-1	2	5
0.542	3.133	132.676	-138.046	-1	2	5
0.542	3.133	132.676	-138.046	0	0	0
0.531	3.115	132.771	-138.205	-1	2	5
0.521	3.097	132.867	-138.363	-1	2	5
0.510	3.079	132.962	-138.522	-1	2	5
0.500	3.062	133.057	-138.680	-1	2	5
0.489	3.044	133.153	-138.839	-1	2	5
0.478	3.026	133.248	-138.997	-1	2	5
0.468	3.008	133.344	-139.155	-1	2	5
0.468	3.008	133.344	-139.155	0	0	0
0.457	2.990	133.440	-139.317	-1	2	5
0.447	2.971	133.536	-139.479	-1	2	5
0.436	2.953	133.632	-139.641	-1	2	5
0.425	2.934	133.728	-139.803	-1	2	5
0.415	2.916	133.824	-139.965	-1	2	5
0.404	2.898	133.920	-140.126	-1	2	5
0.404	2.898	133.920	-140.126	0	0	0
0.392	2.861	134.003	-140.417	-1	3	8
0.392	2.861	134.003	-140.417	0	0	0
0.384	2.819	134.043	-140.730	0	4	11
0.364	2.781	134.221	-141.054	-2	4	11
0.364	2.781	134.221	-141.054	0	0	0
0.329	2.761	134.592	-141.310	-4	3	11
0.290	2.749	135.018	-141.521	-5	2	14
0.249	2.746	135.477	-141.676	-5	2	14
0.249	2.746	135.477	-141.676	0	0	0
0.238	2.736	135.593	-141.779	-1	1	2
0.238	2.736	135.593	-141.779	0	0	0
0.259	2.702	135.310	-141.941	3	2	8
0.290	2.677	134.920	-142.009	4	1	11
0.327	2.664	134.470	-141.974	5	0	14
0.367	2.664	134.015	-141.841	5	-2	14
0.367	2.664	134.015	-141.841	0	0	0
0.407	2.677	133.571	-141.613	5	-3	14
0.446	2.695	133.160	-141.357	5	-3	14
0.482	2.718	132.791	-141.077	4	-3	11
0.515	2.745	132.467	-140.777	4	-3	11
0.515	2.745	132.467	-140.777	0	0	0
0.546	2.772	132.166	-140.487	3	-3	8
0.578	2.796	131.839	-140.207	4	-3	11
0.613	2.817	131.490	-139.938	4	-3	11
0.650	2.836	131.119	-139.682	4	-3	11
0.688	2.851	130.731	-139.440	4	-3	11
0.688	2.851	130.731	-139.440	0	0	0
0.735	2.851	130.214	-139.262	6	-2	17
0.782	2.842	129.692	-139.147	6	-1	17
0.826	2.823	129.184	-139.099	6	-1	17
0.826	2.823	129.184	-139.099	0	0	0
0.853	2.776	128.796	-139.302	4	2	11
0.853	2.776	128.796	-139.302	0	0	0
0.823	2.754	129.078	-139.567	-3	3	8
0.786	2.761	129.493	-139.663	-5	1	14
0.786	2.761	129.493	-139.663	0	0	0
0.751	2.778	129.912	-139.691	-5	0	14
0.713	2.788	130.342	-139.761	-5	1	14
0.713	2.788	130.342	-139.761	0	0	0
0.671	2.776	130.781	-140.003	-5	3	14
0.636	2.749	131.116	-140.311	-4	4	11
0.636	2.749	131.116	-140.311	0	0	0
0.603	2.723	131.444	-140.605	-4	3	11
0.568	2.699	131.785	-140.893	-4	3	11
0.533	2.676	132.140	-141.176	-4	3	11
0.497	2.654	132.508	-141.452	-4	3	11
0.460	2.633	132.889	-141.722	-4	3	11
0.423	2.613	133.283	-141.985	-4	3	11
0.423	2.613	133.283	-141.985	0	0	0
0.386	2.601	133.686	-142.197	-5	2	14
0.348	2.596	134.125	-142.362	-5	2	14
0.309	2.599	134.580	-142.474	-5	1	14
0.309	2.599	134.580	-142.474	0	0	0
0.271	2.616	135.044	-142.485	-5	0	14
0.236	2.637	135.488	-142.461	-5	0	14
0.203	2.662	135.907	-142.401	-5	-1	14
0.203	2.662	135.907	-142.401	0	0	0
0.224	2.619	135.597	-142.626	4	3	11
0.259	2.585	135.138	-142.736	5	1	14
0.259	2.585	135.138	-142.736	0	0	0
0.311	2.565	134.500	-142.701	7	0	20
0.350	2.525	133.978	-142.835	6	2	17
0.350	2.525	133.978	-142.835	0	0	0
0.387	2.501	133.498	-142.868	5	0	14
0.428	2.484	132.983	-142.831	6	0	17
0.472	2.476	132.457	-142.726	6	-1	17
0.472	2.476	132.457	-142.726	0	0	0
0.511	2.476	132.004	-142.586	5	-2	14
0.549	2.477	131.557	-142.430	5	-2	14
0.588	2.481	131.121	-142.257	5	-2	14
0.627	2.488	130.695	-142.069	5	-2	14
0.665	2.496	130.282	-141.867	5	-2	14
0.702	2.507	129.884	-141.650	5	-2	14
0.739	2.521	129.502	-141.421	4	-3	11
0.775	2.536	129.136	-141.181	4	-3	11
0.809	2.553	128.790	-140.929	4	-3	11
0.843	2.573	128.462	-140.668	4	-3	11
0.843	2.573	128.462	-140.668	0	0	0
0.862	2.584	128.283	-140.520	2	-2	5
0.881	2.595	128.104	-140.371	2	-2	5
0.881	2.595	128.104	-140.371	0	0	0
0.898	2.607	127.938	-140.227	2	-2	5
0.916	2.618	127.772	-140.084	2	-2	5
0.933	2.629	127.607	-139.940	2	-2	5
0.951	2.640	127.442	-139.796	2	-2	5
0.969	2.651	127.278	-139.652	2	-2	5
0.969	2.651	127.278	-139.652	0	0	0
0.992	2.667	127.059	-139.454	2	-2	5
1.016	2.682	126.841	-139.256	2	-2	5
1.016	2.682	126.841	-139.256	0	0	0
1.032	2.693	126.697	-139.122	2	-2	5
1.048	2.704	126.552	-138.987	2	-2	5
1.064	2.715	126.409	-138.853	2	-2	5
1.064	2.715	126.409	-138.853	0	0	0
1.087	2.731	126.202	-138.654	2	-2	5
1.110	2.747	125.995	-138.455	2	-2	5
1.110	2.747	125.995	-138.455	0	0	0
1.147	2.774	125.663	-138.124	4	-4	11
1.184	2.801	125.342	-137.788	4	-4	11
1.221	2.830	125.032	-137.450	4	-4	11
1.221	2.830	125.032	-137.450	0	0	0
1.239	2.846	124.876	-137.274	2	-2	5
1.257	2.861	124.721	-137.097	2	-2	5
1.257	2.861	124.721	-137.097	0	0	0
1.275	2.876	124.572	-136.924	2	-2	5
1.293	2.891	124.423	-136.751	2	-2	5
1.293	2.891	124.423	-136.751	0	0	0
1.335	2.928	124.084	-136.336	4	-5	14
1.373	2.968	123.777	-135.915	3	-5	14
1.373	2.968	123.777	-135.915	0	0	0
1.370	2.970	123.819	-135.913	0	0	0
1.370	2.970	123.819	-135.913	0	0	0
1.329	2.981	124.255	-136.021	-5	1	14
1.287	2.990	124.692	-136.142	-5	1	14
1.287	2.990	124.692	-136.142	0	0	0
1.240	3.020	125.236	-136.148	-6	0	17
1.201	3.061	125.709	-136.043	-5	-1	14
1.201	3.061	125.709	-136.043	0	0	0
1.176	3.092	126.021	-135.942	-4	-1	11
1.153	3.125	126.312	-135.820	-3	-1	8
1.132	3.159	126.581	-135.678	-3	-2	8
1.113	3.195	126.825	-135.517	-3	-2	8
1.097	3.232	127.043	-135.336	-2	-2	5
1.083	3.269	127.236	-135.139	-2	-2	5
1.072	3.308	127.401	-134.924	-2	-2	5
1.063	3.347	127.538	-134.695	-2	-3	8
1.057	3.387	127.648	-134.450	-1	-3	8
1.057	3.387	127.648	-134.450	0	0	0
1.052	3.406	127.719	-134.339	-1	-1	2
1.048	3.425	127.789	-134.227	-1	-1	2
1.043	3.444	127.858	-134.115	-1	-1	2
1.038	3.464	127.927	-134.003	-1	-1	2
1.033	3.483	127.995	-133.890	-1	-1	2
1.028	3.502	128.062	-133.777	-1	-1	2
1.023	3.521	128.129	-133.664	-1	-1	2
1.018	3.541	128.195	-133.551	-1	-1	2
1.014	3.560	128.260	-133.437	-1	-1	2
1.009	3.579	128.324	-133.323	-1	-1	2
1.009	3.579	128.324	-133.323	0	0	0
1.005	3.586	128.364	-133.286	0	0	0
1.005	3.586	128.364	-133.286	0	0	0
0.937	3.608	129.050	-133.382	-8	1	23
0.937	3.608	129.050	-133.382	0	0	0
0.909	3.645	129.350	-133.229	-3	-2	8
0.884	3.684	129.619	-133.049	-3	-2	8
0.884	3.684	129.619	-133.049	0	0	0
0.868	3.661	129.769	-133.268	-2	2	5
0.868	3.661	129.769	-133.268	0	0	0
0.854	3.640	129.889	-133.460	-1	2	5
0.841	3.619	130.008	-133.652	-1	2	5
0.827	3.598	130.128	-133.845	-1	2	5
0.827	3.598	130.128	-133.845	0	0	0
0.816	3.580	130.232	-134.015	-1	2	5
0.804	3.561	130.336	-134.185	-1	2	5
0.792	3.542	130.439	-134.355	-1	2	5
0.781	3.524	130.543	-134.525	-1	2	5
0.769	3.505	130.647	-134.695	-1	2	5
0.952	3.696	128.966	-132.721	19	-22	64
0.950	3.723	129.004	-132.542	0	-2	5
0.952	3.696	128.966	-132.721	0	2	5
0.971	3.660	128.756	-132.903	2	2	5
1.005	3.637	128.408	-132.936	4	0	11
1.046	3.633	128.009	-132.813	5	-1	14
1.046	3.633	128.009	-132.813	0	0	0
1.089	3.657	127.604	-132.490	5	-4	14
1.111	3.701	127.429	-132.103	2	-4	11
1.111	3.701	127.429	-132.103	0	0	0
1.108	3.738	127.486	-131.857	-1	-3	8
1.108	3.738	127.486	-131.857	0	0	0
1.055	3.741	128.002	-132.040	-6	2	17
1.055	3.741	128.002	-132.040	0	0	0
1.002	3.735	128.508	-132.274	-6	3	17
0.950	3.723	129.004	-132.542	-6	3	17
1.156	3.669	126.970	-132.154	23	-4	67
1.181	3.736	126.785	-131.596	2	-6	17
1.156	3.669	126.970	-132.154	-2	6	17
1.141	3.632	127.087	-132.467	-1	4	11
1.110	3.605	127.355	-132.762	-3	3	8
1.110	3.605	127.355	-132.762	0	0	0
1.074	3.586	127.692	-133.030	-4	3	11
1.056	3.549	127.835	-133.350	-2	4	11
1.056	3.549	127.835	-133.350	0	0	0
1.058	3.510	127.771	-133.607	1	3	8
1.065	3.472	127.668	-133.845	1	3	8
1.075	3.434	127.525	-134.062	2	2	5
1.075	3.434	127.525	-134.062	0	0	0
1.083	3.396	127.408	-134.288	1	3	8
1.092	3.359	127.272	-134.504	2	2	5
1.102	3.322	127.118	-134.710	2	2	5
1.114	3.286	126.946	-134.905	2	2	5
1.128	3.250	126.757	-135.089	2	2	5
1.144	3.215	126.550	-135.261	2	2	5
1.160	3.181	126.326	-135.421	3	2	8
1.179	3.147	126.086	-135.569	3	2	8
1.198	3.114	125.830	-135.704	3	2	8
1.198	3.114	125.830	-135.704	0	0	0
1.228	3.076	125.463	-135.834	4	1	11
1.263	3.042	125.047	-135.908	5	1	14
1.302	3.014	124.593	-135.923	5	0	14
1.302	3.014	124.593	-135.923	0	0	0
1.356	3.001	124.025	-135.776	6	-2	17
1.411	3.009	123.494	-135.488	6	-3	17
1.411	3.009	123.494	-135.488	0	0	0
1.440	3.036	123.257	-135.186	3	-3	8
1.466	3.067	123.060	-134.877	2	-4	11
1.489	3.100	122.905	-134.565	2	-4	11
1.508	3.135	122.794	-134.255	1	-4	11
1.522	3.173	122.726	-133.952	1	-3	8
1.522	3.173	122.726	-133.952	0	0	0
1.538	3.212	122.648	-133.633	1	-4	11
1.550	3.252	122.601	-133.320	1	-4	11
1.559	3.292	122.584	-133.016	0	-3	8
1.566	3.334	122.598	-132.720	0	-3	8
1.568	3.376	122.641	-132.436	0	-3	8
1.568	3.417	122.714	-132.165	-1	-3	8
1.564	3.459	122.815	-131.908	-1	-3	8
1.557	3.500	122.944	-131.667	-1	-3	8
1.557	3.500	122.944	-131.667	0	0	0
1.539	3.540	123.165	-131.481	-3	-2	8
1.517	3.577	123.424	-131.329	-3	-2	8
1.491	3.611	123.718	-131.214	-3	-1	8
1.491	3.611	123.718	-131.214	0	0	0
1.484	3.650	123.829	-130.978	-1	-3	8
1.515	3.675	123.569	-130.680	3	-3	8
1.515	3.675	123.569	-130.680	0	0	0
1.551	3.650	123.205	-130.701	4	0	11
1.551	3.650	123.205	-130.701	0	0	0
1.577	3.615	122.916	-130.821	3	1	8
1.598	3.578	122.666	-130.981	3	2	8
1.614	3.537	122.459	-131.178	2	2	5
1.624	3.495	122.299	-131.410	2	3	8
1.629	3.452	122.188	-131.671	1	3	8
1.628	3.409	122.128	-131.958	1	3	8
1.621	3.366	122.122	-132.266	0	4	11
1.621	3.366	122.122	-132.266	0	0	0
1.614	3.325	122.118	-132.566	0	3	8
1.610	3.283	122.079	-132.854	0	3	8
1.610	3.241	122.006	-133.127	1	3	8
1.610	3.241	122.006	-133.127	0	0	0
1.625	3.205	121.787	-133.291	2	2	5
1.647	3.172	121.508	-133.400	3	1	8
1.676	3.144	121.179	-133.448	4	1	11
1.676	3.144	121.179	-133.448	0	0	0
1.706	3.120	120.835	-133.462	4	0	11
1.737	3.097	120.486	-133.466	4	0	11
1.769	3.075	120.131	-133.458	4	0	11
1.801	3.054	119.772	-133.440	4	0	11
1.834	3.033	119.408	-133.411	4	0	11
1.868	3.014	119.040	-133.370	4	0	11
1.902	2.996	118.669	-133.319	4	-1	11
1.902	2.996	118.669	-133.319	0	0	0
1.915	2.998	118.550	-133.243	1	-1	2
1.915	2.998	118.550	-133.243	0	0	0
1.920	3.017	118.545	-133.103	0	-2	5
1.926	3.035	118.539	-132.963	0	-2	5
1.931	3.054	118.533	-132.822	0	-2	5
1.937	3.072	118.526	-132.682	0	-2	5
1.942	3.091	118.519	-132.541	0	-2	5
1.947	3.109	118.512	-132.400	0	-2	5
1.953	3.128	118.504	-132.259	0	-2	5
1.958	3.147	118.496	-132.118	0	-2	5
1.964	3.165	118.487	-131.977	0	-2	5
1.969	3.184	118.478	-131.836	0	-2	5
1.974	3.202	118.468	-131.694	0	-2	5
1.980	3.221	118.458	-131.553	0	-2	5
1.980	3.221	118.458	-131.553	0	0	0
1.985	3.240	118.449	-131.405	0	-2	5
1.991	3.260	118.439	-131.257	0	-2	5
1.996	3.279	118.429	-131.109	0	-2	5
2.002	3.299	118.418	-130.961	0	-2	5
2.002	3.299	118.418	-130.961	0	0	0
2.014	3.342	118.394	-130.631	0	-4	11
2.025	3.386	118.377	-130.303	0	-4	11
2.036	3.429	118.366	-129.976	0	-4	11
2.045	3.473	118.360	-129.651	0	-4	11
2.045	3.473	118.360	-129.651	0	0	0
2.027	3.518	118.603	-129.449	-3	-2	8
2.027	3.518	118.603	-129.449	0	0	0
1.996	3.542	118.930	-129.446	-4	0	11
1.963	3.564	119.262	-129.453	-4	0	11
1.930	3.585	119.599	-129.469	-4	0	11
1.930	3.585	119.599	-129.469	0	0	0
1.900	3.610	119.911	-129.444	-4	0	11
1.873	3.637	120.206	-129.391	-3	-1	8
1.847	3.666	120.481	-129.313	-3	-1	8
1.824	3.697	120.735	-129.208	-3	-1	8
1.824	3.697	120.735	-129.208	0	0	0
1.785	3.730	121.139	-129.168	-5	0	14
1.736	3.744	121.607	-129.286	-5	1	14
1.736	3.744	121.607	-129.286	0	0	0
1.697	3.747	121.959	-129.435	-4	2	11
1.659	3.748	122.312	-129.586	-4	2	11
1.621	3.750	122.665	-129.738	-4	2	11
1.583	3.750	123.019	-129.893	-4	2	11
1.545	3.751	123.374	-130.049	-4	2	11
1.507	3.751	123.729	-130.207	-4	2	11
1.469	3.750	124.084	-130.368	-4	2	11
1.469	3.750	124.084	-130.368	0	0	0
1.428	3.750	124.469	-130.535	-4	2	11
1.386	3.749	124.854	-130.706	-4	2	11
1.345	3.748	125.239	-130.879	-4	2	11
1.304	3.746	125.625	-131.054	-4	2	11
1.263	3.743	126.012	-131.232	-4	2	11
1.222	3.740	126.398	-131.413	-4	2	11
1.181	3.736	126.785	-131.596	-4	2	11
1.459	3.841	124.264	-129.793	29	-21	84
1.438	3.840	124.453	-129.880	-2	1	5
1.418	3.839	124.642	-129.966	-2	1	5
1.397	3.839	124.832	-130.052	-2	1	5
1.459	3.841	124.264	-129.793	6	-3	17
1.480	3.841	124.071	-129.710	2	-1	5
1.500	3.841	123.877	-129.626	2	-1	5
1.521	3.840	123.684	-129.542	2	-1	5
1.542	3.840	123.492	-129.457	2	-1	5
1.563	3.840	123.299	-129.372	2	-1	5
1.584	3.840	123.107	-129.287	2	-1	5
1.584	3.840	123.107	-129.287	0	0	0
1.630	3.840	122.684	-129.093	5	-2	14
1.676	3.843	122.266	-128.881	5	-2	14
1.722	3.848	121.853	-128.652	5	-3	14
1.767	3.856	121.448	-128.407	5	-3	14
1.767	3.856	121.448	-128.407	0	0	0
1.808	3.867	121.096	-128.158	4	-3	11
1.846	3.883	120.767	-127.882	4	-3	11
1.882	3.904	120.467	-127.584	3	-3	8
1.915	3.930	120.200	-127.268	3	-4	11
1.944	3.960	119.971	-126.940	3	-4	11
1.944	3.960	119.971	-126.940	0	0	0
1.967	3.968	119.775	-126.784	2	-2	5
1.967	3.968	119.775	-126.784	0	0	0
1.949	3.934	119.900	-127.093	-1	4	11
1.925	3.903	120.083	-127.401	-2	4	11
1.895	3.878	120.318	-127.699	-3	3	8
1.895	3.878	120.318	-127.699	0	0	0
1.858	3.856	120.624	-128.010	-3	4	11
1.820	3.837	120.952	-128.307	-4	3	11
1.779	3.821	121.298	-128.587	-4	3	11
1.738	3.808	121.660	-128.849	-4	3	11
1.738	3.808	121.660	-128.849	0	0	0
1.700	3.804	122.004	-129.039	-4	2	11
1.662	3.801	122.351	-129.222	-4	2	11
1.623	3.799	122.700	-129.401	-4	2	11
1.585	3.797	123.052	-129.573	-4	2	11
1.547	3.796	123.405	-129.740	-4	2	11
1.508	3.795	123.761	-129.900	-4	2	11
1.470	3.796	124.118	-130.054	-4	2	11
1.432	3.797	124.476	-130.203	-4	2	11
1.393	3.798	124.836	-130.345	-4	2	11
1.355	3.801	125.197	-130.480	-4	2	11
1.317	3.804	125.559	-130.609	-4	1	11
1.317	3.804	125.559	-130.609	0	0	0
1.318	3.808	125.545	-130.577	0	0	0
1.318	3.808	125.545	-130.577	0	0	0
1.355	3.830	125.218	-130.280	4	-3	11
1.397	3.839	124.832	-130.052	4	-3	11
1.443	4.240	124.664	-127.103	2	-34	99
1.425	4.259	124.829	-127.036	-2	-1	5
1.443	4.240	124.664	-127.103	2	1	5
1.484	4.261	124.305	-126.796	4	-4	11
1.500	4.304	124.174	-126.429	1	-4	11
1.500	4.304	124.174	-126.429	0	0	0
1.500	4.354	124.189	-126.074	0	-4	11
1.488	4.403	124.307	-125.774	-1	-3	8
1.465	4.448	124.520	-125.547	-2	-3	8
1.465	4.448	124.520	-125.547	0	0	0
1.460	4.447	124.563	-125.571	0	0	0
1.460	4.447	124.563	-125.571	0	0	0
1.424	4.425	124.877	-125.863	-4	3	11
1.400	4.391	125.090	-126.198	-2	4	11
1.400	4.391	125.090	-126.198	0	0	0
1.400	4.346	125.079	-126.519	0	4	11
1.408	4.301	124.991	-126.802	1	3	8
1.425	4.259	124.829	-127.036	2	3	8
1.240	4.334	126.509	-127.198	-19	2	55
1.204	4.377	126.831	-127.021	-4	-2	11
1.157	4.407	127.253	-126.975	-5	-1	14
1.240	4.334	126.509	-127.198	8	3	23
1.253	4.275	126.379	-127.566	1	4	11
1.253	4.275	126.379	-127.566	0	0	0
1.237	4.239	126.518	-127.883	-2	4	11
1.207	4.212	126.782	-128.179	-3	3	8
1.207	4.212	126.782	-128.179	0	0	0
1.166	4.204	127.157	-128.385	-4	2	11
1.125	4.199	127.537	-128.576	-4	2	11
1.083	4.195	127.920	-128.751	-4	2	11
1.041	4.193	128.306	-128.910	-4	2	11
0.999	4.194	128.694	-129.052	-4	2	11
0.957	4.197	129.081	-129.177	-4	1	11
0.915	4.201	129.467	-129.285	-4	1	11
0.915	4.201	129.467	-129.285	0	0	0
0.916	4.209	129.456	-129.226	0	-1	2
0.916	4.209	129.456	-129.226	0	0	0
0.934	4.253	129.293	-128.854	2	-4	11
0.954	4.295	129.100	-128.481	2	-4	11
0.978	4.335	128.880	-128.109	3	-4	11
0.978	4.335	128.880	-128.109	0	0	0
1.001	4.371	128.666	-127.771	2	-4	11
1.030	4.402	128.395	-127.447	3	-4	11
1.030	4.402	128.395	-127.447	0	0	0
1.072	4.415	128.020	-127.214	4	-3	11
1.115	4.416	127.631	-127.053	4	-2	11
1.157	4.407	127.253	-126.975	4	-1	11
1.627	3.151	121.664	-133.627	64	76	222
1.625	3.147	121.671	-133.656	0	0	0
1.625	3.147	121.671	-133.656	0	0	0
1.626	3.140	121.652	-133.699	0	0	0
1.626	3.140	121.652	-133.699	0	0	0
1.635	3.102	121.478	-133.896	2	2	5
1.649	3.066	121.263	-134.063	2	2	5
1.667	3.031	121.011	-134.200	3	2	8
1.689	2.999	120.724	-134.304	3	1	8
1.689	2.999	120.724	-134.304	0	0	0
1.715	2.967	120.394	-134.379	4	1	11
1.743	2.937	120.054	-134.440	4	1	11
1.771	2.907	119.703	-134.488	4	1	11
1.801	2.879	119.343	-134.522	4	0	11
1.831	2.852	118.975	-134.542	4	0	11
1.863	2.826	118.599	-134.549	4	0	11
1.863	2.826	118.599	-134.549	0	0	0
1.881	2.866	118.528	-134.214	1	-4	11
1.895	2.908	118.511	-133.891	0	-4	11
1.903	2.952	118.549	-133.586	0	-3	8
1.903	2.952	118.549	-133.586	0	0	0
1.880	2.982	118.844	-133.513	-3	-1	8
1.880	2.982	118.844	-133.513	0	0	0
1.842	3.000	119.248	-133.581	-5	1	14
1.805	3.019	119.648	-133.635	-5	1	14
1.769	3.040	120.045	-133.677	-5	0	14
1.734	3.061	120.437	-133.705	-4	0	11
1.734	3.061	120.437	-133.705	0	0	0
1.702	3.087	120.804	-133.691	-4	0	11
1.671	3.114	121.161	-133.661	-4	0	11
1.641	3.143	121.509	-133.616	-4	-1	11
1.641	3.143	121.509	-133.616	0	0	0
1.632	3.149	121.613	-133.614	-1	0	2
1.632	3.149	121.613	-133.614	0	0	0
1.627	3.151	121.664	-133.627	-1	0	2
1.567	3.101	122.137	-134.212	-5	7	20
1.581	3.075	121.953	-134.316	2	1	5
1.567	3.101	122.137	-134.212	-2	-1	5
1.545	3.083	122.317	-134.422	-2	2	5
1.545	3.083	122.317	-134.422	0	0	0
1.526	3.050	122.439	-134.722	-1	3	8
1.504	3.017	122.579	-135.022	-2	3	8
1.482	2.986	122.736	-135.322	-2	3	8
1.457	2.956	122.912	-135.621	-2	3	8
1.431	2.927	123.105	-135.918	-2	3	8
1.404	2.900	123.316	-136.213	-2	3	8
1.404	2.900	123.316	-136.213	0	0	0
1.375	2.874	123.553	-136.502	-3	3	8
1.345	2.850	123.796	-136.788	-3	3	8
1.315	2.825	124.046	-137.073	-3	3	8
1.285	2.802	124.304	-137.356	-3	3	8
1.285	2.802	124.304	-137.356	0	0	0
1.251	2.778	124.597	-137.656	-3	3	8
1.217	2.753	124.888	-137.958	-3	3	8
1.184	2.728	125.174	-138.260	-3	3	8
1.151	2.702	125.457	-138.563	-3	3	8
1.118	2.676	125.736	-138.868	-3	3	8
1.086	2.650	126.012	-139.173	-3	3	8
1.055	2.622	126.282	-139.479	-3	3	8
1.055	2.622	126.282	-139.479	0	0	0
1.083	2.594	125.908	-139.538	4	1	11
1.112	2.567	125.525	-139.584	4	1	11
1.142	2.542	125.132	-139.617	4	0	11
1.173	2.517	124.730	-139.637	5	0	14
1.205	2.493	124.322	-139.645	5	0	14
1.238	2.470	123.906	-139.639	5	0	14
1.271	2.449	123.485	-139.620	5	0	14
1.305	2.429	123.060	-139.588	5	0	14
1.340	2.410	122.630	-139.543	5	-1	14
1.376	2.392	122.198	-139.485	5	-1	14
1.412	2.376	121.763	-139.415	5	-1	14
1.449	2.361	121.327	-139.332	5	-1	14
1.486	2.347	120.892	-139.237	5	-1	14
1.524	2.335	120.456	-139.130	5	-1	14
1.524	2.335	120.456	-139.130	0	0	0
1.567	2.321	119.967	-139.002	6	-1	17
1.610	2.309	119.480	-138.863	6	-2	17
1.653	2.298	118.996	-138.713	6	-2	17
1.697	2.288	118.515	-138.553	5	-2	14
1.697	2.288	118.515	-138.553	0	0	0
1.727	2.299	118.245	-138.337	3	-2	8
1.727	2.299	118.245	-138.337	0	0	0
1.733	2.318	118.256	-138.201	0	-2	5
1.739	2.336	118.266	-138.065	0	-2	5
1.744	2.355	118.275	-137.929	0	-2	5
1.750	2.373	118.284	-137.793	0	-2	5
1.756	2.392	118.292	-137.657	0	-2	5
1.761	2.410	118.300	-137.520	0	-2	5
1.767	2.429	118.308	-137.384	0	-2	5
1.767	2.429	118.308	-137.384	0	0	0
1.774	2.453	118.320	-137.210	0	-2	5
1.781	2.476	118.331	-137.035	0	-2	5
1.788	2.500	118.342	-136.860	0	-2	5
1.788	2.500	118.342	-136.860	0	0	0
1.794	2.524	118.354	-136.690	0	-2	5
1.801	2.547	118.366	-136.519	0	-2	5
1.808	2.570	118.377	-136.348	0	-2	5
1.808	2.570	118.377	-136.348	0	0	0
1.819	2.610	118.391	-136.056	0	-3	8
1.829	2.650	118.417	-135.769	0	-3	8
1.837	2.690	118.455	-135.486	0	-3	8
1.845	2.731	118.504	-135.206	-1	-3	8
1.845	2.731	118.504	-135.206	0	0	0
1.823	2.782	118.863	-135.006	-4	-2	11
1.823	2.782	118.863	-135.006	0	0	0
1.786	2.809	119.294	-135.020	-5	0	14
1.751	2.837	119.717	-135.017	-5	0	14
1.716	2.867	120.130	-134.997	-5	0	14
1.684	2.898	120.533	-134.959	-5	0	14
1.684	2.898	120.533	-134.959	0	0	0
1.656	2.929	120.877	-134.892	-4	-1	11
1.632	2.962	121.195	-134.793	-4	-1	11
1.611	2.998	121.482	-134.663	-3	-1	8
1.594	3.036	121.736	-134.504	-3	-2	8
1.581	3.075	121.953	-134.316	-2	-2	5
